component_id,lot_id,value_0h,value_24h,value_96h,value_168h,defect_type,is_defect
COMP_00001,Lot_B,12.222,12.482,13.071,13.34,Healthy,0
COMP_00002,Lot_C,10.332,10.607,11.045,11.345,Healthy,0
COMP_00003,Lot_C,11.093,11.296,11.528,11.942,Healthy,0
COMP_00004,Lot_B,11.679,11.984,12.594,13.007,Healthy,0
COMP_00005,Lot_A,9.357,9.769,10.335,10.718,Healthy,0
COMP_00006,Lot_A,9.807,10.198,10.86,11.161,Healthy,0
COMP_00007,Lot_A,7.417,8.506,19.062,37.46,Latent Defect,1
COMP_00008,Lot_C,9.814,10.109,10.383,10.747,Healthy,0
COMP_00009,Lot_B,14.23,14.524,15.057,15.567,Healthy,0
COMP_00010,Lot_C,9.94,10.138,10.731,11.198,Healthy,0
COMP_00011,Lot_A,8.947,10.115,19.617,34.425,Latent Defect,1
COMP_00012,Lot_C,11.002,11.338,11.63,12.067,Healthy,0
COMP_00013,Lot_C,10.364,10.532,10.837,11.225,Healthy,0
COMP_00014,Lot_A,8.182,8.577,9.142,9.539,Healthy,0
COMP_00015,Lot_A,8.918,9.275,9.827,10.226,Healthy,0
COMP_00016,Lot_A,7.716,8.211,8.528,8.847,Healthy,0
COMP_00017,Lot_A,7.176,7.469,7.937,8.364,Healthy,0
COMP_00018,Lot_B,11.087,11.426,11.779,12.114,Healthy,0
COMP_00019,Lot_B,14.025,14.296,14.785,15.215,Healthy,0
COMP_00020,Lot_A,8.843,22.82,56.987,118.682,Gross Failure,1
COMP_00021,Lot_B,12.015,12.345,12.829,13.187,Healthy,0
COMP_00022,Lot_A,9.454,9.694,10.122,10.424,Healthy,0
COMP_00023,Lot_A,8.774,9.049,9.419,9.751,Healthy,0
COMP_00024,Lot_B,12.274,12.468,12.71,13.037,Healthy,0
COMP_00025,Lot_B,11.128,11.341,11.717,12.172,Healthy,0
COMP_00026,Lot_C,9.087,9.276,9.68,9.972,Healthy,0
COMP_00027,Lot_A,9.595,9.754,10.159,10.542,Healthy,0
COMP_00028,Lot_B,13.969,14.189,14.409,14.744,Healthy,0
COMP_00029,Lot_B,14.487,14.76,15.238,15.482,Healthy,0
COMP_00030,Lot_A,7.567,7.819,8.098,8.526,Healthy,0
COMP_00031,Lot_B,12.069,12.317,12.54,12.851,Healthy,0
COMP_00032,Lot_A,7.551,7.616,8.131,8.645,Healthy,0
COMP_00033,Lot_A,9.404,9.708,10.108,10.539,Healthy,0
COMP_00034,Lot_C,11.101,11.362,11.67,11.97,Healthy,0
COMP_00035,Lot_C,11.532,12.717,17.23,31.558,Latent Defect,1
COMP_00036,Lot_C,9.618,9.951,10.368,10.824,Healthy,0
COMP_00037,Lot_A,8.079,8.172,8.563,8.947,Healthy,0
COMP_00038,Lot_A,8.71,8.859,9.267,9.885,Healthy,0
COMP_00039,Lot_B,11.643,11.946,12.145,12.581,Healthy,0
COMP_00040,Lot_B,12.018,12.301,12.596,12.975,Healthy,0
COMP_00041,Lot_A,7.773,7.966,8.469,8.776,Healthy,0
COMP_00042,Lot_B,13.418,13.653,14.111,14.506,Healthy,0
COMP_00043,Lot_A,8.22,8.39,8.776,9.246,Healthy,0
COMP_00044,Lot_C,10.105,10.287,10.785,11.182,Healthy,0
COMP_00045,Lot_A,8.916,9.088,9.456,9.738,Healthy,0
COMP_00046,Lot_B,12.603,12.896,13.382,13.769,Healthy,0
COMP_00047,Lot_A,9.583,10.921,20.208,35.249,Latent Defect,1
COMP_00048,Lot_B,12.214,12.443,12.993,13.34,Healthy,0
COMP_00049,Lot_B,12.278,12.47,12.911,13.35,Healthy,0
COMP_00050,Lot_A,9.773,10.006,10.451,10.68,Healthy,0
COMP_00051,Lot_C,11.745,11.883,12.474,12.787,Healthy,0
COMP_00052,Lot_C,9.461,9.622,10.361,10.733,Healthy,0
COMP_00053,Lot_C,10.019,10.34,10.712,11.062,Healthy,0
COMP_00054,Lot_C,10.051,10.26,10.854,11.182,Healthy,0
COMP_00055,Lot_B,11.292,11.517,11.997,12.258,Healthy,0
COMP_00056,Lot_C,9.267,9.473,10.07,10.371,Healthy,0
COMP_00057,Lot_A,9.643,9.844,10.333,10.638,Healthy,0
COMP_00058,Lot_A,9.103,9.264,9.803,10.164,Healthy,0
COMP_00059,Lot_A,7.988,8.225,8.859,9.223,Healthy,0
COMP_00060,Lot_A,7.938,8.091,8.602,8.972,Healthy,0
COMP_00061,Lot_B,13.765,13.898,14.207,14.672,Healthy,0
COMP_00062,Lot_A,8.765,9.058,9.392,9.644,Healthy,0
COMP_00063,Lot_C,10.892,11.225,11.545,11.767,Healthy,0
COMP_00064,Lot_B,12.881,13.067,13.418,13.643,Healthy,0
COMP_00065,Lot_A,8.125,9.094,16.951,35.697,Latent Defect,1
COMP_00066,Lot_B,12.939,13.228,13.48,13.831,Healthy,0
COMP_00067,Lot_A,10.161,10.381,10.93,11.361,Healthy,0
COMP_00068,Lot_C,10.779,11.042,11.56,11.98,Healthy,0
COMP_00069,Lot_A,9.008,9.169,9.414,9.609,Healthy,0
COMP_00070,Lot_C,9.757,10.054,10.372,10.814,Healthy,0
COMP_00071,Lot_C,9.548,9.759,10.108,10.27,Healthy,0
COMP_00072,Lot_A,8.683,9.07,9.513,9.678,Healthy,0
COMP_00073,Lot_A,9.124,9.244,9.549,9.875,Healthy,0
COMP_00074,Lot_C,10.111,10.28,10.697,11.118,Healthy,0
COMP_00075,Lot_C,10.767,12.217,24.581,44.606,Latent Defect,1
COMP_00076,Lot_C,9.805,10.124,10.63,11.03,Healthy,0
COMP_00077,Lot_C,10.159,10.337,10.663,11.003,Healthy,0
COMP_00078,Lot_A,8.619,8.815,9.316,9.874,Healthy,0
COMP_00079,Lot_B,11.081,11.378,11.82,12.215,Healthy,0
COMP_00080,Lot_A,8.155,8.394,8.859,9.179,Healthy,0
COMP_00081,Lot_C,8.632,22.93,50.848,116.073,Gross Failure,1
COMP_00082,Lot_B,10.948,11.28,11.782,12.175,Healthy,0
COMP_00083,Lot_A,6.769,6.992,7.581,7.879,Healthy,0
COMP_00084,Lot_A,7.638,7.837,8.278,8.543,Healthy,0
COMP_00085,Lot_A,9.487,9.732,10.115,10.335,Healthy,0
COMP_00086,Lot_A,8.888,9.174,9.529,9.656,Healthy,0
COMP_00087,Lot_C,10.37,10.605,11.095,11.641,Healthy,0
COMP_00088,Lot_B,12.97,13.179,13.492,13.81,Healthy,0
COMP_00089,Lot_C,10.145,10.399,11.056,11.456,Healthy,0
COMP_00090,Lot_B,12.852,13.045,13.527,13.786,Healthy,0
COMP_00091,Lot_A,8.644,8.933,9.357,9.644,Healthy,0
COMP_00092,Lot_C,8.033,8.375,8.873,9.266,Healthy,0
COMP_00093,Lot_C,8.595,8.955,9.349,9.67,Healthy,0
COMP_00094,Lot_B,11.824,11.931,12.52,12.998,Healthy,0
COMP_00095,Lot_C,9.851,10.047,10.451,10.766,Healthy,0
COMP_00096,Lot_B,11.68,11.907,12.375,12.827,Healthy,0
COMP_00097,Lot_B,13.016,13.14,13.632,13.956,Healthy,0
COMP_00098,Lot_B,14.507,14.872,15.498,15.791,Healthy,0
COMP_00099,Lot_A,10.092,10.37,11.015,11.315,Healthy,0
COMP_00100,Lot_A,8.261,8.533,9.001,9.477,Healthy,0
COMP_00101,Lot_A,8.314,8.657,9.195,9.524,Healthy,0
COMP_00102,Lot_B,13.72,13.932,14.664,14.748,Healthy,0
COMP_00103,Lot_A,9.038,9.147,9.57,9.912,Healthy,0
COMP_00104,Lot_B,14.658,14.853,15.46,15.692,Healthy,0
COMP_00105,Lot_C,11.212,11.424,11.883,12.199,Healthy,0
COMP_00106,Lot_A,9.526,9.863,10.366,10.601,Healthy,0
COMP_00107,Lot_B,12.213,13.208,19.336,40.489,Latent Defect,1
COMP_00108,Lot_C,9.705,9.928,10.557,10.86,Healthy,0
COMP_00109,Lot_A,7.828,8.06,8.374,8.758,Healthy,0
COMP_00110,Lot_A,8.201,8.41,8.789,9.129,Healthy,0
COMP_00111,Lot_A,8.567,8.775,9.182,9.524,Healthy,0
COMP_00112,Lot_A,8.354,9.56,18.045,38.557,Latent Defect,1
COMP_00113,Lot_C,10.087,10.297,10.788,11.131,Healthy,0
COMP_00114,Lot_C,8.44,8.717,9.044,9.488,Healthy,0
COMP_00115,Lot_B,12.734,13.046,13.421,13.778,Healthy,0
COMP_00116,Lot_C,11.089,11.318,11.697,12.112,Healthy,0
COMP_00117,Lot_C,10.572,10.778,10.99,11.279,Healthy,0
COMP_00118,Lot_A,9.042,9.23,9.679,9.963,Healthy,0
COMP_00119,Lot_C,8.261,8.457,8.988,9.101,Healthy,0
COMP_00120,Lot_B,13.277,13.432,13.956,14.377,Healthy,0
COMP_00121,Lot_C,9.845,11.011,19.302,33.938,Latent Defect,1
COMP_00122,Lot_C,11.528,11.709,12.347,12.611,Healthy,0
COMP_00123,Lot_A,8.92,9.893,20.178,37.364,Latent Defect,1
COMP_00124,Lot_A,8.25,8.549,8.942,9.15,Healthy,0
COMP_00125,Lot_A,9.109,9.267,9.779,10.227,Healthy,0
COMP_00126,Lot_B,12.587,12.932,13.439,13.72,Healthy,0
COMP_00127,Lot_C,11.261,11.42,11.825,12.154,Healthy,0
COMP_00128,Lot_C,10.545,10.884,11.46,11.833,Healthy,0
COMP_00129,Lot_A,8.276,8.38,8.672,9.199,Healthy,0
COMP_00130,Lot_B,10.98,11.168,11.755,12.126,Healthy,0
COMP_00131,Lot_B,14.021,14.314,14.941,15.32,Healthy,0
COMP_00132,Lot_A,9.031,9.223,9.743,10.054,Healthy,0
COMP_00133,Lot_A,8.138,8.459,9.017,9.536,Healthy,0
COMP_00134,Lot_A,9.799,10.122,10.366,10.898,Healthy,0
COMP_00135,Lot_C,10.826,11.015,11.552,11.799,Healthy,0
COMP_00136,Lot_A,8.995,9.932,18.219,37.994,Latent Defect,1
COMP_00137,Lot_B,14.18,14.456,14.872,15.01,Healthy,0
COMP_00138,Lot_C,9.812,10.105,10.517,10.864,Healthy,0
COMP_00139,Lot_B,12.796,13.02,13.479,13.802,Healthy,0
COMP_00140,Lot_C,11.299,11.372,11.757,12.02,Healthy,0
COMP_00141,Lot_C,10.197,10.453,11.098,11.643,Healthy,0
COMP_00142,Lot_A,7.882,8.132,8.605,8.875,Healthy,0
COMP_00143,Lot_B,13.691,13.922,14.244,14.566,Healthy,0
COMP_00144,Lot_A,7.702,8.035,8.713,9.087,Healthy,0
COMP_00145,Lot_A,8.589,8.851,9.443,9.909,Healthy,0
COMP_00146,Lot_A,8.407,8.678,9.206,9.442,Healthy,0
COMP_00147,Lot_B,14.334,14.723,15.312,15.538,Healthy,0
COMP_00148,Lot_B,10.833,11.14,11.498,11.877,Healthy,0
COMP_00149,Lot_A,9.728,9.926,10.33,10.708,Healthy,0
COMP_00150,Lot_A,7.462,7.651,8.104,8.424,Healthy,0
COMP_00151,Lot_C,10.548,11.019,11.481,11.747,Healthy,0
COMP_00152,Lot_A,9.635,9.757,10.041,10.331,Healthy,0
COMP_00153,Lot_A,8.274,9.35,18.803,37.489,Latent Defect,1
COMP_00154,Lot_B,14.176,15.394,24.051,44.588,Latent Defect,1
COMP_00155,Lot_C,9.264,9.383,9.978,10.442,Healthy,0
COMP_00156,Lot_A,7.866,8.084,8.424,8.807,Healthy,0
COMP_00157,Lot_B,14.905,16.246,27.299,47.349,Latent Defect,1
COMP_00158,Lot_C,10.0,10.337,10.876,11.37,Healthy,0
COMP_00159,Lot_A,8.132,8.243,8.819,9.204,Healthy,0
COMP_00160,Lot_C,9.734,9.964,10.721,11.007,Healthy,0
COMP_00161,Lot_B,12.061,12.318,12.91,13.488,Healthy,0
COMP_00162,Lot_B,13.723,13.871,14.558,14.906,Healthy,0
COMP_00163,Lot_B,12.079,12.242,12.793,13.166,Healthy,0
COMP_00164,Lot_B,13.38,13.733,14.086,14.573,Healthy,0
COMP_00165,Lot_A,8.085,8.508,9.03,9.288,Healthy,0
COMP_00166,Lot_C,8.177,9.539,18.478,36.089,Latent Defect,1
COMP_00167,Lot_A,9.113,9.444,10.041,10.273,Healthy,0
COMP_00168,Lot_A,9.641,9.844,10.024,10.256,Healthy,0
COMP_00169,Lot_A,8.674,8.846,9.286,9.669,Healthy,0
COMP_00170,Lot_B,12.8,13.011,13.311,13.663,Healthy,0
COMP_00171,Lot_B,10.729,10.924,11.262,11.588,Healthy,0
COMP_00172,Lot_A,8.329,8.656,9.296,9.534,Healthy,0
COMP_00173,Lot_B,15.192,15.38,15.85,16.252,Healthy,0
COMP_00174,Lot_A,10.456,23.829,49.845,121.768,Gross Failure,1
COMP_00175,Lot_B,12.083,12.304,12.62,12.934,Healthy,0
COMP_00176,Lot_A,7.828,8.132,8.591,8.873,Healthy,0
COMP_00177,Lot_B,14.095,14.366,14.594,15.036,Healthy,0
COMP_00178,Lot_B,13.203,13.565,14.029,14.3,Healthy,0
COMP_00179,Lot_C,9.816,10.13,10.488,10.794,Healthy,0
COMP_00180,Lot_A,8.323,8.481,8.84,9.207,Healthy,0
COMP_00181,Lot_A,9.462,9.737,10.182,10.449,Healthy,0
COMP_00182,Lot_A,9.376,9.661,10.026,10.466,Healthy,0
COMP_00183,Lot_C,10.504,10.689,11.126,11.427,Healthy,0
COMP_00184,Lot_C,12.37,12.663,13.135,13.532,Healthy,0
COMP_00185,Lot_A,9.603,9.847,10.226,10.66,Healthy,0
COMP_00186,Lot_B,12.808,12.972,13.27,13.773,Healthy,0
COMP_00187,Lot_C,10.118,10.321,10.743,11.174,Healthy,0
COMP_00188,Lot_B,12.677,12.811,13.3,13.771,Healthy,0
COMP_00189,Lot_B,14.256,14.461,15.063,15.434,Healthy,0
COMP_00190,Lot_A,9.493,9.789,10.056,10.581,Healthy,0
COMP_00191,Lot_A,8.541,8.838,9.126,9.527,Healthy,0
COMP_00192,Lot_C,10.993,11.397,12.016,12.421,Healthy,0
COMP_00193,Lot_C,8.61,8.871,9.25,9.623,Healthy,0
COMP_00194,Lot_B,11.662,11.895,12.283,12.578,Healthy,0
COMP_00195,Lot_A,8.069,8.309,8.793,8.893,Healthy,0
COMP_00196,Lot_A,6.599,6.822,7.248,7.617,Healthy,0
COMP_00197,Lot_C,9.345,9.596,10.061,10.338,Healthy,0
COMP_00198,Lot_C,10.912,11.176,11.692,12.049,Healthy,0
COMP_00199,Lot_C,11.893,12.191,12.582,13.015,Healthy,0
COMP_00200,Lot_C,8.526,8.786,9.274,9.637,Healthy,0
COMP_00201,Lot_B,12.633,12.802,13.157,13.517,Healthy,0
COMP_00202,Lot_A,7.609,8.001,8.134,8.452,Healthy,0
COMP_00203,Lot_A,8.588,8.879,9.219,9.682,Healthy,0
COMP_00204,Lot_C,8.746,8.95,9.475,9.929,Healthy,0
COMP_00205,Lot_B,11.456,11.917,12.26,12.478,Healthy,0
COMP_00206,Lot_A,8.902,9.124,9.515,9.924,Healthy,0
COMP_00207,Lot_A,7.278,7.392,7.77,8.228,Healthy,0
COMP_00208,Lot_B,12.391,12.768,13.363,13.741,Healthy,0
COMP_00209,Lot_A,8.772,9.044,9.514,9.827,Healthy,0
COMP_00210,Lot_A,8.3,8.464,8.649,9.109,Healthy,0
COMP_00211,Lot_B,13.173,13.423,13.921,14.188,Healthy,0
COMP_00212,Lot_B,11.899,12.126,12.74,12.973,Healthy,0
COMP_00213,Lot_B,10.11,10.319,10.906,11.082,Healthy,0
COMP_00214,Lot_A,7.556,7.827,8.585,8.799,Healthy,0
COMP_00215,Lot_C,8.743,9.02,9.614,9.902,Healthy,0
COMP_00216,Lot_A,7.203,7.488,8.011,8.539,Healthy,0
COMP_00217,Lot_A,9.026,9.342,9.76,10.354,Healthy,0
COMP_00218,Lot_C,9.642,9.843,10.51,10.712,Healthy,0
COMP_00219,Lot_B,10.968,11.227,11.677,12.004,Healthy,0
COMP_00220,Lot_C,10.895,11.072,11.53,11.844,Healthy,0
COMP_00221,Lot_B,12.02,12.265,12.817,13.379,Healthy,0
COMP_00222,Lot_B,13.637,13.686,14.132,14.487,Healthy,0
COMP_00223,Lot_A,9.249,10.486,21.866,40.845,Latent Defect,1
COMP_00224,Lot_B,14.715,14.93,15.397,15.83,Healthy,0
COMP_00225,Lot_A,8.042,20.672,52.525,106.532,Gross Failure,1
COMP_00226,Lot_A,8.918,9.021,9.285,9.821,Healthy,0
COMP_00227,Lot_C,9.347,9.613,9.885,10.244,Healthy,0
COMP_00228,Lot_B,12.209,12.334,12.944,13.413,Healthy,0
COMP_00229,Lot_C,9.903,10.233,10.912,11.337,Healthy,0
COMP_00230,Lot_B,13.528,13.794,14.322,14.635,Healthy,0
COMP_00231,Lot_C,9.751,26.104,58.734,115.808,Gross Failure,1
COMP_00232,Lot_B,13.0,13.342,13.656,14.082,Healthy,0
COMP_00233,Lot_B,13.871,14.184,14.537,14.718,Healthy,0
COMP_00234,Lot_B,13.616,13.881,14.451,14.731,Healthy,0
COMP_00235,Lot_A,9.108,9.442,9.881,10.273,Healthy,0
COMP_00236,Lot_C,10.344,10.528,11.042,11.554,Healthy,0
COMP_00237,Lot_A,8.518,8.651,9.018,9.19,Healthy,0
COMP_00238,Lot_A,9.532,9.843,10.233,10.441,Healthy,0
COMP_00239,Lot_B,12.083,12.282,12.745,13.103,Healthy,0
COMP_00240,Lot_A,9.573,9.768,10.037,10.271,Healthy,0
COMP_00241,Lot_C,9.979,10.171,10.586,10.891,Healthy,0
COMP_00242,Lot_C,10.891,11.094,11.499,11.921,Healthy,0
COMP_00243,Lot_C,9.492,9.775,10.265,10.629,Healthy,0
COMP_00244,Lot_B,11.752,12.101,12.817,13.168,Healthy,0
COMP_00245,Lot_A,7.663,7.915,8.484,8.773,Healthy,0
COMP_00246,Lot_C,9.884,25.906,66.921,133.125,Gross Failure,1
COMP_00247,Lot_B,13.899,14.114,14.613,14.89,Healthy,0
COMP_00248,Lot_C,10.761,11.103,11.619,11.933,Healthy,0
COMP_00249,Lot_C,9.817,10.211,10.619,11.074,Healthy,0
COMP_00250,Lot_C,10.305,10.528,10.817,11.188,Healthy,0
COMP_00251,Lot_A,8.573,8.967,9.314,9.894,Healthy,0
COMP_00252,Lot_B,13.417,29.55,61.585,124.102,Gross Failure,1
COMP_00253,Lot_C,10.426,10.751,11.083,11.574,Healthy,0
COMP_00254,Lot_A,8.789,9.088,9.511,9.768,Healthy,0
COMP_00255,Lot_A,8.558,8.823,9.107,9.536,Healthy,0
COMP_00256,Lot_B,14.096,14.288,14.615,14.935,Healthy,0
COMP_00257,Lot_C,10.022,10.25,10.693,11.065,Healthy,0
COMP_00258,Lot_B,11.495,12.444,17.861,38.217,Latent Defect,1
COMP_00259,Lot_B,13.017,13.351,13.664,14.016,Healthy,0
COMP_00260,Lot_A,8.672,8.877,9.141,9.665,Healthy,0
COMP_00261,Lot_B,14.539,14.759,15.27,15.571,Healthy,0
COMP_00262,Lot_C,9.104,9.5,9.752,10.073,Healthy,0
COMP_00263,Lot_A,8.567,8.95,9.507,9.69,Healthy,0
COMP_00264,Lot_B,12.997,13.249,13.671,14.083,Healthy,0
COMP_00265,Lot_C,8.732,8.949,9.457,9.875,Healthy,0
COMP_00266,Lot_C,10.134,10.361,10.797,11.221,Healthy,0
COMP_00267,Lot_B,13.037,13.204,13.506,13.707,Healthy,0
COMP_00268,Lot_C,11.31,11.625,12.062,12.366,Healthy,0
COMP_00269,Lot_B,12.369,12.706,13.385,13.674,Healthy,0
COMP_00270,Lot_A,9.411,9.663,10.087,10.588,Healthy,0
COMP_00271,Lot_C,9.991,10.265,10.744,10.932,Healthy,0
COMP_00272,Lot_C,10.26,10.465,10.744,11.042,Healthy,0
COMP_00273,Lot_C,9.527,9.86,10.182,10.453,Healthy,0
COMP_00274,Lot_C,10.212,10.356,10.727,10.91,Healthy,0
COMP_00275,Lot_B,14.012,14.238,14.686,15.128,Healthy,0
COMP_00276,Lot_B,12.206,12.431,12.754,12.998,Healthy,0
COMP_00277,Lot_C,9.171,9.382,9.786,10.165,Healthy,0
COMP_00278,Lot_B,12.02,12.295,12.803,13.107,Healthy,0
COMP_00279,Lot_C,9.276,9.533,9.958,10.33,Healthy,0
COMP_00280,Lot_C,11.413,11.668,12.042,12.303,Healthy,0
COMP_00281,Lot_C,9.233,9.366,9.928,10.055,Healthy,0
COMP_00282,Lot_A,8.89,9.071,9.46,9.72,Healthy,0
COMP_00283,Lot_B,14.59,14.842,15.387,15.867,Healthy,0
COMP_00284,Lot_A,8.631,8.785,9.209,9.484,Healthy,0
COMP_00285,Lot_B,12.446,12.689,13.122,13.514,Healthy,0
COMP_00286,Lot_A,8.946,9.185,9.684,9.979,Healthy,0
COMP_00287,Lot_B,14.446,14.651,15.245,15.447,Healthy,0
COMP_00288,Lot_B,12.582,12.805,13.289,13.725,Healthy,0
COMP_00289,Lot_A,7.5,7.662,7.944,8.426,Healthy,0
COMP_00290,Lot_B,13.327,13.491,13.887,14.356,Healthy,0
COMP_00291,Lot_A,8.278,8.501,8.857,9.104,Healthy,0
COMP_00292,Lot_A,9.447,9.831,10.162,10.653,Healthy,0
COMP_00293,Lot_C,9.561,9.854,10.473,10.809,Healthy,0
COMP_00294,Lot_B,12.639,12.953,13.27,13.735,Healthy,0
COMP_00295,Lot_A,8.614,8.818,9.196,9.407,Healthy,0
COMP_00296,Lot_B,12.41,12.639,12.962,13.307,Healthy,0
COMP_00297,Lot_C,10.426,10.659,11.188,11.457,Healthy,0
COMP_00298,Lot_A,9.303,9.562,10.198,10.789,Healthy,0
COMP_00299,Lot_B,12.483,12.698,13.119,13.528,Healthy,0
COMP_00300,Lot_A,9.561,9.759,10.254,10.591,Healthy,0
COMP_00301,Lot_A,8.994,9.365,9.786,9.969,Healthy,0
COMP_00302,Lot_B,13.818,14.002,14.435,14.863,Healthy,0
COMP_00303,Lot_B,13.327,13.569,13.95,14.01,Healthy,0
COMP_00304,Lot_B,13.768,13.998,14.63,15.019,Healthy,0
COMP_00305,Lot_C,9.513,9.848,10.436,10.765,Healthy,0
COMP_00306,Lot_C,11.074,11.28,11.749,12.156,Healthy,0
COMP_00307,Lot_B,13.863,14.163,14.573,15.032,Healthy,0
COMP_00308,Lot_A,8.4,8.605,8.988,9.532,Healthy,0
COMP_00309,Lot_C,9.332,9.686,9.999,10.398,Healthy,0
COMP_00310,Lot_A,8.738,9.117,9.489,9.746,Healthy,0
COMP_00311,Lot_B,12.872,14.405,22.579,34.108,Latent Defect,1
COMP_00312,Lot_A,8.548,8.874,9.202,9.637,Healthy,0
COMP_00313,Lot_A,7.671,7.91,8.45,8.681,Healthy,0
COMP_00314,Lot_C,10.163,10.511,11.017,11.295,Healthy,0
COMP_00315,Lot_C,11.367,11.67,11.896,12.333,Healthy,0
COMP_00316,Lot_B,12.371,12.637,13.208,13.503,Healthy,0
COMP_00317,Lot_B,11.19,11.56,12.15,12.491,Healthy,0
COMP_00318,Lot_A,9.183,9.403,9.865,10.2,Healthy,0
COMP_00319,Lot_A,8.237,8.516,8.821,9.145,Healthy,0
COMP_00320,Lot_A,8.752,10.319,18.068,37.369,Latent Defect,1
COMP_00321,Lot_B,13.693,23.063,60.116,127.158,Gross Failure,1
COMP_00322,Lot_C,10.53,10.773,11.263,11.63,Healthy,0
COMP_00323,Lot_B,11.142,11.407,11.813,12.093,Healthy,0
COMP_00324,Lot_A,10.488,10.838,11.15,11.535,Healthy,0
COMP_00325,Lot_C,11.312,12.213,21.828,40.139,Latent Defect,1
COMP_00326,Lot_C,8.853,9.133,9.717,10.218,Healthy,0
COMP_00327,Lot_B,12.726,13.176,13.379,13.764,Healthy,0
COMP_00328,Lot_B,11.446,12.665,21.382,40.649,Latent Defect,1
COMP_00329,Lot_B,12.86,13.044,13.403,13.946,Healthy,0
COMP_00330,Lot_A,8.855,8.969,9.485,9.815,Healthy,0
COMP_00331,Lot_B,13.005,13.321,13.913,14.177,Healthy,0
COMP_00332,Lot_C,9.973,10.18,10.701,11.028,Healthy,0
COMP_00333,Lot_A,8.523,8.752,9.189,9.71,Healthy,0
COMP_00334,Lot_A,10.413,10.693,11.131,11.321,Healthy,0
COMP_00335,Lot_A,7.892,8.132,8.496,8.785,Healthy,0
COMP_00336,Lot_A,9.76,10.013,10.477,10.759,Healthy,0
COMP_00337,Lot_C,11.06,11.293,11.68,11.872,Healthy,0
COMP_00338,Lot_C,9.945,10.151,10.803,11.337,Healthy,0
COMP_00339,Lot_B,11.641,11.801,12.218,12.487,Healthy,0
COMP_00340,Lot_A,8.674,8.898,9.381,9.833,Healthy,0
COMP_00341,Lot_B,11.829,12.159,12.522,13.086,Healthy,0
COMP_00342,Lot_B,14.783,15.024,15.358,15.593,Healthy,0
COMP_00343,Lot_A,9.199,9.446,10.008,10.578,Healthy,0
COMP_00344,Lot_B,12.153,12.304,12.777,13.242,Healthy,0
COMP_00345,Lot_B,11.965,27.069,68.92,115.857,Gross Failure,1
COMP_00346,Lot_B,13.259,13.466,13.931,14.352,Healthy,0
COMP_00347,Lot_B,13.243,13.412,13.802,14.295,Healthy,0
COMP_00348,Lot_A,8.763,9.08,9.56,9.991,Healthy,0
COMP_00349,Lot_B,12.564,12.753,13.294,13.757,Healthy,0
COMP_00350,Lot_B,11.994,12.198,12.629,13.141,Healthy,0
COMP_00351,Lot_B,13.619,13.764,14.202,14.528,Healthy,0
COMP_00352,Lot_C,8.944,9.186,9.601,9.915,Healthy,0
COMP_00353,Lot_B,12.552,12.92,13.326,13.681,Healthy,0
COMP_00354,Lot_A,8.453,8.663,9.122,9.479,Healthy,0
COMP_00355,Lot_A,8.564,9.592,18.783,38.684,Latent Defect,1
COMP_00356,Lot_B,12.802,13.065,13.535,13.927,Healthy,0
COMP_00357,Lot_A,8.947,9.183,9.524,9.752,Healthy,0
COMP_00358,Lot_B,14.119,14.431,14.959,15.39,Healthy,0
COMP_00359,Lot_C,9.855,10.055,10.387,10.628,Healthy,0
COMP_00360,Lot_B,14.333,14.544,15.121,15.452,Healthy,0
COMP_00361,Lot_B,12.256,12.419,12.798,13.29,Healthy,0
COMP_00362,Lot_B,11.807,13.431,21.67,41.545,Latent Defect,1
COMP_00363,Lot_B,12.84,13.065,13.362,13.702,Healthy,0
COMP_00364,Lot_B,11.726,12.59,22.269,38.68,Latent Defect,1
COMP_00365,Lot_C,11.516,11.846,12.5,12.782,Healthy,0
COMP_00366,Lot_B,13.15,13.19,13.606,13.966,Healthy,0
COMP_00367,Lot_C,10.139,10.385,10.843,10.922,Healthy,0
COMP_00368,Lot_C,10.231,10.519,11.13,11.517,Healthy,0
COMP_00369,Lot_A,8.395,8.734,8.901,9.199,Healthy,0
COMP_00370,Lot_A,7.887,8.135,8.321,8.803,Healthy,0
COMP_00371,Lot_A,8.3,9.564,19.399,40.555,Latent Defect,1
COMP_00372,Lot_A,7.01,7.269,7.857,8.197,Healthy,0
COMP_00373,Lot_A,7.739,7.941,8.344,8.621,Healthy,0
COMP_00374,Lot_B,12.832,13.203,13.581,13.882,Healthy,0
COMP_00375,Lot_A,8.868,9.104,9.394,9.738,Healthy,0
COMP_00376,Lot_A,8.421,8.749,9.082,9.531,Healthy,0
COMP_00377,Lot_C,9.912,10.073,10.366,10.91,Healthy,0
COMP_00378,Lot_A,8.372,8.697,8.942,9.556,Healthy,0
COMP_00379,Lot_C,10.804,11.033,11.447,11.87,Healthy,0
COMP_00380,Lot_A,9.042,10.278,19.795,39.197,Latent Defect,1
COMP_00381,Lot_A,7.107,7.327,7.579,7.99,Healthy,0
COMP_00382,Lot_B,12.257,12.381,12.736,13.101,Healthy,0
COMP_00383,Lot_B,12.774,12.93,13.176,13.533,Healthy,0
COMP_00384,Lot_C,9.477,9.707,10.138,10.531,Healthy,0
COMP_00385,Lot_C,10.762,11.024,11.436,11.788,Healthy,0
COMP_00386,Lot_C,9.695,9.813,10.394,10.835,Healthy,0
COMP_00387,Lot_A,10.091,10.523,10.832,11.148,Healthy,0
COMP_00388,Lot_A,10.509,10.756,11.235,11.433,Healthy,0
COMP_00389,Lot_C,10.135,10.54,11.144,11.433,Healthy,0
COMP_00390,Lot_C,9.643,9.803,10.151,10.31,Healthy,0
COMP_00391,Lot_C,9.924,10.294,10.787,11.274,Healthy,0
COMP_00392,Lot_B,14.181,14.387,14.746,15.024,Healthy,0
COMP_00393,Lot_B,11.111,11.364,11.465,11.874,Healthy,0
COMP_00394,Lot_C,10.065,10.352,10.929,11.299,Healthy,0
COMP_00395,Lot_A,9.805,10.105,10.464,10.79,Healthy,0
COMP_00396,Lot_C,7.965,8.143,8.547,8.952,Healthy,0
COMP_00397,Lot_C,9.325,9.475,9.698,9.989,Healthy,0
COMP_00398,Lot_B,15.146,15.418,15.98,16.24,Healthy,0
COMP_00399,Lot_C,8.584,8.736,9.175,9.325,Healthy,0
COMP_00400,Lot_C,9.094,10.177,17.695,30.386,Latent Defect,1
COMP_00401,Lot_A,8.732,8.985,9.529,9.768,Healthy,0
COMP_00402,Lot_C,10.684,11.056,11.538,11.827,Healthy,0
COMP_00403,Lot_B,13.16,13.357,13.708,14.126,Healthy,0
COMP_00404,Lot_C,9.875,10.221,10.618,10.934,Healthy,0
COMP_00405,Lot_A,8.047,8.207,8.755,9.323,Healthy,0
COMP_00406,Lot_C,9.656,9.852,10.212,10.494,Healthy,0
COMP_00407,Lot_B,14.815,15.007,15.387,15.613,Healthy,0
COMP_00408,Lot_A,8.735,8.98,9.293,9.554,Healthy,0
COMP_00409,Lot_C,11.38,11.632,12.094,12.455,Healthy,0
COMP_00410,Lot_A,9.616,9.782,10.185,10.518,Healthy,0
COMP_00411,Lot_A,7.123,7.3,7.875,8.301,Healthy,0
COMP_00412,Lot_C,10.843,11.046,11.44,11.612,Healthy,0
COMP_00413,Lot_C,10.839,11.176,11.757,12.267,Healthy,0
COMP_00414,Lot_B,13.464,13.839,14.265,14.438,Healthy,0
COMP_00415,Lot_B,13.947,14.052,14.523,14.968,Healthy,0
COMP_00416,Lot_B,13.357,13.789,14.003,14.345,Healthy,0
COMP_00417,Lot_A,8.514,8.656,8.968,9.233,Healthy,0
COMP_00418,Lot_A,7.62,7.862,8.239,8.621,Healthy,0
COMP_00419,Lot_B,13.714,14.011,14.412,14.79,Healthy,0
COMP_00420,Lot_C,10.932,12.221,24.509,44.965,Latent Defect,1
COMP_00421,Lot_C,11.547,11.597,12.059,12.376,Healthy,0
COMP_00422,Lot_C,9.888,10.073,10.571,10.74,Healthy,0
COMP_00423,Lot_A,8.823,9.011,9.401,9.795,Healthy,0
COMP_00424,Lot_B,13.087,13.421,13.755,14.097,Healthy,0
COMP_00425,Lot_A,9.211,9.49,9.991,10.452,Healthy,0
COMP_00426,Lot_B,12.553,12.754,13.273,13.608,Healthy,0
COMP_00427,Lot_B,14.234,14.514,14.889,15.273,Healthy,0
COMP_00428,Lot_C,9.188,9.513,9.796,10.268,Healthy,0
COMP_00429,Lot_B,13.353,13.59,14.131,14.533,Healthy,0
COMP_00430,Lot_A,9.564,9.92,10.412,10.675,Healthy,0
COMP_00431,Lot_A,8.067,8.311,8.891,9.195,Healthy,0
COMP_00432,Lot_C,9.664,10.062,10.5,10.786,Healthy,0
COMP_00433,Lot_B,13.854,14.1,14.383,14.837,Healthy,0
COMP_00434,Lot_A,7.902,8.156,8.598,8.971,Healthy,0
COMP_00435,Lot_A,6.747,6.97,7.555,8.032,Healthy,0
COMP_00436,Lot_C,9.108,9.431,9.79,10.103,Healthy,0
COMP_00437,Lot_A,8.242,8.501,9.071,9.448,Healthy,0
COMP_00438,Lot_C,9.886,10.214,10.568,10.91,Healthy,0
COMP_00439,Lot_C,10.896,11.189,11.583,11.781,Healthy,0
COMP_00440,Lot_A,8.749,9.633,18.814,39.762,Latent Defect,1
COMP_00441,Lot_A,8.977,9.066,9.54,9.858,Healthy,0
COMP_00442,Lot_C,8.854,10.121,18.883,35.669,Latent Defect,1
COMP_00443,Lot_B,13.136,13.336,13.798,14.089,Healthy,0
COMP_00444,Lot_B,12.408,12.737,13.318,13.498,Healthy,0
COMP_00445,Lot_C,10.672,11.034,11.671,12.073,Healthy,0
COMP_00446,Lot_C,9.048,9.349,9.694,10.01,Healthy,0
COMP_00447,Lot_C,10.345,10.53,10.843,11.239,Healthy,0
COMP_00448,Lot_C,11.681,12.03,12.565,13.013,Healthy,0
COMP_00449,Lot_B,13.701,14.991,25.839,40.418,Latent Defect,1
COMP_00450,Lot_A,8.66,8.903,9.363,9.666,Healthy,0
COMP_00451,Lot_C,10.468,10.653,11.039,11.324,Healthy,0
COMP_00452,Lot_B,13.95,14.199,14.594,14.907,Healthy,0
COMP_00453,Lot_B,13.004,13.384,13.686,14.103,Healthy,0
COMP_00454,Lot_C,10.425,10.604,11.23,11.634,Healthy,0
COMP_00455,Lot_A,8.094,8.195,8.673,9.018,Healthy,0
COMP_00456,Lot_B,11.866,12.033,12.587,12.741,Healthy,0
COMP_00457,Lot_A,8.751,8.986,9.496,9.817,Healthy,0
COMP_00458,Lot_B,13.323,13.513,13.957,14.356,Healthy,0
COMP_00459,Lot_A,8.621,8.901,9.24,9.531,Healthy,0
COMP_00460,Lot_A,8.041,8.269,8.882,9.197,Healthy,0
COMP_00461,Lot_A,7.585,7.878,8.49,8.714,Healthy,0
COMP_00462,Lot_B,15.17,15.453,16.027,16.524,Healthy,0
COMP_00463,Lot_C,10.875,11.117,11.713,12.088,Healthy,0
COMP_00464,Lot_B,14.2,14.546,14.865,15.294,Healthy,0
COMP_00465,Lot_C,9.836,10.097,10.563,10.921,Healthy,0
COMP_00466,Lot_B,14.676,14.817,15.06,15.217,Healthy,0
COMP_00467,Lot_A,9.355,9.543,10.009,10.348,Healthy,0
COMP_00468,Lot_C,9.202,10.573,19.881,37.287,Latent Defect,1
COMP_00469,Lot_A,8.686,8.994,9.329,9.766,Healthy,0
COMP_00470,Lot_C,11.305,11.441,11.924,12.244,Healthy,0
COMP_00471,Lot_A,9.059,9.212,9.858,10.047,Healthy,0
COMP_00472,Lot_C,9.78,10.065,10.433,10.698,Healthy,0
COMP_00473,Lot_A,8.678,8.934,9.385,9.821,Healthy,0
COMP_00474,Lot_C,9.645,9.921,10.31,10.575,Healthy,0
COMP_00475,Lot_B,12.687,12.897,13.293,13.76,Healthy,0
COMP_00476,Lot_C,9.771,9.968,10.422,10.782,Healthy,0
COMP_00477,Lot_A,7.55,7.777,8.186,8.519,Healthy,0
COMP_00478,Lot_B,13.798,14.059,14.656,15.005,Healthy,0
COMP_00479,Lot_C,11.598,11.812,12.169,12.574,Healthy,0
COMP_00480,Lot_B,14.5,14.64,15.067,15.355,Healthy,0
COMP_00481,Lot_B,13.157,13.408,14.019,14.359,Healthy,0
COMP_00482,Lot_B,14.512,14.737,15.298,15.671,Healthy,0
COMP_00483,Lot_B,14.903,15.035,15.345,15.878,Healthy,0
COMP_00484,Lot_B,12.193,12.39,12.735,13.2,Healthy,0
COMP_00485,Lot_B,11.621,11.873,12.291,12.745,Healthy,0
COMP_00486,Lot_C,9.493,9.776,10.085,10.663,Healthy,0
COMP_00487,Lot_A,8.308,8.559,9.208,9.499,Healthy,0
COMP_00488,Lot_A,9.834,10.952,21.459,38.027,Latent Defect,1
COMP_00489,Lot_C,8.78,9.063,9.59,9.808,Healthy,0
COMP_00490,Lot_C,9.724,10.07,10.592,10.902,Healthy,0
COMP_00491,Lot_B,12.343,12.749,13.025,13.369,Healthy,0
COMP_00492,Lot_B,11.389,11.744,12.193,12.561,Healthy,0
COMP_00493,Lot_A,10.715,10.918,11.577,11.888,Healthy,0
COMP_00494,Lot_A,8.313,10.041,19.299,33.863,Latent Defect,1
COMP_00495,Lot_B,13.31,13.546,14.04,14.377,Healthy,0
COMP_00496,Lot_B,15.437,15.732,16.053,16.415,Healthy,0
COMP_00497,Lot_B,12.12,12.351,12.691,13.252,Healthy,0
COMP_00498,Lot_A,7.947,8.252,8.663,8.897,Healthy,0
COMP_00499,Lot_C,10.178,10.46,10.977,11.065,Healthy,0
COMP_00500,Lot_C,8.889,9.215,9.554,9.925,Healthy,0
COMP_00501,Lot_B,11.616,11.925,12.486,12.91,Healthy,0
COMP_00502,Lot_B,14.136,14.511,14.82,15.091,Healthy,0
COMP_00503,Lot_A,9.218,9.558,9.928,10.203,Healthy,0
COMP_00504,Lot_C,9.413,9.535,9.832,10.057,Healthy,0
COMP_00505,Lot_B,12.676,12.948,13.45,13.749,Healthy,0
COMP_00506,Lot_A,8.113,8.373,8.643,9.089,Healthy,0
COMP_00507,Lot_C,11.157,11.357,11.759,12.233,Healthy,0
COMP_00508,Lot_C,9.889,10.186,10.625,11.131,Healthy,0
COMP_00509,Lot_C,10.441,10.735,11.253,11.547,Healthy,0
COMP_00510,Lot_C,9.583,9.895,10.36,10.592,Healthy,0
COMP_00511,Lot_B,15.06,15.389,15.843,16.166,Healthy,0
COMP_00512,Lot_B,13.219,13.51,13.716,14.277,Healthy,0
COMP_00513,Lot_C,9.289,9.539,9.993,10.543,Healthy,0
COMP_00514,Lot_C,9.921,10.298,10.797,11.05,Healthy,0
COMP_00515,Lot_A,8.608,8.848,9.168,9.554,Healthy,0
COMP_00516,Lot_A,8.518,8.812,9.285,9.57,Healthy,0
COMP_00517,Lot_B,13.845,14.045,14.123,14.486,Healthy,0
COMP_00518,Lot_C,9.501,25.648,70.642,146.864,Gross Failure,1
COMP_00519,Lot_C,9.851,10.035,10.555,10.868,Healthy,0
COMP_00520,Lot_A,8.813,9.011,9.491,9.759,Healthy,0
COMP_00521,Lot_B,14.303,14.505,15.035,15.258,Healthy,0
COMP_00522,Lot_B,13.859,14.032,14.513,14.966,Healthy,0
COMP_00523,Lot_C,9.82,9.988,10.497,10.763,Healthy,0
COMP_00524,Lot_C,9.636,9.907,10.521,10.873,Healthy,0
COMP_00525,Lot_C,10.021,10.33,10.786,11.199,Healthy,0
COMP_00526,Lot_B,14.186,14.41,14.467,14.735,Healthy,0
COMP_00527,Lot_B,14.33,14.577,14.986,15.453,Healthy,0
COMP_00528,Lot_A,8.419,9.2,16.442,35.489,Latent Defect,1
COMP_00529,Lot_A,8.446,8.813,9.175,9.494,Healthy,0
COMP_00530,Lot_C,9.204,9.412,9.635,9.947,Healthy,0
COMP_00531,Lot_C,9.953,11.126,23.85,46.434,Latent Defect,1
COMP_00532,Lot_C,9.324,10.115,19.467,38.408,Latent Defect,1
COMP_00533,Lot_C,9.226,9.411,10.051,10.375,Healthy,0
COMP_00534,Lot_B,13.728,13.904,14.347,14.664,Healthy,0
COMP_00535,Lot_C,9.392,9.735,10.018,10.398,Healthy,0
COMP_00536,Lot_C,9.68,9.964,10.373,10.809,Healthy,0
COMP_00537,Lot_C,9.154,9.497,9.943,10.161,Healthy,0
COMP_00538,Lot_A,9.044,9.278,9.523,9.907,Healthy,0
COMP_00539,Lot_B,14.107,14.46,14.864,15.229,Healthy,0
COMP_00540,Lot_A,8.54,8.91,9.262,9.566,Healthy,0
COMP_00541,Lot_C,9.249,9.383,9.863,10.373,Healthy,0
COMP_00542,Lot_B,12.782,12.961,13.434,13.842,Healthy,0
COMP_00543,Lot_A,8.375,8.737,9.09,9.411,Healthy,0
COMP_00544,Lot_B,13.326,13.607,14.063,14.285,Healthy,0
COMP_00545,Lot_B,15.572,15.803,16.266,16.678,Healthy,0
COMP_00546,Lot_B,12.3,12.554,12.923,13.315,Healthy,0
COMP_00547,Lot_A,8.279,8.551,8.875,9.142,Healthy,0
COMP_00548,Lot_B,11.498,11.692,11.833,12.152,Healthy,0
COMP_00549,Lot_B,12.412,13.643,23.209,44.352,Latent Defect,1
COMP_00550,Lot_C,12.335,12.676,13.072,13.372,Healthy,0
COMP_00551,Lot_B,13.956,14.071,14.483,14.809,Healthy,0
COMP_00552,Lot_C,10.526,10.825,11.185,11.494,Healthy,0
COMP_00553,Lot_B,13.49,13.676,14.27,14.681,Healthy,0
COMP_00554,Lot_B,13.189,13.47,13.864,14.151,Healthy,0
COMP_00555,Lot_C,9.618,9.908,10.382,10.69,Healthy,0
COMP_00556,Lot_B,13.825,14.061,14.427,14.803,Healthy,0
COMP_00557,Lot_A,7.69,8.552,18.044,34.401,Latent Defect,1
COMP_00558,Lot_A,8.297,8.469,9.064,9.348,Healthy,0
COMP_00559,Lot_C,9.611,9.891,10.176,10.381,Healthy,0
COMP_00560,Lot_B,13.419,13.633,13.975,14.386,Healthy,0
COMP_00561,Lot_C,9.269,9.497,9.84,10.22,Healthy,0
COMP_00562,Lot_A,9.566,9.667,10.13,10.566,Healthy,0
COMP_00563,Lot_A,8.163,8.322,8.823,9.273,Healthy,0
COMP_00564,Lot_A,9.212,10.486,20.132,35.885,Latent Defect,1
COMP_00565,Lot_B,13.952,14.267,14.58,14.966,Healthy,0
COMP_00566,Lot_B,13.718,14.039,14.48,14.744,Healthy,0
COMP_00567,Lot_B,12.448,12.617,13.061,13.386,Healthy,0
COMP_00568,Lot_B,15.36,15.681,16.247,16.645,Healthy,0
COMP_00569,Lot_C,9.669,9.897,10.325,10.694,Healthy,0
COMP_00570,Lot_A,8.811,9.061,9.477,9.767,Healthy,0
COMP_00571,Lot_B,11.468,11.821,12.535,13.005,Healthy,0
COMP_00572,Lot_C,8.867,9.18,9.753,10.062,Healthy,0
COMP_00573,Lot_B,13.538,13.751,14.385,14.771,Healthy,0
COMP_00574,Lot_B,11.991,12.295,12.872,13.242,Healthy,0
COMP_00575,Lot_C,10.431,10.676,10.99,11.325,Healthy,0
COMP_00576,Lot_C,10.471,10.71,11.257,11.567,Healthy,0
COMP_00577,Lot_A,8.239,8.555,9.032,9.341,Healthy,0
COMP_00578,Lot_C,10.93,11.125,11.488,11.555,Healthy,0
COMP_00579,Lot_B,12.391,12.745,12.947,13.201,Healthy,0
COMP_00580,Lot_A,8.851,8.922,9.31,9.774,Healthy,0
COMP_00581,Lot_B,15.247,15.521,15.859,16.113,Healthy,0
COMP_00582,Lot_C,10.13,10.403,11.076,11.523,Healthy,0
COMP_00583,Lot_B,13.093,13.316,14.127,14.54,Healthy,0
COMP_00584,Lot_A,7.965,8.197,8.542,8.651,Healthy,0
COMP_00585,Lot_B,13.344,13.737,13.991,14.346,Healthy,0
COMP_00586,Lot_A,7.934,8.226,8.656,8.87,Healthy,0
COMP_00587,Lot_A,7.715,7.899,8.51,8.989,Healthy,0
COMP_00588,Lot_A,8.251,8.599,9.028,9.346,Healthy,0
COMP_00589,Lot_A,8.546,8.818,9.202,9.554,Healthy,0
COMP_00590,Lot_A,9.13,9.39,9.845,10.245,Healthy,0
COMP_00591,Lot_A,9.033,9.278,9.671,10.04,Healthy,0
COMP_00592,Lot_B,11.247,12.405,18.197,32.008,Latent Defect,1
COMP_00593,Lot_A,7.039,7.373,7.825,8.048,Healthy,0
COMP_00594,Lot_A,8.893,9.222,9.733,10.064,Healthy,0
COMP_00595,Lot_C,10.209,10.531,10.925,11.278,Healthy,0
COMP_00596,Lot_B,12.717,12.838,13.398,13.954,Healthy,0
COMP_00597,Lot_B,12.039,12.366,12.715,13.078,Healthy,0
COMP_00598,Lot_A,9.706,9.915,10.363,10.533,Healthy,0
COMP_00599,Lot_A,7.969,8.066,8.568,9.001,Healthy,0
COMP_00600,Lot_A,8.323,8.596,9.006,9.431,Healthy,0
COMP_00601,Lot_A,8.604,8.695,9.258,9.569,Healthy,0
COMP_00602,Lot_A,7.484,7.699,7.92,8.145,Healthy,0
COMP_00603,Lot_A,8.614,8.882,9.369,9.72,Healthy,0
COMP_00604,Lot_A,7.946,8.191,8.589,8.776,Healthy,0
COMP_00605,Lot_A,7.882,8.203,8.844,9.259,Healthy,0
COMP_00606,Lot_B,14.698,14.955,15.614,16.169,Healthy,0
COMP_00607,Lot_A,7.113,7.381,7.841,8.149,Healthy,0
COMP_00608,Lot_B,13.541,13.794,14.156,14.503,Healthy,0
COMP_00609,Lot_B,14.325,14.59,15.115,15.437,Healthy,0
COMP_00610,Lot_B,13.497,13.651,14.041,14.38,Healthy,0
COMP_00611,Lot_A,7.479,7.663,8.15,8.513,Healthy,0
COMP_00612,Lot_C,10.726,10.928,11.385,11.667,Healthy,0
COMP_00613,Lot_B,13.777,14.122,14.63,15.086,Healthy,0
COMP_00614,Lot_A,8.526,8.84,9.299,9.547,Healthy,0
COMP_00615,Lot_C,10.222,10.392,11.123,11.44,Healthy,0
COMP_00616,Lot_C,10.581,10.83,11.132,11.292,Healthy,0
COMP_00617,Lot_A,9.099,10.609,19.007,32.865,Latent Defect,1
COMP_00618,Lot_A,8.24,8.415,8.787,9.198,Healthy,0
COMP_00619,Lot_C,9.955,10.138,10.659,11.076,Healthy,0
COMP_00620,Lot_C,9.697,9.958,10.47,10.863,Healthy,0
COMP_00621,Lot_A,8.532,8.897,9.417,9.722,Healthy,0
COMP_00622,Lot_A,8.144,8.35,8.875,9.163,Healthy,0
COMP_00623,Lot_B,12.533,12.867,13.34,13.81,Healthy,0
COMP_00624,Lot_B,13.878,14.034,14.471,14.92,Healthy,0
COMP_00625,Lot_B,11.656,11.939,12.384,12.559,Healthy,0
COMP_00626,Lot_B,13.132,13.315,13.625,13.975,Healthy,0
COMP_00627,Lot_B,10.876,11.072,11.828,12.243,Healthy,0
COMP_00628,Lot_C,9.207,9.569,9.9,10.195,Healthy,0
COMP_00629,Lot_A,7.581,7.851,8.466,8.716,Healthy,0
COMP_00630,Lot_A,6.852,8.27,20.101,33.113,Latent Defect,1
COMP_00631,Lot_C,10.414,10.682,11.038,11.248,Healthy,0
COMP_00632,Lot_C,10.893,12.128,22.01,38.456,Latent Defect,1
COMP_00633,Lot_B,12.118,12.172,12.594,13.088,Healthy,0
COMP_00634,Lot_B,12.021,12.149,12.651,13.063,Healthy,0
COMP_00635,Lot_A,8.031,8.253,8.735,9.069,Healthy,0
COMP_00636,Lot_B,14.1,14.545,14.79,15.263,Healthy,0
COMP_00637,Lot_B,13.116,13.477,14.014,14.37,Healthy,0
COMP_00638,Lot_A,9.108,9.326,9.684,10.115,Healthy,0
COMP_00639,Lot_A,7.825,8.126,8.58,8.697,Healthy,0
COMP_00640,Lot_B,12.368,12.645,13.046,13.142,Healthy,0
COMP_00641,Lot_A,9.557,9.82,10.323,10.626,Healthy,0
COMP_00642,Lot_A,8.925,9.322,9.684,10.2,Healthy,0
COMP_00643,Lot_A,8.819,21.211,67.273,130.406,Gross Failure,1
COMP_00644,Lot_A,9.041,9.27,9.624,9.991,Healthy,0
COMP_00645,Lot_A,9.765,9.99,10.437,10.933,Healthy,0
COMP_00646,Lot_C,9.73,10.021,10.576,10.906,Healthy,0
COMP_00647,Lot_B,13.341,13.644,14.046,14.477,Healthy,0
COMP_00648,Lot_B,12.398,12.594,12.861,13.161,Healthy,0
COMP_00649,Lot_C,9.266,9.484,10.007,10.185,Healthy,0
COMP_00650,Lot_B,10.828,11.018,11.523,11.902,Healthy,0
COMP_00651,Lot_A,7.888,9.322,17.834,36.99,Latent Defect,1
COMP_00652,Lot_B,12.601,13.627,22.22,42.055,Latent Defect,1
COMP_00653,Lot_B,13.397,13.725,14.218,14.407,Healthy,0
COMP_00654,Lot_C,11.903,13.178,23.45,40.508,Latent Defect,1
COMP_00655,Lot_B,14.224,14.387,14.91,15.052,Healthy,0
COMP_00656,Lot_A,9.042,9.205,9.689,10.174,Healthy,0
COMP_00657,Lot_A,9.158,10.603,21.784,38.474,Latent Defect,1
COMP_00658,Lot_B,13.658,13.77,14.138,14.627,Healthy,0
COMP_00659,Lot_B,12.576,12.677,13.369,13.775,Healthy,0
COMP_00660,Lot_B,13.841,14.012,14.497,14.872,Healthy,0
COMP_00661,Lot_B,12.096,12.333,12.603,12.918,Healthy,0
COMP_00662,Lot_C,10.876,11.067,11.746,11.952,Healthy,0
COMP_00663,Lot_B,12.714,12.911,13.34,13.827,Healthy,0
COMP_00664,Lot_A,7.712,7.926,8.455,8.814,Healthy,0
COMP_00665,Lot_A,8.64,8.813,9.254,9.717,Healthy,0
COMP_00666,Lot_A,7.212,7.407,7.639,8.042,Healthy,0
COMP_00667,Lot_A,9.48,9.716,10.045,10.297,Healthy,0
COMP_00668,Lot_A,8.262,8.488,9.048,9.331,Healthy,0
COMP_00669,Lot_A,8.848,9.074,9.434,9.751,Healthy,0
COMP_00670,Lot_A,8.769,9.092,9.512,9.742,Healthy,0
COMP_00671,Lot_A,9.3,9.478,9.959,10.307,Healthy,0
COMP_00672,Lot_C,9.857,10.068,10.593,10.585,Healthy,0
COMP_00673,Lot_A,9.409,9.586,10.085,10.471,Healthy,0
COMP_00674,Lot_B,14.402,14.668,15.019,15.208,Healthy,0
COMP_00675,Lot_B,12.616,13.425,21.982,39.25,Latent Defect,1
COMP_00676,Lot_C,9.379,9.632,10.054,10.371,Healthy,0
COMP_00677,Lot_A,6.561,17.677,55.89,122.324,Gross Failure,1
COMP_00678,Lot_B,10.977,11.162,11.741,12.019,Healthy,0
COMP_00679,Lot_C,9.9,10.265,10.672,10.971,Healthy,0
COMP_00680,Lot_C,9.859,10.257,10.76,11.112,Healthy,0
COMP_00681,Lot_C,9.528,10.836,21.325,36.642,Latent Defect,1
COMP_00682,Lot_A,9.049,10.219,19.756,35.546,Latent Defect,1
COMP_00683,Lot_A,8.18,8.348,8.668,9.056,Healthy,0
COMP_00684,Lot_B,12.609,12.755,13.467,13.704,Healthy,0
COMP_00685,Lot_C,10.983,11.115,11.62,11.944,Healthy,0
COMP_00686,Lot_B,12.308,12.574,13.031,13.3,Healthy,0
COMP_00687,Lot_B,12.056,22.335,58.863,108.832,Gross Failure,1
COMP_00688,Lot_A,8.503,8.801,9.276,9.553,Healthy,0
COMP_00689,Lot_C,10.818,11.035,11.325,11.647,Healthy,0
COMP_00690,Lot_A,8.969,9.165,9.721,9.994,Healthy,0
COMP_00691,Lot_A,7.993,8.159,8.691,9.036,Healthy,0
COMP_00692,Lot_B,11.922,12.141,12.222,12.65,Healthy,0
COMP_00693,Lot_B,12.812,12.87,13.145,13.453,Healthy,0
COMP_00694,Lot_A,7.449,7.762,8.262,8.648,Healthy,0
COMP_00695,Lot_A,6.417,6.624,6.991,7.245,Healthy,0
COMP_00696,Lot_B,12.543,12.703,13.179,13.606,Healthy,0
COMP_00697,Lot_A,9.044,9.283,9.973,10.437,Healthy,0
COMP_00698,Lot_B,12.888,13.1,13.71,14.161,Healthy,0
COMP_00699,Lot_A,7.372,7.709,8.14,8.404,Healthy,0
COMP_00700,Lot_B,10.823,11.051,11.5,12.009,Healthy,0
COMP_00701,Lot_B,14.053,14.256,14.753,15.186,Healthy,0
COMP_00702,Lot_A,8.569,8.772,9.158,9.546,Healthy,0
COMP_00703,Lot_A,8.83,9.057,9.193,9.414,Healthy,0
COMP_00704,Lot_A,8.996,9.77,21.046,41.636,Latent Defect,1
COMP_00705,Lot_A,8.533,8.831,9.344,9.682,Healthy,0
COMP_00706,Lot_C,8.763,9.091,9.71,9.939,Healthy,0
COMP_00707,Lot_A,7.371,7.61,7.985,8.349,Healthy,0
COMP_00708,Lot_C,11.087,11.158,11.797,12.107,Healthy,0
COMP_00709,Lot_A,8.909,10.233,20.836,38.991,Latent Defect,1
COMP_00710,Lot_B,13.325,14.583,23.137,36.742,Latent Defect,1
COMP_00711,Lot_C,8.903,10.082,18.402,34.44,Latent Defect,1
COMP_00712,Lot_B,14.979,15.298,15.718,16.135,Healthy,0
COMP_00713,Lot_B,12.538,12.797,13.3,13.608,Healthy,0
COMP_00714,Lot_B,12.246,12.594,13.118,13.242,Healthy,0
COMP_00715,Lot_A,7.965,8.153,8.528,8.965,Healthy,0
COMP_00716,Lot_C,10.017,10.156,10.56,10.964,Healthy,0
COMP_00717,Lot_C,9.802,10.001,10.49,11.002,Healthy,0
COMP_00718,Lot_C,10.415,10.769,11.15,11.499,Healthy,0
COMP_00719,Lot_A,8.477,8.737,9.24,9.498,Healthy,0
COMP_00720,Lot_C,10.583,10.702,10.992,11.556,Healthy,0
COMP_00721,Lot_C,9.541,9.849,10.503,10.622,Healthy,0
COMP_00722,Lot_A,9.401,9.703,10.35,10.582,Healthy,0
COMP_00723,Lot_A,9.661,9.852,10.428,10.775,Healthy,0
COMP_00724,Lot_C,10.694,10.948,11.177,11.215,Healthy,0
COMP_00725,Lot_B,13.231,13.46,13.958,14.282,Healthy,0
COMP_00726,Lot_C,11.816,12.085,12.481,12.865,Healthy,0
COMP_00727,Lot_A,8.157,8.414,8.718,9.068,Healthy,0
COMP_00728,Lot_C,9.57,9.73,10.417,10.659,Healthy,0
COMP_00729,Lot_A,8.506,8.691,9.177,9.4,Healthy,0
COMP_00730,Lot_A,9.172,9.585,9.934,10.406,Healthy,0
COMP_00731,Lot_A,8.194,8.565,9.278,9.604,Healthy,0
COMP_00732,Lot_C,8.632,8.958,9.435,9.835,Healthy,0
COMP_00733,Lot_B,12.626,12.805,13.395,13.777,Healthy,0
COMP_00734,Lot_B,11.412,12.749,22.979,40.165,Latent Defect,1
COMP_00735,Lot_B,14.782,14.982,15.412,15.839,Healthy,0
COMP_00736,Lot_C,10.069,10.208,10.68,10.989,Healthy,0
COMP_00737,Lot_B,13.943,14.205,14.666,14.911,Healthy,0
COMP_00738,Lot_C,9.793,10.121,10.477,10.824,Healthy,0
COMP_00739,Lot_B,11.97,12.125,12.565,12.932,Healthy,0
COMP_00740,Lot_B,15.193,15.407,15.851,16.076,Healthy,0
COMP_00741,Lot_B,13.673,13.955,14.584,15.045,Healthy,0
COMP_00742,Lot_A,8.781,8.994,9.468,9.807,Healthy,0
COMP_00743,Lot_C,10.858,11.174,11.589,11.792,Healthy,0
COMP_00744,Lot_B,14.467,14.763,15.175,15.579,Healthy,0
COMP_00745,Lot_A,8.56,8.915,9.134,9.444,Healthy,0
COMP_00746,Lot_C,11.439,11.734,12.397,12.625,Healthy,0
COMP_00747,Lot_B,14.179,14.51,14.759,15.079,Healthy,0
COMP_00748,Lot_B,12.883,13.003,13.42,13.858,Healthy,0
COMP_00749,Lot_C,9.648,9.918,10.397,10.746,Healthy,0
COMP_00750,Lot_B,12.224,12.527,12.787,13.137,Healthy,0
COMP_00751,Lot_A,9.608,9.823,10.185,10.608,Healthy,0
COMP_00752,Lot_C,10.147,10.457,10.911,11.023,Healthy,0
COMP_00753,Lot_B,14.298,14.714,15.318,15.314,Healthy,0
COMP_00754,Lot_A,8.861,9.074,9.393,9.756,Healthy,0
COMP_00755,Lot_A,8.381,8.672,9.128,9.366,Healthy,0
COMP_00756,Lot_C,9.481,9.672,9.916,10.129,Healthy,0
COMP_00757,Lot_B,12.768,13.132,13.517,13.792,Healthy,0
COMP_00758,Lot_B,11.701,11.953,12.545,13.095,Healthy,0
COMP_00759,Lot_C,10.257,10.518,10.903,11.215,Healthy,0
COMP_00760,Lot_C,10.566,10.791,11.222,11.569,Healthy,0
COMP_00761,Lot_A,8.027,8.271,8.479,8.884,Healthy,0
COMP_00762,Lot_A,10.381,10.587,11.082,11.517,Healthy,0
COMP_00763,Lot_A,9.524,9.753,9.987,10.363,Healthy,0
COMP_00764,Lot_C,10.116,10.338,10.772,11.136,Healthy,0
COMP_00765,Lot_A,8.789,9.065,9.489,9.877,Healthy,0
COMP_00766,Lot_B,12.686,12.988,13.363,13.72,Healthy,0
COMP_00767,Lot_C,8.539,8.759,9.277,9.524,Healthy,0
COMP_00768,Lot_C,9.712,10.431,17.879,33.113,Latent Defect,1
COMP_00769,Lot_A,8.581,8.858,9.301,9.613,Healthy,0
COMP_00770,Lot_C,9.659,9.966,10.442,10.758,Healthy,0
COMP_00771,Lot_A,9.535,9.941,10.241,10.643,Healthy,0
COMP_00772,Lot_C,12.781,13.053,13.517,13.862,Healthy,0
COMP_00773,Lot_A,8.892,10.243,17.876,35.81,Latent Defect,1
COMP_00774,Lot_B,10.504,10.737,11.078,11.462,Healthy,0
COMP_00775,Lot_C,8.509,8.718,9.284,9.567,Healthy,0
COMP_00776,Lot_A,6.976,7.247,7.626,7.958,Healthy,0
COMP_00777,Lot_A,7.916,8.324,8.587,9.22,Healthy,0
COMP_00778,Lot_C,9.648,9.913,10.294,10.582,Healthy,0
COMP_00779,Lot_C,9.294,9.592,9.872,10.259,Healthy,0
COMP_00780,Lot_B,10.597,10.869,11.421,11.643,Healthy,0
COMP_00781,Lot_B,13.747,14.001,14.643,14.907,Healthy,0
COMP_00782,Lot_B,16.098,16.156,16.567,16.747,Healthy,0
COMP_00783,Lot_A,9.981,10.21,10.639,11.034,Healthy,0
COMP_00784,Lot_A,8.496,8.699,8.998,9.365,Healthy,0
COMP_00785,Lot_A,8.803,9.109,9.788,9.921,Healthy,0
COMP_00786,Lot_C,9.939,11.377,20.691,32.845,Latent Defect,1
COMP_00787,Lot_B,11.58,11.856,12.341,12.758,Healthy,0
COMP_00788,Lot_B,12.141,12.412,12.748,13.124,Healthy,0
COMP_00789,Lot_B,13.059,14.094,25.932,39.668,Latent Defect,1
COMP_00790,Lot_C,9.873,10.055,10.725,11.135,Healthy,0
COMP_00791,Lot_A,7.981,8.208,8.882,9.137,Healthy,0
COMP_00792,Lot_B,11.059,11.332,11.82,12.237,Healthy,0
COMP_00793,Lot_B,13.74,14.132,14.375,14.605,Healthy,0
COMP_00794,Lot_B,13.728,13.89,14.165,14.702,Healthy,0
COMP_00795,Lot_A,7.204,7.426,7.869,8.35,Healthy,0
COMP_00796,Lot_C,8.318,8.601,8.944,9.357,Healthy,0
COMP_00797,Lot_C,9.184,9.56,9.902,10.005,Healthy,0
COMP_00798,Lot_B,12.132,12.361,12.941,13.165,Healthy,0
COMP_00799,Lot_B,11.637,11.964,12.249,12.581,Healthy,0
COMP_00800,Lot_C,9.857,10.125,10.485,10.742,Healthy,0
COMP_00801,Lot_C,10.301,10.48,10.767,11.239,Healthy,0
COMP_00802,Lot_A,8.89,9.282,9.826,10.049,Healthy,0
COMP_00803,Lot_B,13.106,13.275,13.527,13.832,Healthy,0
COMP_00804,Lot_B,14.08,14.352,14.635,14.937,Healthy,0
COMP_00805,Lot_B,12.843,12.958,13.493,13.82,Healthy,0
COMP_00806,Lot_C,8.748,8.883,9.465,9.777,Healthy,0
COMP_00807,Lot_C,11.071,11.447,12.02,12.316,Healthy,0
COMP_00808,Lot_C,7.752,8.027,8.728,9.074,Healthy,0
COMP_00809,Lot_B,10.811,11.007,11.435,11.675,Healthy,0
COMP_00810,Lot_A,6.449,7.629,15.952,38.384,Latent Defect,1
COMP_00811,Lot_C,10.091,10.378,10.814,11.174,Healthy,0
COMP_00812,Lot_C,8.513,8.68,9.26,9.631,Healthy,0
COMP_00813,Lot_A,8.181,8.47,8.981,9.53,Healthy,0
COMP_00814,Lot_C,10.147,10.312,10.748,11.159,Healthy,0
COMP_00815,Lot_C,10.896,11.017,11.497,11.758,Healthy,0
COMP_00816,Lot_B,12.377,12.694,13.234,13.516,Healthy,0
COMP_00817,Lot_B,12.826,13.033,13.83,14.208,Healthy,0
COMP_00818,Lot_B,12.077,12.432,13.045,13.574,Healthy,0
COMP_00819,Lot_A,10.17,10.477,10.885,11.215,Healthy,0
COMP_00820,Lot_A,8.266,8.484,9.083,9.433,Healthy,0
COMP_00821,Lot_C,10.874,11.178,11.497,11.675,Healthy,0
COMP_00822,Lot_A,7.511,7.727,8.193,8.478,Healthy,0
COMP_00823,Lot_A,9.062,9.27,9.751,10.113,Healthy,0
COMP_00824,Lot_B,14.908,15.08,15.795,16.085,Healthy,0
COMP_00825,Lot_B,11.526,11.759,12.597,13.037,Healthy,0
COMP_00826,Lot_C,10.543,10.856,11.214,11.597,Healthy,0
COMP_00827,Lot_A,8.502,8.897,9.334,9.646,Healthy,0
COMP_00828,Lot_A,7.568,7.829,8.315,8.544,Healthy,0
COMP_00829,Lot_C,10.408,11.654,22.675,43.706,Latent Defect,1
COMP_00830,Lot_B,13.104,13.271,13.621,14.147,Healthy,0
COMP_00831,Lot_A,8.632,9.022,9.532,9.957,Healthy,0
COMP_00832,Lot_B,14.033,14.185,14.672,14.898,Healthy,0
COMP_00833,Lot_A,8.272,9.6,17.562,36.96,Latent Defect,1
COMP_00834,Lot_A,7.301,7.643,8.013,8.26,Healthy,0
COMP_00835,Lot_B,11.421,11.625,11.846,12.141,Healthy,0
COMP_00836,Lot_B,14.209,14.444,14.753,15.126,Healthy,0
COMP_00837,Lot_C,10.124,10.531,11.076,11.456,Healthy,0
COMP_00838,Lot_B,13.996,14.235,14.676,15.192,Healthy,0
COMP_00839,Lot_B,11.201,11.528,11.965,12.286,Healthy,0
COMP_00840,Lot_B,12.392,12.654,13.099,13.407,Healthy,0
COMP_00841,Lot_A,7.938,8.035,8.399,8.697,Healthy,0
COMP_00842,Lot_B,13.166,13.573,13.949,14.197,Healthy,0
COMP_00843,Lot_A,7.928,8.191,8.711,9.134,Healthy,0
COMP_00844,Lot_C,10.745,11.072,11.489,12.044,Healthy,0
COMP_00845,Lot_A,8.216,8.475,9.08,9.487,Healthy,0
COMP_00846,Lot_B,10.535,10.786,11.339,11.555,Healthy,0
COMP_00847,Lot_A,9.101,9.382,9.974,10.255,Healthy,0
COMP_00848,Lot_C,10.896,11.159,11.821,12.45,Healthy,0
COMP_00849,Lot_B,14.692,14.981,15.709,16.119,Healthy,0
COMP_00850,Lot_B,12.001,12.248,12.79,13.222,Healthy,0
COMP_00851,Lot_A,7.6,7.762,8.171,8.575,Healthy,0
COMP_00852,Lot_C,10.596,10.858,11.207,11.731,Healthy,0
COMP_00853,Lot_A,7.642,7.997,8.535,9.013,Healthy,0
COMP_00854,Lot_C,9.6,10.771,20.354,37.163,Latent Defect,1
COMP_00855,Lot_A,8.68,9.057,9.351,9.635,Healthy,0
COMP_00856,Lot_A,7.887,8.13,8.564,8.991,Healthy,0
COMP_00857,Lot_A,8.527,8.801,9.299,9.674,Healthy,0
COMP_00858,Lot_B,13.774,14.014,14.661,15.266,Healthy,0
COMP_00859,Lot_B,13.777,14.045,14.57,14.81,Healthy,0
COMP_00860,Lot_A,8.644,8.836,9.347,9.624,Healthy,0
COMP_00861,Lot_C,9.69,9.79,10.099,10.485,Healthy,0
COMP_00862,Lot_B,12.044,13.457,21.526,40.659,Latent Defect,1
COMP_00863,Lot_B,12.162,12.443,12.709,13.013,Healthy,0
COMP_00864,Lot_B,12.069,12.39,12.895,13.122,Healthy,0
COMP_00865,Lot_B,12.777,12.965,13.529,14.006,Healthy,0
COMP_00866,Lot_B,11.414,11.73,12.082,12.406,Healthy,0
COMP_00867,Lot_A,8.526,8.921,9.251,9.684,Healthy,0
COMP_00868,Lot_A,7.563,8.515,18.057,36.112,Latent Defect,1
COMP_00869,Lot_C,7.451,7.794,7.987,8.322,Healthy,0
COMP_00870,Lot_C,11.195,11.622,12.028,12.235,Healthy,0
COMP_00871,Lot_B,14.42,14.739,15.13,15.419,Healthy,0
COMP_00872,Lot_A,7.926,8.149,8.636,8.93,Healthy,0
COMP_00873,Lot_B,12.516,12.818,13.09,13.402,Healthy,0
COMP_00874,Lot_B,11.156,11.415,11.632,12.071,Healthy,0
COMP_00875,Lot_A,7.448,7.556,7.963,8.484,Healthy,0
COMP_00876,Lot_A,9.069,9.165,9.454,9.764,Healthy,0
COMP_00877,Lot_C,12.015,12.189,12.528,13.03,Healthy,0
COMP_00878,Lot_B,13.214,13.549,13.911,14.251,Healthy,0
COMP_00879,Lot_A,9.553,9.791,10.376,10.764,Healthy,0
COMP_00880,Lot_A,7.668,22.619,62.526,127.882,Gross Failure,1
COMP_00881,Lot_A,8.468,8.566,8.801,8.993,Healthy,0
COMP_00882,Lot_B,12.439,12.658,12.931,13.384,Healthy,0
COMP_00883,Lot_A,7.489,7.629,8.09,8.537,Healthy,0
COMP_00884,Lot_A,10.144,11.46,23.33,38.3,Latent Defect,1
COMP_00885,Lot_C,11.944,12.771,21.516,40.917,Latent Defect,1
COMP_00886,Lot_A,7.216,7.392,7.711,8.03,Healthy,0
COMP_00887,Lot_B,14.564,14.815,15.21,15.271,Healthy,0
COMP_00888,Lot_A,8.873,9.187,9.433,9.776,Healthy,0
COMP_00889,Lot_A,8.654,8.982,9.345,9.607,Healthy,0
COMP_00890,Lot_A,8.135,8.488,9.063,9.411,Healthy,0
COMP_00891,Lot_C,10.918,10.978,11.523,11.761,Healthy,0
COMP_00892,Lot_C,11.59,11.755,12.103,12.509,Healthy,0
COMP_00893,Lot_C,10.593,10.807,11.302,11.701,Healthy,0
COMP_00894,Lot_B,13.432,13.65,14.161,14.651,Healthy,0
COMP_00895,Lot_B,11.652,11.835,12.288,12.532,Healthy,0
COMP_00896,Lot_A,7.057,7.395,7.577,7.887,Healthy,0
COMP_00897,Lot_A,9.107,9.378,9.782,10.022,Healthy,0
COMP_00898,Lot_C,10.309,10.48,10.962,11.326,Healthy,0
COMP_00899,Lot_A,8.621,8.82,9.514,9.9,Healthy,0
COMP_00900,Lot_A,8.277,8.548,8.905,9.217,Healthy,0
COMP_00901,Lot_A,10.414,11.46,20.843,37.703,Latent Defect,1
COMP_00902,Lot_A,7.668,7.952,8.406,8.847,Healthy,0
COMP_00903,Lot_A,9.148,10.529,18.651,38.254,Latent Defect,1
COMP_00904,Lot_B,13.732,14.728,23.75,38.109,Latent Defect,1
COMP_00905,Lot_B,13.737,14.04,14.661,14.989,Healthy,0
COMP_00906,Lot_C,10.406,10.735,11.095,11.354,Healthy,0
COMP_00907,Lot_C,9.349,9.571,9.917,10.199,Healthy,0
COMP_00908,Lot_A,9.205,9.447,9.934,10.229,Healthy,0
COMP_00909,Lot_A,8.007,8.28,8.745,9.173,Healthy,0
COMP_00910,Lot_B,14.432,15.493,26.285,41.586,Latent Defect,1
COMP_00911,Lot_B,15.281,15.468,16.001,16.242,Healthy,0
COMP_00912,Lot_A,8.378,8.752,9.104,9.674,Healthy,0
COMP_00913,Lot_B,12.994,13.322,13.821,14.216,Healthy,0
COMP_00914,Lot_B,11.431,12.537,23.831,40.97,Latent Defect,1
COMP_00915,Lot_B,13.153,13.279,13.664,14.127,Healthy,0
COMP_00916,Lot_B,11.589,11.896,12.368,12.694,Healthy,0
COMP_00917,Lot_A,8.276,8.487,8.889,9.332,Healthy,0
COMP_00918,Lot_C,9.611,10.006,10.492,10.784,Healthy,0
COMP_00919,Lot_C,10.876,11.176,11.427,11.674,Healthy,0
COMP_00920,Lot_A,8.408,8.531,9.232,9.664,Healthy,0
COMP_00921,Lot_C,9.988,10.211,10.589,10.742,Healthy,0
COMP_00922,Lot_B,11.094,11.496,12.135,12.427,Healthy,0
COMP_00923,Lot_C,10.817,11.108,11.633,11.84,Healthy,0
COMP_00924,Lot_C,8.373,8.717,8.93,9.265,Healthy,0
COMP_00925,Lot_B,12.596,13.703,23.675,39.981,Latent Defect,1
COMP_00926,Lot_A,8.817,9.078,9.78,9.991,Healthy,0
COMP_00927,Lot_A,8.523,9.81,18.925,33.582,Latent Defect,1
COMP_00928,Lot_B,14.383,14.66,14.958,15.352,Healthy,0
COMP_00929,Lot_B,14.872,15.119,15.569,16.075,Healthy,0
COMP_00930,Lot_A,7.724,9.269,20.229,35.918,Latent Defect,1
COMP_00931,Lot_A,7.965,8.173,8.403,8.779,Healthy,0
COMP_00932,Lot_C,9.209,9.483,9.778,10.22,Healthy,0
COMP_00933,Lot_C,10.664,10.857,11.351,11.709,Healthy,0
COMP_00934,Lot_B,14.631,14.798,15.23,15.516,Healthy,0
COMP_00935,Lot_A,8.536,8.829,9.2,9.514,Healthy,0
COMP_00936,Lot_A,9.273,9.631,10.141,10.477,Healthy,0
COMP_00937,Lot_A,8.314,8.607,9.085,9.27,Healthy,0
COMP_00938,Lot_C,10.515,10.696,10.976,11.159,Healthy,0
COMP_00939,Lot_A,8.327,8.496,8.667,8.981,Healthy,0
COMP_00940,Lot_B,12.46,12.698,13.073,13.606,Healthy,0
COMP_00941,Lot_A,8.914,9.124,9.566,10.058,Healthy,0
COMP_00942,Lot_B,14.052,14.191,14.524,14.795,Healthy,0
COMP_00943,Lot_B,12.516,12.719,13.173,13.596,Healthy,0
COMP_00944,Lot_C,10.812,11.036,11.29,11.536,Healthy,0
COMP_00945,Lot_A,8.084,8.235,8.821,9.054,Healthy,0
COMP_00946,Lot_A,8.994,9.109,9.638,9.974,Healthy,0
COMP_00947,Lot_A,9.71,9.869,10.252,10.565,Healthy,0
COMP_00948,Lot_C,9.863,10.085,10.496,10.812,Healthy,0
COMP_00949,Lot_C,8.136,8.465,9.259,9.639,Healthy,0
COMP_00950,Lot_B,11.751,11.918,12.441,12.83,Healthy,0
COMP_00951,Lot_B,12.687,12.998,13.2,13.625,Healthy,0
COMP_00952,Lot_B,13.262,13.432,13.71,14.072,Healthy,0
COMP_00953,Lot_A,9.626,9.858,10.205,10.574,Healthy,0
COMP_00954,Lot_C,11.639,11.923,12.438,12.91,Healthy,0
COMP_00955,Lot_B,13.52,13.707,13.948,14.206,Healthy,0
COMP_00956,Lot_B,11.785,12.088,12.633,13.001,Healthy,0
COMP_00957,Lot_B,11.604,11.997,12.397,12.808,Healthy,0
COMP_00958,Lot_A,8.539,8.806,9.324,9.605,Healthy,0
COMP_00959,Lot_A,9.544,9.668,9.993,10.473,Healthy,0
COMP_00960,Lot_C,10.531,10.984,11.442,11.962,Healthy,0
COMP_00961,Lot_A,7.014,7.151,7.708,7.884,Healthy,0
COMP_00962,Lot_B,12.783,13.126,13.636,13.988,Healthy,0
COMP_00963,Lot_A,8.141,8.407,8.926,9.21,Healthy,0
COMP_00964,Lot_B,13.409,13.745,14.168,14.525,Healthy,0
COMP_00965,Lot_A,8.887,9.181,9.737,9.985,Healthy,0
COMP_00966,Lot_B,12.418,12.629,12.97,13.141,Healthy,0
COMP_00967,Lot_C,7.071,7.417,7.68,8.187,Healthy,0
COMP_00968,Lot_A,9.092,9.309,9.833,10.226,Healthy,0
COMP_00969,Lot_B,11.788,12.037,12.369,12.785,Healthy,0
COMP_00970,Lot_B,12.213,12.456,12.889,13.251,Healthy,0
COMP_00971,Lot_B,14.829,15.06,15.656,16.054,Healthy,0
COMP_00972,Lot_C,11.277,11.499,12.033,12.377,Healthy,0
COMP_00973,Lot_C,7.31,7.472,7.992,8.394,Healthy,0
COMP_00974,Lot_A,7.464,7.732,8.242,8.589,Healthy,0
COMP_00975,Lot_A,9.083,9.38,9.826,10.125,Healthy,0
COMP_00976,Lot_A,9.334,9.621,9.905,10.277,Healthy,0
COMP_00977,Lot_B,11.734,11.907,12.278,12.633,Healthy,0
COMP_00978,Lot_A,8.8,9.017,9.423,9.723,Healthy,0
COMP_00979,Lot_B,14.152,14.174,14.587,15.091,Healthy,0
COMP_00980,Lot_B,13.569,13.92,14.126,14.352,Healthy,0
COMP_00981,Lot_A,8.911,9.285,9.598,9.91,Healthy,0
COMP_00982,Lot_C,10.361,10.495,11.008,11.09,Healthy,0
COMP_00983,Lot_A,8.894,9.895,18.723,38.353,Latent Defect,1
COMP_00984,Lot_A,8.858,10.056,21.01,34.759,Latent Defect,1
COMP_00985,Lot_C,10.184,10.371,10.931,11.35,Healthy,0
COMP_00986,Lot_B,13.796,15.325,26.514,44.121,Latent Defect,1
COMP_00987,Lot_B,12.999,14.319,24.023,43.786,Latent Defect,1
COMP_00988,Lot_B,10.547,31.189,66.494,113.514,Gross Failure,1
COMP_00989,Lot_A,7.769,7.849,8.168,8.504,Healthy,0
COMP_00990,Lot_C,11.363,11.646,12.124,12.361,Healthy,0
COMP_00991,Lot_C,9.258,9.448,9.813,10.128,Healthy,0
COMP_00992,Lot_B,12.696,12.919,13.289,13.652,Healthy,0
COMP_00993,Lot_A,8.248,8.371,8.825,9.163,Healthy,0
COMP_00994,Lot_B,11.262,11.465,11.987,12.223,Healthy,0
COMP_00995,Lot_B,11.634,11.858,12.382,12.913,Healthy,0
COMP_00996,Lot_A,9.027,9.364,9.856,10.137,Healthy,0
COMP_00997,Lot_C,10.587,10.83,11.325,11.58,Healthy,0
COMP_00998,Lot_A,8.873,10.049,19.896,37.683,Latent Defect,1
COMP_00999,Lot_C,9.751,10.039,10.441,10.632,Healthy,0
COMP_01000,Lot_B,10.939,11.203,11.6,11.777,Healthy,0
COMP_01001,Lot_A,8.585,8.828,9.218,9.592,Healthy,0
COMP_01002,Lot_B,14.447,14.799,15.267,15.608,Healthy,0
COMP_01003,Lot_C,10.142,10.417,10.834,11.202,Healthy,0
COMP_01004,Lot_C,8.584,8.84,9.347,9.648,Healthy,0
COMP_01005,Lot_C,9.914,10.075,10.375,10.746,Healthy,0
COMP_01006,Lot_B,12.197,12.305,12.622,12.875,Healthy,0
COMP_01007,Lot_B,13.852,14.116,14.462,14.753,Healthy,0
COMP_01008,Lot_C,11.181,12.568,20.391,41.3,Latent Defect,1
COMP_01009,Lot_A,8.435,25.834,60.018,129.504,Gross Failure,1
COMP_01010,Lot_B,11.724,11.954,12.55,12.661,Healthy,0
COMP_01011,Lot_A,8.463,8.682,9.214,9.671,Healthy,0
COMP_01012,Lot_C,10.657,11.905,21.466,38.61,Latent Defect,1
COMP_01013,Lot_C,10.189,10.556,10.906,11.216,Healthy,0
COMP_01014,Lot_A,8.44,8.77,9.246,9.695,Healthy,0
COMP_01015,Lot_C,10.931,11.228,11.55,12.066,Healthy,0
COMP_01016,Lot_C,11.271,12.484,19.911,34.01,Latent Defect,1
COMP_01017,Lot_A,8.703,8.897,9.141,9.333,Healthy,0
COMP_01018,Lot_B,12.483,12.749,13.367,13.766,Healthy,0
COMP_01019,Lot_C,9.657,9.937,10.422,10.846,Healthy,0
COMP_01020,Lot_A,8.468,8.801,9.35,9.708,Healthy,0
COMP_01021,Lot_B,12.869,13.192,13.557,13.756,Healthy,0
COMP_01022,Lot_A,7.29,8.331,18.82,35.763,Latent Defect,1
COMP_01023,Lot_C,10.184,11.285,20.054,35.49,Latent Defect,1
COMP_01024,Lot_C,9.917,10.153,10.653,11.032,Healthy,0
COMP_01025,Lot_C,9.823,9.952,10.531,10.872,Healthy,0
COMP_01026,Lot_B,13.088,13.466,14.025,14.419,Healthy,0
COMP_01027,Lot_C,9.998,10.247,10.726,11.116,Healthy,0
COMP_01028,Lot_C,11.54,11.988,12.473,12.608,Healthy,0
COMP_01029,Lot_A,7.739,8.134,8.67,9.062,Healthy,0
COMP_01030,Lot_C,9.85,10.005,10.656,10.924,Healthy,0
COMP_01031,Lot_A,9.083,9.229,9.654,10.103,Healthy,0
COMP_01032,Lot_B,12.725,12.946,13.397,13.614,Healthy,0
COMP_01033,Lot_A,7.281,7.588,7.987,8.408,Healthy,0
COMP_01034,Lot_A,9.395,9.74,9.996,10.276,Healthy,0
COMP_01035,Lot_A,8.93,9.224,9.944,10.203,Healthy,0
COMP_01036,Lot_B,14.285,14.565,14.818,15.113,Healthy,0
COMP_01037,Lot_A,8.71,8.824,9.025,9.199,Healthy,0
COMP_01038,Lot_C,10.233,10.444,10.82,11.111,Healthy,0
COMP_01039,Lot_A,7.361,7.574,7.806,8.275,Healthy,0
COMP_01040,Lot_A,9.854,9.918,10.311,10.621,Healthy,0
COMP_01041,Lot_B,12.808,13.138,13.532,13.873,Healthy,0
COMP_01042,Lot_C,12.681,12.922,13.584,13.984,Healthy,0
COMP_01043,Lot_A,8.057,8.249,8.699,8.936,Healthy,0
COMP_01044,Lot_B,12.05,12.266,12.751,13.284,Healthy,0
COMP_01045,Lot_C,9.564,9.85,10.105,10.561,Healthy,0
COMP_01046,Lot_B,11.106,11.42,11.86,12.198,Healthy,0
COMP_01047,Lot_A,8.26,8.406,8.706,9.14,Healthy,0
COMP_01048,Lot_A,8.51,8.735,9.238,9.598,Healthy,0
COMP_01049,Lot_C,9.286,9.733,10.272,10.635,Healthy,0
COMP_01050,Lot_A,8.089,8.415,8.771,9.034,Healthy,0
COMP_01051,Lot_C,11.524,11.776,12.135,12.485,Healthy,0
COMP_01052,Lot_B,13.935,14.235,14.802,15.027,Healthy,0
COMP_01053,Lot_C,10.854,11.09,11.551,12.022,Healthy,0
COMP_01054,Lot_C,10.632,10.911,11.122,11.468,Healthy,0
COMP_01055,Lot_C,9.294,9.601,10.17,10.489,Healthy,0
COMP_01056,Lot_B,12.266,12.641,13.018,13.249,Healthy,0
COMP_01057,Lot_C,9.251,10.34,18.548,38.661,Latent Defect,1
COMP_01058,Lot_B,10.582,10.762,11.206,11.577,Healthy,0
COMP_01059,Lot_B,14.861,15.235,15.493,15.652,Healthy,0
COMP_01060,Lot_B,13.027,13.224,13.531,13.882,Healthy,0
COMP_01061,Lot_C,10.208,10.391,10.766,11.039,Healthy,0
COMP_01062,Lot_C,9.63,9.923,10.244,10.53,Healthy,0
COMP_01063,Lot_C,9.641,10.839,20.753,43.859,Latent Defect,1
COMP_01064,Lot_B,13.629,13.927,14.345,14.597,Healthy,0
COMP_01065,Lot_B,12.419,13.477,23.565,37.437,Latent Defect,1
COMP_01066,Lot_C,10.533,10.774,11.312,11.59,Healthy,0
COMP_01067,Lot_A,7.779,7.996,8.395,8.825,Healthy,0
COMP_01068,Lot_A,9.137,9.54,9.93,9.946,Healthy,0
COMP_01069,Lot_B,12.55,12.818,13.354,13.734,Healthy,0
COMP_01070,Lot_A,8.103,8.49,8.816,9.139,Healthy,0
COMP_01071,Lot_A,7.636,8.84,20.723,38.371,Latent Defect,1
COMP_01072,Lot_A,8.392,8.506,8.922,9.387,Healthy,0
COMP_01073,Lot_A,8.3,8.524,9.107,9.426,Healthy,0
COMP_01074,Lot_A,9.534,9.681,10.212,10.727,Healthy,0
COMP_01075,Lot_C,10.907,11.008,11.381,11.707,Healthy,0
COMP_01076,Lot_B,14.111,14.254,14.582,14.772,Healthy,0
COMP_01077,Lot_B,12.092,12.241,12.883,13.169,Healthy,0
COMP_01078,Lot_B,13.76,14.011,14.462,14.753,Healthy,0
COMP_01079,Lot_A,9.116,9.378,9.84,10.131,Healthy,0
COMP_01080,Lot_C,9.613,9.91,10.388,10.75,Healthy,0
COMP_01081,Lot_C,9.321,9.727,10.119,10.466,Healthy,0
COMP_01082,Lot_A,8.35,8.757,9.172,9.484,Healthy,0
COMP_01083,Lot_B,13.13,13.325,13.788,14.375,Healthy,0
COMP_01084,Lot_C,10.27,10.541,10.905,11.426,Healthy,0
COMP_01085,Lot_C,11.745,12.063,12.592,12.918,Healthy,0
COMP_01086,Lot_B,13.43,13.614,13.929,14.13,Healthy,0
COMP_01087,Lot_B,13.452,14.376,23.127,40.974,Latent Defect,1
COMP_01088,Lot_A,9.296,9.5,10.084,10.527,Healthy,0
COMP_01089,Lot_C,9.036,9.376,9.792,10.092,Healthy,0
COMP_01090,Lot_A,8.277,8.526,8.926,9.192,Healthy,0
COMP_01091,Lot_C,9.324,9.585,10.016,10.418,Healthy,0
COMP_01092,Lot_B,13.058,13.314,13.835,14.327,Healthy,0
COMP_01093,Lot_B,14.605,14.962,15.517,16.075,Healthy,0
COMP_01094,Lot_B,13.482,13.758,14.477,14.554,Healthy,0
COMP_01095,Lot_A,8.329,8.679,9.247,9.853,Healthy,0
COMP_01096,Lot_A,8.586,8.802,9.212,9.593,Healthy,0
COMP_01097,Lot_A,9.797,10.178,10.621,10.997,Healthy,0
COMP_01098,Lot_A,8.011,8.22,8.796,9.306,Healthy,0
COMP_01099,Lot_C,9.372,9.642,10.063,10.499,Healthy,0
COMP_01100,Lot_B,12.573,12.669,13.239,13.559,Healthy,0
COMP_01101,Lot_A,8.34,8.625,9.118,9.513,Healthy,0
COMP_01102,Lot_C,8.533,8.828,9.049,9.476,Healthy,0
COMP_01103,Lot_C,11.007,11.147,11.636,12.092,Healthy,0
COMP_01104,Lot_C,9.596,9.9,10.016,10.475,Healthy,0
COMP_01105,Lot_C,10.027,10.256,10.824,11.347,Healthy,0
COMP_01106,Lot_A,8.889,9.267,9.531,9.947,Healthy,0
COMP_01107,Lot_B,12.855,13.042,13.26,13.671,Healthy,0
COMP_01108,Lot_C,10.788,11.145,11.736,12.009,Healthy,0
COMP_01109,Lot_B,14.42,14.781,15.2,15.553,Healthy,0
COMP_01110,Lot_A,7.753,8.121,8.39,8.793,Healthy,0
COMP_01111,Lot_C,9.463,9.624,9.849,10.178,Healthy,0
COMP_01112,Lot_A,7.488,7.743,8.405,8.775,Healthy,0
COMP_01113,Lot_A,10.098,11.101,18.68,34.112,Latent Defect,1
COMP_01114,Lot_B,12.928,36.097,62.787,127.744,Gross Failure,1
COMP_01115,Lot_B,12.23,12.462,12.761,13.199,Healthy,0
COMP_01116,Lot_B,12.952,13.289,13.76,13.917,Healthy,0
COMP_01117,Lot_A,9.377,9.466,9.692,9.95,Healthy,0
COMP_01118,Lot_C,9.187,9.548,9.978,10.452,Healthy,0
COMP_01119,Lot_A,8.046,8.321,8.828,9.248,Healthy,0
COMP_01120,Lot_A,8.128,8.348,8.762,8.947,Healthy,0
COMP_01121,Lot_C,9.924,11.048,21.418,39.646,Latent Defect,1
COMP_01122,Lot_C,11.203,12.417,21.073,39.218,Latent Defect,1
COMP_01123,Lot_C,10.652,10.76,11.124,11.405,Healthy,0
COMP_01124,Lot_C,10.37,10.662,11.124,11.226,Healthy,0
COMP_01125,Lot_B,11.183,11.414,11.804,12.154,Healthy,0
COMP_01126,Lot_B,12.484,12.856,13.031,13.411,Healthy,0
COMP_01127,Lot_A,9.162,9.469,10.013,10.456,Healthy,0
COMP_01128,Lot_B,12.336,12.498,12.703,13.017,Healthy,0
COMP_01129,Lot_B,12.145,12.488,12.903,13.15,Healthy,0
COMP_01130,Lot_A,7.549,7.958,8.406,8.677,Healthy,0
COMP_01131,Lot_C,10.112,10.513,10.917,11.335,Healthy,0
COMP_01132,Lot_B,14.305,14.404,14.777,15.233,Healthy,0
COMP_01133,Lot_A,7.941,8.224,8.583,8.888,Healthy,0
COMP_01134,Lot_A,8.046,8.347,8.821,9.181,Healthy,0
COMP_01135,Lot_B,15.758,16.147,16.36,16.665,Healthy,0
COMP_01136,Lot_A,10.441,10.645,11.346,11.653,Healthy,0
COMP_01137,Lot_C,9.789,10.108,10.548,10.947,Healthy,0
COMP_01138,Lot_B,14.732,15.043,15.51,16.027,Healthy,0
COMP_01139,Lot_B,13.964,14.156,14.843,15.258,Healthy,0
COMP_01140,Lot_B,12.765,12.853,13.138,13.658,Healthy,0
COMP_01141,Lot_C,11.566,11.823,12.06,12.301,Healthy,0
COMP_01142,Lot_A,7.201,7.318,8.011,8.567,Healthy,0
COMP_01143,Lot_B,11.767,12.016,12.312,12.661,Healthy,0
COMP_01144,Lot_B,14.803,15.14,15.687,16.017,Healthy,0
COMP_01145,Lot_A,9.51,9.811,10.31,10.648,Healthy,0
COMP_01146,Lot_C,10.287,10.56,10.945,11.217,Healthy,0
COMP_01147,Lot_C,9.103,9.278,9.706,10.02,Healthy,0
COMP_01148,Lot_B,12.317,12.512,12.997,13.484,Healthy,0
COMP_01149,Lot_C,9.99,10.234,10.572,10.9,Healthy,0
COMP_01150,Lot_C,11.071,11.404,11.97,12.414,Healthy,0
COMP_01151,Lot_C,10.393,10.675,11.155,11.463,Healthy,0
COMP_01152,Lot_C,10.075,10.343,10.869,11.229,Healthy,0
COMP_01153,Lot_B,15.316,15.469,16.009,16.355,Healthy,0
COMP_01154,Lot_B,13.002,13.187,13.76,14.175,Healthy,0
COMP_01155,Lot_B,13.917,14.181,14.592,14.935,Healthy,0
COMP_01156,Lot_C,10.39,10.48,11.034,11.627,Healthy,0
COMP_01157,Lot_A,8.884,9.112,9.542,9.963,Healthy,0
COMP_01158,Lot_C,9.768,11.141,20.38,42.666,Latent Defect,1
COMP_01159,Lot_C,11.518,11.742,12.182,12.53,Healthy,0
COMP_01160,Lot_A,8.493,8.667,8.987,9.462,Healthy,0
COMP_01161,Lot_C,10.981,11.317,11.758,12.297,Healthy,0
COMP_01162,Lot_A,8.482,8.801,9.084,9.411,Healthy,0
COMP_01163,Lot_A,8.375,8.62,8.911,9.331,Healthy,0
COMP_01164,Lot_C,10.926,11.116,11.429,11.702,Healthy,0
COMP_01165,Lot_A,8.896,9.099,9.533,9.775,Healthy,0
COMP_01166,Lot_C,11.781,12.037,12.625,13.024,Healthy,0
COMP_01167,Lot_C,9.962,10.205,10.568,10.873,Healthy,0
COMP_01168,Lot_B,11.891,12.052,12.752,13.13,Healthy,0
COMP_01169,Lot_A,9.673,9.859,10.159,10.411,Healthy,0
COMP_01170,Lot_A,8.162,8.415,8.847,9.12,Healthy,0
COMP_01171,Lot_B,13.096,13.361,13.895,14.392,Healthy,0
COMP_01172,Lot_C,9.672,10.02,10.478,10.675,Healthy,0
COMP_01173,Lot_B,14.962,15.393,15.918,16.277,Healthy,0
COMP_01174,Lot_A,8.283,8.496,9.091,9.439,Healthy,0
COMP_01175,Lot_B,14.841,15.094,15.495,15.785,Healthy,0
COMP_01176,Lot_B,12.182,12.473,12.768,13.036,Healthy,0
COMP_01177,Lot_C,11.192,11.366,11.919,12.063,Healthy,0
COMP_01178,Lot_A,9.66,20.849,51.467,116.91,Gross Failure,1
COMP_01179,Lot_C,10.243,10.565,10.862,11.183,Healthy,0
COMP_01180,Lot_B,12.321,12.482,13.004,13.448,Healthy,0
COMP_01181,Lot_C,9.697,10.069,10.424,10.924,Healthy,0
COMP_01182,Lot_A,8.95,9.905,22.377,39.266,Latent Defect,1
COMP_01183,Lot_B,14.326,14.587,15.082,15.522,Healthy,0
COMP_01184,Lot_C,10.761,10.984,11.498,11.893,Healthy,0
COMP_01185,Lot_A,8.671,8.905,9.38,9.927,Healthy,0
COMP_01186,Lot_C,9.734,10.081,10.457,10.719,Healthy,0
COMP_01187,Lot_B,16.604,16.897,17.415,17.825,Healthy,0
COMP_01188,Lot_A,9.626,9.908,10.456,10.701,Healthy,0
COMP_01189,Lot_A,9.287,10.44,20.947,34.66,Latent Defect,1
COMP_01190,Lot_C,10.567,11.319,20.405,34.141,Latent Defect,1
COMP_01191,Lot_A,9.006,9.262,9.619,10.113,Healthy,0
COMP_01192,Lot_B,12.014,12.021,12.533,12.706,Healthy,0
COMP_01193,Lot_A,7.808,8.017,8.296,8.596,Healthy,0
COMP_01194,Lot_B,11.454,11.717,12.02,12.373,Healthy,0
COMP_01195,Lot_A,9.43,9.742,10.182,10.434,Healthy,0
COMP_01196,Lot_C,10.143,10.338,10.812,10.99,Healthy,0
COMP_01197,Lot_C,10.727,10.979,11.694,12.175,Healthy,0
COMP_01198,Lot_C,10.51,10.75,11.112,11.556,Healthy,0
COMP_01199,Lot_C,9.793,10.137,10.635,11.026,Healthy,0
COMP_01200,Lot_A,8.976,9.152,9.479,9.724,Healthy,0
COMP_01201,Lot_C,10.943,11.117,11.469,11.872,Healthy,0
COMP_01202,Lot_A,8.298,9.422,18.223,30.408,Latent Defect,1
COMP_01203,Lot_A,7.726,8.071,8.456,8.616,Healthy,0
COMP_01204,Lot_A,7.694,7.972,8.463,8.784,Healthy,0
COMP_01205,Lot_B,12.242,12.38,12.874,13.308,Healthy,0
COMP_01206,Lot_C,11.16,11.321,11.935,12.279,Healthy,0
COMP_01207,Lot_B,13.029,13.351,13.736,13.869,Healthy,0
COMP_01208,Lot_B,13.775,14.053,14.46,14.872,Healthy,0
COMP_01209,Lot_A,9.162,9.291,9.743,9.866,Healthy,0
COMP_01210,Lot_C,9.889,10.109,10.618,10.861,Healthy,0
COMP_01211,Lot_B,12.536,12.529,13.046,13.387,Healthy,0
COMP_01212,Lot_B,13.096,13.226,13.724,14.24,Healthy,0
COMP_01213,Lot_A,8.352,8.654,9.0,9.342,Healthy,0
COMP_01214,Lot_C,8.622,8.935,9.404,9.632,Healthy,0
COMP_01215,Lot_B,12.118,12.373,12.934,13.432,Healthy,0
COMP_01216,Lot_A,8.393,9.32,19.177,41.64,Latent Defect,1
COMP_01217,Lot_A,7.202,7.375,7.899,8.264,Healthy,0
COMP_01218,Lot_B,12.4,12.668,13.235,13.576,Healthy,0
COMP_01219,Lot_B,12.795,13.093,13.51,13.974,Healthy,0
COMP_01220,Lot_A,10.121,10.3,10.6,10.987,Healthy,0
COMP_01221,Lot_C,8.843,8.989,9.193,9.505,Healthy,0
COMP_01222,Lot_A,8.474,8.682,9.299,9.781,Healthy,0
COMP_01223,Lot_B,15.122,15.375,15.968,16.348,Healthy,0
COMP_01224,Lot_C,10.188,10.4,10.579,10.992,Healthy,0
COMP_01225,Lot_B,14.27,14.398,14.846,15.296,Healthy,0
COMP_01226,Lot_B,12.605,12.95,13.383,13.681,Healthy,0
COMP_01227,Lot_B,14.375,15.389,23.801,39.562,Latent Defect,1
COMP_01228,Lot_A,7.586,7.848,8.237,8.635,Healthy,0
COMP_01229,Lot_C,8.439,8.599,9.055,9.552,Healthy,0
COMP_01230,Lot_B,13.416,13.619,13.89,14.176,Healthy,0
COMP_01231,Lot_C,9.962,10.023,10.328,10.604,Healthy,0
COMP_01232,Lot_A,8.294,23.131,55.077,119.124,Gross Failure,1
COMP_01233,Lot_A,8.6,8.82,9.347,9.754,Healthy,0
COMP_01234,Lot_A,7.337,8.531,19.366,40.01,Latent Defect,1
COMP_01235,Lot_B,13.408,13.639,14.14,14.571,Healthy,0
COMP_01236,Lot_B,13.127,13.396,13.816,14.032,Healthy,0
COMP_01237,Lot_C,9.843,10.039,10.408,10.901,Healthy,0
COMP_01238,Lot_B,14.047,14.161,14.481,14.795,Healthy,0
COMP_01239,Lot_C,9.423,10.687,18.322,38.718,Latent Defect,1
COMP_01240,Lot_A,8.465,8.688,9.136,9.444,Healthy,0
COMP_01241,Lot_C,8.172,8.423,8.835,9.089,Healthy,0
COMP_01242,Lot_C,10.988,11.291,12.034,12.467,Healthy,0
COMP_01243,Lot_C,9.421,9.598,9.989,10.272,Healthy,0
COMP_01244,Lot_C,10.098,10.225,10.752,11.112,Healthy,0
COMP_01245,Lot_C,10.479,10.638,11.117,11.597,Healthy,0
COMP_01246,Lot_B,12.053,12.232,12.768,13.021,Healthy,0
COMP_01247,Lot_A,8.313,8.681,9.027,9.531,Healthy,0
COMP_01248,Lot_A,8.231,8.392,8.914,9.275,Healthy,0
COMP_01249,Lot_C,10.012,10.2,10.662,10.806,Healthy,0
COMP_01250,Lot_B,13.241,13.594,13.833,14.142,Healthy,0
COMP_01251,Lot_C,9.213,9.342,9.546,9.778,Healthy,0
COMP_01252,Lot_B,12.733,31.181,58.567,120.922,Gross Failure,1
COMP_01253,Lot_A,8.676,9.059,9.578,9.991,Healthy,0
COMP_01254,Lot_A,9.059,21.287,53.423,122.358,Gross Failure,1
COMP_01255,Lot_B,10.744,10.94,11.23,11.603,Healthy,0
COMP_01256,Lot_B,12.536,13.861,23.198,37.333,Latent Defect,1
COMP_01257,Lot_A,7.3,7.55,7.907,8.204,Healthy,0
COMP_01258,Lot_B,14.032,14.343,15.009,15.327,Healthy,0
COMP_01259,Lot_A,7.987,8.271,8.653,8.95,Healthy,0
COMP_01260,Lot_B,12.778,13.16,13.694,14.125,Healthy,0
COMP_01261,Lot_A,9.786,11.167,18.97,39.188,Latent Defect,1
COMP_01262,Lot_C,10.913,11.215,11.642,12.046,Healthy,0
COMP_01263,Lot_A,8.484,8.656,9.018,9.438,Healthy,0
COMP_01264,Lot_B,12.004,12.189,12.729,13.092,Healthy,0
COMP_01265,Lot_A,8.962,9.113,9.629,9.913,Healthy,0
COMP_01266,Lot_A,7.686,7.896,8.51,8.823,Healthy,0
COMP_01267,Lot_B,15.422,24.235,51.504,122.097,Gross Failure,1
COMP_01268,Lot_B,14.733,14.914,15.372,15.794,Healthy,0
COMP_01269,Lot_B,12.748,13.01,13.461,13.663,Healthy,0
COMP_01270,Lot_A,8.224,23.261,58.777,104.933,Gross Failure,1
COMP_01271,Lot_B,13.829,14.089,14.413,14.943,Healthy,0
COMP_01272,Lot_C,9.688,9.916,10.443,10.981,Healthy,0
COMP_01273,Lot_C,10.613,10.929,11.259,11.618,Healthy,0
COMP_01274,Lot_A,8.074,8.381,8.926,9.439,Healthy,0
COMP_01275,Lot_B,10.626,10.825,11.431,11.641,Healthy,0
COMP_01276,Lot_A,9.145,9.485,9.932,10.14,Healthy,0
COMP_01277,Lot_A,8.403,8.769,9.404,9.775,Healthy,0
COMP_01278,Lot_C,9.12,9.51,10.058,10.317,Healthy,0
COMP_01279,Lot_A,8.774,9.048,9.421,9.806,Healthy,0
COMP_01280,Lot_B,14.217,14.443,15.038,15.213,Healthy,0
COMP_01281,Lot_B,15.44,15.695,16.273,16.645,Healthy,0
COMP_01282,Lot_C,9.259,9.506,9.727,10.146,Healthy,0
COMP_01283,Lot_B,13.213,13.448,13.988,14.342,Healthy,0
COMP_01284,Lot_A,8.985,9.312,9.697,9.963,Healthy,0
COMP_01285,Lot_A,7.122,7.382,7.886,8.104,Healthy,0
COMP_01286,Lot_B,14.562,14.747,14.944,15.444,Healthy,0
COMP_01287,Lot_A,6.922,7.249,7.785,8.167,Healthy,0
COMP_01288,Lot_B,12.425,12.715,13.291,13.542,Healthy,0
COMP_01289,Lot_A,9.281,9.606,10.091,10.387,Healthy,0
COMP_01290,Lot_A,9.248,10.55,18.526,35.608,Latent Defect,1
COMP_01291,Lot_B,13.901,14.16,14.74,15.056,Healthy,0
COMP_01292,Lot_A,7.7,8.126,8.374,8.674,Healthy,0
COMP_01293,Lot_B,13.308,13.637,14.164,14.745,Healthy,0
COMP_01294,Lot_B,12.871,13.051,13.474,13.792,Healthy,0
COMP_01295,Lot_C,9.939,10.11,10.654,11.041,Healthy,0
COMP_01296,Lot_A,7.489,8.883,17.165,32.208,Latent Defect,1
COMP_01297,Lot_A,8.57,8.679,9.2,9.266,Healthy,0
COMP_01298,Lot_A,7.677,8.053,8.42,8.719,Healthy,0
COMP_01299,Lot_B,14.401,14.588,15.129,15.597,Healthy,0
COMP_01300,Lot_C,10.431,10.565,10.943,11.564,Healthy,0
COMP_01301,Lot_A,8.108,8.596,9.252,9.653,Healthy,0
COMP_01302,Lot_C,10.268,10.48,10.92,11.201,Healthy,0
COMP_01303,Lot_A,8.449,8.59,8.87,9.35,Healthy,0
COMP_01304,Lot_B,11.226,12.604,19.262,38.836,Latent Defect,1
COMP_01305,Lot_C,9.813,10.169,10.579,10.728,Healthy,0
COMP_01306,Lot_C,9.831,10.094,10.528,10.935,Healthy,0
COMP_01307,Lot_C,9.492,9.641,9.971,10.269,Healthy,0
COMP_01308,Lot_C,9.528,9.971,10.571,10.99,Healthy,0
COMP_01309,Lot_A,8.857,9.131,9.617,9.984,Healthy,0
COMP_01310,Lot_C,10.036,10.119,10.524,10.85,Healthy,0
COMP_01311,Lot_A,7.901,8.106,8.592,9.019,Healthy,0
COMP_01312,Lot_C,10.269,10.579,11.12,11.44,Healthy,0
COMP_01313,Lot_B,13.578,13.688,14.092,14.392,Healthy,0
COMP_01314,Lot_C,11.378,11.655,11.945,12.354,Healthy,0
COMP_01315,Lot_B,14.001,14.244,14.776,14.877,Healthy,0
COMP_01316,Lot_B,10.031,10.186,10.654,11.158,Healthy,0
COMP_01317,Lot_B,11.761,12.79,22.423,39.192,Latent Defect,1
COMP_01318,Lot_C,9.506,9.722,10.33,10.791,Healthy,0
COMP_01319,Lot_A,8.519,8.901,9.412,9.878,Healthy,0
COMP_01320,Lot_A,7.812,8.009,8.38,8.721,Healthy,0
COMP_01321,Lot_A,8.548,8.824,9.511,9.933,Healthy,0
COMP_01322,Lot_A,8.088,8.338,8.968,9.397,Healthy,0
COMP_01323,Lot_C,11.343,11.554,11.919,12.199,Healthy,0
COMP_01324,Lot_A,8.178,8.343,8.829,9.21,Healthy,0
COMP_01325,Lot_C,11.205,11.314,11.651,12.081,Healthy,0
COMP_01326,Lot_A,8.647,8.9,9.502,9.751,Healthy,0
COMP_01327,Lot_A,7.917,8.099,8.308,8.671,Healthy,0
COMP_01328,Lot_C,9.529,10.583,18.713,36.668,Latent Defect,1
COMP_01329,Lot_B,12.122,12.389,12.894,13.215,Healthy,0
COMP_01330,Lot_B,12.601,12.866,13.313,13.796,Healthy,0
COMP_01331,Lot_B,13.35,14.769,25.185,39.889,Latent Defect,1
COMP_01332,Lot_C,9.498,9.744,10.298,10.841,Healthy,0
COMP_01333,Lot_A,8.113,8.367,8.913,9.257,Healthy,0
COMP_01334,Lot_C,11.48,11.622,12.153,12.57,Healthy,0
COMP_01335,Lot_C,11.037,11.292,11.849,12.174,Healthy,0
COMP_01336,Lot_B,12.118,12.293,12.57,12.876,Healthy,0
COMP_01337,Lot_A,8.749,8.983,9.456,9.93,Healthy,0
COMP_01338,Lot_B,12.431,12.868,13.409,13.739,Healthy,0
COMP_01339,Lot_A,8.324,8.494,8.941,9.074,Healthy,0
COMP_01340,Lot_A,9.505,9.529,9.984,10.22,Healthy,0
COMP_01341,Lot_A,7.939,8.143,8.824,9.064,Healthy,0
COMP_01342,Lot_B,14.006,14.349,14.518,14.806,Healthy,0
COMP_01343,Lot_C,11.336,11.481,12.075,12.423,Healthy,0
COMP_01344,Lot_C,9.945,10.201,10.692,10.946,Healthy,0
COMP_01345,Lot_C,9.766,10.045,10.516,10.901,Healthy,0
COMP_01346,Lot_B,12.209,12.51,12.975,13.167,Healthy,0
COMP_01347,Lot_A,8.075,8.253,8.594,8.897,Healthy,0
COMP_01348,Lot_B,13.675,13.875,14.352,14.708,Healthy,0
COMP_01349,Lot_C,9.299,9.521,10.075,10.44,Healthy,0
COMP_01350,Lot_A,8.939,9.291,9.793,9.951,Healthy,0
COMP_01351,Lot_C,10.244,10.444,11.111,11.501,Healthy,0
COMP_01352,Lot_B,12.343,12.638,13.099,13.277,Healthy,0
COMP_01353,Lot_B,13.949,14.167,14.787,15.125,Healthy,0
COMP_01354,Lot_C,11.295,11.579,12.146,12.447,Healthy,0
COMP_01355,Lot_B,13.388,13.5,13.935,14.137,Healthy,0
COMP_01356,Lot_C,8.971,9.15,9.679,10.015,Healthy,0
COMP_01357,Lot_C,10.028,10.264,10.844,11.194,Healthy,0
COMP_01358,Lot_B,13.274,13.478,14.066,14.538,Healthy,0
COMP_01359,Lot_A,8.47,8.674,8.93,9.193,Healthy,0
COMP_01360,Lot_B,10.616,10.793,11.286,11.631,Healthy,0
COMP_01361,Lot_C,12.091,12.311,12.707,13.164,Healthy,0
COMP_01362,Lot_A,6.958,7.09,7.62,7.95,Healthy,0
COMP_01363,Lot_B,12.81,12.985,13.464,13.733,Healthy,0
COMP_01364,Lot_B,13.08,13.237,13.665,14.218,Healthy,0
COMP_01365,Lot_C,9.618,9.857,10.283,10.65,Healthy,0
COMP_01366,Lot_A,8.875,9.145,9.629,9.961,Healthy,0
COMP_01367,Lot_C,10.09,10.323,10.556,11.169,Healthy,0
COMP_01368,Lot_C,10.655,10.827,11.305,11.52,Healthy,0
COMP_01369,Lot_A,8.105,8.236,8.68,8.872,Healthy,0
COMP_01370,Lot_A,8.811,9.115,9.466,9.832,Healthy,0
COMP_01371,Lot_C,9.208,9.499,9.866,10.295,Healthy,0
COMP_01372,Lot_A,7.051,7.22,7.537,7.908,Healthy,0
COMP_01373,Lot_C,10.5,10.772,11.161,11.231,Healthy,0
COMP_01374,Lot_B,13.043,13.356,14.127,14.435,Healthy,0
COMP_01375,Lot_A,7.968,8.243,8.663,9.14,Healthy,0
COMP_01376,Lot_C,9.273,9.503,10.058,10.439,Healthy,0
COMP_01377,Lot_B,14.277,14.492,15.094,15.278,Healthy,0
COMP_01378,Lot_B,11.214,30.051,65.088,132.454,Gross Failure,1
COMP_01379,Lot_B,13.109,13.359,13.649,13.997,Healthy,0
COMP_01380,Lot_B,14.498,14.752,15.284,15.7,Healthy,0
COMP_01381,Lot_A,7.69,8.008,8.421,8.745,Healthy,0
COMP_01382,Lot_B,15.307,15.605,15.979,16.335,Healthy,0
COMP_01383,Lot_C,10.033,10.418,10.873,11.443,Healthy,0
COMP_01384,Lot_A,7.463,7.71,8.068,8.369,Healthy,0
COMP_01385,Lot_B,12.48,12.673,13.33,13.823,Healthy,0
COMP_01386,Lot_A,8.822,9.034,9.402,9.826,Healthy,0
COMP_01387,Lot_C,10.27,10.509,11.023,11.463,Healthy,0
COMP_01388,Lot_A,8.377,9.419,16.938,35.564,Latent Defect,1
COMP_01389,Lot_C,11.951,12.112,12.694,12.976,Healthy,0
COMP_01390,Lot_B,12.479,30.223,63.947,125.933,Gross Failure,1
COMP_01391,Lot_A,8.683,8.879,9.437,9.781,Healthy,0
COMP_01392,Lot_A,7.389,7.568,7.644,7.999,Healthy,0
COMP_01393,Lot_A,9.543,9.709,10.23,10.623,Healthy,0
COMP_01394,Lot_B,12.173,12.546,12.963,13.514,Healthy,0
COMP_01395,Lot_A,7.191,7.42,7.852,8.198,Healthy,0
COMP_01396,Lot_C,10.645,11.167,11.671,12.024,Healthy,0
COMP_01397,Lot_B,11.794,11.893,12.483,12.779,Healthy,0
COMP_01398,Lot_A,10.583,10.903,11.394,11.783,Healthy,0
COMP_01399,Lot_B,13.444,13.639,13.879,14.174,Healthy,0
COMP_01400,Lot_C,9.983,10.182,10.477,10.753,Healthy,0
COMP_01401,Lot_A,9.329,9.638,10.109,10.518,Healthy,0
COMP_01402,Lot_A,7.594,7.781,8.268,8.518,Healthy,0
COMP_01403,Lot_A,8.587,8.736,8.988,9.411,Healthy,0
COMP_01404,Lot_C,10.924,11.124,11.391,11.521,Healthy,0
COMP_01405,Lot_B,15.026,15.285,15.662,15.976,Healthy,0
COMP_01406,Lot_B,10.895,12.219,24.719,40.763,Latent Defect,1
COMP_01407,Lot_C,12.145,12.386,13.036,13.417,Healthy,0
COMP_01408,Lot_C,10.276,10.673,11.217,11.604,Healthy,0
COMP_01409,Lot_B,10.865,21.343,58.636,130.378,Gross Failure,1
COMP_01410,Lot_C,10.116,11.197,17.939,33.98,Latent Defect,1
COMP_01411,Lot_A,8.605,8.786,9.121,9.465,Healthy,0
COMP_01412,Lot_A,9.659,9.964,10.448,10.817,Healthy,0
COMP_01413,Lot_A,8.941,9.182,9.583,10.007,Healthy,0
COMP_01414,Lot_A,8.32,8.475,9.098,9.261,Healthy,0
COMP_01415,Lot_B,14.67,14.961,15.294,15.647,Healthy,0
COMP_01416,Lot_C,9.614,9.929,10.473,10.869,Healthy,0
COMP_01417,Lot_A,9.097,9.338,9.999,10.472,Healthy,0
COMP_01418,Lot_A,8.118,8.433,8.97,9.294,Healthy,0
COMP_01419,Lot_B,12.628,12.975,13.423,13.799,Healthy,0
COMP_01420,Lot_C,11.261,11.714,12.1,12.428,Healthy,0
COMP_01421,Lot_A,8.559,8.817,9.312,9.613,Healthy,0
COMP_01422,Lot_B,11.607,11.997,12.521,12.829,Healthy,0
COMP_01423,Lot_A,8.85,9.246,9.602,9.973,Healthy,0
COMP_01424,Lot_A,7.388,7.629,8.153,8.391,Healthy,0
COMP_01425,Lot_C,9.832,10.146,10.666,10.9,Healthy,0
COMP_01426,Lot_C,10.336,10.631,11.094,11.553,Healthy,0
COMP_01427,Lot_A,8.028,8.311,8.622,8.812,Healthy,0
COMP_01428,Lot_C,10.703,11.907,20.712,36.049,Latent Defect,1
COMP_01429,Lot_B,13.91,14.808,25.798,44.925,Latent Defect,1
COMP_01430,Lot_C,8.688,8.948,9.717,10.185,Healthy,0
COMP_01431,Lot_B,12.089,12.397,12.677,12.889,Healthy,0
COMP_01432,Lot_B,12.926,13.22,13.767,14.2,Healthy,0
COMP_01433,Lot_B,13.544,13.665,14.108,14.555,Healthy,0
COMP_01434,Lot_B,13.488,13.752,14.242,14.623,Healthy,0
COMP_01435,Lot_A,6.928,7.27,7.707,8.128,Healthy,0
COMP_01436,Lot_A,6.655,7.038,7.35,7.954,Healthy,0
COMP_01437,Lot_A,10.195,10.339,10.887,11.136,Healthy,0
COMP_01438,Lot_C,9.425,9.625,10.129,10.511,Healthy,0
COMP_01439,Lot_A,7.539,7.824,8.249,8.417,Healthy,0
COMP_01440,Lot_B,12.523,12.905,13.307,13.474,Healthy,0
COMP_01441,Lot_C,10.733,10.909,11.385,11.717,Healthy,0
COMP_01442,Lot_A,9.909,10.146,10.458,10.761,Healthy,0
COMP_01443,Lot_B,11.648,11.882,12.544,13.019,Healthy,0
COMP_01444,Lot_B,15.245,15.534,16.001,16.251,Healthy,0
COMP_01445,Lot_C,10.243,10.482,11.026,11.263,Healthy,0
COMP_01446,Lot_A,8.542,8.666,9.157,9.574,Healthy,0
COMP_01447,Lot_B,11.216,11.359,11.654,11.986,Healthy,0
COMP_01448,Lot_C,8.742,9.103,9.605,10.015,Healthy,0
COMP_01449,Lot_C,8.57,8.923,9.451,9.733,Healthy,0
COMP_01450,Lot_B,11.304,11.548,11.942,12.25,Healthy,0
COMP_01451,Lot_B,12.224,12.532,12.67,13.163,Healthy,0
COMP_01452,Lot_B,14.098,14.365,14.797,15.256,Healthy,0
COMP_01453,Lot_C,9.962,11.106,22.314,45.548,Latent Defect,1
COMP_01454,Lot_B,11.932,12.216,12.536,12.936,Healthy,0
COMP_01455,Lot_A,7.877,8.224,8.662,9.017,Healthy,0
COMP_01456,Lot_C,11.468,24.269,62.693,117.626,Gross Failure,1
COMP_01457,Lot_B,14.316,14.709,15.127,15.258,Healthy,0
COMP_01458,Lot_B,12.243,12.688,13.067,13.594,Healthy,0
COMP_01459,Lot_A,8.015,8.214,8.758,9.174,Healthy,0
COMP_01460,Lot_B,13.937,14.188,14.762,15.208,Healthy,0
COMP_01461,Lot_B,14.264,14.464,15.038,15.336,Healthy,0
COMP_01462,Lot_B,12.827,13.063,13.393,13.57,Healthy,0
COMP_01463,Lot_A,9.479,9.673,10.09,10.367,Healthy,0
COMP_01464,Lot_B,12.718,12.927,13.531,13.822,Healthy,0
COMP_01465,Lot_C,11.543,11.884,12.277,12.659,Healthy,0
COMP_01466,Lot_A,8.915,9.233,9.796,10.164,Healthy,0
COMP_01467,Lot_C,9.141,9.442,9.864,9.935,Healthy,0
COMP_01468,Lot_B,13.429,13.621,14.016,14.366,Healthy,0
COMP_01469,Lot_C,8.602,8.863,9.275,9.537,Healthy,0
COMP_01470,Lot_C,10.042,10.156,10.615,11.013,Healthy,0
COMP_01471,Lot_B,13.336,13.649,14.239,14.581,Healthy,0
COMP_01472,Lot_C,10.986,11.229,11.595,11.906,Healthy,0
COMP_01473,Lot_C,10.24,10.577,11.027,11.31,Healthy,0
COMP_01474,Lot_B,14.589,15.502,24.001,44.233,Latent Defect,1
COMP_01475,Lot_A,9.913,11.209,21.084,38.357,Latent Defect,1
COMP_01476,Lot_B,13.603,13.863,14.223,14.542,Healthy,0
COMP_01477,Lot_C,9.219,9.47,9.94,10.453,Healthy,0
COMP_01478,Lot_C,9.462,9.698,10.299,10.829,Healthy,0
COMP_01479,Lot_C,10.427,10.657,11.05,11.216,Healthy,0
COMP_01480,Lot_B,11.979,12.238,12.666,13.078,Healthy,0
COMP_01481,Lot_C,9.824,10.016,10.507,11.108,Healthy,0
COMP_01482,Lot_A,8.246,8.507,9.059,9.352,Healthy,0
COMP_01483,Lot_B,14.4,14.524,14.925,15.244,Healthy,0
COMP_01484,Lot_A,8.621,8.713,9.326,9.717,Healthy,0
COMP_01485,Lot_A,9.398,9.777,10.138,10.239,Healthy,0
COMP_01486,Lot_B,14.261,14.488,14.802,15.21,Healthy,0
COMP_01487,Lot_B,15.71,15.951,16.515,16.767,Healthy,0
COMP_01488,Lot_B,11.145,11.468,11.983,12.287,Healthy,0
COMP_01489,Lot_B,14.877,14.986,15.288,15.584,Healthy,0
COMP_01490,Lot_B,12.608,12.975,13.431,13.762,Healthy,0
COMP_01491,Lot_A,7.484,7.821,8.135,8.357,Healthy,0
COMP_01492,Lot_B,12.56,12.823,13.186,13.607,Healthy,0
COMP_01493,Lot_A,8.274,8.608,9.118,9.648,Healthy,0
COMP_01494,Lot_A,8.146,8.464,8.699,9.338,Healthy,0
COMP_01495,Lot_B,13.873,14.1,14.519,14.844,Healthy,0
COMP_01496,Lot_B,15.024,15.346,15.743,15.969,Healthy,0
COMP_01497,Lot_B,14.316,14.633,15.168,15.509,Healthy,0
COMP_01498,Lot_B,12.67,13.055,13.719,14.133,Healthy,0
COMP_01499,Lot_B,14.067,14.336,14.621,14.873,Healthy,0
COMP_01500,Lot_C,11.032,11.383,11.96,12.345,Healthy,0
COMP_01501,Lot_B,14.2,14.446,14.97,15.3,Healthy,0
COMP_01502,Lot_B,11.838,12.157,12.76,13.357,Healthy,0
COMP_01503,Lot_A,8.711,8.877,9.288,9.624,Healthy,0
COMP_01504,Lot_A,8.619,8.906,9.4,9.828,Healthy,0
COMP_01505,Lot_B,13.217,13.289,13.766,14.125,Healthy,0
COMP_01506,Lot_B,13.605,13.826,14.303,14.709,Healthy,0
COMP_01507,Lot_B,12.824,13.128,13.586,13.952,Healthy,0
COMP_01508,Lot_B,9.785,9.944,10.257,10.628,Healthy,0
COMP_01509,Lot_B,14.399,14.639,15.191,15.606,Healthy,0
COMP_01510,Lot_C,10.126,10.422,10.901,11.237,Healthy,0
COMP_01511,Lot_C,10.352,11.841,22.05,40.595,Latent Defect,1
COMP_01512,Lot_C,9.21,9.574,9.855,10.034,Healthy,0
COMP_01513,Lot_C,10.334,10.514,11.095,11.276,Healthy,0
COMP_01514,Lot_A,9.269,9.585,10.049,10.189,Healthy,0
COMP_01515,Lot_A,7.121,7.391,7.813,8.235,Healthy,0
COMP_01516,Lot_A,8.445,8.683,8.842,9.274,Healthy,0
COMP_01517,Lot_B,12.286,12.504,12.826,13.022,Healthy,0
COMP_01518,Lot_C,11.325,11.639,12.186,12.514,Healthy,0
COMP_01519,Lot_A,7.11,7.528,8.029,8.392,Healthy,0
COMP_01520,Lot_C,9.677,9.763,10.35,10.594,Healthy,0
COMP_01521,Lot_A,8.937,9.249,9.739,10.136,Healthy,0
COMP_01522,Lot_C,11.212,11.398,11.868,12.195,Healthy,0
COMP_01523,Lot_B,10.976,11.249,11.85,12.337,Healthy,0
COMP_01524,Lot_A,9.986,10.094,10.74,11.108,Healthy,0
COMP_01525,Lot_B,14.761,14.979,15.365,15.594,Healthy,0
COMP_01526,Lot_A,9.121,9.412,9.728,9.861,Healthy,0
COMP_01527,Lot_A,8.832,9.125,9.456,9.687,Healthy,0
COMP_01528,Lot_A,9.025,9.423,9.814,10.076,Healthy,0
COMP_01529,Lot_C,10.269,11.596,20.55,43.612,Latent Defect,1
COMP_01530,Lot_B,13.992,14.211,14.47,14.952,Healthy,0
COMP_01531,Lot_A,9.454,9.679,10.171,10.506,Healthy,0
COMP_01532,Lot_B,13.573,13.741,14.051,14.482,Healthy,0
COMP_01533,Lot_C,10.844,11.946,20.322,41.191,Latent Defect,1
COMP_01534,Lot_A,7.928,9.139,18.532,32.864,Latent Defect,1
COMP_01535,Lot_B,13.211,13.469,13.962,14.328,Healthy,0
COMP_01536,Lot_A,10.209,10.551,11.006,11.369,Healthy,0
COMP_01537,Lot_A,9.911,10.23,10.532,10.977,Healthy,0
COMP_01538,Lot_B,14.367,14.746,15.148,15.451,Healthy,0
COMP_01539,Lot_A,7.747,8.021,8.559,8.858,Healthy,0
COMP_01540,Lot_B,12.844,12.93,13.561,13.754,Healthy,0
COMP_01541,Lot_C,10.337,10.606,11.062,11.419,Healthy,0
COMP_01542,Lot_A,7.691,7.914,8.481,8.957,Healthy,0
COMP_01543,Lot_B,12.537,12.662,13.019,13.554,Healthy,0
COMP_01544,Lot_A,7.925,8.167,8.787,9.084,Healthy,0
COMP_01545,Lot_C,9.851,10.165,10.82,11.105,Healthy,0
COMP_01546,Lot_B,14.531,14.759,15.102,15.477,Healthy,0
COMP_01547,Lot_C,8.958,9.246,10.074,10.534,Healthy,0
COMP_01548,Lot_B,12.885,13.219,13.557,13.831,Healthy,0
COMP_01549,Lot_A,8.438,8.695,8.99,9.309,Healthy,0
COMP_01550,Lot_B,12.841,13.214,13.509,13.721,Healthy,0
COMP_01551,Lot_C,10.158,10.5,11.016,11.397,Healthy,0
COMP_01552,Lot_B,12.683,12.987,13.536,13.86,Healthy,0
COMP_01553,Lot_C,9.146,9.321,9.876,10.072,Healthy,0
COMP_01554,Lot_C,11.509,12.618,22.582,42.337,Latent Defect,1
COMP_01555,Lot_A,7.953,8.166,8.632,8.897,Healthy,0
COMP_01556,Lot_A,7.646,7.818,8.413,8.803,Healthy,0
COMP_01557,Lot_B,12.128,12.447,12.809,12.964,Healthy,0
COMP_01558,Lot_B,13.766,14.148,14.665,14.826,Healthy,0
COMP_01559,Lot_C,9.979,10.207,10.702,10.967,Healthy,0
COMP_01560,Lot_C,9.7,9.836,10.313,10.525,Healthy,0
COMP_01561,Lot_B,13.481,13.671,13.744,14.174,Healthy,0
COMP_01562,Lot_A,8.895,10.366,16.731,33.094,Latent Defect,1
COMP_01563,Lot_C,10.118,10.414,10.689,11.082,Healthy,0
COMP_01564,Lot_A,8.043,8.144,8.504,8.906,Healthy,0
COMP_01565,Lot_C,8.368,8.669,9.153,9.478,Healthy,0
COMP_01566,Lot_B,11.201,11.327,11.729,11.967,Healthy,0
COMP_01567,Lot_B,12.633,12.955,13.373,13.693,Healthy,0
COMP_01568,Lot_A,8.26,8.591,9.197,9.589,Healthy,0
COMP_01569,Lot_B,13.15,13.419,14.04,14.438,Healthy,0
COMP_01570,Lot_B,14.675,14.891,15.181,15.464,Healthy,0
COMP_01571,Lot_B,12.381,12.759,13.298,13.584,Healthy,0
COMP_01572,Lot_A,9.147,9.386,10.033,10.349,Healthy,0
COMP_01573,Lot_C,8.615,8.85,9.26,9.476,Healthy,0
COMP_01574,Lot_C,10.527,10.891,11.207,11.654,Healthy,0
COMP_01575,Lot_A,8.015,8.263,8.697,9.045,Healthy,0
COMP_01576,Lot_A,8.878,9.047,9.652,10.052,Healthy,0
COMP_01577,Lot_A,9.168,9.356,9.672,10.141,Healthy,0
COMP_01578,Lot_B,11.726,11.988,12.561,12.898,Healthy,0
COMP_01579,Lot_B,14.287,14.515,14.812,15.199,Healthy,0
COMP_01580,Lot_B,13.218,13.683,14.02,14.345,Healthy,0
COMP_01581,Lot_A,7.915,8.154,8.582,8.845,Healthy,0
COMP_01582,Lot_B,13.515,13.748,14.359,14.645,Healthy,0
COMP_01583,Lot_B,15.048,15.32,15.922,16.284,Healthy,0
COMP_01584,Lot_B,12.141,12.37,12.654,12.993,Healthy,0
COMP_01585,Lot_C,10.155,10.409,11.018,11.353,Healthy,0
COMP_01586,Lot_A,6.985,7.518,7.885,8.332,Healthy,0
COMP_01587,Lot_B,11.345,11.615,11.97,12.037,Healthy,0
COMP_01588,Lot_B,12.689,13.879,23.051,41.658,Latent Defect,1
COMP_01589,Lot_B,12.704,12.959,13.429,13.776,Healthy,0
COMP_01590,Lot_C,9.846,10.868,21.259,38.552,Latent Defect,1
COMP_01591,Lot_B,12.6,12.891,13.366,13.646,Healthy,0
COMP_01592,Lot_C,11.126,12.088,20.041,39.711,Latent Defect,1
COMP_01593,Lot_A,9.901,10.105,10.604,10.835,Healthy,0
COMP_01594,Lot_A,7.757,8.097,8.591,9.058,Healthy,0
COMP_01595,Lot_C,10.978,11.061,11.367,11.744,Healthy,0
COMP_01596,Lot_B,11.133,11.299,11.92,12.216,Healthy,0
COMP_01597,Lot_A,9.068,9.316,9.684,9.868,Healthy,0
COMP_01598,Lot_A,8.687,9.053,9.425,9.782,Healthy,0
COMP_01599,Lot_A,7.284,7.48,7.971,8.396,Healthy,0
COMP_01600,Lot_C,10.5,10.588,10.983,11.236,Healthy,0
COMP_01601,Lot_A,8.253,8.494,9.072,9.451,Healthy,0
COMP_01602,Lot_A,9.634,22.536,50.45,122.092,Gross Failure,1
COMP_01603,Lot_A,8.847,9.037,9.54,9.973,Healthy,0
COMP_01604,Lot_B,13.131,13.323,13.72,14.099,Healthy,0
COMP_01605,Lot_A,8.659,10.102,19.188,34.778,Latent Defect,1
COMP_01606,Lot_B,15.835,16.099,16.649,17.051,Healthy,0
COMP_01607,Lot_A,8.649,22.966,43.947,95.441,Gross Failure,1
COMP_01608,Lot_C,10.296,10.329,10.787,11.203,Healthy,0
COMP_01609,Lot_A,9.167,9.464,10.029,10.54,Healthy,0
COMP_01610,Lot_B,14.206,14.471,14.905,15.267,Healthy,0
COMP_01611,Lot_C,9.752,10.091,10.61,10.922,Healthy,0
COMP_01612,Lot_B,14.456,14.683,15.02,15.369,Healthy,0
COMP_01613,Lot_B,12.093,12.418,12.767,13.105,Healthy,0
COMP_01614,Lot_A,9.252,9.445,9.944,10.197,Healthy,0
COMP_01615,Lot_A,8.696,8.991,9.436,9.789,Healthy,0
COMP_01616,Lot_B,13.488,13.716,14.273,14.76,Healthy,0
COMP_01617,Lot_C,9.167,9.558,9.972,10.521,Healthy,0
COMP_01618,Lot_B,12.681,12.988,13.522,13.833,Healthy,0
COMP_01619,Lot_B,13.08,13.445,13.856,14.165,Healthy,0
COMP_01620,Lot_C,8.962,9.337,9.73,10.2,Healthy,0
COMP_01621,Lot_B,12.339,12.682,13.229,13.556,Healthy,0
COMP_01622,Lot_A,7.913,8.982,17.483,38.146,Latent Defect,1
COMP_01623,Lot_B,13.176,13.337,13.757,14.094,Healthy,0
COMP_01624,Lot_C,8.075,8.309,8.846,9.182,Healthy,0
COMP_01625,Lot_A,8.704,8.992,9.401,9.824,Healthy,0
COMP_01626,Lot_B,14.603,14.731,15.14,15.723,Healthy,0
COMP_01627,Lot_A,8.636,8.884,9.303,9.78,Healthy,0
COMP_01628,Lot_B,11.967,12.291,12.708,12.983,Healthy,0
COMP_01629,Lot_A,8.315,8.561,8.952,9.413,Healthy,0
COMP_01630,Lot_B,12.184,12.445,12.959,13.322,Healthy,0
COMP_01631,Lot_C,10.695,10.91,11.435,11.85,Healthy,0
COMP_01632,Lot_A,9.274,9.374,9.885,10.325,Healthy,0
COMP_01633,Lot_B,12.547,12.754,13.119,13.366,Healthy,0
COMP_01634,Lot_C,10.599,11.032,11.415,11.718,Healthy,0
COMP_01635,Lot_C,10.014,10.136,10.502,10.847,Healthy,0
COMP_01636,Lot_A,7.785,9.224,16.784,37.036,Latent Defect,1
COMP_01637,Lot_B,14.615,14.896,15.329,15.704,Healthy,0
COMP_01638,Lot_A,8.148,8.235,8.567,8.916,Healthy,0
COMP_01639,Lot_C,9.153,9.37,9.878,10.242,Healthy,0
COMP_01640,Lot_C,10.953,11.226,11.719,11.997,Healthy,0
COMP_01641,Lot_B,11.536,11.753,12.115,12.449,Healthy,0
COMP_01642,Lot_C,9.041,9.358,9.72,10.034,Healthy,0
COMP_01643,Lot_B,12.978,31.347,75.141,149.76,Gross Failure,1
COMP_01644,Lot_B,11.59,11.81,12.193,12.58,Healthy,0
COMP_01645,Lot_A,8.747,8.951,9.321,9.572,Healthy,0
COMP_01646,Lot_C,7.611,7.757,8.311,8.808,Healthy,0
COMP_01647,Lot_A,9.578,27.306,57.246,107.796,Gross Failure,1
COMP_01648,Lot_C,8.37,8.573,9.034,9.283,Healthy,0
COMP_01649,Lot_C,10.388,10.69,11.083,11.299,Healthy,0
COMP_01650,Lot_C,11.243,11.496,12.179,12.538,Healthy,0
COMP_01651,Lot_A,8.63,8.803,9.202,9.396,Healthy,0
COMP_01652,Lot_A,7.425,7.734,8.15,8.458,Healthy,0
COMP_01653,Lot_A,7.908,8.127,8.713,9.077,Healthy,0
COMP_01654,Lot_B,11.702,12.034,12.691,13.091,Healthy,0
COMP_01655,Lot_A,9.213,10.657,17.672,40.333,Latent Defect,1
COMP_01656,Lot_C,10.989,11.278,11.713,11.929,Healthy,0
COMP_01657,Lot_B,12.635,12.921,13.239,13.582,Healthy,0
COMP_01658,Lot_A,7.553,7.772,8.06,8.264,Healthy,0
COMP_01659,Lot_B,13.374,14.458,23.229,39.646,Latent Defect,1
COMP_01660,Lot_B,15.995,16.294,16.83,17.102,Healthy,0
COMP_01661,Lot_B,13.555,13.787,14.143,14.686,Healthy,0
COMP_01662,Lot_B,13.63,13.922,14.255,14.478,Healthy,0
COMP_01663,Lot_C,9.948,10.152,10.676,11.094,Healthy,0
COMP_01664,Lot_B,13.072,13.388,13.861,14.124,Healthy,0
COMP_01665,Lot_C,9.822,10.082,10.644,11.016,Healthy,0
COMP_01666,Lot_C,9.486,9.813,10.309,10.813,Healthy,0
COMP_01667,Lot_A,8.57,8.737,9.328,9.62,Healthy,0
COMP_01668,Lot_C,10.266,10.531,10.986,11.319,Healthy,0
COMP_01669,Lot_A,7.178,7.348,7.933,8.326,Healthy,0
COMP_01670,Lot_C,11.718,11.885,12.332,12.798,Healthy,0
COMP_01671,Lot_B,12.378,12.589,13.004,13.309,Healthy,0
COMP_01672,Lot_C,10.479,10.586,11.233,11.487,Healthy,0
COMP_01673,Lot_C,8.095,8.344,8.748,9.081,Healthy,0
COMP_01674,Lot_C,10.281,10.583,11.235,11.516,Healthy,0
COMP_01675,Lot_C,10.697,11.004,11.137,11.403,Healthy,0
COMP_01676,Lot_A,7.47,7.756,8.247,8.633,Healthy,0
COMP_01677,Lot_A,8.256,9.415,18.872,35.869,Latent Defect,1
COMP_01678,Lot_B,13.855,25.646,56.737,117.707,Gross Failure,1
COMP_01679,Lot_A,8.206,8.367,8.881,9.174,Healthy,0
COMP_01680,Lot_B,12.071,12.307,12.65,12.996,Healthy,0
COMP_01681,Lot_A,8.212,8.421,8.81,9.26,Healthy,0
COMP_01682,Lot_C,10.332,10.446,11.002,11.403,Healthy,0
COMP_01683,Lot_B,13.503,13.824,14.276,14.688,Healthy,0
COMP_01684,Lot_C,9.582,9.9,10.376,10.588,Healthy,0
COMP_01685,Lot_A,9.329,9.569,9.987,10.292,Healthy,0
COMP_01686,Lot_C,9.668,9.936,10.267,10.461,Healthy,0
COMP_01687,Lot_C,9.042,9.323,9.753,10.214,Healthy,0
COMP_01688,Lot_B,12.929,13.246,13.613,13.919,Healthy,0
COMP_01689,Lot_B,13.01,13.249,13.67,13.933,Healthy,0
COMP_01690,Lot_C,8.573,8.873,9.386,9.674,Healthy,0
COMP_01691,Lot_A,8.803,9.04,9.623,9.841,Healthy,0
COMP_01692,Lot_B,12.861,13.094,13.563,14.067,Healthy,0
COMP_01693,Lot_B,12.864,13.173,13.606,14.063,Healthy,0
COMP_01694,Lot_A,9.102,9.326,9.727,10.126,Healthy,0
COMP_01695,Lot_B,12.279,13.517,22.483,41.404,Latent Defect,1
COMP_01696,Lot_A,8.371,8.566,9.148,9.522,Healthy,0
COMP_01697,Lot_A,8.457,8.741,8.99,9.549,Healthy,0
COMP_01698,Lot_A,8.52,8.613,9.206,9.481,Healthy,0
COMP_01699,Lot_C,10.939,12.164,19.308,37.961,Latent Defect,1
COMP_01700,Lot_B,13.206,13.549,14.061,14.287,Healthy,0
COMP_01701,Lot_C,10.902,11.119,11.775,12.09,Healthy,0
COMP_01702,Lot_B,12.768,12.952,13.342,13.616,Healthy,0
COMP_01703,Lot_A,9.441,10.375,21.082,41.153,Latent Defect,1
COMP_01704,Lot_B,14.515,14.769,15.096,15.428,Healthy,0
COMP_01705,Lot_B,13.654,13.911,14.405,14.891,Healthy,0
COMP_01706,Lot_A,8.966,9.231,9.46,9.732,Healthy,0
COMP_01707,Lot_B,12.555,12.647,12.964,13.287,Healthy,0
COMP_01708,Lot_A,8.415,8.706,9.131,9.506,Healthy,0
COMP_01709,Lot_B,12.54,12.794,13.298,13.795,Healthy,0
COMP_01710,Lot_B,12.434,12.695,13.25,13.456,Healthy,0
COMP_01711,Lot_A,10.098,28.635,55.078,118.049,Gross Failure,1
COMP_01712,Lot_A,8.048,8.267,8.759,9.214,Healthy,0
COMP_01713,Lot_C,9.581,9.795,10.289,10.696,Healthy,0
COMP_01714,Lot_B,11.892,12.28,12.653,13.099,Healthy,0
COMP_01715,Lot_A,8.861,9.16,9.535,9.713,Healthy,0
COMP_01716,Lot_C,9.981,10.229,10.564,11.006,Healthy,0
COMP_01717,Lot_A,8.459,8.644,9.164,9.575,Healthy,0
COMP_01718,Lot_B,12.212,12.561,13.28,13.521,Healthy,0
COMP_01719,Lot_C,9.835,11.102,24.022,40.188,Latent Defect,1
COMP_01720,Lot_A,7.748,7.923,8.519,8.798,Healthy,0
COMP_01721,Lot_A,7.82,8.088,8.575,9.032,Healthy,0
COMP_01722,Lot_A,8.574,8.843,9.281,9.5,Healthy,0
COMP_01723,Lot_A,8.34,8.595,8.992,9.186,Healthy,0
COMP_01724,Lot_A,7.592,7.839,8.401,8.919,Healthy,0
COMP_01725,Lot_B,12.798,12.99,13.396,13.641,Healthy,0
COMP_01726,Lot_A,9.13,9.551,9.918,10.149,Healthy,0
COMP_01727,Lot_B,14.107,14.383,14.873,15.382,Healthy,0
COMP_01728,Lot_C,8.77,8.909,9.339,9.696,Healthy,0
COMP_01729,Lot_C,9.681,10.127,10.54,10.835,Healthy,0
COMP_01730,Lot_B,13.137,13.464,13.827,14.163,Healthy,0
COMP_01731,Lot_A,9.299,10.71,20.537,44.583,Latent Defect,1
COMP_01732,Lot_B,15.179,16.097,23.06,43.049,Latent Defect,1
COMP_01733,Lot_B,14.502,15.657,24.404,40.353,Latent Defect,1
COMP_01734,Lot_B,11.715,12.056,12.46,12.841,Healthy,0
COMP_01735,Lot_A,7.039,7.37,7.89,8.106,Healthy,0
COMP_01736,Lot_C,10.233,10.484,10.879,10.939,Healthy,0
COMP_01737,Lot_B,12.274,12.548,12.932,13.26,Healthy,0
COMP_01738,Lot_A,9.697,9.941,10.14,10.471,Healthy,0
COMP_01739,Lot_B,13.109,13.293,13.831,14.035,Healthy,0
COMP_01740,Lot_B,12.848,12.981,13.395,13.816,Healthy,0
COMP_01741,Lot_C,9.854,10.087,10.54,10.898,Healthy,0
COMP_01742,Lot_C,10.624,10.93,11.551,11.918,Healthy,0
COMP_01743,Lot_C,8.505,8.824,9.436,10.032,Healthy,0
COMP_01744,Lot_A,9.661,9.872,10.345,10.668,Healthy,0
COMP_01745,Lot_B,12.553,12.794,13.398,13.589,Healthy,0
COMP_01746,Lot_B,11.897,12.245,12.869,13.153,Healthy,0
COMP_01747,Lot_A,9.821,10.149,10.567,10.673,Healthy,0
COMP_01748,Lot_A,7.166,7.363,7.904,8.33,Healthy,0
COMP_01749,Lot_C,9.58,9.812,10.258,10.586,Healthy,0
COMP_01750,Lot_A,8.631,8.879,9.128,9.457,Healthy,0
COMP_01751,Lot_B,12.975,13.304,13.655,14.025,Healthy,0
COMP_01752,Lot_A,8.95,9.188,9.428,9.879,Healthy,0
COMP_01753,Lot_A,9.098,10.343,19.904,33.45,Latent Defect,1
COMP_01754,Lot_A,9.12,9.489,9.805,10.289,Healthy,0
COMP_01755,Lot_C,11.018,11.177,11.58,11.79,Healthy,0
COMP_01756,Lot_C,9.941,10.227,10.519,10.907,Healthy,0
COMP_01757,Lot_C,10.575,11.906,22.088,37.016,Latent Defect,1
COMP_01758,Lot_B,12.866,13.145,13.77,14.12,Healthy,0
COMP_01759,Lot_A,8.84,21.044,50.27,100.005,Gross Failure,1
COMP_01760,Lot_B,12.538,12.953,13.354,13.741,Healthy,0
COMP_01761,Lot_B,13.613,13.775,14.173,14.586,Healthy,0
COMP_01762,Lot_C,10.385,10.476,10.997,11.292,Healthy,0
COMP_01763,Lot_A,8.08,8.363,8.995,9.325,Healthy,0
COMP_01764,Lot_B,14.297,14.432,14.897,15.193,Healthy,0
COMP_01765,Lot_A,8.726,8.952,9.241,9.502,Healthy,0
COMP_01766,Lot_A,7.185,7.331,7.839,8.163,Healthy,0
COMP_01767,Lot_C,10.208,10.603,11.018,11.431,Healthy,0
COMP_01768,Lot_B,13.031,13.502,13.59,13.868,Healthy,0
COMP_01769,Lot_B,13.719,13.909,14.427,14.771,Healthy,0
COMP_01770,Lot_B,13.951,14.111,14.582,14.978,Healthy,0
COMP_01771,Lot_B,13.145,13.407,14.001,14.183,Healthy,0
COMP_01772,Lot_C,10.112,10.266,10.807,11.073,Healthy,0
COMP_01773,Lot_C,7.775,8.087,8.505,8.891,Healthy,0
COMP_01774,Lot_C,11.284,27.399,63.246,122.867,Gross Failure,1
COMP_01775,Lot_C,8.967,9.2,9.887,10.2,Healthy,0
COMP_01776,Lot_A,8.375,8.726,8.991,9.403,Healthy,0
COMP_01777,Lot_B,11.252,11.534,11.981,12.393,Healthy,0
COMP_01778,Lot_B,11.886,12.093,12.623,12.922,Healthy,0
COMP_01779,Lot_A,9.104,9.371,9.768,10.086,Healthy,0
COMP_01780,Lot_C,10.003,10.236,10.773,11.086,Healthy,0
COMP_01781,Lot_A,8.042,8.364,8.764,9.06,Healthy,0
COMP_01782,Lot_C,7.763,7.93,8.279,8.575,Healthy,0
COMP_01783,Lot_B,12.206,12.534,12.891,13.171,Healthy,0
COMP_01784,Lot_B,13.171,13.333,13.971,14.401,Healthy,0
COMP_01785,Lot_B,11.715,12.046,12.643,12.879,Healthy,0
COMP_01786,Lot_C,8.951,10.029,17.406,33.456,Latent Defect,1
COMP_01787,Lot_B,12.56,12.85,13.31,13.645,Healthy,0
COMP_01788,Lot_B,12.469,12.614,13.135,13.542,Healthy,0
COMP_01789,Lot_A,8.007,8.168,8.805,9.18,Healthy,0
COMP_01790,Lot_B,13.437,29.757,58.745,130.739,Gross Failure,1
COMP_01791,Lot_A,8.177,8.493,9.118,9.476,Healthy,0
COMP_01792,Lot_C,8.937,8.987,9.433,9.808,Healthy,0
COMP_01793,Lot_B,12.361,12.622,13.124,13.573,Healthy,0
COMP_01794,Lot_B,12.749,12.995,13.424,13.777,Healthy,0
COMP_01795,Lot_A,8.089,8.298,8.693,9.059,Healthy,0
COMP_01796,Lot_A,7.822,8.932,21.145,41.386,Latent Defect,1
COMP_01797,Lot_C,9.139,9.458,9.983,10.323,Healthy,0
COMP_01798,Lot_A,7.934,8.118,8.595,8.86,Healthy,0
COMP_01799,Lot_A,9.378,9.738,10.183,10.647,Healthy,0
COMP_01800,Lot_A,8.171,8.364,8.946,9.454,Healthy,0
COMP_01801,Lot_C,11.767,12.043,12.597,12.978,Healthy,0
COMP_01802,Lot_C,11.263,11.548,12.094,12.331,Healthy,0
COMP_01803,Lot_B,12.746,13.061,13.598,14.038,Healthy,0
COMP_01804,Lot_A,8.597,8.794,9.237,9.592,Healthy,0
COMP_01805,Lot_A,8.693,8.866,9.284,9.625,Healthy,0
COMP_01806,Lot_C,7.982,8.299,8.768,9.145,Healthy,0
COMP_01807,Lot_B,12.433,12.73,13.08,13.363,Healthy,0
COMP_01808,Lot_A,9.003,9.281,9.578,10.086,Healthy,0
COMP_01809,Lot_A,7.893,8.133,8.792,8.936,Healthy,0
COMP_01810,Lot_A,7.135,7.42,7.573,7.719,Healthy,0
COMP_01811,Lot_B,14.293,14.51,15.223,15.47,Healthy,0
COMP_01812,Lot_C,9.713,10.007,10.513,10.838,Healthy,0
COMP_01813,Lot_A,7.981,8.25,8.865,9.291,Healthy,0
COMP_01814,Lot_A,7.994,8.165,8.532,8.754,Healthy,0
COMP_01815,Lot_A,8.618,8.933,9.374,9.896,Healthy,0
COMP_01816,Lot_C,11.598,11.872,12.407,12.667,Healthy,0
COMP_01817,Lot_A,8.211,8.563,8.944,9.442,Healthy,0
COMP_01818,Lot_C,11.001,11.311,11.621,11.94,Healthy,0
COMP_01819,Lot_B,13.709,13.88,14.307,14.732,Healthy,0
COMP_01820,Lot_B,12.375,12.557,12.791,13.103,Healthy,0
COMP_01821,Lot_A,9.119,9.299,9.751,10.078,Healthy,0
COMP_01822,Lot_A,7.967,8.284,8.931,9.381,Healthy,0
COMP_01823,Lot_B,12.234,12.644,13.214,13.518,Healthy,0
COMP_01824,Lot_C,9.302,9.642,10.113,10.378,Healthy,0
COMP_01825,Lot_B,12.837,13.055,13.406,13.857,Healthy,0
COMP_01826,Lot_B,13.86,14.177,14.726,14.984,Healthy,0
COMP_01827,Lot_A,8.017,8.384,8.847,9.05,Healthy,0
COMP_01828,Lot_C,10.195,10.498,11.011,11.267,Healthy,0
COMP_01829,Lot_C,11.698,11.828,12.291,12.815,Healthy,0
COMP_01830,Lot_A,8.973,9.29,9.614,9.999,Healthy,0
COMP_01831,Lot_C,9.967,10.127,10.68,10.949,Healthy,0
COMP_01832,Lot_B,12.229,12.514,12.946,13.313,Healthy,0
COMP_01833,Lot_B,12.775,13.138,13.477,13.781,Healthy,0
COMP_01834,Lot_C,10.433,10.604,10.93,11.294,Healthy,0
COMP_01835,Lot_C,10.781,11.11,11.571,11.854,Healthy,0
COMP_01836,Lot_B,13.303,14.616,24.509,45.595,Latent Defect,1
COMP_01837,Lot_A,7.689,7.883,8.464,8.667,Healthy,0
COMP_01838,Lot_A,8.068,8.26,8.522,8.854,Healthy,0
COMP_01839,Lot_C,10.672,11.903,22.602,43.582,Latent Defect,1
COMP_01840,Lot_A,8.191,8.653,9.062,9.391,Healthy,0
COMP_01841,Lot_B,12.222,12.515,12.93,13.272,Healthy,0
COMP_01842,Lot_B,12.774,13.006,13.475,13.78,Healthy,0
COMP_01843,Lot_B,12.556,12.892,13.307,13.695,Healthy,0
COMP_01844,Lot_B,12.022,12.236,12.538,13.074,Healthy,0
COMP_01845,Lot_C,11.238,11.536,12.244,12.671,Healthy,0
COMP_01846,Lot_A,8.362,8.642,9.256,9.517,Healthy,0
COMP_01847,Lot_A,7.562,7.844,8.224,8.348,Healthy,0
COMP_01848,Lot_A,7.506,7.731,8.187,8.544,Healthy,0
COMP_01849,Lot_C,11.805,26.182,62.572,109.565,Gross Failure,1
COMP_01850,Lot_B,12.966,13.242,13.527,13.784,Healthy,0
COMP_01851,Lot_A,8.891,9.098,9.535,9.939,Healthy,0
COMP_01852,Lot_C,11.833,12.065,12.728,12.882,Healthy,0
COMP_01853,Lot_C,10.134,10.357,10.743,11.159,Healthy,0
COMP_01854,Lot_C,9.807,10.602,17.719,37.524,Latent Defect,1
COMP_01855,Lot_C,8.526,8.836,9.301,9.634,Healthy,0
COMP_01856,Lot_A,8.435,8.726,9.035,9.389,Healthy,0
COMP_01857,Lot_C,8.974,9.238,9.765,10.132,Healthy,0
COMP_01858,Lot_B,13.669,13.863,14.306,14.632,Healthy,0
COMP_01859,Lot_C,9.727,9.913,10.311,10.55,Healthy,0
COMP_01860,Lot_C,8.475,8.669,9.194,9.568,Healthy,0
COMP_01861,Lot_C,8.869,9.087,9.62,9.925,Healthy,0
COMP_01862,Lot_B,11.44,11.871,12.301,12.535,Healthy,0
COMP_01863,Lot_A,8.637,8.88,9.145,9.505,Healthy,0
COMP_01864,Lot_B,14.082,14.313,14.516,14.9,Healthy,0
COMP_01865,Lot_C,10.543,10.746,11.126,11.702,Healthy,0
COMP_01866,Lot_C,9.408,9.568,10.021,10.428,Healthy,0
COMP_01867,Lot_A,8.926,16.522,48.218,117.441,Gross Failure,1
COMP_01868,Lot_A,8.761,8.912,9.512,9.958,Healthy,0
COMP_01869,Lot_A,8.263,8.583,9.273,9.518,Healthy,0
COMP_01870,Lot_C,10.5,10.909,11.437,11.712,Healthy,0
COMP_01871,Lot_C,10.215,10.575,10.903,11.25,Healthy,0
COMP_01872,Lot_A,8.305,8.505,8.984,9.324,Healthy,0
COMP_01873,Lot_B,13.708,14.049,14.346,14.703,Healthy,0
COMP_01874,Lot_C,9.952,10.218,10.667,10.919,Healthy,0
COMP_01875,Lot_C,11.309,11.71,12.225,12.635,Healthy,0
COMP_01876,Lot_B,13.144,13.472,13.629,13.978,Healthy,0
COMP_01877,Lot_B,12.37,12.632,13.213,13.565,Healthy,0
COMP_01878,Lot_B,12.603,12.741,13.178,13.595,Healthy,0
COMP_01879,Lot_A,7.827,8.626,21.538,40.376,Latent Defect,1
COMP_01880,Lot_B,12.756,13.118,13.585,14.068,Healthy,0
COMP_01881,Lot_B,14.371,14.519,15.024,15.547,Healthy,0
COMP_01882,Lot_C,9.101,9.272,9.624,10.063,Healthy,0
COMP_01883,Lot_B,13.313,13.408,13.899,14.224,Healthy,0
COMP_01884,Lot_C,9.899,10.082,10.574,11.029,Healthy,0
COMP_01885,Lot_A,7.986,8.102,8.515,8.941,Healthy,0
COMP_01886,Lot_B,12.537,12.667,13.209,13.7,Healthy,0
COMP_01887,Lot_A,8.516,8.638,9.049,9.415,Healthy,0
COMP_01888,Lot_A,7.852,8.149,8.49,8.843,Healthy,0
COMP_01889,Lot_C,9.795,10.094,10.542,10.872,Healthy,0
COMP_01890,Lot_C,9.277,9.53,9.949,10.212,Healthy,0
COMP_01891,Lot_A,8.628,8.907,9.316,9.759,Healthy,0
COMP_01892,Lot_B,13.29,13.438,14.048,14.475,Healthy,0
COMP_01893,Lot_C,10.902,11.184,11.353,11.812,Healthy,0
COMP_01894,Lot_A,8.549,9.819,20.13,42.971,Latent Defect,1
COMP_01895,Lot_B,12.399,12.608,12.955,13.198,Healthy,0
COMP_01896,Lot_C,9.054,9.155,9.657,10.205,Healthy,0
COMP_01897,Lot_B,15.257,15.439,15.856,16.329,Healthy,0
COMP_01898,Lot_A,8.846,9.107,9.526,9.994,Healthy,0
COMP_01899,Lot_B,11.82,12.108,12.6,12.954,Healthy,0
COMP_01900,Lot_C,10.709,10.962,11.348,11.707,Healthy,0
COMP_01901,Lot_B,11.249,12.571,23.374,39.732,Latent Defect,1
COMP_01902,Lot_A,7.784,7.985,8.427,8.799,Healthy,0
COMP_01903,Lot_C,11.454,11.823,12.373,12.735,Healthy,0
COMP_01904,Lot_A,7.758,8.143,8.563,8.941,Healthy,0
COMP_01905,Lot_C,10.565,10.82,11.408,11.803,Healthy,0
COMP_01906,Lot_A,9.291,9.577,10.022,10.38,Healthy,0
COMP_01907,Lot_C,9.944,10.091,10.421,10.845,Healthy,0
COMP_01908,Lot_B,11.615,11.832,12.156,12.461,Healthy,0
COMP_01909,Lot_A,8.376,8.593,8.872,9.203,Healthy,0
COMP_01910,Lot_A,7.733,7.932,8.471,8.916,Healthy,0
COMP_01911,Lot_A,7.451,7.827,8.216,8.505,Healthy,0
COMP_01912,Lot_C,9.198,9.452,10.14,10.336,Healthy,0
COMP_01913,Lot_C,8.149,8.42,8.939,9.294,Healthy,0
COMP_01914,Lot_B,13.655,13.815,14.151,14.514,Healthy,0
COMP_01915,Lot_B,14.934,15.229,15.752,15.994,Healthy,0
COMP_01916,Lot_C,10.38,10.536,11.198,11.447,Healthy,0
COMP_01917,Lot_C,9.283,9.415,9.876,10.23,Healthy,0
COMP_01918,Lot_B,14.665,14.977,15.332,15.769,Healthy,0
COMP_01919,Lot_B,11.632,11.825,12.289,12.526,Healthy,0
COMP_01920,Lot_B,14.171,14.603,15.018,15.303,Healthy,0
COMP_01921,Lot_B,12.857,13.063,13.544,13.762,Healthy,0
COMP_01922,Lot_A,8.755,9.158,9.368,9.601,Healthy,0
COMP_01923,Lot_B,12.51,12.804,13.361,13.792,Healthy,0
COMP_01924,Lot_B,11.139,11.335,11.677,12.021,Healthy,0
COMP_01925,Lot_C,10.016,10.157,10.554,10.962,Healthy,0
COMP_01926,Lot_A,7.997,8.231,8.885,9.434,Healthy,0
COMP_01927,Lot_B,10.623,10.882,11.682,12.08,Healthy,0
COMP_01928,Lot_B,13.02,13.375,13.852,14.272,Healthy,0
COMP_01929,Lot_B,12.769,13.035,13.536,13.973,Healthy,0
COMP_01930,Lot_A,8.155,8.368,8.587,8.898,Healthy,0
COMP_01931,Lot_B,14.048,14.335,14.666,14.825,Healthy,0
COMP_01932,Lot_B,12.843,13.167,13.56,13.765,Healthy,0
COMP_01933,Lot_B,12.352,12.628,13.227,13.551,Healthy,0
COMP_01934,Lot_B,14.16,14.486,14.795,15.27,Healthy,0
COMP_01935,Lot_B,13.325,14.283,26.425,44.111,Latent Defect,1
COMP_01936,Lot_C,8.251,8.444,8.78,9.062,Healthy,0
COMP_01937,Lot_A,8.144,8.373,8.788,9.128,Healthy,0
COMP_01938,Lot_C,10.529,11.579,22.851,37.788,Latent Defect,1
COMP_01939,Lot_B,13.677,14.058,14.487,14.856,Healthy,0
COMP_01940,Lot_A,7.726,8.823,20.675,40.546,Latent Defect,1
COMP_01941,Lot_A,8.835,8.93,9.294,9.818,Healthy,0
COMP_01942,Lot_A,8.829,9.122,9.592,9.881,Healthy,0
COMP_01943,Lot_C,10.299,10.427,10.684,10.961,Healthy,0
COMP_01944,Lot_C,10.173,10.297,10.763,11.013,Healthy,0
COMP_01945,Lot_C,9.226,9.58,10.035,10.294,Healthy,0
COMP_01946,Lot_B,13.206,13.338,13.834,14.295,Healthy,0
COMP_01947,Lot_B,13.728,14.151,14.368,14.731,Healthy,0
COMP_01948,Lot_A,7.425,7.661,8.112,8.69,Healthy,0
COMP_01949,Lot_A,8.452,8.696,9.267,9.611,Healthy,0
COMP_01950,Lot_B,15.014,15.318,15.867,16.031,Healthy,0
COMP_01951,Lot_A,10.088,10.286,10.734,11.019,Healthy,0
COMP_01952,Lot_A,7.681,7.834,8.297,8.45,Healthy,0
COMP_01953,Lot_B,12.733,13.068,13.593,13.987,Healthy,0
COMP_01954,Lot_C,9.194,10.077,21.14,38.017,Latent Defect,1
COMP_01955,Lot_C,9.925,10.159,10.69,11.224,Healthy,0
COMP_01956,Lot_C,11.316,11.38,11.793,12.008,Healthy,0
COMP_01957,Lot_B,14.032,14.283,14.805,15.116,Healthy,0
COMP_01958,Lot_B,11.857,12.883,20.084,34.924,Latent Defect,1
COMP_01959,Lot_B,11.378,11.545,11.864,12.254,Healthy,0
COMP_01960,Lot_C,10.319,10.601,11.192,11.534,Healthy,0
COMP_01961,Lot_A,7.875,8.302,8.861,9.226,Healthy,0
COMP_01962,Lot_B,13.091,13.364,13.79,14.153,Healthy,0
COMP_01963,Lot_C,10.449,10.641,10.895,11.038,Healthy,0
COMP_01964,Lot_B,13.977,14.1,14.606,14.84,Healthy,0
COMP_01965,Lot_B,11.748,11.94,12.414,12.635,Healthy,0
COMP_01966,Lot_B,12.321,12.569,12.874,13.367,Healthy,0
COMP_01967,Lot_A,7.122,7.355,7.957,8.175,Healthy,0
COMP_01968,Lot_B,12.879,13.14,13.493,13.835,Healthy,0
COMP_01969,Lot_A,8.949,9.162,9.704,10.093,Healthy,0
COMP_01970,Lot_A,8.034,8.374,8.735,9.171,Healthy,0
COMP_01971,Lot_A,7.922,9.058,18.314,37.161,Latent Defect,1
COMP_01972,Lot_C,7.828,8.115,8.552,8.931,Healthy,0
COMP_01973,Lot_A,8.902,9.183,9.393,9.637,Healthy,0
COMP_01974,Lot_B,13.366,13.632,13.987,14.411,Healthy,0
COMP_01975,Lot_A,8.295,8.616,9.211,9.589,Healthy,0
COMP_01976,Lot_C,10.5,10.701,11.258,11.63,Healthy,0
COMP_01977,Lot_A,8.264,8.417,8.808,9.048,Healthy,0
COMP_01978,Lot_B,13.838,15.282,26.156,48.386,Latent Defect,1
COMP_01979,Lot_C,9.701,9.829,10.316,10.555,Healthy,0
COMP_01980,Lot_C,9.286,9.441,9.836,10.183,Healthy,0
COMP_01981,Lot_A,8.719,8.921,9.499,9.828,Healthy,0
COMP_01982,Lot_C,9.291,9.559,10.245,10.628,Healthy,0
COMP_01983,Lot_B,12.601,13.495,22.666,41.254,Latent Defect,1
COMP_01984,Lot_B,12.574,12.69,13.038,13.534,Healthy,0
COMP_01985,Lot_A,9.647,9.826,10.357,10.589,Healthy,0
COMP_01986,Lot_A,9.623,9.893,10.457,10.636,Healthy,0
COMP_01987,Lot_C,10.61,10.859,11.411,11.853,Healthy,0
COMP_01988,Lot_B,13.072,13.274,13.818,14.162,Healthy,0
COMP_01989,Lot_B,12.04,12.216,12.489,12.788,Healthy,0
COMP_01990,Lot_C,10.992,11.257,11.643,12.074,Healthy,0
COMP_01991,Lot_C,9.251,9.508,9.937,10.365,Healthy,0
COMP_01992,Lot_A,7.238,8.268,15.311,32.662,Latent Defect,1
COMP_01993,Lot_B,14.333,14.542,14.931,15.368,Healthy,0
COMP_01994,Lot_A,9.355,9.598,10.13,10.372,Healthy,0
COMP_01995,Lot_C,11.24,11.662,12.175,12.316,Healthy,0
COMP_01996,Lot_B,12.386,29.224,62.117,132.295,Gross Failure,1
COMP_01997,Lot_C,10.529,23.41,58.571,111.421,Gross Failure,1
COMP_01998,Lot_A,8.354,8.56,9.151,9.712,Healthy,0
COMP_01999,Lot_A,7.355,7.451,7.872,8.07,Healthy,0
COMP_02000,Lot_A,8.537,8.847,9.476,9.846,Healthy,0
