Lot_ID,Part_ID,Value_0h_uA,Value_24h_uA,Value_96h_uA,Value_168h_uA,Lot_Mean_uA,Lot_Sigma_uA,Dynamic_Z_0h,Dynamic_Z_24h,Dynamic_Z_96h,Dynamic_Z_168h,Slope_0_24_uA_per_h,Slope_24_168_uA_per_h,Static_Limit_Fail,Latent_Defect_Label
LOT-021,LOT021-P001,10.042,10.2182,10.4546,10.5841,9.85,0.55,0.3491,0.6695,1.0993,1.3347,0.007342,0.002541,0,0
LOT-021,LOT021-P002,10.6473,10.8452,11.0188,11.0911,9.85,0.55,1.4496,1.8095,2.1251,2.2565,0.008246,0.001708,0,0
LOT-021,LOT021-P003,10.9534,11.0266,11.3796,11.5004,9.85,0.55,2.0062,2.1393,2.7811,3.0007,0.00305,0.00329,0,0
LOT-021,LOT021-P004,10.2152,10.3205,10.718,10.8925,9.85,0.55,0.664,0.8555,1.5782,1.8955,0.004387,0.003972,0,0
LOT-021,LOT021-P005,9.9712,10.2705,10.3765,10.5583,9.85,0.55,0.2204,0.7645,0.9573,1.2878,0.012471,0.001999,0,0
LOT-021,LOT021-P006,9.6513,9.995,10.2159,10.302,9.85,0.55,-0.3613,0.2636,0.6653,0.8218,0.014321,0.002132,0,0
LOT-021,LOT021-P007,9.4206,9.5599,9.8489,9.9637,9.85,0.55,-0.7807,-0.5275,-0.002,0.2067,0.005804,0.002804,0,0
LOT-021,LOT021-P008,9.8468,10.0226,10.2743,10.4397,9.85,0.55,-0.0058,0.3138,0.7715,1.0722,0.007325,0.002897,0,0
LOT-021,LOT021-P009,8.6338,8.7756,9.1166,9.4108,9.85,0.55,-2.2113,-1.9535,-1.3335,-0.7985,0.005908,0.004411,0,0
LOT-021,LOT021-P010,9.3787,9.5699,9.83,10.017,9.85,0.55,-0.8569,-0.5093,-0.0364,0.3036,0.007967,0.003105,0,0
LOT-021,LOT021-P011,10.0946,10.1502,10.3972,10.4123,9.85,0.55,0.4447,0.5458,0.9949,1.0224,0.002317,0.00182,0,0
LOT-021,LOT021-P012,10.3532,10.4712,10.7562,11.0134,9.85,0.55,0.9149,1.1295,1.6476,2.1153,0.004917,0.003765,0,0
LOT-021,LOT021-P013,10.0906,10.3094,10.5306,10.7668,9.85,0.55,0.4375,0.8353,1.2375,1.6669,0.009117,0.003176,0,0
LOT-021,LOT021-P014,10.2071,10.3547,10.6307,10.8383,9.85,0.55,0.6493,0.9176,1.4195,1.7969,0.00615,0.003358,0,0
LOT-021,LOT021-P015,9.9269,10.0701,10.38,10.6002,9.85,0.55,0.1398,0.4002,0.9636,1.364,0.005967,0.003681,0,0
LOT-021,LOT021-P016,9.7462,9.9511,10.1822,10.44,9.85,0.55,-0.1887,0.1838,0.604,1.0727,0.008538,0.003395,0,0
LOT-021,LOT021-P017,10.5879,10.8507,11.1712,11.5066,9.85,0.55,1.3416,1.8195,2.4022,3.012,0.01095,0.004555,0,0
LOT-021,LOT021-P018,9.9825,10.1944,10.5712,10.7214,9.85,0.55,0.2409,0.6262,1.3113,1.5844,0.008829,0.00366,0,0
LOT-021,LOT021-P019,9.7754,9.9195,10.2465,10.533,9.85,0.55,-0.1356,0.1264,0.7209,1.2418,0.006004,0.00426,0,0
LOT-021,LOT021-P020,9.4255,9.533,9.7986,9.9968,9.85,0.55,-0.7718,-0.5764,-0.0935,0.2669,0.004479,0.003221,0,0
LOT-021,LOT021-P021,10.6866,10.8614,11.1312,11.4428,9.85,0.55,1.5211,1.8389,2.3295,2.896,0.007283,0.004038,0,0
LOT-021,LOT021-P022,9.1988,9.4402,9.6341,9.7658,9.85,0.55,-1.184,-0.7451,-0.3925,-0.1531,0.010058,0.002261,0,0
LOT-021,LOT021-P023,9.2994,9.4337,9.6993,9.8736,9.85,0.55,-1.0011,-0.7569,-0.274,0.0429,0.005596,0.003055,0,0
LOT-021,LOT021-P024,10.4992,10.7008,11.0439,11.3552,9.85,0.55,1.1804,1.5469,2.1707,2.7367,0.0084,0.004544,0,0
LOT-021,LOT021-P025,10.0462,10.1892,10.4928,10.7582,9.85,0.55,0.3567,0.6167,1.1687,1.6513,0.005958,0.003951,0,0
LOT-021,LOT021-P026,9.7629,9.9347,10.2103,10.404,9.85,0.55,-0.1584,0.154,0.6551,1.0073,0.007158,0.003259,0,0
LOT-021,LOT021-P027,10.3165,10.4717,10.5491,10.7957,9.85,0.55,0.8482,1.1304,1.2711,1.7195,0.006467,0.00225,0,0
LOT-021,LOT021-P028,10.221,10.3794,10.6501,10.91,9.85,0.55,0.6745,0.9625,1.4547,1.9273,0.0066,0.003685,0,0
LOT-021,LOT021-P029,9.6689,9.8271,10.0226,10.198,9.85,0.55,-0.3293,-0.0416,0.3138,0.6327,0.006592,0.002576,0,0
LOT-021,LOT021-P030,9.6408,9.8485,10.0867,10.3355,9.85,0.55,-0.3804,-0.0027,0.4304,0.8827,0.008654,0.003382,0,0
LOT-021,LOT021-P031,9.5217,10.4954,14.6608,22.8704,9.85,0.55,-0.5969,1.1735,8.7469,23.6735,0.040571,0.085938,0,1
LOT-021,LOT021-P032,9.5048,10.6237,14.2204,22.7719,9.85,0.55,-0.6276,1.4067,7.9462,23.4944,0.046621,0.084362,0,1
LOT-021,LOT021-P033,10.1482,10.2944,10.5564,10.8365,9.85,0.55,0.5422,0.808,1.2844,1.7936,0.006092,0.003765,0,0
LOT-021,LOT021-P034,9.0181,9.2079,9.4392,9.5706,9.85,0.55,-1.5125,-1.1675,-0.7469,-0.508,0.007908,0.002519,0,0
LOT-021,LOT021-P035,9.4223,9.596,9.7651,9.9123,9.85,0.55,-0.7776,-0.4618,-0.1544,0.1133,0.007238,0.002197,0,0
LOT-021,LOT021-P036,10.2954,10.5455,10.7344,10.8945,9.85,0.55,0.8098,1.2645,1.608,1.8991,0.010421,0.002424,0,0
LOT-021,LOT021-P037,10.089,10.3684,10.7474,10.9794,9.85,0.55,0.4345,0.9425,1.6316,2.0535,0.011642,0.004243,0,0
LOT-021,LOT021-P038,10.0939,11.4573,16.3095,20.8666,9.85,0.55,0.4435,2.9224,11.7445,20.0302,0.056808,0.065342,0,1
LOT-021,LOT021-P039,9.1931,9.495,9.745,9.833,9.85,0.55,-1.1944,-0.6455,-0.1909,-0.0309,0.012579,0.002347,0,0
LOT-021,LOT021-P040,10.1586,10.4481,10.808,10.9068,9.85,0.55,0.5611,1.0875,1.7418,1.9215,0.012063,0.003185,0,0
LOT-021,LOT021-P041,9.1706,9.2969,9.4872,9.775,9.85,0.55,-1.2353,-1.0056,-0.6596,-0.1364,0.005263,0.00332,0,0
LOT-021,LOT021-P042,10.3077,10.4439,10.5365,10.7038,9.85,0.55,0.8322,1.0798,1.2482,1.5524,0.005675,0.001805,0,0
LOT-021,LOT021-P043,10.5257,10.6851,10.9155,11.14,9.85,0.55,1.2285,1.5184,1.9373,2.3455,0.006642,0.003159,0,0
LOT-021,LOT021-P044,8.7215,8.9938,9.2158,9.3224,9.85,0.55,-2.0518,-1.5567,-1.1531,-0.9593,0.011346,0.002282,0,0
LOT-021,LOT021-P045,10.8213,11.0045,11.1497,11.2416,9.85,0.55,1.766,2.0991,2.3631,2.5302,0.007633,0.001647,0,0
LOT-021,LOT021-P046,9.5345,9.7476,9.9817,10.1623,9.85,0.55,-0.5736,-0.1862,0.2395,0.5678,0.008879,0.00288,0,0
LOT-021,LOT021-P047,9.4207,9.5898,9.8335,10.0348,9.85,0.55,-0.7805,-0.4731,-0.03,0.336,0.007046,0.00309,0,0
LOT-021,LOT021-P048,9.1892,9.3441,9.6776,9.8601,9.85,0.55,-1.2015,-0.9198,-0.3135,0.0184,0.006454,0.003583,0,0
LOT-021,LOT021-P049,10.1057,10.3635,10.6708,10.896,9.85,0.55,0.4649,0.9336,1.4924,1.9018,0.010742,0.003698,0,0
LOT-021,LOT021-P050,10.1009,11.8308,17.1258,25.0007,9.85,0.55,0.4562,3.6015,13.2287,27.5467,0.072079,0.091458,0,1
LOT-021,LOT021-P051,10.3086,10.4608,10.6089,10.8257,9.85,0.55,0.8338,1.1105,1.3798,1.774,0.006342,0.002534,0,0
LOT-021,LOT021-P052,9.2452,9.4507,9.7774,9.8576,9.85,0.55,-1.0996,-0.726,-0.132,0.0138,0.008562,0.002826,0,0
LOT-021,LOT021-P053,9.3572,9.521,9.7678,9.9537,9.85,0.55,-0.896,-0.5982,-0.1495,0.1885,0.006825,0.003005,0,0
LOT-021,LOT021-P054,10.2163,10.4691,10.6543,11.0001,9.85,0.55,0.666,1.1256,1.4624,2.0911,0.010533,0.003688,0,0
LOT-021,LOT021-P055,10.0518,10.2841,10.5219,10.8033,9.85,0.55,0.3669,0.7893,1.2216,1.7333,0.009679,0.003606,0,0
LOT-021,LOT021-P056,9.7375,9.9098,10.1724,10.3826,9.85,0.55,-0.2045,0.1087,0.5862,0.9684,0.007179,0.003283,0,0
LOT-021,LOT021-P057,9.0594,9.1719,9.3732,9.5606,9.85,0.55,-1.4375,-1.2329,-0.8669,-0.5262,0.004688,0.002699,0,0
LOT-021,LOT021-P058,8.715,8.8142,9.2502,9.5596,9.85,0.55,-2.0636,-1.8833,-1.0905,-0.528,0.004133,0.005176,0,0
LOT-021,LOT021-P059,9.6664,9.9512,10.1478,10.415,9.85,0.55,-0.3338,0.184,0.5415,1.0273,0.011867,0.003221,0,0
LOT-021,LOT021-P060,9.8249,9.9909,10.0557,10.1813,9.85,0.55,-0.0456,0.2562,0.374,0.6024,0.006917,0.001322,0,0
LOT-021,LOT021-P061,8.8459,8.9651,9.0983,9.3309,9.85,0.55,-1.8256,-1.6089,-1.3667,-0.9438,0.004967,0.00254,0,0
LOT-021,LOT021-P062,10.2473,10.3944,10.5044,10.69,9.85,0.55,0.7224,0.9898,1.1898,1.5273,0.006129,0.002053,0,0
LOT-021,LOT021-P063,9.8681,10.1236,10.3031,10.4148,9.85,0.55,0.0329,0.4975,0.8238,1.0269,0.010646,0.002022,0,0
LOT-021,LOT021-P064,9.8753,10.0615,10.3185,10.6113,9.85,0.55,0.046,0.3845,0.8518,1.3842,0.007758,0.003818,0,0
LOT-021,LOT021-P065,11.0736,11.3181,11.559,11.6696,9.85,0.55,2.2247,2.6693,3.1073,3.3084,0.010187,0.002441,0,0
LOT-021,LOT021-P066,9.92,10.1322,10.3426,10.5514,9.85,0.55,0.1273,0.5131,0.8956,1.2753,0.008842,0.002911,0,0
LOT-021,LOT021-P067,9.438,9.5498,9.8241,10.0576,9.85,0.55,-0.7491,-0.5458,-0.0471,0.3775,0.004658,0.003526,0,0
LOT-021,LOT021-P068,10.7794,11.0495,11.2426,11.3227,9.85,0.55,1.6898,2.1809,2.532,2.6776,0.011254,0.001897,0,0
LOT-021,LOT021-P069,8.9535,9.0954,9.4929,9.6824,9.85,0.55,-1.63,-1.372,-0.6493,-0.3047,0.005912,0.004076,0,0
LOT-021,LOT021-P070,10.8549,11.0731,11.3731,11.5128,9.85,0.55,1.8271,2.2238,2.7693,3.0233,0.009092,0.003053,0,0
LOT-021,LOT021-P071,10.6335,10.8065,11.0976,11.3069,9.85,0.55,1.4245,1.7391,2.2684,2.6489,0.007208,0.003475,0,0
LOT-021,LOT021-P072,10.3086,10.5309,10.6885,10.8725,9.85,0.55,0.8338,1.238,1.5245,1.8591,0.009263,0.002372,0,0
LOT-021,LOT021-P073,10.0845,10.2727,10.5029,10.8286,9.85,0.55,0.4264,0.7685,1.1871,1.7793,0.007842,0.00386,0,0
LOT-021,LOT021-P074,9.1958,9.3282,9.4488,9.5035,9.85,0.55,-1.1895,-0.9487,-0.7295,-0.63,0.005517,0.001217,0,0
LOT-021,LOT021-P075,9.2119,9.3045,9.6131,9.7577,9.85,0.55,-1.1602,-0.9918,-0.4307,-0.1678,0.003858,0.003147,0,0
LOT-021,LOT021-P076,10.1493,10.3381,10.6611,10.8681,9.85,0.55,0.5442,0.8875,1.4747,1.8511,0.007867,0.003681,0,0
LOT-021,LOT021-P077,9.4109,9.7334,10.0275,10.1527,9.85,0.55,-0.7984,-0.212,0.3227,0.5504,0.013437,0.002912,0,0
LOT-021,LOT021-P078,10.1824,10.4047,10.6338,10.8672,9.85,0.55,0.6044,1.0085,1.4251,1.8495,0.009263,0.003212,0,0
LOT-021,LOT021-P079,9.3727,9.6313,9.9107,10.1219,9.85,0.55,-0.8678,-0.3976,0.1104,0.4944,0.010775,0.003407,0,0
LOT-021,LOT021-P080,10.1783,11.7673,17.0692,25.6823,9.85,0.55,0.5969,3.486,13.1258,28.786,0.066208,0.096632,0,1
LOT-021,LOT021-P081,46.108,58.2556,82.3116,115.443,9.85,0.55,65.9236,88.0102,131.7484,191.9873,0.50615,0.397135,1,1
LOT-021,LOT021-P082,10.421,10.5719,10.8516,11.0119,9.85,0.55,1.0382,1.3125,1.8211,2.1125,0.006288,0.003056,0,0
LOT-021,LOT021-P083,9.0364,9.2065,9.39,9.6146,9.85,0.55,-1.4793,-1.17,-0.8364,-0.428,0.007087,0.002834,0,0
LOT-021,LOT021-P084,10.3241,10.5499,10.7922,11.0287,9.85,0.55,0.862,1.2725,1.7131,2.1431,0.009408,0.003325,0,0
LOT-021,LOT021-P085,10.6641,10.8855,11.2386,11.3085,9.85,0.55,1.4802,1.8827,2.5247,2.6518,0.009225,0.002938,0,0
LOT-021,LOT021-P086,9.5021,10.8306,15.5183,21.582,9.85,0.55,-0.6325,1.7829,10.306,21.3309,0.055354,0.074663,0,1
LOT-021,LOT021-P087,10.2828,10.4982,10.8121,11.0478,9.85,0.55,0.7869,1.1785,1.7493,2.1778,0.008975,0.003817,0,0
LOT-021,LOT021-P088,9.9136,10.1354,10.297,10.5036,9.85,0.55,0.1156,0.5189,0.8127,1.1884,0.009242,0.002557,0,0
LOT-021,LOT021-P089,9.3096,9.5642,9.923,10.0668,9.85,0.55,-0.9825,-0.5196,0.1327,0.3942,0.010608,0.00349,0,0
LOT-021,LOT021-P090,10.352,10.5665,10.9634,11.1896,9.85,0.55,0.9127,1.3027,2.0244,2.4356,0.008937,0.004327,0,0
LOT-021,LOT021-P091,9.904,11.6353,15.2673,22.7086,9.85,0.55,0.0982,3.246,9.8496,23.3793,0.072138,0.076898,0,1
LOT-021,LOT021-P092,10.0105,10.1962,10.487,10.7021,9.85,0.55,0.2918,0.6295,1.1582,1.5493,0.007737,0.003513,0,0
LOT-021,LOT021-P093,9.2912,9.5377,9.8365,9.93,9.85,0.55,-1.016,-0.5678,-0.0245,0.1455,0.010271,0.002724,0,0
LOT-021,LOT021-P094,9.045,9.1344,9.3122,9.3562,9.85,0.55,-1.4636,-1.3011,-0.9778,-0.8978,0.003725,0.00154,0,0
LOT-021,LOT021-P095,9.8328,9.9736,10.3058,10.5167,9.85,0.55,-0.0313,0.2247,0.8287,1.2122,0.005867,0.003772,0,0
LOT-021,LOT021-P096,10.7308,10.9306,11.2556,11.42,9.85,0.55,1.6015,1.9647,2.5556,2.8545,0.008325,0.003399,0,0
LOT-021,LOT021-P097,10.8773,11.0125,11.2349,11.46,9.85,0.55,1.8678,2.1136,2.518,2.9273,0.005633,0.003108,0,0
LOT-021,LOT021-P098,10.4679,10.6214,10.9524,11.1273,9.85,0.55,1.1235,1.4025,2.0044,2.3224,0.006396,0.003513,0,0
LOT-021,LOT021-P099,10.3236,10.5795,10.8263,10.9822,9.85,0.55,0.8611,1.3264,1.7751,2.0585,0.010662,0.002797,0,0
LOT-021,LOT021-P100,9.1552,9.3205,9.5326,9.8524,9.85,0.55,-1.2633,-0.9627,-0.5771,0.0044,0.006887,0.003694,0,0
LOT-022,LOT022-P001,11.4407,11.6364,11.8516,12.1004,10.45,0.68,1.4569,1.7447,2.0612,2.4271,0.008154,0.003222,0,0
LOT-022,LOT022-P002,9.7837,9.944,10.2986,10.63,10.45,0.68,-0.9799,-0.7441,-0.2226,0.2647,0.006679,0.004764,0,0
LOT-022,LOT022-P003,9.73,9.975,10.2275,10.404,10.45,0.68,-1.0588,-0.6985,-0.3272,-0.0676,0.010208,0.002979,0,0
LOT-022,LOT022-P004,45.6094,59.4304,83.4091,111.0511,10.45,0.68,51.705,72.03,107.2928,147.9428,0.575875,0.358477,1,1
LOT-022,LOT022-P005,10.2554,10.3633,10.5524,10.7416,10.45,0.68,-0.2862,-0.1275,0.1506,0.4288,0.004496,0.002627,0,0
LOT-022,LOT022-P006,11.3579,11.624,11.8151,12.1461,10.45,0.68,1.3351,1.7265,2.0075,2.4943,0.011087,0.003626,0,0
LOT-022,LOT022-P007,9.5692,9.7985,10.0193,10.3594,10.45,0.68,-1.2953,-0.9581,-0.6334,-0.1332,0.009554,0.003895,0,0
LOT-022,LOT022-P008,10.5656,10.7201,10.8793,11.1645,10.45,0.68,0.17,0.3972,0.6313,1.0507,0.006438,0.003086,0,0
LOT-022,LOT022-P009,9.3101,9.4425,9.7212,9.8596,10.45,0.68,-1.6763,-1.4816,-1.0718,-0.8682,0.005517,0.002897,0,0
LOT-022,LOT022-P010,10.6392,10.8399,11.2712,11.615,10.45,0.68,0.2782,0.5734,1.2076,1.7132,0.008362,0.005383,0,0
LOT-022,LOT022-P011,9.64,9.8715,10.1129,10.3052,10.45,0.68,-1.1912,-0.8507,-0.4957,-0.2129,0.009646,0.003012,0,0
LOT-022,LOT022-P012,9.1087,9.2734,9.4391,9.5052,10.45,0.68,-1.9725,-1.7303,-1.4866,-1.3894,0.006862,0.00161,0,0
LOT-022,LOT022-P013,9.9895,10.1606,10.2723,10.4932,10.45,0.68,-0.6772,-0.4256,-0.2613,0.0635,0.007129,0.00231,0,0
LOT-022,LOT022-P014,9.965,10.1655,10.3452,10.5312,10.45,0.68,-0.7132,-0.4184,-0.1541,0.1194,0.008354,0.00254,0,0
LOT-022,LOT022-P015,10.3117,10.5114,10.7156,10.7318,10.45,0.68,-0.2034,0.0903,0.3906,0.4144,0.008321,0.001531,0,0
LOT-022,LOT022-P016,10.2361,10.4529,10.5357,10.8431,10.45,0.68,-0.3146,0.0043,0.126,0.5781,0.009033,0.00271,0,0
LOT-022,LOT022-P017,10.5407,10.765,10.8598,10.8994,10.45,0.68,0.1334,0.4632,0.6026,0.6609,0.009346,0.000933,0,0
LOT-022,LOT022-P018,9.0217,10.4586,14.9597,23.0641,10.45,0.68,-2.1004,0.0126,6.6319,18.5501,0.059871,0.087538,0,1
LOT-022,LOT022-P019,10.3177,10.5947,10.6615,10.8958,10.45,0.68,-0.1946,0.2128,0.311,0.6556,0.011542,0.002091,0,0
LOT-022,LOT022-P020,10.6881,10.9048,11.0917,11.2063,10.45,0.68,0.3501,0.6688,0.9437,1.1122,0.009029,0.002094,0,0
LOT-022,LOT022-P021,10.9787,11.2292,11.4842,11.8709,10.45,0.68,0.7775,1.1459,1.5209,2.0896,0.010438,0.004456,0,0
LOT-022,LOT022-P022,9.9444,10.1399,10.4765,10.6408,10.45,0.68,-0.7435,-0.456,0.039,0.2806,0.008146,0.003478,0,0
LOT-022,LOT022-P023,10.3463,10.5541,10.7353,10.9282,10.45,0.68,-0.1525,0.1531,0.4196,0.7032,0.008658,0.002598,0,0
LOT-022,LOT022-P024,10.6072,10.7834,10.9935,11.2519,10.45,0.68,0.2312,0.4903,0.7993,1.1793,0.007342,0.003253,0,0
LOT-022,LOT022-P025,10.8321,11.1756,11.5414,11.7587,10.45,0.68,0.5619,1.0671,1.605,1.9246,0.014312,0.004049,0,0
LOT-022,LOT022-P026,10.1552,10.3458,10.509,10.7174,10.45,0.68,-0.4335,-0.1532,0.0868,0.3932,0.007942,0.002581,0,0
LOT-022,LOT022-P027,9.9,9.9627,10.1103,10.3945,10.45,0.68,-0.8088,-0.7166,-0.4996,-0.0816,0.002612,0.002999,0,0
LOT-022,LOT022-P028,10.8578,11.0753,11.3939,11.4253,10.45,0.68,0.5997,0.9196,1.3881,1.4343,0.009063,0.002431,0,0
LOT-022,LOT022-P029,10.8134,11.067,11.3896,11.6056,10.45,0.68,0.5344,0.9074,1.3818,1.6994,0.010567,0.00374,0,0
LOT-022,LOT022-P030,10.1893,10.3523,10.7188,10.9011,10.45,0.68,-0.3834,-0.1437,0.3953,0.6634,0.006792,0.003811,0,0
LOT-022,LOT022-P031,10.7211,10.9839,11.3425,11.5662,10.45,0.68,0.3987,0.7851,1.3125,1.6415,0.01095,0.004044,0,0
LOT-022,LOT022-P032,11.6681,11.8836,12.0417,12.3729,10.45,0.68,1.7913,2.1082,2.3407,2.8278,0.008979,0.003398,0,0
LOT-022,LOT022-P033,11.2749,11.6272,12.0666,12.1453,10.45,0.68,1.2131,1.7312,2.3774,2.4931,0.014679,0.003598,0,0
LOT-022,LOT022-P034,11.1595,11.4156,11.7265,12.0006,10.45,0.68,1.0434,1.42,1.8772,2.2803,0.010671,0.004063,0,0
LOT-022,LOT022-P035,11.2292,11.3603,11.6122,11.8666,10.45,0.68,1.1459,1.3387,1.7091,2.0832,0.005462,0.003516,0,0
LOT-022,LOT022-P036,10.2508,10.4021,10.6501,10.9157,10.45,0.68,-0.2929,-0.0704,0.2943,0.6849,0.006304,0.003567,0,0
LOT-022,LOT022-P037,10.2644,10.3816,10.5977,10.8111,10.45,0.68,-0.2729,-0.1006,0.2172,0.531,0.004883,0.002983,0,0
LOT-022,LOT022-P038,12.0165,12.2545,12.463,12.7118,10.45,0.68,2.3037,2.6537,2.9603,3.3262,0.009917,0.003176,0,0
LOT-022,LOT022-P039,9.0074,9.2291,9.5553,9.789,10.45,0.68,-2.1215,-1.7954,-1.3157,-0.9721,0.009238,0.003888,0,0
LOT-022,LOT022-P040,10.3685,10.6828,10.9882,11.1638,10.45,0.68,-0.1199,0.3424,0.7915,1.0497,0.013096,0.00334,0,0
LOT-022,LOT022-P041,9.8679,11.6957,17.4254,24.0281,10.45,0.68,-0.856,1.8319,10.2579,19.9678,0.076158,0.085642,0,1
LOT-022,LOT022-P042,8.7379,8.9096,9.1336,9.3288,10.45,0.68,-2.5178,-2.2653,-1.9359,-1.6488,0.007154,0.002911,0,0
LOT-022,LOT022-P043,9.9943,11.6021,15.2476,23.0481,10.45,0.68,-0.6701,1.6943,7.0553,18.5266,0.066992,0.079486,0,1
LOT-022,LOT022-P044,11.288,11.4011,11.6865,11.8843,10.45,0.68,1.2324,1.3987,1.8184,2.1093,0.004712,0.003356,0,0
LOT-022,LOT022-P045,8.5742,8.7466,9.0552,9.274,10.45,0.68,-2.7585,-2.505,-2.0512,-1.7294,0.007183,0.003662,0,0
LOT-022,LOT022-P046,10.5116,10.6485,10.957,11.2851,10.45,0.68,0.0906,0.2919,0.7456,1.2281,0.005704,0.004421,0,0
LOT-022,LOT022-P047,10.4276,10.563,10.8584,10.9452,10.45,0.68,-0.0329,0.1662,0.6006,0.7282,0.005642,0.002654,0,0
LOT-022,LOT022-P048,9.638,9.7653,9.9985,10.1864,10.45,0.68,-1.1941,-1.0069,-0.664,-0.3876,0.005304,0.002924,0,0
LOT-022,LOT022-P049,10.3204,10.5102,10.8803,11.0456,10.45,0.68,-0.1906,0.0885,0.6328,0.8759,0.007908,0.003718,0,0
LOT-022,LOT022-P050,10.5124,10.7174,11.0038,11.4295,10.45,0.68,0.0918,0.3932,0.8144,1.4404,0.008542,0.004945,0,0
LOT-022,LOT022-P051,10.252,10.4779,10.7956,10.951,10.45,0.68,-0.2912,0.041,0.5082,0.7368,0.009412,0.003285,0,0
LOT-022,LOT022-P052,10.239,10.4773,10.6642,11.0073,10.45,0.68,-0.3103,0.0401,0.315,0.8196,0.009929,0.003681,0,0
LOT-022,LOT022-P053,10.4413,10.6511,10.998,11.2228,10.45,0.68,-0.0128,0.2957,0.8059,1.1365,0.008742,0.00397,0,0
LOT-022,LOT022-P054,11.063,11.2761,11.5873,11.6876,10.45,0.68,0.9015,1.2149,1.6725,1.82,0.008879,0.002858,0,0
LOT-022,LOT022-P055,10.7425,10.8989,11.1026,11.3435,10.45,0.68,0.4301,0.6601,0.9597,1.314,0.006517,0.003088,0,0
LOT-022,LOT022-P056,10.2471,10.5176,10.7171,10.9969,10.45,0.68,-0.2984,0.0994,0.3928,0.8043,0.011271,0.003328,0,0
LOT-022,LOT022-P057,9.667,9.7498,9.9084,10.2031,10.45,0.68,-1.1515,-1.0297,-0.7965,-0.3631,0.00345,0.003148,0,0
LOT-022,LOT022-P058,9.7024,9.8805,10.1713,10.3735,10.45,0.68,-1.0994,-0.8375,-0.4099,-0.1125,0.007421,0.003424,0,0
LOT-022,LOT022-P059,10.7023,10.8915,11.1284,11.3103,10.45,0.68,0.371,0.6493,0.9976,1.2651,0.007883,0.002908,0,0
LOT-022,LOT022-P060,9.5811,9.6937,9.8881,9.9347,10.45,0.68,-1.2778,-1.1122,-0.8263,-0.7578,0.004692,0.001674,0,0
LOT-022,LOT022-P061,9.5816,9.7931,10.0229,10.052,10.45,0.68,-1.2771,-0.966,-0.6281,-0.5853,0.008813,0.001798,0,0
LOT-022,LOT022-P062,10.5803,10.8065,11.0515,11.25,10.45,0.68,0.1916,0.5243,0.8846,1.1765,0.009425,0.00308,0,0
LOT-022,LOT022-P063,10.2484,10.4834,10.6733,10.8599,10.45,0.68,-0.2965,0.0491,0.3284,0.6028,0.009792,0.002615,0,0
LOT-022,LOT022-P064,10.6084,10.7268,10.9259,11.2846,10.45,0.68,0.2329,0.4071,0.6999,1.2274,0.004933,0.003874,0,0
LOT-022,LOT022-P065,10.6533,12.0163,17.3678,24.7263,10.45,0.68,0.299,2.3034,10.1732,20.9946,0.056792,0.088264,0,1
LOT-022,LOT022-P066,9.8828,10.862,15.056,22.1147,10.45,0.68,-0.8341,0.6059,6.7735,17.154,0.0408,0.078144,0,1
LOT-022,LOT022-P067,11.6353,11.8028,11.972,12.1566,10.45,0.68,1.7431,1.9894,2.2382,2.5097,0.006979,0.002457,0,0
LOT-022,LOT022-P068,10.4722,10.6529,10.9464,11.2429,10.45,0.68,0.0326,0.2984,0.73,1.166,0.007529,0.004097,0,0
LOT-022,LOT022-P069,10.8997,10.9947,11.208,11.2238,10.45,0.68,0.6613,0.801,1.1147,1.1379,0.003958,0.001591,0,0
LOT-022,LOT022-P070,10.3396,10.5034,10.7226,10.8953,10.45,0.68,-0.1624,0.0785,0.4009,0.6549,0.006825,0.002722,0,0
LOT-022,LOT022-P071,9.8494,10.1245,10.3433,10.5706,10.45,0.68,-0.8832,-0.4787,-0.1569,0.1774,0.011463,0.003098,0,0
LOT-022,LOT022-P072,10.0536,10.3098,10.4538,10.5444,10.45,0.68,-0.5829,-0.2062,0.0056,0.1388,0.010675,0.001629,0,0
LOT-022,LOT022-P073,10.3737,10.4888,10.7422,10.9919,10.45,0.68,-0.1122,0.0571,0.4297,0.7969,0.004796,0.003494,0,0
LOT-022,LOT022-P074,10.6349,10.9022,11.1132,11.1139,10.45,0.68,0.2719,0.665,0.9753,0.9763,0.011138,0.00147,0,0
LOT-022,LOT022-P075,10.494,10.6475,10.8234,11.0377,10.45,0.68,0.0647,0.2904,0.5491,0.8643,0.006396,0.00271,0,0
LOT-022,LOT022-P076,11.7339,11.9305,12.3454,12.5282,10.45,0.68,1.8881,2.1772,2.7874,3.0562,0.008192,0.004151,0,0
LOT-022,LOT022-P077,11.2585,11.3806,11.621,11.7685,10.45,0.68,1.189,1.3685,1.7221,1.939,0.005087,0.002694,0,0
LOT-022,LOT022-P078,10.3621,10.5459,10.7426,10.9255,10.45,0.68,-0.1293,0.141,0.4303,0.6993,0.007658,0.002636,0,0
LOT-022,LOT022-P079,11.0418,11.2763,11.4809,11.7618,10.45,0.68,0.8703,1.2151,1.516,1.9291,0.009771,0.003372,0,0
LOT-022,LOT022-P080,10.5681,10.9647,11.205,11.4117,10.45,0.68,0.1737,0.7569,1.1103,1.4143,0.016525,0.003104,0,0
LOT-022,LOT022-P081,9.8772,10.0672,10.3049,10.4048,10.45,0.68,-0.8424,-0.5629,-0.2134,-0.0665,0.007917,0.002344,0,0
LOT-022,LOT022-P082,11.1815,11.3507,11.5306,11.8172,10.45,0.68,1.0757,1.3246,1.5891,2.0106,0.00705,0.00324,0,0
LOT-022,LOT022-P083,11.386,11.7144,12.0433,12.3733,10.45,0.68,1.3765,1.8594,2.3431,2.8284,0.013683,0.004576,0,0
LOT-022,LOT022-P084,9.6178,9.7541,10.0769,10.2291,10.45,0.68,-1.2238,-1.0234,-0.5487,-0.3249,0.005679,0.003299,0,0
LOT-022,LOT022-P085,9.6745,11.3148,15.4001,23.0907,10.45,0.68,-1.1404,1.2718,7.2796,18.5893,0.068346,0.081777,0,1
LOT-022,LOT022-P086,11.9206,12.1046,12.3645,12.5683,10.45,0.68,2.1626,2.4332,2.8154,3.1151,0.007667,0.00322,0,0
LOT-022,LOT022-P087,9.5445,9.7361,10.09,10.3052,10.45,0.68,-1.3316,-1.0499,-0.5294,-0.2129,0.007983,0.003952,0,0
LOT-022,LOT022-P088,9.751,11.1883,15.1517,23.8655,10.45,0.68,-1.0279,1.0857,6.9143,19.7287,0.059888,0.088036,0,1
LOT-022,LOT022-P089,11.1625,11.3515,11.7035,11.9827,10.45,0.68,1.0478,1.3257,1.8434,2.254,0.007875,0.004383,0,0
LOT-022,LOT022-P090,10.542,10.7843,11.0683,11.342,10.45,0.68,0.1353,0.4916,0.9093,1.3118,0.010096,0.003873,0,0
LOT-022,LOT022-P091,10.9949,11.267,11.5651,11.6723,10.45,0.68,0.8013,1.2015,1.6399,1.7975,0.011338,0.002815,0,0
LOT-022,LOT022-P092,9.5534,9.8472,10.0323,10.0985,10.45,0.68,-1.3185,-0.8865,-0.6143,-0.5169,0.012242,0.001745,0,0
LOT-022,LOT022-P093,10.3026,10.539,10.6566,10.801,10.45,0.68,-0.2168,0.1309,0.3038,0.5162,0.00985,0.001819,0,0
LOT-022,LOT022-P094,10.3876,10.7111,11.1356,11.2246,10.45,0.68,-0.0918,0.384,1.0082,1.1391,0.013479,0.003566,0,0
LOT-022,LOT022-P095,10.412,10.6131,10.7284,10.8614,10.45,0.68,-0.0559,0.2399,0.4094,0.605,0.008379,0.001724,0,0
LOT-022,LOT022-P096,11.0624,11.1667,11.3608,11.6674,10.45,0.68,0.9006,1.054,1.3394,1.7903,0.004346,0.003477,0,0
LOT-022,LOT022-P097,9.5865,9.7661,9.9022,10.2577,10.45,0.68,-1.2699,-1.0057,-0.8056,-0.2828,0.007483,0.003414,0,0
LOT-022,LOT022-P098,10.645,10.7985,11.0902,11.3295,10.45,0.68,0.2868,0.5125,0.9415,1.2934,0.006396,0.003687,0,0
LOT-022,LOT022-P099,9.8602,11.1816,15.4049,23.1716,10.45,0.68,-0.8674,1.0759,7.2866,18.7082,0.055058,0.083264,0,1
LOT-022,LOT022-P100,11.017,11.1491,11.3579,11.552,10.45,0.68,0.8338,1.0281,1.3351,1.6206,0.005504,0.002798,0,0
LOT-023,LOT023-P001,10.2219,10.3605,10.6242,10.8385,9.2,0.48,2.129,2.4177,2.9671,3.4135,0.005775,0.003319,0,0
LOT-023,LOT023-P002,41.776,56.0029,81.4335,121.2915,9.2,0.48,67.8667,97.506,150.4865,233.524,0.592787,0.453393,1,1
LOT-023,LOT023-P003,9.3661,9.548,9.7887,10.0404,9.2,0.48,0.346,0.725,1.2265,1.7508,0.007579,0.003419,0,0
LOT-023,LOT023-P004,8.7222,8.7586,8.9609,9.2234,9.2,0.48,-0.9954,-0.9196,-0.4981,0.0488,0.001517,0.003228,0,0
LOT-023,LOT023-P005,9.261,9.4594,9.7273,9.9331,9.2,0.48,0.1271,0.5404,1.0985,1.5273,0.008267,0.00329,0,0
LOT-023,LOT023-P006,8.8764,9.0564,9.3038,9.427,9.2,0.48,-0.6742,-0.2992,0.2163,0.4729,0.0075,0.002574,0,0
LOT-023,LOT023-P007,8.8627,9.1158,9.4198,9.6534,9.2,0.48,-0.7027,-0.1754,0.4579,0.9446,0.010546,0.003733,0,0
LOT-023,LOT023-P008,8.3986,10.1012,15.2029,22.9692,9.2,0.48,-1.6696,1.8775,12.506,28.6858,0.070942,0.089361,0,1
LOT-023,LOT023-P009,9.4711,9.6359,10.0124,10.1023,9.2,0.48,0.5648,0.9081,1.6925,1.8798,0.006867,0.003239,0,0
LOT-023,LOT023-P010,9.2405,9.3641,9.508,9.7806,9.2,0.48,0.0844,0.3419,0.6417,1.2096,0.00515,0.002892,0,0
LOT-023,LOT023-P011,8.7846,9.0122,9.1922,9.3852,9.2,0.48,-0.8654,-0.3912,-0.0162,0.3858,0.009483,0.00259,0,0
LOT-023,LOT023-P012,9.7832,10.0519,10.2762,10.5763,9.2,0.48,1.215,1.7748,2.2421,2.8673,0.011196,0.003642,0,0
LOT-023,LOT023-P013,8.3575,8.5176,8.7444,8.8843,9.2,0.48,-1.7552,-1.4217,-0.9492,-0.6577,0.006671,0.002547,0,0
LOT-023,LOT023-P014,9.2591,9.4824,9.6885,9.6562,9.2,0.48,0.1231,0.5883,1.0177,0.9504,0.009304,0.001207,0,0
LOT-023,LOT023-P015,53.8807,67.8556,90.6672,122.6686,9.2,0.48,93.0848,122.1992,169.7233,236.3929,0.582287,0.380646,1,1
LOT-023,LOT023-P016,8.7778,8.9971,9.1744,9.3076,9.2,0.48,-0.8796,-0.4227,-0.0533,0.2242,0.009138,0.002156,0,0
LOT-023,LOT023-P017,8.497,8.7129,8.9526,9.0907,9.2,0.48,-1.4646,-1.0148,-0.5154,-0.2277,0.008996,0.002624,0,0
LOT-023,LOT023-P018,8.3837,8.6067,8.8335,9.1479,9.2,0.48,-1.7006,-1.236,-0.7635,-0.1085,0.009292,0.003758,0,0
LOT-023,LOT023-P019,9.1689,9.3015,9.571,9.5918,9.2,0.48,-0.0648,0.2115,0.7729,0.8162,0.005525,0.002016,0,0
LOT-023,LOT023-P020,8.741,8.865,9.1316,9.4774,9.2,0.48,-0.9562,-0.6979,-0.1425,0.5779,0.005167,0.004253,0,0
LOT-023,LOT023-P021,9.1333,9.2502,9.414,9.6341,9.2,0.48,-0.139,0.1046,0.4458,0.9044,0.004871,0.002666,0,0
LOT-023,LOT023-P022,9.806,10.191,10.3541,10.6265,9.2,0.48,1.2625,2.0646,2.4044,2.9719,0.016042,0.003024,0,0
LOT-023,LOT023-P023,9.5577,9.7285,10.0485,10.2698,9.2,0.48,0.7452,1.101,1.7677,2.2288,0.007117,0.003759,0,0
LOT-023,LOT023-P024,9.147,9.3613,9.6067,9.8188,9.2,0.48,-0.1104,0.336,0.8473,1.2892,0.008929,0.003177,0,0
LOT-023,LOT023-P025,10.0399,10.2221,10.4625,10.6971,9.2,0.48,1.7498,2.1294,2.6302,3.119,0.007592,0.003299,0,0
LOT-023,LOT023-P026,9.5071,9.6365,9.6452,9.7135,9.2,0.48,0.6398,0.9094,0.9275,1.0698,0.005392,0.000535,0,0
LOT-023,LOT023-P027,9.0784,9.3228,9.5501,9.7359,9.2,0.48,-0.2533,0.2558,0.7294,1.1165,0.010183,0.002869,0,0
LOT-023,LOT023-P028,9.0451,9.1928,9.2935,9.4225,9.2,0.48,-0.3227,-0.015,0.1948,0.4635,0.006154,0.001595,0,0
LOT-023,LOT023-P029,50.2369,61.2925,80.5359,110.4638,9.2,0.48,85.4935,108.526,148.6165,210.9663,0.46065,0.341467,1,1
LOT-023,LOT023-P030,8.9941,9.2427,9.373,9.5336,9.2,0.48,-0.429,0.089,0.3604,0.695,0.010358,0.00202,0,0
LOT-023,LOT023-P031,9.6094,9.8066,10.2159,10.2654,9.2,0.48,0.8529,1.2638,2.1165,2.2196,0.008217,0.003186,0,0
LOT-023,LOT023-P032,9.2276,9.3926,9.6053,9.9089,9.2,0.48,0.0575,0.4013,0.8444,1.4769,0.006875,0.003585,0,0
LOT-023,LOT023-P033,8.5499,8.7358,9.0561,9.1824,9.2,0.48,-1.3544,-0.9671,-0.2998,-0.0367,0.007746,0.003101,0,0
LOT-023,LOT023-P034,9.249,9.5808,9.8144,9.9976,9.2,0.48,0.1021,0.7933,1.28,1.6617,0.013825,0.002894,0,0
LOT-023,LOT023-P035,9.3123,9.4407,9.6898,9.8727,9.2,0.48,0.234,0.5015,1.0204,1.4015,0.00535,0.003,0,0
LOT-023,LOT023-P036,7.8962,8.1292,8.4603,8.6339,9.2,0.48,-2.7162,-2.2308,-1.541,-1.1794,0.009708,0.003505,0,0
LOT-023,LOT023-P037,8.5762,9.5411,14.3095,19.4976,9.2,0.48,-1.2996,0.7106,10.6448,21.4533,0.040204,0.069142,0,1
LOT-023,LOT023-P038,9.0486,9.2266,9.3472,9.6609,9.2,0.48,-0.3154,0.0554,0.3067,0.9602,0.007417,0.003016,0,0
LOT-023,LOT023-P039,9.0396,9.2241,9.4191,9.6805,9.2,0.48,-0.3342,0.0502,0.4565,1.001,0.007687,0.003169,0,0
LOT-023,LOT023-P040,9.4663,9.6201,9.8613,10.0257,9.2,0.48,0.5548,0.8752,1.3777,1.7202,0.006408,0.002817,0,0
LOT-023,LOT023-P041,9.1846,9.3698,9.6713,9.8216,9.2,0.48,-0.0321,0.3538,0.9819,1.295,0.007717,0.003138,0,0
LOT-023,LOT023-P042,9.3118,9.4777,9.7691,10.0232,9.2,0.48,0.2329,0.5785,1.1856,1.715,0.006913,0.003788,0,0
LOT-023,LOT023-P043,8.8005,9.0874,9.4476,9.689,9.2,0.48,-0.8323,-0.2346,0.5158,1.0188,0.011954,0.004178,0,0
LOT-023,LOT023-P044,9.1824,9.3661,9.6008,9.6807,9.2,0.48,-0.0367,0.346,0.835,1.0015,0.007654,0.002185,0,0
LOT-023,LOT023-P045,9.6813,9.8287,10.132,10.3379,9.2,0.48,1.0027,1.3098,1.9417,2.3706,0.006142,0.003536,0,0
LOT-023,LOT023-P046,9.3593,9.5337,9.871,9.9833,9.2,0.48,0.3319,0.6952,1.3979,1.6319,0.007267,0.003122,0,0
LOT-023,LOT023-P047,8.5345,8.6914,8.9691,9.2499,9.2,0.48,-1.3865,-1.0596,-0.481,0.104,0.006538,0.003878,0,0
LOT-023,LOT023-P048,9.5661,9.6535,9.6825,9.9301,9.2,0.48,0.7627,0.9448,1.0052,1.521,0.003642,0.001921,0,0
LOT-023,LOT023-P049,9.0952,9.2162,9.5027,9.7917,9.2,0.48,-0.2183,0.0338,0.6306,1.2327,0.005042,0.003997,0,0
LOT-023,LOT023-P050,9.7883,10.0368,10.2757,10.5967,9.2,0.48,1.2256,1.7433,2.241,2.9098,0.010354,0.003888,0,0
LOT-023,LOT023-P051,8.9314,9.1204,9.4396,9.6116,9.2,0.48,-0.5596,-0.1658,0.4992,0.8575,0.007875,0.003411,0,0
LOT-023,LOT023-P052,8.7515,10.23,13.8417,18.8392,9.2,0.48,-0.9344,2.1458,9.6702,20.0817,0.061604,0.059786,0,1
LOT-023,LOT023-P053,9.4256,9.6659,9.8944,10.0206,9.2,0.48,0.47,0.9706,1.4467,1.7096,0.010013,0.002463,0,0
LOT-023,LOT023-P054,8.1986,9.8283,13.3458,19.629,9.2,0.48,-2.0862,1.309,8.6371,21.7271,0.067904,0.06806,0,1
LOT-023,LOT023-P055,10.0602,10.2439,10.5318,10.9204,9.2,0.48,1.7921,2.1748,2.7746,3.5842,0.007654,0.004698,0,0
LOT-023,LOT023-P056,9.1207,9.3284,9.7045,9.7726,9.2,0.48,-0.1652,0.2675,1.051,1.1929,0.008654,0.003085,0,0
LOT-023,LOT023-P057,9.6163,10.8289,16.0182,20.6681,9.2,0.48,0.8673,3.3935,14.2046,23.8919,0.050525,0.068328,0,1
LOT-023,LOT023-P058,9.2965,11.0599,16.1867,25.0939,9.2,0.48,0.201,3.8748,14.5556,33.1123,0.073475,0.097458,0,1
LOT-023,LOT023-P059,9.5368,9.6714,9.847,9.9541,9.2,0.48,0.7017,0.9821,1.3479,1.571,0.005608,0.001963,0,0
LOT-023,LOT023-P060,8.9761,9.1284,9.4173,9.4662,9.2,0.48,-0.4665,-0.1492,0.4527,0.5546,0.006346,0.002346,0,0
LOT-023,LOT023-P061,9.1563,9.3176,9.5415,9.7279,9.2,0.48,-0.091,0.245,0.7115,1.0998,0.006721,0.002849,0,0
LOT-023,LOT023-P062,9.2349,9.4161,9.7279,9.7475,9.2,0.48,0.0727,0.4502,1.0998,1.1406,0.00755,0.002301,0,0
LOT-023,LOT023-P063,9.4819,9.6261,9.9755,10.163,9.2,0.48,0.5873,0.8877,1.6156,2.0063,0.006008,0.003728,0,0
LOT-023,LOT023-P064,8.7486,8.9621,9.1223,9.333,9.2,0.48,-0.9404,-0.4956,-0.1619,0.2771,0.008896,0.002576,0,0
LOT-023,LOT023-P065,9.8582,9.9935,10.428,10.6552,9.2,0.48,1.3713,1.6531,2.5583,3.0317,0.005637,0.004595,0,0
LOT-023,LOT023-P066,9.0329,9.0689,9.2131,9.4804,9.2,0.48,-0.3481,-0.2731,0.0273,0.5842,0.0015,0.002858,0,0
LOT-023,LOT023-P067,8.8427,9.0157,9.3013,9.6201,9.2,0.48,-0.7444,-0.384,0.211,0.8752,0.007208,0.004197,0,0
LOT-023,LOT023-P068,8.0417,8.161,8.2958,8.5603,9.2,0.48,-2.4131,-2.1646,-1.8837,-1.3327,0.004971,0.002773,0,0
LOT-023,LOT023-P069,10.1383,10.2809,10.4832,10.613,9.2,0.48,1.9548,2.2519,2.6733,2.9438,0.005942,0.002306,0,0
LOT-023,LOT023-P070,8.6586,8.8561,9.0769,9.1512,9.2,0.48,-1.1279,-0.7165,-0.2565,-0.1017,0.008229,0.002049,0,0
LOT-023,LOT023-P071,9.8006,10.0443,10.1366,10.3612,9.2,0.48,1.2513,1.759,1.9513,2.4192,0.010154,0.002201,0,0
LOT-023,LOT023-P072,9.7834,9.9822,10.1026,10.4117,9.2,0.48,1.2154,1.6296,1.8804,2.5244,0.008283,0.002983,0,0
LOT-023,LOT023-P073,9.0764,9.1408,9.4143,9.5851,9.2,0.48,-0.2575,-0.1233,0.4465,0.8023,0.002683,0.003085,0,0
LOT-023,LOT023-P074,8.4532,8.6363,8.8791,9.0567,9.2,0.48,-1.5558,-1.1744,-0.6685,-0.2985,0.007629,0.002919,0,0
LOT-023,LOT023-P075,9.6298,9.7777,9.9922,10.2395,9.2,0.48,0.8954,1.2035,1.6504,2.1656,0.006162,0.003207,0,0
LOT-023,LOT023-P076,9.1075,9.2095,9.3126,9.5249,9.2,0.48,-0.1927,0.0198,0.2346,0.6769,0.00425,0.00219,0,0
LOT-023,LOT023-P077,10.1699,10.3149,10.5606,10.7069,9.2,0.48,2.0206,2.3227,2.8346,3.1394,0.006042,0.002722,0,0
LOT-023,LOT023-P078,9.8736,10.0867,10.2678,10.4127,9.2,0.48,1.4033,1.8473,2.2246,2.5265,0.008879,0.002264,0,0
LOT-023,LOT023-P079,9.2752,9.4279,9.7616,10.0724,9.2,0.48,0.1567,0.4748,1.17,1.8175,0.006362,0.004476,0,0
LOT-023,LOT023-P080,10.0746,10.2581,10.4784,10.7234,9.2,0.48,1.8221,2.2044,2.6633,3.1738,0.007646,0.003231,0,0
LOT-023,LOT023-P081,9.819,10.0551,10.2822,10.4602,9.2,0.48,1.2896,1.7815,2.2546,2.6254,0.009837,0.002813,0,0
LOT-023,LOT023-P082,9.1385,9.3376,9.625,9.6973,9.2,0.48,-0.1281,0.2867,0.8854,1.036,0.008296,0.002498,0,0
LOT-023,LOT023-P083,9.3444,9.4802,9.6959,10.0054,9.2,0.48,0.3008,0.5838,1.0331,1.6779,0.005658,0.003647,0,0
LOT-023,LOT023-P084,9.5762,11.3501,15.7383,23.9917,9.2,0.48,0.7838,4.4794,13.6215,30.816,0.073912,0.087789,0,1
LOT-023,LOT023-P085,9.49,9.6297,9.9604,10.1953,9.2,0.48,0.6042,0.8952,1.5842,2.0735,0.005821,0.003928,0,0
LOT-023,LOT023-P086,9.0041,9.1653,9.4141,9.5806,9.2,0.48,-0.4081,-0.0723,0.446,0.7929,0.006717,0.002884,0,0
LOT-023,LOT023-P087,8.9406,9.0909,9.4453,9.5854,9.2,0.48,-0.5404,-0.2273,0.511,0.8029,0.006262,0.003434,0,0
LOT-023,LOT023-P088,8.8943,9.0816,9.3143,9.3606,9.2,0.48,-0.6369,-0.2467,0.2381,0.3346,0.007804,0.001937,0,0
LOT-023,LOT023-P089,9.058,9.2192,9.5138,9.9147,9.2,0.48,-0.2958,0.04,0.6538,1.489,0.006717,0.00483,0,0
LOT-023,LOT023-P090,8.8518,8.9146,9.3764,9.6575,9.2,0.48,-0.7254,-0.5946,0.3675,0.9531,0.002617,0.005159,0,0
LOT-023,LOT023-P091,8.7122,8.7968,8.8686,9.0937,9.2,0.48,-1.0163,-0.84,-0.6904,-0.2215,0.003525,0.002062,0,0
LOT-023,LOT023-P092,9.3192,9.5706,9.8362,10.0642,9.2,0.48,0.2483,0.7721,1.3254,1.8004,0.010475,0.003428,0,0
LOT-023,LOT023-P093,8.7683,9.0219,9.2785,9.3897,9.2,0.48,-0.8994,-0.371,0.1635,0.3952,0.010567,0.002554,0,0
LOT-023,LOT023-P094,8.994,9.2012,9.3933,9.6115,9.2,0.48,-0.4292,0.0025,0.4027,0.8573,0.008633,0.002849,0,0
LOT-023,LOT023-P095,8.5682,8.5873,8.865,9.0207,9.2,0.48,-1.3163,-1.2765,-0.6979,-0.3735,0.000796,0.00301,0,0
LOT-023,LOT023-P096,8.5728,8.7176,8.9611,9.2485,9.2,0.48,-1.3067,-1.005,-0.4977,0.101,0.006033,0.003687,0,0
LOT-023,LOT023-P097,10.1416,10.3815,10.5366,10.7337,9.2,0.48,1.9617,2.4615,2.7846,3.1952,0.009996,0.002446,0,0
LOT-023,LOT023-P098,9.4951,9.6828,9.8535,10.1172,9.2,0.48,0.6148,1.0058,1.3615,1.9108,0.007821,0.003017,0,0
LOT-023,LOT023-P099,9.0191,9.257,9.6124,9.8708,9.2,0.48,-0.3769,0.1188,0.8592,1.3975,0.009912,0.004262,0,0
LOT-023,LOT023-P100,9.956,11.7677,15.5859,20.4203,9.2,0.48,1.575,5.3494,13.304,23.3756,0.075487,0.060088,0,1
LOT-024,LOT024-P001,10.5484,10.7635,11.0538,11.3298,11.1,0.72,-0.7661,-0.4674,-0.0642,0.3192,0.008962,0.003933,0,0
LOT-024,LOT024-P002,11.6163,11.8362,12.0209,12.2084,11.1,0.72,0.7171,1.0225,1.279,1.5394,0.009162,0.002585,0,0
LOT-024,LOT024-P003,10.733,10.8729,11.1397,11.3744,11.1,0.72,-0.5097,-0.3154,0.0551,0.3811,0.005829,0.003483,0,0
LOT-024,LOT024-P004,11.4633,11.6696,11.8416,11.895,11.1,0.72,0.5046,0.7911,1.03,1.1042,0.008596,0.001565,0,0
LOT-024,LOT024-P005,11.0989,11.2772,11.5307,11.7826,11.1,0.72,-0.0015,0.2461,0.5982,0.9481,0.007429,0.00351,0,0
LOT-024,LOT024-P006,9.284,9.568,9.7412,10.0123,11.1,0.72,-2.5222,-2.1278,-1.8872,-1.5107,0.011833,0.003085,0,0
LOT-024,LOT024-P007,47.3115,58.3921,80.6078,107.8478,11.1,0.72,50.2938,65.6835,96.5386,134.3719,0.461692,0.343442,1,1
LOT-024,LOT024-P008,9.9455,10.173,10.445,10.6629,11.1,0.72,-1.6035,-1.2875,-0.9097,-0.6071,0.009479,0.003402,0,0
LOT-024,LOT024-P009,9.9678,10.0995,10.3511,10.4947,11.1,0.72,-1.5725,-1.3896,-1.0401,-0.8407,0.005488,0.002744,0,0
LOT-024,LOT024-P010,12.2889,13.6729,18.0012,24.3477,11.1,0.72,1.6513,3.5735,9.585,18.3996,0.057667,0.074131,0,1
LOT-024,LOT024-P011,11.9036,12.1081,12.2595,12.4992,11.1,0.72,1.1161,1.4001,1.6104,1.9433,0.008521,0.002716,0,0
LOT-024,LOT024-P012,41.0205,58.0181,80.6978,116.3208,11.1,0.72,41.5562,65.164,96.6636,146.14,0.708233,0.40488,1,1
LOT-024,LOT024-P013,11.1089,11.3389,11.6561,11.9067,11.1,0.72,0.0124,0.3318,0.7724,1.1204,0.009583,0.003943,0,0
LOT-024,LOT024-P014,10.1629,10.3445,10.742,10.7912,11.1,0.72,-1.3015,-1.0493,-0.4972,-0.4289,0.007567,0.003102,0,0
LOT-024,LOT024-P015,11.7178,11.8722,12.1486,12.3657,11.1,0.72,0.8581,1.0725,1.4564,1.7579,0.006433,0.003427,0,0
LOT-024,LOT024-P016,10.6706,10.8534,11.1089,11.3495,11.1,0.72,-0.5964,-0.3425,0.0124,0.3465,0.007617,0.003445,0,0
LOT-024,LOT024-P017,10.6549,10.7865,10.8529,11.0543,11.1,0.72,-0.6182,-0.4354,-0.3432,-0.0635,0.005483,0.00186,0,0
LOT-024,LOT024-P018,11.2391,11.5008,11.8182,12.0157,11.1,0.72,0.1932,0.5567,0.9975,1.2718,0.010904,0.003576,0,0
LOT-024,LOT024-P019,11.075,11.2528,11.449,11.6164,11.1,0.72,-0.0347,0.2122,0.4847,0.7172,0.007408,0.002525,0,0
LOT-024,LOT024-P020,10.7161,10.8307,11.0889,11.2831,11.1,0.72,-0.5332,-0.374,-0.0154,0.2543,0.004775,0.003142,0,0
LOT-024,LOT024-P021,12.3231,12.5668,12.9132,13.1926,11.1,0.72,1.6988,2.0372,2.5183,2.9064,0.010154,0.004346,0,0
LOT-024,LOT024-P022,10.8428,11.0222,11.1558,11.3033,11.1,0.72,-0.3572,-0.1081,0.0775,0.2824,0.007475,0.001952,0,0
LOT-024,LOT024-P023,11.6701,11.8765,12.1575,12.2226,11.1,0.72,0.7918,1.0785,1.4688,1.5592,0.0086,0.002403,0,0
LOT-024,LOT024-P024,10.3193,10.4968,10.864,11.1043,11.1,0.72,-1.0843,-0.8378,-0.3278,0.006,0.007396,0.004219,0,0
LOT-024,LOT024-P025,10.7451,10.9828,11.2189,11.4344,11.1,0.72,-0.4929,-0.1628,0.1651,0.4644,0.009904,0.003136,0,0
LOT-024,LOT024-P026,11.2856,11.5068,11.7351,12.0061,11.1,0.72,0.2578,0.565,0.8821,1.2585,0.009217,0.003467,0,0
LOT-024,LOT024-P027,10.9742,11.1263,11.3242,11.6063,11.1,0.72,-0.1747,0.0365,0.3114,0.7032,0.006338,0.003333,0,0
LOT-024,LOT024-P028,11.3091,11.4871,11.6936,11.8419,11.1,0.72,0.2904,0.5376,0.8244,1.0304,0.007417,0.002464,0,0
LOT-024,LOT024-P029,10.9576,12.1508,16.0575,22.4416,11.1,0.72,-0.1978,1.4594,6.8854,15.7522,0.049717,0.071464,0,1
LOT-024,LOT024-P030,11.1241,11.4106,11.7595,12.079,11.1,0.72,0.0335,0.4314,0.916,1.3597,0.011938,0.004642,0,0
LOT-024,LOT024-P031,10.7541,10.9099,11.0782,11.3185,11.1,0.72,-0.4804,-0.264,-0.0303,0.3035,0.006492,0.002837,0,0
LOT-024,LOT024-P032,12.5735,12.6737,12.7574,13.0314,11.1,0.72,2.0465,2.1857,2.3019,2.6825,0.004175,0.002484,0,0
LOT-024,LOT024-P033,10.9123,11.1356,11.3698,11.5394,11.1,0.72,-0.2607,0.0494,0.3747,0.6103,0.009304,0.002804,0,0
LOT-024,LOT024-P034,11.147,11.2772,11.4875,11.6824,11.1,0.72,0.0653,0.2461,0.5382,0.8089,0.005425,0.002814,0,0
LOT-024,LOT024-P035,11.2003,11.4118,11.7148,11.9598,11.1,0.72,0.1393,0.4331,0.8539,1.1942,0.008812,0.003806,0,0
LOT-024,LOT024-P036,10.8704,11.0142,11.2137,11.2516,11.1,0.72,-0.3189,-0.1192,0.1579,0.2106,0.005992,0.001649,0,0
LOT-024,LOT024-P037,10.3743,10.4571,10.5681,10.7476,11.1,0.72,-1.0079,-0.8929,-0.7388,-0.4894,0.00345,0.002017,0,0
LOT-024,LOT024-P038,11.9473,12.1373,12.501,12.6654,11.1,0.72,1.1768,1.4407,1.9458,2.1742,0.007917,0.003667,0,0
LOT-024,LOT024-P039,10.4045,10.5658,10.7643,11.1404,11.1,0.72,-0.966,-0.7419,-0.4662,0.0561,0.006721,0.00399,0,0
LOT-024,LOT024-P040,11.9923,12.2617,12.5274,12.7246,11.1,0.72,1.2393,1.6135,1.9825,2.2564,0.011225,0.003215,0,0
LOT-024,LOT024-P041,11.8075,11.9054,12.2431,12.4145,11.1,0.72,0.9826,1.1186,1.5876,1.8257,0.004079,0.003535,0,0
LOT-024,LOT024-P042,12.2195,12.3269,12.5409,12.7851,11.1,0.72,1.5549,1.704,2.0013,2.3404,0.004475,0.003182,0,0
LOT-024,LOT024-P043,11.008,11.232,11.3414,11.5268,11.1,0.72,-0.1278,0.1833,0.3353,0.5928,0.009333,0.002047,0,0
LOT-024,LOT024-P044,11.3466,12.5233,17.7525,24.2171,11.1,0.72,0.3425,1.9768,9.2396,18.2182,0.049029,0.081207,0,1
LOT-024,LOT024-P045,11.2802,11.44,11.7516,11.8617,11.1,0.72,0.2503,0.4722,0.905,1.0579,0.006658,0.002928,0,0
LOT-024,LOT024-P046,10.5518,10.6692,10.9044,11.1249,11.1,0.72,-0.7614,-0.5983,-0.2717,0.0346,0.004892,0.003165,0,0
LOT-024,LOT024-P047,10.5625,10.8223,11.2083,11.3379,11.1,0.72,-0.7465,-0.3857,0.1504,0.3304,0.010825,0.003581,0,0
LOT-024,LOT024-P048,10.6612,10.8682,11.1116,11.3068,11.1,0.72,-0.6094,-0.3219,0.0161,0.2872,0.008625,0.003046,0,0
LOT-024,LOT024-P049,9.9965,10.0998,10.5146,10.8081,11.1,0.72,-1.5326,-1.3892,-0.8131,-0.4054,0.004304,0.004919,0,0
LOT-024,LOT024-P050,10.5771,10.8344,11.0553,11.2039,11.1,0.72,-0.7262,-0.3689,-0.0621,0.1443,0.010721,0.002566,0,0
LOT-024,LOT024-P051,11.777,11.9745,12.2139,12.5103,11.1,0.72,0.9403,1.2146,1.5471,1.9588,0.008229,0.003721,0,0
LOT-024,LOT024-P052,11.8639,12.916,17.6099,25.6621,11.1,0.72,1.061,2.5222,9.0415,20.2251,0.043838,0.088515,0,1
LOT-024,LOT024-P053,11.1595,11.3405,11.584,11.8039,11.1,0.72,0.0826,0.334,0.6722,0.9776,0.007542,0.003218,0,0
LOT-024,LOT024-P054,11.0922,11.2508,11.5349,11.5469,11.1,0.72,-0.0108,0.2094,0.604,0.6207,0.006608,0.002056,0,0
LOT-024,LOT024-P055,9.7699,9.9678,10.2167,10.4157,11.1,0.72,-1.8474,-1.5725,-1.2268,-0.9504,0.008246,0.00311,0,0
LOT-024,LOT024-P056,12.1957,12.3373,12.5482,12.7625,11.1,0.72,1.5218,1.7185,2.0114,2.309,0.0059,0.002953,0,0
LOT-024,LOT024-P057,10.4459,10.6593,10.8199,11.0842,11.1,0.72,-0.9085,-0.6121,-0.389,-0.0219,0.008892,0.002951,0,0
LOT-024,LOT024-P058,47.5962,62.9122,85.2318,114.0511,11.1,0.72,50.6892,71.9614,102.9608,142.9876,0.638167,0.355131,1,1
LOT-024,LOT024-P059,11.1241,11.1709,11.5333,11.7748,11.1,0.72,0.0335,0.0985,0.6018,0.9372,0.00195,0.004194,0,0
LOT-024,LOT024-P060,10.3324,11.5116,16.0208,25.0195,11.1,0.72,-1.0661,0.5717,6.8344,19.3326,0.049133,0.093805,0,1
LOT-024,LOT024-P061,11.577,11.7276,11.9885,12.2311,11.1,0.72,0.6625,0.8717,1.234,1.571,0.006275,0.003497,0,0
LOT-024,LOT024-P062,10.0566,10.2373,10.3743,10.6039,11.1,0.72,-1.4492,-1.1982,-1.0079,-0.689,0.007529,0.002546,0,0
LOT-024,LOT024-P063,10.8967,12.2974,17.9502,23.4663,11.1,0.72,-0.2824,1.6631,9.5142,17.1754,0.058363,0.077562,0,1
LOT-024,LOT024-P064,11.0716,11.2818,11.6937,11.9472,11.1,0.72,-0.0394,0.2525,0.8246,1.1767,0.008758,0.004621,0,0
LOT-024,LOT024-P065,11.9269,12.1999,12.4777,12.5813,11.1,0.72,1.1485,1.5276,1.9135,2.0574,0.011375,0.002649,0,0
LOT-024,LOT024-P066,11.1932,11.2507,11.4592,11.5851,11.1,0.72,0.1294,0.2093,0.4989,0.6738,0.002396,0.002322,0,0
LOT-024,LOT024-P067,10.6645,12.1163,17.8338,26.494,11.1,0.72,-0.6049,1.4115,9.3525,21.3806,0.060492,0.099845,0,1
LOT-024,LOT024-P068,11.6906,11.8017,11.9913,12.1822,11.1,0.72,0.8203,0.9746,1.2379,1.5031,0.004629,0.002642,0,0
LOT-024,LOT024-P069,11.0577,11.3152,11.5995,11.7392,11.1,0.72,-0.0587,0.2989,0.6938,0.8878,0.010729,0.002944,0,0
LOT-024,LOT024-P070,11.4444,11.5711,11.8855,12.0305,11.1,0.72,0.4783,0.6543,1.091,1.2924,0.005279,0.00319,0,0
LOT-024,LOT024-P071,11.2096,11.3773,11.4583,11.6014,11.1,0.72,0.1522,0.3851,0.4976,0.6964,0.006987,0.001556,0,0
LOT-024,LOT024-P072,10.8599,11.0261,11.224,11.5064,11.1,0.72,-0.3335,-0.1026,0.1722,0.5644,0.006925,0.003335,0,0
LOT-024,LOT024-P073,11.8015,11.9193,12.0785,12.25,11.1,0.72,0.9743,1.1379,1.359,1.5972,0.004908,0.002297,0,0
LOT-024,LOT024-P074,11.249,11.3609,11.6901,11.9895,11.1,0.72,0.2069,0.3624,0.8196,1.2354,0.004663,0.004365,0,0
LOT-024,LOT024-P075,10.1767,10.427,10.7381,10.8837,11.1,0.72,-1.2824,-0.9347,-0.5026,-0.3004,0.010429,0.003172,0,0
LOT-024,LOT024-P076,10.3261,11.3153,15.6793,23.981,11.1,0.72,-1.0749,0.299,6.3601,17.8903,0.041217,0.087956,0,1
LOT-024,LOT024-P077,10.9429,11.1511,11.1823,11.3251,11.1,0.72,-0.2182,0.071,0.1143,0.3126,0.008675,0.001208,0,0
LOT-024,LOT024-P078,12.0295,12.2469,12.4628,12.5737,11.1,0.72,1.291,1.5929,1.8928,2.0468,0.009058,0.002269,0,0
LOT-024,LOT024-P079,11.5928,11.6148,11.9406,12.2342,11.1,0.72,0.6844,0.715,1.1675,1.5753,0.000917,0.004301,0,0
LOT-024,LOT024-P080,10.3377,10.5255,10.643,10.7767,11.1,0.72,-1.0587,-0.7979,-0.6347,-0.449,0.007825,0.001744,0,0
LOT-024,LOT024-P081,11.1278,11.2193,11.5956,11.762,11.1,0.72,0.0386,0.1657,0.6883,0.9194,0.003812,0.003769,0,0
LOT-024,LOT024-P082,11.449,12.4432,16.4553,22.9945,11.1,0.72,0.4847,1.8656,7.4379,16.5201,0.041425,0.073273,0,1
LOT-024,LOT024-P083,9.9306,10.0614,10.2365,10.4435,11.1,0.72,-1.6242,-1.4425,-1.1993,-0.9118,0.00545,0.002653,0,0
LOT-024,LOT024-P084,11.4985,13.1177,17.8021,22.557,11.1,0.72,0.5535,2.8024,9.3085,15.9125,0.067467,0.065551,0,1
LOT-024,LOT024-P085,12.1779,12.3854,12.6061,12.75,11.1,0.72,1.4971,1.7853,2.0918,2.2917,0.008646,0.002532,0,0
LOT-024,LOT024-P086,11.2217,11.2602,11.497,11.6063,11.1,0.72,0.169,0.2225,0.5514,0.7032,0.001604,0.002403,0,0
LOT-024,LOT024-P087,10.8335,11.0179,11.251,11.4179,11.1,0.72,-0.3701,-0.114,0.2097,0.4415,0.007683,0.002778,0,0
LOT-024,LOT024-P088,10.2766,11.9593,16.7112,25.3184,11.1,0.72,-1.1436,1.1935,7.7933,19.7478,0.070113,0.092772,0,1
LOT-024,LOT024-P089,10.9561,11.1302,11.437,11.6908,11.1,0.72,-0.1999,0.0419,0.4681,0.8206,0.007254,0.003893,0,0
LOT-024,LOT024-P090,11.7019,13.4287,18.7134,24.7765,11.1,0.72,0.836,3.2343,10.5742,18.9951,0.07195,0.078804,0,1
LOT-024,LOT024-P091,11.1312,11.4336,11.5679,11.7875,11.1,0.72,0.0433,0.4633,0.6499,0.9549,0.0126,0.002458,0,0
LOT-024,LOT024-P092,10.0184,11.275,16.6641,24.2704,11.1,0.72,-1.5022,0.2431,7.7279,18.2922,0.052358,0.090246,0,1
LOT-024,LOT024-P093,11.6983,11.8931,12.1535,12.4226,11.1,0.72,0.831,1.1015,1.4632,1.8369,0.008117,0.003677,0,0
LOT-024,LOT024-P094,10.9925,11.132,11.4356,11.6442,11.1,0.72,-0.1493,0.0444,0.4661,0.7558,0.005812,0.003557,0,0
LOT-024,LOT024-P095,11.5827,11.7698,12.0006,12.2384,11.1,0.72,0.6704,0.9303,1.2508,1.5811,0.007796,0.003254,0,0
LOT-024,LOT024-P096,10.1677,10.3923,10.6177,10.8581,11.1,0.72,-1.2949,-0.9829,-0.6699,-0.336,0.009358,0.003235,0,0
LOT-024,LOT024-P097,10.1262,10.3074,10.6812,10.9717,11.1,0.72,-1.3525,-1.1008,-0.5817,-0.1782,0.00755,0.004613,0,0
LOT-024,LOT024-P098,10.6245,10.8444,11.0489,11.1888,11.1,0.72,-0.6604,-0.355,-0.071,0.1233,0.009163,0.002392,0,0
LOT-024,LOT024-P099,11.9145,12.176,12.4339,12.7425,11.1,0.72,1.1313,1.4944,1.8526,2.2812,0.010896,0.003934,0,0
LOT-024,LOT024-P100,11.685,11.8815,12.1485,12.4585,11.1,0.72,0.8125,1.0854,1.4563,1.8868,0.008188,0.004007,0,0
LOT-025,LOT025-P001,9.0785,10.4846,15.4508,23.0981,10.05,0.52,-1.8683,0.8358,10.3862,25.0925,0.058588,0.087594,0,1
LOT-025,LOT025-P002,9.8897,10.0535,10.0966,10.3964,10.05,0.52,-0.3083,0.0067,0.0896,0.6662,0.006825,0.002381,0,0
LOT-025,LOT025-P003,10.1505,10.2155,10.609,10.7725,10.05,0.52,0.1933,0.3183,1.075,1.3894,0.002708,0.003868,0,0
LOT-025,LOT025-P004,9.9527,10.124,10.5009,10.6852,10.05,0.52,-0.1871,0.1423,0.8671,1.2215,0.007138,0.003897,0,0
LOT-025,LOT025-P005,9.8642,10.0454,10.2094,10.4051,10.05,0.52,-0.3573,-0.0088,0.3065,0.6829,0.00755,0.002498,0,0
LOT-025,LOT025-P006,9.9614,10.0823,10.3081,10.5186,10.05,0.52,-0.1704,0.0621,0.4963,0.9012,0.005038,0.00303,0,0
LOT-025,LOT025-P007,10.6189,10.7597,10.9819,11.0046,10.05,0.52,1.094,1.3648,1.7921,1.8358,0.005867,0.001701,0,0
LOT-025,LOT025-P008,10.1049,10.2919,10.5291,10.6302,10.05,0.52,0.1056,0.4652,0.9213,1.1158,0.007792,0.002349,0,0
LOT-025,LOT025-P009,10.1726,11.4396,15.4925,23.8085,10.05,0.52,0.2358,2.6723,10.4663,26.4587,0.052792,0.085895,0,1
LOT-025,LOT025-P010,9.8435,10.0421,10.2307,10.3701,10.05,0.52,-0.3971,-0.0152,0.3475,0.6156,0.008275,0.002278,0,0
LOT-025,LOT025-P011,10.1585,10.3789,10.5014,10.6507,10.05,0.52,0.2087,0.6325,0.8681,1.1552,0.009183,0.001888,0,0
LOT-025,LOT025-P012,9.7129,9.8509,10.1186,10.2031,10.05,0.52,-0.6483,-0.3829,0.1319,0.2944,0.00575,0.002446,0,0
LOT-025,LOT025-P013,9.7814,9.9539,10.2964,10.4645,10.05,0.52,-0.5165,-0.1848,0.4738,0.7971,0.007188,0.003546,0,0
LOT-025,LOT025-P014,9.0935,10.8749,15.3892,23.934,10.05,0.52,-1.8394,1.5863,10.2677,26.7,0.074225,0.090688,0,1
LOT-025,LOT025-P015,9.3635,9.5743,9.8626,10.0909,10.05,0.52,-1.3202,-0.9148,-0.3604,0.0787,0.008783,0.003588,0,0
LOT-025,LOT025-P016,9.6658,9.8908,10.268,10.4543,10.05,0.52,-0.7388,-0.3062,0.4192,0.7775,0.009375,0.003913,0,0
LOT-025,LOT025-P017,9.6071,9.8567,10.0092,10.256,10.05,0.52,-0.8517,-0.3717,-0.0785,0.3962,0.0104,0.002773,0,0
LOT-025,LOT025-P018,9.1919,9.404,9.5191,9.7896,10.05,0.52,-1.6502,-1.2423,-1.021,-0.5008,0.008837,0.002678,0,0
LOT-025,LOT025-P019,10.3836,10.6227,10.8694,11.1025,10.05,0.52,0.6415,1.1013,1.5758,2.024,0.009963,0.003332,0,0
LOT-025,LOT025-P020,10.1772,10.3669,10.7152,10.8557,10.05,0.52,0.2446,0.6094,1.2792,1.5494,0.007904,0.003394,0,0
LOT-025,LOT025-P021,9.6516,9.9165,10.1009,10.3955,10.05,0.52,-0.7662,-0.2567,0.0979,0.6644,0.011037,0.003326,0,0
LOT-025,LOT025-P022,10.3775,10.6,10.9047,11.2437,10.05,0.52,0.6298,1.0577,1.6437,2.2956,0.009271,0.00447,0,0
LOT-025,LOT025-P023,9.7513,9.9065,10.2235,10.3665,10.05,0.52,-0.5744,-0.276,0.3337,0.6087,0.006467,0.003194,0,0
LOT-025,LOT025-P024,10.4943,10.5539,10.8628,10.9448,10.05,0.52,0.8544,0.969,1.5631,1.7208,0.002483,0.002715,0,0
LOT-025,LOT025-P025,9.0316,9.1577,9.3228,9.1442,10.05,0.52,-1.9585,-1.716,-1.3985,-1.7419,0.005254,-9.4e-05,0,0
LOT-025,LOT025-P026,10.3248,10.4937,10.7477,11.0184,10.05,0.52,0.5285,0.8533,1.3417,1.8623,0.007038,0.003644,0,0
LOT-025,LOT025-P027,10.5212,10.6494,10.8081,10.8662,10.05,0.52,0.9062,1.1527,1.4579,1.5696,0.005342,0.001506,0,0
LOT-025,LOT025-P028,10.7832,10.9046,11.0911,11.3634,10.05,0.52,1.41,1.6435,2.0021,2.5258,0.005058,0.003186,0,0
LOT-025,LOT025-P029,10.1391,10.3803,10.6074,10.8154,10.05,0.52,0.1713,0.6352,1.0719,1.4719,0.01005,0.003022,0,0
LOT-025,LOT025-P030,9.8215,10.091,10.1877,10.2661,10.05,0.52,-0.4394,0.0788,0.2648,0.4156,0.011229,0.001216,0,0
LOT-025,LOT025-P031,9.9894,10.1178,10.3976,10.6112,10.05,0.52,-0.1165,0.1304,0.6685,1.0792,0.00535,0.003426,0,0
LOT-025,LOT025-P032,9.9824,10.1142,10.333,10.4507,10.05,0.52,-0.13,0.1235,0.5442,0.7706,0.005492,0.002337,0,0
LOT-025,LOT025-P033,9.5965,9.745,9.9811,10.1102,10.05,0.52,-0.8721,-0.5865,-0.1325,0.1158,0.006187,0.002536,0,0
LOT-025,LOT025-P034,11.1339,11.2581,11.497,11.7559,10.05,0.52,2.0844,2.3233,2.7827,3.2806,0.005175,0.003457,0,0
LOT-025,LOT025-P035,9.6621,9.8793,10.1157,10.354,10.05,0.52,-0.746,-0.3283,0.1263,0.5846,0.00905,0.003297,0,0
LOT-025,LOT025-P036,11.1991,11.4748,11.8143,12.1029,10.05,0.52,2.2098,2.74,3.3929,3.9479,0.011488,0.004362,0,0
LOT-025,LOT025-P037,10.4163,10.6464,11.0125,11.0542,10.05,0.52,0.7044,1.1469,1.851,1.9312,0.009588,0.002832,0,0
LOT-025,LOT025-P038,9.7922,10.0641,10.3387,10.5108,10.05,0.52,-0.4958,0.0271,0.5552,0.8862,0.011329,0.003102,0,0
LOT-025,LOT025-P039,9.4211,9.5707,9.8259,9.9348,10.05,0.52,-1.2094,-0.9217,-0.431,-0.2215,0.006233,0.002528,0,0
LOT-025,LOT025-P040,10.5042,10.7072,10.9871,11.1835,10.05,0.52,0.8735,1.2638,1.8021,2.1798,0.008458,0.003308,0,0
LOT-025,LOT025-P041,9.546,9.6865,10.0016,10.0967,10.05,0.52,-0.9692,-0.699,-0.0931,0.0898,0.005854,0.002849,0,0
LOT-025,LOT025-P042,10.2118,10.3434,10.6041,10.7544,10.05,0.52,0.3112,0.5642,1.0656,1.3546,0.005483,0.002854,0,0
LOT-025,LOT025-P043,10.366,10.6388,10.812,11.1641,10.05,0.52,0.6077,1.1323,1.4654,2.1425,0.011367,0.003648,0,0
LOT-025,LOT025-P044,10.1302,10.28,10.5361,10.9076,10.05,0.52,0.1542,0.4423,0.9348,1.6492,0.006242,0.004358,0,0
LOT-025,LOT025-P045,10.6382,10.8031,11.2244,11.3568,10.05,0.52,1.1312,1.4483,2.2585,2.5131,0.006871,0.003845,0,0
LOT-025,LOT025-P046,10.9772,11.1435,11.3731,11.5944,10.05,0.52,1.7831,2.1029,2.5444,2.97,0.006929,0.003131,0,0
LOT-025,LOT025-P047,10.6323,10.8805,10.9852,11.2837,10.05,0.52,1.1198,1.5971,1.7985,2.3725,0.010342,0.0028,0,0
LOT-025,LOT025-P048,10.0011,10.1808,10.4848,10.6437,10.05,0.52,-0.094,0.2515,0.8362,1.1417,0.007488,0.003215,0,0
LOT-025,LOT025-P049,43.5174,60.5033,80.9645,105.8046,10.05,0.52,64.3604,97.0256,136.374,184.1435,0.707746,0.314592,1,1
LOT-025,LOT025-P050,10.3429,10.4711,10.694,10.7605,10.05,0.52,0.5633,0.8098,1.2385,1.3663,0.005342,0.00201,0,0
LOT-025,LOT025-P051,9.0587,9.2027,9.2894,9.4354,10.05,0.52,-1.9063,-1.6294,-1.4627,-1.1819,0.006,0.001616,0,0
LOT-025,LOT025-P052,10.6396,10.8902,11.2665,11.5022,10.05,0.52,1.1338,1.6158,2.3394,2.7927,0.010442,0.00425,0,0
LOT-025,LOT025-P053,10.5475,10.728,10.9901,11.3672,10.05,0.52,0.9567,1.3038,1.8079,2.5331,0.007521,0.004439,0,0
LOT-025,LOT025-P054,10.4862,10.6629,10.9444,11.2088,10.05,0.52,0.8388,1.1787,1.72,2.2285,0.007363,0.003791,0,0
LOT-025,LOT025-P055,11.0587,12.5841,18.3212,25.8629,10.05,0.52,1.9398,4.8733,15.9062,30.4094,0.063558,0.092214,0,1
LOT-025,LOT025-P056,10.2705,10.4174,10.6509,10.9713,10.05,0.52,0.424,0.7065,1.1556,1.7717,0.006121,0.003847,0,0
LOT-025,LOT025-P057,10.1931,12.0269,17.0751,23.1288,10.05,0.52,0.2752,3.8017,13.5098,25.1515,0.076408,0.077097,0,1
LOT-025,LOT025-P058,9.5706,9.885,10.1429,10.4697,10.05,0.52,-0.9219,-0.3173,0.1787,0.8071,0.0131,0.00406,0,0
LOT-025,LOT025-P059,10.2811,10.4039,10.6266,10.7882,10.05,0.52,0.4444,0.6806,1.1088,1.4196,0.005117,0.002669,0,0
LOT-025,LOT025-P060,10.9017,10.9758,11.1894,11.4727,10.05,0.52,1.6379,1.7804,2.1912,2.736,0.003087,0.003451,0,0
LOT-025,LOT025-P061,9.5355,9.6804,9.8577,10.0547,10.05,0.52,-0.9894,-0.7108,-0.3698,0.009,0.006037,0.002599,0,0
LOT-025,LOT025-P062,9.2428,9.3788,9.4506,9.7603,10.05,0.52,-1.5523,-1.2908,-1.1527,-0.5571,0.005667,0.002649,0,0
LOT-025,LOT025-P063,10.2784,10.4076,10.6405,10.8904,10.05,0.52,0.4392,0.6877,1.1356,1.6162,0.005383,0.003353,0,0
LOT-025,LOT025-P064,9.8999,10.2146,10.3708,10.6225,10.05,0.52,-0.2887,0.3165,0.6169,1.101,0.013113,0.002833,0,0
LOT-025,LOT025-P065,9.5432,9.7743,10.0944,10.2508,10.05,0.52,-0.9746,-0.5302,0.0854,0.3862,0.009629,0.003309,0,0
LOT-025,LOT025-P066,10.481,10.7068,10.8768,11.1235,10.05,0.52,0.8288,1.2631,1.59,2.0644,0.009408,0.002894,0,0
LOT-025,LOT025-P067,9.3366,9.6004,10.0076,10.0412,10.05,0.52,-1.3719,-0.8646,-0.0815,-0.0169,0.010992,0.003061,0,0
LOT-025,LOT025-P068,9.9476,10.0343,10.3281,10.4661,10.05,0.52,-0.1969,-0.0302,0.5348,0.8002,0.003613,0.002999,0,0
LOT-025,LOT025-P069,10.7749,11.7925,15.7542,21.743,10.05,0.52,1.394,3.351,10.9696,22.4865,0.0424,0.069101,0,1
LOT-025,LOT025-P070,10.1697,10.2478,10.4834,10.6633,10.05,0.52,0.2302,0.3804,0.8335,1.1794,0.003254,0.002885,0,0
LOT-025,LOT025-P071,11.2839,11.3735,11.3852,11.5907,10.05,0.52,2.3729,2.5452,2.5677,2.9629,0.003733,0.001508,0,0
LOT-025,LOT025-P072,10.2857,10.4051,10.63,10.8739,10.05,0.52,0.4533,0.6829,1.1154,1.5844,0.004975,0.003256,0,0
LOT-025,LOT025-P073,10.708,10.9498,11.3116,11.548,10.05,0.52,1.2654,1.7304,2.4262,2.8808,0.010075,0.004154,0,0
LOT-025,LOT025-P074,9.6147,9.7337,10.0078,10.201,10.05,0.52,-0.8371,-0.6083,-0.0812,0.2904,0.004958,0.003245,0,0
LOT-025,LOT025-P075,9.4761,9.6374,9.9166,10.0968,10.05,0.52,-1.1037,-0.7935,-0.2565,0.09,0.006721,0.00319,0,0
LOT-025,LOT025-P076,9.428,9.6932,9.8982,10.0271,10.05,0.52,-1.1962,-0.6862,-0.2919,-0.044,0.01105,0.002319,0,0
LOT-025,LOT025-P077,10.713,10.8299,11.1659,11.3514,10.05,0.52,1.275,1.4998,2.146,2.5027,0.004871,0.003622,0,0
LOT-025,LOT025-P078,10.2241,10.4612,10.8214,10.9658,10.05,0.52,0.3348,0.7908,1.4835,1.7612,0.009879,0.003504,0,0
LOT-025,LOT025-P079,10.7722,10.9952,11.3007,11.59,10.05,0.52,1.3888,1.8177,2.4052,2.9615,0.009292,0.004131,0,0
LOT-025,LOT025-P080,10.4559,10.6684,10.9051,11.1189,10.05,0.52,0.7806,1.1892,1.6444,2.0556,0.008854,0.003128,0,0
LOT-025,LOT025-P081,9.9358,10.1193,10.5292,10.6294,10.05,0.52,-0.2196,0.1333,0.9215,1.1142,0.007646,0.003542,0,0
LOT-025,LOT025-P082,10.3271,11.9163,16.8241,24.8901,10.05,0.52,0.5329,3.589,13.0271,28.5387,0.066217,0.090096,0,1
LOT-025,LOT025-P083,9.9756,10.2513,10.5007,10.7098,10.05,0.52,-0.1431,0.3871,0.8667,1.2688,0.011488,0.003184,0,0
LOT-025,LOT025-P084,10.0472,10.1872,10.5037,10.6719,10.05,0.52,-0.0054,0.2638,0.8725,1.196,0.005833,0.003366,0,0
LOT-025,LOT025-P085,11.1481,11.4491,11.7041,11.9904,10.05,0.52,2.1117,2.6906,3.181,3.7315,0.012542,0.003759,0,0
LOT-025,LOT025-P086,9.0375,9.0838,9.3502,9.5385,10.05,0.52,-1.9471,-1.8581,-1.3458,-0.9837,0.001929,0.003158,0,0
LOT-025,LOT025-P087,9.3671,9.464,9.792,9.8975,10.05,0.52,-1.3133,-1.1269,-0.4962,-0.2933,0.004037,0.00301,0,0
LOT-025,LOT025-P088,10.2888,10.4684,10.833,11.0457,10.05,0.52,0.4592,0.8046,1.5058,1.9148,0.007483,0.004009,0,0
LOT-025,LOT025-P089,9.4849,9.6567,10.1539,10.3752,10.05,0.52,-1.0867,-0.7563,0.1998,0.6254,0.007158,0.00499,0,0
LOT-025,LOT025-P090,9.9917,10.1664,10.3871,10.644,10.05,0.52,-0.1121,0.2238,0.6483,1.1423,0.007279,0.003317,0,0
LOT-025,LOT025-P091,10.1429,10.2764,10.5838,10.8286,10.05,0.52,0.1787,0.4354,1.0265,1.4973,0.005563,0.003835,0,0
LOT-025,LOT025-P092,10.3239,10.4255,10.5802,10.7469,10.05,0.52,0.5267,0.7221,1.0196,1.3402,0.004233,0.002232,0,0
LOT-025,LOT025-P093,10.6361,10.7293,10.9626,11.0058,10.05,0.52,1.1271,1.3063,1.755,1.8381,0.003883,0.00192,0,0
LOT-025,LOT025-P094,9.9802,10.269,10.508,10.6834,10.05,0.52,-0.1342,0.4212,0.8808,1.2181,0.012033,0.002878,0,0
LOT-025,LOT025-P095,8.6859,8.8332,9.0285,9.1508,10.05,0.52,-2.6233,-2.34,-1.9644,-1.7292,0.006137,0.002206,0,0
LOT-025,LOT025-P096,9.6523,9.7239,10.2583,10.3984,10.05,0.52,-0.7648,-0.6271,0.4006,0.67,0.002983,0.004684,0,0
LOT-025,LOT025-P097,9.7076,9.8635,10.0057,10.1879,10.05,0.52,-0.6585,-0.3587,-0.0852,0.2652,0.006496,0.002253,0,0
LOT-025,LOT025-P098,9.4853,9.5963,9.8032,9.9418,10.05,0.52,-1.086,-0.8725,-0.4746,-0.2081,0.004625,0.002399,0,0
LOT-025,LOT025-P099,9.8951,10.1156,10.2938,10.5634,10.05,0.52,-0.2979,0.1262,0.4688,0.9873,0.009188,0.00311,0,0
LOT-025,LOT025-P100,10.4295,10.6408,10.8197,10.9565,10.05,0.52,0.7298,1.1362,1.4802,1.7433,0.008804,0.002192,0,0
LOT-026,LOT026-P001,8.6114,8.7922,9.0872,9.3511,9.6,0.58,-1.7045,-1.3928,-0.8841,-0.4291,0.007533,0.003881,0,0
LOT-026,LOT026-P002,10.0465,10.1937,10.5987,10.7859,9.6,0.58,0.7698,1.0236,1.7219,2.0447,0.006133,0.004113,0,0
LOT-026,LOT026-P003,8.2026,8.4945,8.6663,8.8377,9.6,0.58,-2.4093,-1.906,-1.6098,-1.3143,0.012163,0.002383,0,0
LOT-026,LOT026-P004,9.6115,9.8976,10.1905,10.2977,9.6,0.58,0.0198,0.5131,1.0181,1.2029,0.011921,0.002778,0,0
LOT-026,LOT026-P005,9.054,9.1299,9.3301,9.4216,9.6,0.58,-0.9414,-0.8105,-0.4653,-0.3076,0.003162,0.002026,0,0
LOT-026,LOT026-P006,9.2928,9.4739,9.7441,9.9843,9.6,0.58,-0.5297,-0.2174,0.2484,0.6626,0.007546,0.003544,0,0
LOT-026,LOT026-P007,9.038,9.1698,9.3582,9.6076,9.6,0.58,-0.969,-0.7417,-0.4169,0.0131,0.005492,0.00304,0,0
LOT-026,LOT026-P008,10.6204,10.841,10.9291,11.0571,9.6,0.58,1.7593,2.1397,2.2916,2.5122,0.009192,0.001501,0,0
LOT-026,LOT026-P009,8.7144,8.8184,8.8933,9.1526,9.6,0.58,-1.5269,-1.3476,-1.2184,-0.7714,0.004333,0.002321,0,0
LOT-026,LOT026-P010,9.5184,9.6388,9.8402,10.0261,9.6,0.58,-0.1407,0.0669,0.4141,0.7347,0.005017,0.00269,0,0
LOT-026,LOT026-P011,8.5268,8.5768,8.9413,9.3366,9.6,0.58,-1.8503,-1.7641,-1.1357,-0.4541,0.002083,0.005276,0,0
LOT-026,LOT026-P012,9.5346,9.696,9.9656,10.2014,9.6,0.58,-0.1128,0.1655,0.6303,1.0369,0.006725,0.00351,0,0
LOT-026,LOT026-P013,53.463,64.8095,93.7456,121.9869,9.6,0.58,75.6259,95.1888,145.0786,193.7705,0.472771,0.397065,1,1
LOT-026,LOT026-P014,8.8419,9.0574,9.4635,9.7347,9.6,0.58,-1.3071,-0.9355,-0.2353,0.2322,0.008979,0.004703,0,0
LOT-026,LOT026-P015,49.9744,63.2227,88.36,112.7747,9.6,0.58,69.611,92.4529,135.7931,177.8874,0.552013,0.344111,1,1
LOT-026,LOT026-P016,9.5787,9.7827,10.1076,10.2873,9.6,0.58,-0.0367,0.315,0.8752,1.185,0.0085,0.003504,0,0
LOT-026,LOT026-P017,10.6865,10.953,11.31,11.4125,9.6,0.58,1.8733,2.3328,2.9483,3.125,0.011104,0.003191,0,0
LOT-026,LOT026-P018,10.437,12.0268,15.6099,22.1584,9.6,0.58,1.4431,4.1841,10.3619,21.6524,0.066242,0.070358,0,1
LOT-026,LOT026-P019,10.5119,10.6869,10.8648,11.0918,9.6,0.58,1.5722,1.874,2.1807,2.5721,0.007292,0.002812,0,0
LOT-026,LOT026-P020,8.9594,9.0506,9.3749,9.6503,9.6,0.58,-1.1045,-0.9472,-0.3881,0.0867,0.0038,0.004165,0,0
LOT-026,LOT026-P021,9.1714,9.4801,9.6603,9.8979,9.6,0.58,-0.739,-0.2067,0.104,0.5136,0.012862,0.002901,0,0
LOT-026,LOT026-P022,9.0519,9.2632,9.5297,9.5305,9.6,0.58,-0.945,-0.5807,-0.1212,-0.1198,0.008804,0.001856,0,0
LOT-026,LOT026-P023,9.8432,10.06,10.3592,10.5957,9.6,0.58,0.4193,0.7931,1.309,1.7167,0.009033,0.00372,0,0
LOT-026,LOT026-P024,10.2583,10.416,10.672,10.7985,9.6,0.58,1.135,1.4069,1.8483,2.0664,0.006571,0.002656,0,0
LOT-026,LOT026-P025,10.1247,10.2704,10.4368,10.5003,9.6,0.58,0.9047,1.1559,1.4428,1.5522,0.006071,0.001597,0,0
LOT-026,LOT026-P026,9.6191,9.7909,9.9869,10.1276,9.6,0.58,0.0329,0.3291,0.6671,0.9097,0.007158,0.002338,0,0
LOT-026,LOT026-P027,9.4199,9.6636,9.7681,9.9447,9.6,0.58,-0.3105,0.1097,0.2898,0.5943,0.010154,0.001952,0,0
LOT-026,LOT026-P028,10.0048,10.2447,10.3648,10.6198,9.6,0.58,0.6979,1.1116,1.3186,1.7583,0.009996,0.002605,0,0
LOT-026,LOT026-P029,9.2946,9.5441,9.8133,9.8888,9.6,0.58,-0.5266,-0.0964,0.3678,0.4979,0.010396,0.002394,0,0
LOT-026,LOT026-P030,8.4347,8.6356,8.9489,9.1828,9.6,0.58,-2.0091,-1.6628,-1.1226,-0.7193,0.008371,0.0038,0,0
LOT-026,LOT026-P031,9.3667,9.5823,9.8029,10.0752,9.6,0.58,-0.4022,-0.0305,0.3498,0.8193,0.008983,0.003423,0,0
LOT-026,LOT026-P032,9.2953,9.5763,9.9841,10.1722,9.6,0.58,-0.5253,-0.0409,0.6622,0.9866,0.011708,0.004138,0,0
LOT-026,LOT026-P033,10.3303,11.6924,15.2474,20.4453,9.6,0.58,1.2591,3.6076,9.7369,18.6988,0.056754,0.060784,0,1
LOT-026,LOT026-P034,9.2862,9.5214,9.9486,10.0815,9.6,0.58,-0.541,-0.1355,0.601,0.8302,0.0098,0.00389,0,0
LOT-026,LOT026-P035,9.5504,9.6867,9.7813,10.0455,9.6,0.58,-0.0855,0.1495,0.3126,0.7681,0.005679,0.002492,0,0
LOT-026,LOT026-P036,9.4346,9.6283,9.8304,10.0039,9.6,0.58,-0.2852,0.0488,0.3972,0.6964,0.008071,0.002608,0,0
LOT-026,LOT026-P037,9.9796,10.1703,10.2876,10.4977,9.6,0.58,0.6545,0.9833,1.1855,1.5478,0.007946,0.002274,0,0
LOT-026,LOT026-P038,10.1033,10.2795,10.5759,10.8472,9.6,0.58,0.8678,1.1716,1.6826,2.1503,0.007342,0.003942,0,0
LOT-026,LOT026-P039,9.3539,9.4355,9.7027,9.974,9.6,0.58,-0.4243,-0.2836,0.1771,0.6448,0.0034,0.00374,0,0
LOT-026,LOT026-P040,10.3443,11.8624,17.571,26.3037,9.6,0.58,1.2833,3.9007,13.7431,28.7995,0.063254,0.100287,0,1
LOT-026,LOT026-P041,9.1529,9.4321,9.5151,9.6407,9.6,0.58,-0.7709,-0.2895,-0.1464,0.0702,0.011633,0.001449,0,0
LOT-026,LOT026-P042,9.8679,10.0716,10.3063,10.6362,9.6,0.58,0.4619,0.8131,1.2178,1.7866,0.008487,0.003921,0,0
LOT-026,LOT026-P043,9.1711,10.5692,14.3249,22.1279,9.6,0.58,-0.7395,1.671,8.1464,21.5998,0.058254,0.080269,0,1
LOT-026,LOT026-P044,10.3333,10.5226,10.7963,11.0193,9.6,0.58,1.2643,1.5907,2.0626,2.4471,0.007888,0.003449,0,0
LOT-026,LOT026-P045,8.5018,8.6719,8.8527,9.1765,9.6,0.58,-1.8934,-1.6002,-1.2884,-0.7302,0.007088,0.003504,0,0
LOT-026,LOT026-P046,9.3465,9.5385,9.7826,9.9879,9.6,0.58,-0.4371,-0.106,0.3148,0.6688,0.008,0.003121,0,0
LOT-026,LOT026-P047,9.4376,9.6525,9.8548,10.0928,9.6,0.58,-0.28,0.0905,0.4393,0.8497,0.008954,0.003058,0,0
LOT-026,LOT026-P048,8.8134,9.0044,9.3233,9.5009,9.6,0.58,-1.3562,-1.0269,-0.4771,-0.1709,0.007958,0.003448,0,0
LOT-026,LOT026-P049,8.4513,8.5595,8.7999,8.9763,9.6,0.58,-1.9805,-1.794,-1.3795,-1.0753,0.004508,0.002894,0,0
LOT-026,LOT026-P050,10.7602,10.9825,11.178,11.3688,9.6,0.58,2.0003,2.3836,2.7207,3.0497,0.009263,0.002683,0,0
LOT-026,LOT026-P051,9.2007,9.3238,9.4997,9.7425,9.6,0.58,-0.6884,-0.4762,-0.1729,0.2457,0.005129,0.002908,0,0
LOT-026,LOT026-P052,10.1323,10.3246,10.5336,10.5782,9.6,0.58,0.9178,1.2493,1.6097,1.6866,0.008012,0.001761,0,0
LOT-026,LOT026-P053,10.6156,10.8343,11.2185,11.3566,9.6,0.58,1.751,2.1281,2.7905,3.0286,0.009113,0.003627,0,0
LOT-026,LOT026-P054,9.0623,9.2402,9.5379,9.7993,9.6,0.58,-0.9271,-0.6203,-0.1071,0.3436,0.007412,0.003883,0,0
LOT-026,LOT026-P055,9.1003,9.3687,9.5347,9.7736,9.6,0.58,-0.8616,-0.3988,-0.1126,0.2993,0.011183,0.002812,0,0
LOT-026,LOT026-P056,10.3178,10.5788,10.877,11.1049,9.6,0.58,1.2376,1.6876,2.2017,2.5947,0.010875,0.003653,0,0
LOT-026,LOT026-P057,10.0642,10.2565,10.5579,10.7646,9.6,0.58,0.8003,1.1319,1.6516,2.0079,0.008013,0.003528,0,0
LOT-026,LOT026-P058,8.8655,9.0931,9.1109,9.4108,9.6,0.58,-1.2664,-0.874,-0.8433,-0.3262,0.009483,0.002206,0,0
LOT-026,LOT026-P059,9.2271,9.3717,9.6598,9.8342,9.6,0.58,-0.6429,-0.3936,0.1031,0.4038,0.006025,0.003212,0,0
LOT-026,LOT026-P060,9.6543,9.8783,10.0679,10.1328,9.6,0.58,0.0936,0.4798,0.8067,0.9186,0.009333,0.001767,0,0
LOT-026,LOT026-P061,9.3699,9.598,9.9418,10.114,9.6,0.58,-0.3967,-0.0034,0.5893,0.8862,0.009504,0.003583,0,0
LOT-026,LOT026-P062,9.6527,9.7147,10.0352,10.3085,9.6,0.58,0.0909,0.1978,0.7503,1.2216,0.002583,0.004124,0,0
LOT-026,LOT026-P063,9.7665,10.033,10.3179,10.6454,9.6,0.58,0.2871,0.7466,1.2378,1.8024,0.011104,0.004253,0,0
LOT-026,LOT026-P064,9.7146,9.935,10.2689,10.4863,9.6,0.58,0.1976,0.5776,1.1533,1.5281,0.009183,0.003828,0,0
LOT-026,LOT026-P065,9.6563,10.0019,10.3721,10.7107,9.6,0.58,0.0971,0.6929,1.3312,1.915,0.0144,0.004922,0,0
LOT-026,LOT026-P066,9.4312,9.6133,9.81,10.0488,9.6,0.58,-0.291,0.0229,0.3621,0.7738,0.007588,0.003024,0,0
LOT-026,LOT026-P067,9.5675,10.5919,14.2994,19.7924,9.6,0.58,-0.056,1.7102,8.1024,17.5731,0.042683,0.063892,0,1
LOT-026,LOT026-P068,10.0118,11.3989,17.1122,25.1142,9.6,0.58,0.71,3.1016,12.9521,26.7486,0.057796,0.095245,0,1
LOT-026,LOT026-P069,8.2244,9.8836,15.6983,23.8374,9.6,0.58,-2.3717,0.489,10.5143,24.5472,0.069133,0.096901,0,1
LOT-026,LOT026-P070,8.646,8.885,9.2047,9.4159,9.6,0.58,-1.6448,-1.2328,-0.6816,-0.3174,0.009958,0.003687,0,0
LOT-026,LOT026-P071,10.2566,11.3831,15.9644,24.6442,9.6,0.58,1.1321,3.0743,10.9731,25.9383,0.046938,0.092091,0,1
LOT-026,LOT026-P072,9.3394,9.4098,9.6827,9.9242,9.6,0.58,-0.4493,-0.3279,0.1426,0.559,0.002933,0.003572,0,0
LOT-026,LOT026-P073,10.4235,12.0342,16.7613,24.9151,9.6,0.58,1.4198,4.1969,12.3471,26.4053,0.067112,0.089451,0,1
LOT-026,LOT026-P074,9.6483,9.8925,10.0579,10.1328,9.6,0.58,0.0833,0.5043,0.7895,0.9186,0.010175,0.001669,0,0
LOT-026,LOT026-P075,9.5791,9.808,10.2078,10.3771,9.6,0.58,-0.036,0.3586,1.0479,1.3398,0.009537,0.003952,0,0
LOT-026,LOT026-P076,10.0778,10.2475,10.4503,10.7076,9.6,0.58,0.8238,1.1164,1.466,1.9097,0.007071,0.003195,0,0
LOT-026,LOT026-P077,9.49,9.6561,9.7745,10.175,9.6,0.58,-0.1897,0.0967,0.3009,0.9914,0.006921,0.003603,0,0
LOT-026,LOT026-P078,9.1858,9.3661,9.5857,9.7299,9.6,0.58,-0.7141,-0.4033,-0.0247,0.224,0.007512,0.002526,0,0
LOT-026,LOT026-P079,9.0871,9.305,9.5232,9.7848,9.6,0.58,-0.8843,-0.5086,-0.1324,0.3186,0.009079,0.003332,0,0
LOT-026,LOT026-P080,9.4269,9.6357,9.7773,10.0059,9.6,0.58,-0.2984,0.0616,0.3057,0.6998,0.0087,0.002571,0,0
LOT-026,LOT026-P081,10.3051,10.586,10.6913,10.9385,9.6,0.58,1.2157,1.7,1.8816,2.3078,0.011704,0.002448,0,0
LOT-026,LOT026-P082,8.7346,8.9483,9.14,9.3168,9.6,0.58,-1.4921,-1.1236,-0.7931,-0.4883,0.008904,0.002559,0,0
LOT-026,LOT026-P083,9.6985,9.9726,10.1433,10.4401,9.6,0.58,0.1698,0.6424,0.9367,1.4484,0.011421,0.003247,0,0
LOT-026,LOT026-P084,9.8109,10.0081,10.2249,10.3777,9.6,0.58,0.3636,0.7036,1.0774,1.3409,0.008217,0.002567,0,0
LOT-026,LOT026-P085,10.7173,10.923,11.2485,11.4296,9.6,0.58,1.9264,2.281,2.8422,3.1545,0.008571,0.003518,0,0
LOT-026,LOT026-P086,9.6201,9.6726,10.0035,10.1969,9.6,0.58,0.0347,0.1252,0.6957,1.0291,0.002187,0.003641,0,0
LOT-026,LOT026-P087,9.6178,9.9027,10.3594,10.5918,9.6,0.58,0.0307,0.5219,1.3093,1.71,0.011871,0.004785,0,0
LOT-026,LOT026-P088,9.0137,9.1598,9.4855,9.6304,9.6,0.58,-1.0109,-0.759,-0.1974,0.0524,0.006088,0.003268,0,0
LOT-026,LOT026-P089,9.776,9.9496,10.2594,10.5565,9.6,0.58,0.3034,0.6028,1.1369,1.6491,0.007233,0.004215,0,0
LOT-026,LOT026-P090,8.8405,9.0128,9.2092,9.4683,9.6,0.58,-1.3095,-1.0124,-0.6738,-0.2271,0.007179,0.003163,0,0
LOT-026,LOT026-P091,10.142,10.3335,10.5312,10.6989,9.6,0.58,0.9345,1.2647,1.6055,1.8947,0.007979,0.002537,0,0
LOT-026,LOT026-P092,9.8491,10.0635,10.3413,10.4967,9.6,0.58,0.4295,0.7991,1.2781,1.546,0.008933,0.003008,0,0
LOT-026,LOT026-P093,10.1167,11.5902,16.2177,23.1855,9.6,0.58,0.8909,3.4314,11.4098,23.4233,0.061396,0.080523,0,1
LOT-026,LOT026-P094,9.3469,9.513,9.7388,9.8491,9.6,0.58,-0.4364,-0.15,0.2393,0.4295,0.006921,0.002334,0,0
LOT-026,LOT026-P095,9.8593,10.0017,10.1414,10.3256,9.6,0.58,0.4471,0.6926,0.9334,1.251,0.005933,0.002249,0,0
LOT-026,LOT026-P096,9.7832,9.9501,10.2531,10.401,9.6,0.58,0.3159,0.6036,1.126,1.381,0.006954,0.003131,0,0
LOT-026,LOT026-P097,9.6198,9.8608,10.1551,10.3108,9.6,0.58,0.0341,0.4497,0.9571,1.2255,0.010042,0.003125,0,0
LOT-026,LOT026-P098,9.9813,10.2447,10.502,10.6006,9.6,0.58,0.6574,1.1116,1.5552,1.7252,0.010975,0.002472,0,0
LOT-026,LOT026-P099,9.2608,9.4419,9.6141,9.8758,9.6,0.58,-0.5848,-0.2726,0.0243,0.4755,0.007546,0.003013,0,0
LOT-026,LOT026-P100,9.7171,11.1007,14.8344,22.4986,9.6,0.58,0.2019,2.5874,9.0248,22.239,0.05765,0.079152,0,1
LOT-027,LOT027-P001,10.7704,11.0276,11.1932,11.4153,10.8,0.65,-0.0455,0.3502,0.6049,0.9466,0.010717,0.002692,0,0
LOT-027,LOT027-P002,10.9413,11.0853,11.2948,11.5421,10.8,0.65,0.2174,0.4389,0.7612,1.1417,0.006,0.003172,0,0
LOT-027,LOT027-P003,9.7982,10.0559,10.2711,10.5053,10.8,0.65,-1.5412,-1.1448,-0.8137,-0.4534,0.010737,0.003121,0,0
LOT-027,LOT027-P004,10.9018,11.1259,11.3347,11.4031,10.8,0.65,0.1566,0.5014,0.8226,0.9278,0.009337,0.001925,0,0
LOT-027,LOT027-P005,9.591,9.6821,10.0132,10.1545,10.8,0.65,-1.86,-1.7198,-1.2105,-0.9931,0.003796,0.003281,0,0
LOT-027,LOT027-P006,11.0493,11.214,11.562,11.6897,10.8,0.65,0.3835,0.6369,1.1723,1.3688,0.006862,0.003303,0,0
LOT-027,LOT027-P007,10.7353,11.0249,11.244,11.3623,10.8,0.65,-0.0995,0.346,0.6831,0.8651,0.012067,0.002343,0,0
LOT-027,LOT027-P008,10.9553,11.133,11.4785,11.648,10.8,0.65,0.2389,0.5123,1.0438,1.3046,0.007404,0.003576,0,0
LOT-027,LOT027-P009,11.2405,11.4362,11.8061,11.7826,10.8,0.65,0.6777,0.9788,1.5478,1.5117,0.008154,0.002406,0,0
LOT-027,LOT027-P010,10.466,10.5668,10.9151,11.1685,10.8,0.65,-0.5138,-0.3588,0.1771,0.5669,0.0042,0.004178,0,0
LOT-027,LOT027-P011,9.8314,9.9769,10.1995,10.1995,10.8,0.65,-1.4902,-1.2663,-0.9238,-0.9238,0.006063,0.001546,0,0
LOT-027,LOT027-P012,11.4045,11.5632,11.7199,11.7954,10.8,0.65,0.93,1.1742,1.4152,1.5314,0.006612,0.001613,0,0
LOT-027,LOT027-P013,11.9613,12.1155,12.3441,12.5614,10.8,0.65,1.7866,2.0238,2.3755,2.7098,0.006425,0.003097,0,0
LOT-027,LOT027-P014,11.4375,11.5886,11.7793,12.0629,10.8,0.65,0.9808,1.2132,1.5066,1.9429,0.006296,0.003294,0,0
LOT-027,LOT027-P015,9.6223,9.7983,9.8786,10.0349,10.8,0.65,-1.8118,-1.5411,-1.4175,-1.1771,0.007333,0.001643,0,0
LOT-027,LOT027-P016,10.8077,11.0737,11.3918,11.4541,10.8,0.65,0.0118,0.4211,0.9105,1.0063,0.011083,0.002642,0,0
LOT-027,LOT027-P017,10.3245,10.5588,10.817,11.0709,10.8,0.65,-0.7315,-0.3711,0.0262,0.4168,0.009762,0.003556,0,0
LOT-027,LOT027-P018,11.533,11.7903,12.0007,12.2448,10.8,0.65,1.1277,1.5235,1.8472,2.2228,0.010721,0.003156,0,0
LOT-027,LOT027-P019,11.2341,11.4117,11.6538,11.8137,10.8,0.65,0.6678,0.9411,1.3135,1.5595,0.0074,0.002792,0,0
LOT-027,LOT027-P020,11.8871,11.9826,12.1871,12.5185,10.8,0.65,1.6725,1.8194,2.134,2.6438,0.003979,0.003722,0,0
LOT-027,LOT027-P021,9.5982,9.839,9.9812,10.1248,10.8,0.65,-1.8489,-1.4785,-1.2597,-1.0388,0.010033,0.001985,0,0
LOT-027,LOT027-P022,10.4684,10.6315,10.9054,10.9989,10.8,0.65,-0.5102,-0.2592,0.1622,0.306,0.006796,0.002551,0,0
LOT-027,LOT027-P023,11.3137,11.5255,11.7973,11.9522,10.8,0.65,0.7903,1.1162,1.5343,1.7726,0.008825,0.002963,0,0
LOT-027,LOT027-P024,10.0518,10.1687,10.4011,10.647,10.8,0.65,-1.1511,-0.9712,-0.6137,-0.2354,0.004871,0.003322,0,0
LOT-027,LOT027-P025,10.4876,10.6718,10.9145,11.1413,10.8,0.65,-0.4806,-0.1972,0.1762,0.5251,0.007675,0.00326,0,0
LOT-027,LOT027-P026,11.0504,11.2846,11.6105,11.7139,10.8,0.65,0.3852,0.7455,1.2469,1.406,0.009758,0.002981,0,0
LOT-027,LOT027-P027,10.9118,11.0884,11.3443,11.4478,10.8,0.65,0.172,0.4437,0.8374,0.9966,0.007358,0.002496,0,0
LOT-027,LOT027-P028,10.7167,10.8447,11.185,11.2586,10.8,0.65,-0.1282,0.0688,0.5923,0.7055,0.005333,0.002874,0,0
LOT-027,LOT027-P029,10.1883,10.3386,10.5742,10.6885,10.8,0.65,-0.9411,-0.7098,-0.3474,-0.1715,0.006262,0.00243,0,0
LOT-027,LOT027-P030,10.2639,10.403,10.7015,11.0346,10.8,0.65,-0.8248,-0.6108,-0.1515,0.3609,0.005796,0.004386,0,0
LOT-027,LOT027-P031,11.2756,11.4231,11.623,11.8992,10.8,0.65,0.7317,0.9586,1.2662,1.6911,0.006146,0.003306,0,0
LOT-027,LOT027-P032,11.4167,11.6051,11.8487,12.1104,10.8,0.65,0.9488,1.2386,1.6134,2.016,0.00785,0.003509,0,0
LOT-027,LOT027-P033,10.763,10.9298,11.1213,11.2849,10.8,0.65,-0.0569,0.1997,0.4943,0.746,0.00695,0.002466,0,0
LOT-027,LOT027-P034,11.2678,11.4632,11.5768,11.7281,10.8,0.65,0.7197,1.0203,1.1951,1.4278,0.008142,0.00184,0,0
LOT-027,LOT027-P035,11.0493,11.1916,11.4554,11.5172,10.8,0.65,0.3835,0.6025,1.0083,1.1034,0.005929,0.002261,0,0
LOT-027,LOT027-P036,11.3416,11.5934,11.8011,12.0518,10.8,0.65,0.8332,1.2206,1.5402,1.9258,0.010492,0.003183,0,0
LOT-027,LOT027-P037,9.7575,9.7882,10.0578,10.1668,10.8,0.65,-1.6038,-1.5566,-1.1418,-0.9742,0.001279,0.002629,0,0
LOT-027,LOT027-P038,9.9086,11.5773,17.2222,23.3414,10.8,0.65,-1.3714,1.1958,9.8803,19.2945,0.069529,0.081695,0,1
LOT-027,LOT027-P039,10.2305,10.3602,10.606,10.8762,10.8,0.65,-0.8762,-0.6766,-0.2985,0.1172,0.005404,0.003583,0,0
LOT-027,LOT027-P040,10.9315,11.0473,11.1988,11.1555,10.8,0.65,0.2023,0.3805,0.6135,0.5469,0.004825,0.000751,0,0
LOT-027,LOT027-P041,10.2028,10.4079,10.651,10.7896,10.8,0.65,-0.9188,-0.6032,-0.2292,-0.016,0.008546,0.002651,0,0
LOT-027,LOT027-P042,10.2478,10.4297,10.7142,10.8487,10.8,0.65,-0.8495,-0.5697,-0.132,0.0749,0.007579,0.00291,0,0
LOT-027,LOT027-P043,10.1165,10.2201,10.2974,10.6285,10.8,0.65,-1.0515,-0.8922,-0.7732,-0.2638,0.004317,0.002836,0,0
LOT-027,LOT027-P044,10.8479,10.9476,11.2691,11.5252,10.8,0.65,0.0737,0.2271,0.7217,1.1157,0.004154,0.004011,0,0
LOT-027,LOT027-P045,10.8237,10.9865,11.2192,11.4091,10.8,0.65,0.0365,0.2869,0.6449,0.9371,0.006783,0.002935,0,0
LOT-027,LOT027-P046,9.7546,9.9681,10.177,10.3827,10.8,0.65,-1.6083,-1.2798,-0.9585,-0.642,0.008896,0.002879,0,0
LOT-027,LOT027-P047,11.0668,11.2058,11.4052,11.488,10.8,0.65,0.4105,0.6243,0.9311,1.0585,0.005792,0.00196,0,0
LOT-027,LOT027-P048,10.7272,10.8327,11.1592,11.3631,10.8,0.65,-0.112,0.0503,0.5526,0.8663,0.004396,0.003683,0,0
LOT-027,LOT027-P049,11.1061,12.8575,16.7588,23.8277,10.8,0.65,0.4709,3.1654,9.1674,20.0426,0.072975,0.076182,0,1
LOT-027,LOT027-P050,10.2318,10.3392,10.6867,10.8649,10.8,0.65,-0.8742,-0.7089,-0.1743,0.0998,0.004475,0.003651,0,0
LOT-027,LOT027-P051,10.8418,11.046,11.3245,11.5598,10.8,0.65,0.0643,0.3785,0.8069,1.1689,0.008508,0.003568,0,0
LOT-027,LOT027-P052,11.3785,11.5913,11.7761,12.0021,10.8,0.65,0.89,1.2174,1.5017,1.8494,0.008867,0.002853,0,0
LOT-027,LOT027-P053,10.1983,10.5075,10.7667,10.9237,10.8,0.65,-0.9257,-0.45,-0.0512,0.1903,0.012883,0.00289,0,0
LOT-027,LOT027-P054,11.1298,11.2492,11.6077,11.9487,10.8,0.65,0.5074,0.6911,1.2426,1.7672,0.004975,0.004858,0,0
LOT-027,LOT027-P055,11.5615,11.7848,11.9723,12.157,10.8,0.65,1.1715,1.5151,1.8035,2.0877,0.009304,0.002585,0,0
LOT-027,LOT027-P056,10.5685,10.7803,10.9562,11.1375,10.8,0.65,-0.3562,-0.0303,0.2403,0.5192,0.008825,0.002481,0,0
LOT-027,LOT027-P057,12.161,12.4043,12.7314,12.9776,10.8,0.65,2.0938,2.4682,2.9714,3.3502,0.010137,0.003981,0,0
LOT-027,LOT027-P058,11.1622,11.3653,11.6048,11.7825,10.8,0.65,0.5572,0.8697,1.2382,1.5115,0.008462,0.002897,0,0
LOT-027,LOT027-P059,10.8021,10.969,11.2554,11.5557,10.8,0.65,0.0032,0.26,0.7006,1.1626,0.006954,0.004074,0,0
LOT-027,LOT027-P060,10.3326,10.462,10.5643,10.8131,10.8,0.65,-0.7191,-0.52,-0.3626,0.0202,0.005392,0.002438,0,0
LOT-027,LOT027-P061,11.3918,11.5225,11.7869,12.0224,10.8,0.65,0.9105,1.1115,1.5183,1.8806,0.005446,0.003472,0,0
LOT-027,LOT027-P062,12.0235,12.1805,12.2912,12.5789,10.8,0.65,1.8823,2.1238,2.2942,2.7368,0.006542,0.002767,0,0
LOT-027,LOT027-P063,10.5899,10.8343,11.0863,11.4087,10.8,0.65,-0.3232,0.0528,0.4405,0.9365,0.010183,0.003989,0,0
LOT-027,LOT027-P064,9.7389,9.9911,9.9595,10.0081,10.8,0.65,-1.6325,-1.2445,-1.2931,-1.2183,0.010508,0.000118,0,0
LOT-027,LOT027-P065,10.8551,11.0856,11.4059,11.562,10.8,0.65,0.0848,0.4394,0.9322,1.1723,0.009604,0.003308,0,0
LOT-027,LOT027-P066,11.4466,11.6118,11.8504,11.9779,10.8,0.65,0.9948,1.2489,1.616,1.8122,0.006883,0.002542,0,0
LOT-027,LOT027-P067,10.1005,10.228,10.5005,10.7188,10.8,0.65,-1.0762,-0.88,-0.4608,-0.1249,0.005312,0.003408,0,0
LOT-027,LOT027-P068,10.5855,10.8009,11.0653,11.3694,10.8,0.65,-0.33,0.0014,0.4082,0.876,0.008975,0.003948,0,0
LOT-027,LOT027-P069,11.4777,11.6612,11.7449,11.7911,10.8,0.65,1.0426,1.3249,1.4537,1.5248,0.007646,0.000902,0,0
LOT-027,LOT027-P070,11.6171,11.9062,12.2553,12.4984,10.8,0.65,1.2571,1.7018,2.2389,2.6129,0.012046,0.004113,0,0
LOT-027,LOT027-P071,10.5205,10.7765,10.9897,11.1648,10.8,0.65,-0.43,-0.0362,0.2918,0.5612,0.010667,0.002697,0,0
LOT-027,LOT027-P072,9.9922,11.625,16.8059,25.056,10.8,0.65,-1.2428,1.2692,9.2398,21.9323,0.068033,0.093271,0,1
LOT-027,LOT027-P073,44.5647,58.1576,79.5823,115.4101,10.8,0.65,51.9457,72.8578,105.8189,160.9386,0.566371,0.397587,1,1
LOT-027,LOT027-P074,10.7151,10.8676,11.1056,11.2571,10.8,0.65,-0.1306,0.104,0.4702,0.7032,0.006354,0.002705,0,0
LOT-027,LOT027-P075,10.4086,10.7059,10.989,11.1405,10.8,0.65,-0.6022,-0.1448,0.2908,0.5238,0.012387,0.003018,0,0
LOT-027,LOT027-P076,11.5548,11.7875,11.9984,12.1092,10.8,0.65,1.1612,1.5192,1.8437,2.0142,0.009696,0.002234,0,0
LOT-027,LOT027-P077,11.1072,11.377,11.5988,11.8034,10.8,0.65,0.4726,0.8877,1.2289,1.5437,0.011242,0.002961,0,0
LOT-027,LOT027-P078,10.5029,10.6805,10.8666,11.0391,10.8,0.65,-0.4571,-0.1838,0.1025,0.3678,0.0074,0.00249,0,0
LOT-027,LOT027-P079,9.9132,10.0654,10.465,10.8087,10.8,0.65,-1.3643,-1.1302,-0.5154,0.0134,0.006342,0.005162,0,0
LOT-027,LOT027-P080,10.9814,11.1267,11.3575,11.6131,10.8,0.65,0.2791,0.5026,0.8577,1.2509,0.006054,0.003378,0,0
LOT-027,LOT027-P081,11.2943,11.3449,11.643,11.9811,10.8,0.65,0.7605,0.8383,1.2969,1.8171,0.002108,0.004418,0,0
LOT-027,LOT027-P082,10.6495,10.8006,11.0284,11.3803,10.8,0.65,-0.2315,0.0009,0.3514,0.8928,0.006296,0.004026,0,0
LOT-027,LOT027-P083,10.8915,11.0514,11.3783,11.5444,10.8,0.65,0.1408,0.3868,0.8897,1.1452,0.006662,0.003424,0,0
LOT-027,LOT027-P084,10.957,11.0809,11.3382,11.5168,10.8,0.65,0.2415,0.4322,0.828,1.1028,0.005162,0.003027,0,0
LOT-027,LOT027-P085,10.1511,11.2127,17.199,22.0561,10.8,0.65,-0.9983,0.6349,9.8446,17.3171,0.044233,0.075301,0,1
LOT-027,LOT027-P086,11.844,11.994,12.2024,12.4998,10.8,0.65,1.6062,1.8369,2.1575,2.6151,0.00625,0.003513,0,0
LOT-027,LOT027-P087,11.2464,11.4276,11.6018,11.8236,10.8,0.65,0.6868,0.9655,1.2335,1.5748,0.00755,0.00275,0,0
LOT-027,LOT027-P088,10.8342,11.0549,11.3104,11.6016,10.8,0.65,0.0526,0.3922,0.7852,1.2332,0.009196,0.003797,0,0
LOT-027,LOT027-P089,10.6071,10.7243,10.9645,11.1735,10.8,0.65,-0.2968,-0.1165,0.2531,0.5746,0.004883,0.003119,0,0
LOT-027,LOT027-P090,9.9931,10.2383,10.4927,10.5451,10.8,0.65,-1.2414,-0.8642,-0.4728,-0.3922,0.010217,0.002131,0,0
LOT-027,LOT027-P091,10.8718,11.0036,11.2163,11.3549,10.8,0.65,0.1105,0.3132,0.6405,0.8537,0.005492,0.00244,0,0
LOT-027,LOT027-P092,10.1924,10.3881,10.6774,10.7994,10.8,0.65,-0.9348,-0.6337,-0.1886,-0.0009,0.008154,0.002856,0,0
LOT-027,LOT027-P093,10.3669,10.5599,10.7066,10.7342,10.8,0.65,-0.6663,-0.3694,-0.1437,-0.1012,0.008042,0.00121,0,0
LOT-027,LOT027-P094,10.584,10.8022,11.0586,11.2533,10.8,0.65,-0.3323,0.0034,0.3978,0.6974,0.009092,0.003133,0,0
LOT-027,LOT027-P095,10.7319,10.9885,11.0956,11.164,10.8,0.65,-0.1048,0.29,0.4548,0.56,0.010692,0.001219,0,0
LOT-027,LOT027-P096,11.8183,11.9964,12.3207,12.5568,10.8,0.65,1.5666,1.8406,2.3395,2.7028,0.007421,0.003892,0,0
LOT-027,LOT027-P097,11.023,11.1651,11.4542,11.7469,10.8,0.65,0.3431,0.5617,1.0065,1.4568,0.005921,0.00404,0,0
LOT-027,LOT027-P098,11.5093,11.6804,11.8155,12.0608,10.8,0.65,1.0912,1.3545,1.5623,1.9397,0.007129,0.002642,0,0
LOT-027,LOT027-P099,10.4128,11.6449,15.3418,20.1692,10.8,0.65,-0.5957,1.2998,6.9874,14.4142,0.051337,0.059197,0,1
LOT-027,LOT027-P100,10.0209,10.1071,10.1773,10.3529,10.8,0.65,-1.1986,-1.066,-0.958,-0.6878,0.003592,0.001707,0,0
LOT-028,LOT028-P001,9.332,9.559,9.7085,9.7868,8.95,0.45,0.8489,1.3533,1.6856,1.8596,0.009458,0.001582,0,0
LOT-028,LOT028-P002,8.3795,8.5559,8.8313,8.9712,8.95,0.45,-1.2678,-0.8758,-0.2638,0.0471,0.00735,0.002884,0,0
LOT-028,LOT028-P003,9.1094,9.3275,9.485,9.6819,8.95,0.45,0.3542,0.8389,1.1889,1.6264,0.009087,0.002461,0,0
LOT-028,LOT028-P004,9.5895,9.783,10.0824,10.3727,8.95,0.45,1.4211,1.8511,2.5164,3.1616,0.008063,0.004095,0,0
LOT-028,LOT028-P005,8.2712,8.4104,8.748,8.9385,8.95,0.45,-1.5084,-1.1991,-0.4489,-0.0256,0.0058,0.003667,0,0
LOT-028,LOT028-P006,8.0249,8.264,8.3941,8.5842,8.95,0.45,-2.0558,-1.5244,-1.2353,-0.8129,0.009962,0.002224,0,0
LOT-028,LOT028-P007,8.4254,8.5454,8.7272,8.8873,8.95,0.45,-1.1658,-0.8991,-0.4951,-0.1393,0.005,0.002374,0,0
LOT-028,LOT028-P008,10.1183,10.2607,10.5282,10.8216,8.95,0.45,2.5962,2.9127,3.5071,4.1591,0.005933,0.003895,0,0
LOT-028,LOT028-P009,7.6646,7.8116,8.1058,8.5677,8.95,0.45,-2.8564,-2.5298,-1.876,-0.8496,0.006125,0.005251,0,0
LOT-028,LOT028-P010,8.6807,8.8348,9.0099,9.1883,8.95,0.45,-0.5984,-0.256,0.1331,0.5296,0.006421,0.002455,0,0
LOT-028,LOT028-P011,8.7935,8.9717,9.2367,9.4633,8.95,0.45,-0.3478,0.0482,0.6371,1.1407,0.007425,0.003414,0,0
LOT-028,LOT028-P012,8.939,9.0823,9.2966,9.5417,8.95,0.45,-0.0244,0.294,0.7702,1.3149,0.005971,0.00319,0,0
LOT-028,LOT028-P013,8.9673,9.124,9.4795,9.6454,8.95,0.45,0.0384,0.3867,1.1767,1.5453,0.006529,0.003621,0,0
LOT-028,LOT028-P014,9.3077,10.3314,16.198,22.625,8.95,0.45,0.7949,3.0698,16.1067,30.3889,0.042654,0.085372,0,1
LOT-028,LOT028-P015,9.2887,9.5173,9.7881,9.828,8.95,0.45,0.7527,1.2607,1.8624,1.9511,0.009525,0.002158,0,0
LOT-028,LOT028-P016,8.3132,8.5543,8.766,8.9038,8.95,0.45,-1.4151,-0.8793,-0.4089,-0.1027,0.010046,0.002427,0,0
LOT-028,LOT028-P017,10.1298,10.2864,10.5123,10.6219,8.95,0.45,2.6218,2.9698,3.4718,3.7153,0.006525,0.00233,0,0
LOT-028,LOT028-P018,8.7927,8.9182,9.1438,9.3724,8.95,0.45,-0.3496,-0.0707,0.4307,0.9387,0.005229,0.003154,0,0
LOT-028,LOT028-P019,8.5663,8.6531,8.7398,8.9819,8.95,0.45,-0.8527,-0.6598,-0.4671,0.0709,0.003617,0.002283,0,0
LOT-028,LOT028-P020,8.0909,8.1894,8.3565,8.5354,8.95,0.45,-1.9091,-1.6902,-1.3189,-0.9213,0.004104,0.002403,0,0
LOT-028,LOT028-P021,8.9064,9.2124,9.4693,9.7113,8.95,0.45,-0.0969,0.5831,1.154,1.6918,0.01275,0.003465,0,0
LOT-028,LOT028-P022,8.6234,8.7399,8.9582,9.1136,8.95,0.45,-0.7258,-0.4669,0.0182,0.3636,0.004854,0.002595,0,0
LOT-028,LOT028-P023,9.7741,9.9522,10.2675,10.5012,8.95,0.45,1.8313,2.2271,2.9278,3.4471,0.007421,0.003813,0,0
LOT-028,LOT028-P024,9.247,9.411,9.5533,9.6645,8.95,0.45,0.66,1.0244,1.3407,1.5878,0.006833,0.00176,0,0
LOT-028,LOT028-P025,8.6578,8.8475,9.157,9.4494,8.95,0.45,-0.6493,-0.2278,0.46,1.1098,0.007904,0.00418,0,0
LOT-028,LOT028-P026,8.9554,10.7028,15.01,22.5271,8.95,0.45,0.012,3.8951,13.4667,30.1713,0.072808,0.082113,0,1
LOT-028,LOT028-P027,8.6932,8.7887,9.2015,9.2787,8.95,0.45,-0.5707,-0.3584,0.5589,0.7304,0.003979,0.003403,0,0
LOT-028,LOT028-P028,9.068,9.3414,9.6417,9.8661,8.95,0.45,0.2622,0.8698,1.5371,2.0358,0.011392,0.003644,0,0
LOT-028,LOT028-P029,8.9991,10.3124,14.4752,22.1539,8.95,0.45,0.1091,3.0276,12.2782,29.342,0.054721,0.082233,0,1
LOT-028,LOT028-P030,8.7142,8.9185,9.1943,9.1753,8.95,0.45,-0.524,-0.07,0.5429,0.5007,0.008512,0.001783,0,0
LOT-028,LOT028-P031,9.0891,9.2578,9.3657,9.5222,8.95,0.45,0.3091,0.684,0.9238,1.2716,0.007029,0.001836,0,0
LOT-028,LOT028-P032,9.0501,9.2104,9.3486,9.6911,8.95,0.45,0.2224,0.5787,0.8858,1.6469,0.006679,0.003338,0,0
LOT-028,LOT028-P033,9.4534,10.4036,14.7485,21.9105,8.95,0.45,1.1187,3.2302,12.8856,28.8011,0.039592,0.079909,0,1
LOT-028,LOT028-P034,8.8338,9.0826,9.2658,9.5479,8.95,0.45,-0.2582,0.2947,0.7018,1.3287,0.010367,0.003231,0,0
LOT-028,LOT028-P035,9.4094,9.6539,9.8531,9.9813,8.95,0.45,1.0209,1.5642,2.0069,2.2918,0.010188,0.002274,0,0
LOT-028,LOT028-P036,8.3479,8.5146,8.8071,9.0719,8.95,0.45,-1.338,-0.9676,-0.3176,0.2709,0.006946,0.00387,0,0
LOT-028,LOT028-P037,8.6164,8.8281,8.9923,9.1841,8.95,0.45,-0.7413,-0.2709,0.094,0.5202,0.008821,0.002472,0,0
LOT-028,LOT028-P038,9.4664,9.6954,9.8357,9.949,8.95,0.45,1.1476,1.6564,1.9682,2.22,0.009542,0.001761,0,0
LOT-028,LOT028-P039,9.5286,9.6837,9.9964,10.1969,8.95,0.45,1.2858,1.6304,2.3253,2.7709,0.006462,0.003564,0,0
LOT-028,LOT028-P040,9.122,9.3077,9.6105,9.9032,8.95,0.45,0.3822,0.7949,1.4678,2.1182,0.007738,0.004135,0,0
LOT-028,LOT028-P041,8.83,8.9385,9.1407,9.3598,8.95,0.45,-0.2667,-0.0256,0.4238,0.9107,0.004521,0.002926,0,0
LOT-028,LOT028-P042,8.8644,9.0839,9.3806,9.6226,8.95,0.45,-0.1902,0.2976,0.9569,1.4947,0.009146,0.003741,0,0
LOT-028,LOT028-P043,8.587,8.7716,9.1591,9.3388,8.95,0.45,-0.8067,-0.3964,0.4647,0.864,0.007692,0.003939,0,0
LOT-028,LOT028-P044,8.427,8.5196,8.8269,8.996,8.95,0.45,-1.1622,-0.9564,-0.2736,0.1022,0.003858,0.003308,0,0
LOT-028,LOT028-P045,9.714,9.9243,10.0871,10.3251,8.95,0.45,1.6978,2.1651,2.5269,3.0558,0.008763,0.002783,0,0
LOT-028,LOT028-P046,8.8634,8.9346,9.0501,9.35,8.95,0.45,-0.1924,-0.0342,0.2224,0.8889,0.002967,0.002885,0,0
LOT-028,LOT028-P047,8.8348,9.0246,9.2647,9.4702,8.95,0.45,-0.256,0.1658,0.6993,1.156,0.007908,0.003094,0,0
LOT-028,LOT028-P048,9.8939,10.0789,10.3273,10.4849,8.95,0.45,2.0976,2.5087,3.0607,3.4109,0.007708,0.002819,0,0
LOT-028,LOT028-P049,8.3451,10.0439,14.717,20.1036,8.95,0.45,-1.3442,2.4309,12.8156,24.7858,0.070783,0.069859,0,1
LOT-028,LOT028-P050,9.6528,9.7818,10.0496,10.341,8.95,0.45,1.5618,1.8484,2.4436,3.0911,0.005375,0.003883,0,0
LOT-028,LOT028-P051,42.3311,60.2135,75.503,113.9899,8.95,0.45,74.1802,113.9189,147.8956,233.422,0.7451,0.373447,1,1
LOT-028,LOT028-P052,8.8559,9.0502,9.4331,9.5184,8.95,0.45,-0.2091,0.2227,1.0736,1.2631,0.008096,0.003251,0,0
LOT-028,LOT028-P053,9.9241,10.1234,10.4082,10.5806,8.95,0.45,2.1647,2.6076,3.2404,3.6236,0.008304,0.003175,0,0
LOT-028,LOT028-P054,9.1044,9.2851,9.5338,9.7596,8.95,0.45,0.3431,0.7447,1.2973,1.7991,0.007529,0.003295,0,0
LOT-028,LOT028-P055,8.7944,8.968,9.1283,9.3842,8.95,0.45,-0.3458,0.04,0.3962,0.9649,0.007233,0.00289,0,0
LOT-028,LOT028-P056,8.9544,9.0933,9.3358,9.6583,8.95,0.45,0.0098,0.3184,0.8573,1.574,0.005787,0.003924,0,0
LOT-028,LOT028-P057,8.8193,8.9518,9.1532,9.2388,8.95,0.45,-0.2904,0.004,0.4516,0.6418,0.005521,0.001993,0,0
LOT-028,LOT028-P058,9.3735,9.5261,9.7175,9.9831,8.95,0.45,0.9411,1.2802,1.7056,2.2958,0.006358,0.003174,0,0
LOT-028,LOT028-P059,8.2388,9.3075,14.8844,21.0491,8.95,0.45,-1.5804,0.7944,13.1876,26.8869,0.044529,0.081539,0,1
LOT-028,LOT028-P060,8.6146,8.7753,8.9228,9.1099,8.95,0.45,-0.7453,-0.3882,-0.0604,0.3553,0.006696,0.002324,0,0
LOT-028,LOT028-P061,9.417,9.7068,10.0023,10.1732,8.95,0.45,1.0378,1.6818,2.3384,2.7182,0.012075,0.003239,0,0
LOT-028,LOT028-P062,9.2482,9.4726,9.6853,9.8613,8.95,0.45,0.6627,1.1613,1.634,2.0251,0.00935,0.002699,0,0
LOT-028,LOT028-P063,8.8723,9.0438,9.3292,9.5639,8.95,0.45,-0.1727,0.2084,0.8427,1.3642,0.007146,0.003612,0,0
LOT-028,LOT028-P064,8.9523,9.1188,9.3641,9.4955,8.95,0.45,0.0051,0.3751,0.9202,1.2122,0.006938,0.002616,0,0
LOT-028,LOT028-P065,8.3365,8.5148,8.728,8.9542,8.95,0.45,-1.3633,-0.9671,-0.4933,0.0093,0.007429,0.003051,0,0
LOT-028,LOT028-P066,9.9571,10.154,10.339,10.4982,8.95,0.45,2.238,2.6756,3.0867,3.4404,0.008204,0.00239,0,0
LOT-028,LOT028-P067,8.7502,8.91,9.1592,9.3578,8.95,0.45,-0.444,-0.0889,0.4649,0.9062,0.006658,0.00311,0,0
LOT-028,LOT028-P068,10.0039,10.2828,10.6287,10.7406,8.95,0.45,2.342,2.9618,3.7304,3.9791,0.011621,0.003179,0,0
LOT-028,LOT028-P069,8.6079,8.7648,9.0387,9.2662,8.95,0.45,-0.7602,-0.4116,0.1971,0.7027,0.006537,0.003482,0,0
LOT-028,LOT028-P070,9.531,9.7205,9.9546,10.1616,8.95,0.45,1.2911,1.7122,2.2324,2.6924,0.007896,0.003063,0,0
LOT-028,LOT028-P071,9.5268,9.6698,9.9733,10.1442,8.95,0.45,1.2818,1.5996,2.274,2.6538,0.005958,0.003294,0,0
LOT-028,LOT028-P072,8.7251,8.8066,9.1402,9.5005,8.95,0.45,-0.4998,-0.3187,0.4227,1.2233,0.003396,0.004819,0,0
LOT-028,LOT028-P073,8.9496,9.2399,9.4958,9.822,8.95,0.45,-0.0009,0.6442,1.2129,1.9378,0.012096,0.004042,0,0
LOT-028,LOT028-P074,9.8978,10.0913,10.3724,10.5894,8.95,0.45,2.1062,2.5362,3.1609,3.6431,0.008063,0.003459,0,0
LOT-028,LOT028-P075,8.8365,9.0525,9.2874,9.5612,8.95,0.45,-0.2522,0.2278,0.7498,1.3582,0.009,0.003533,0,0
LOT-028,LOT028-P076,8.4829,8.5602,8.9099,9.0139,8.95,0.45,-1.038,-0.8662,-0.0891,0.142,0.003221,0.003151,0,0
LOT-028,LOT028-P077,9.2476,9.3784,9.6337,9.9406,8.95,0.45,0.6613,0.952,1.5193,2.2013,0.00545,0.003904,0,0
LOT-028,LOT028-P078,8.6491,8.807,9.054,9.1214,8.95,0.45,-0.6687,-0.3178,0.2311,0.3809,0.006579,0.002183,0,0
LOT-028,LOT028-P079,8.6308,8.8963,9.1899,9.2975,8.95,0.45,-0.7093,-0.1193,0.5331,0.7722,0.011062,0.002786,0,0
LOT-028,LOT028-P080,8.2792,8.4856,8.6904,9.0271,8.95,0.45,-1.4907,-1.032,-0.5769,0.1713,0.0086,0.00376,0,0
LOT-028,LOT028-P081,9.1893,9.4069,9.4909,9.6601,8.95,0.45,0.5318,1.0153,1.202,1.578,0.009067,0.001758,0,0
LOT-028,LOT028-P082,8.9153,10.0717,14.1564,20.9308,8.95,0.45,-0.0771,2.4927,11.5698,26.624,0.048183,0.07541,0,1
LOT-028,LOT028-P083,8.7615,8.8041,9.1184,9.1439,8.95,0.45,-0.4189,-0.3242,0.3742,0.4309,0.001775,0.00236,0,0
LOT-028,LOT028-P084,9.3089,9.4646,9.6776,9.7457,8.95,0.45,0.7976,1.1436,1.6169,1.7682,0.006488,0.001952,0,0
LOT-028,LOT028-P085,9.0068,9.1655,9.3592,9.6021,8.95,0.45,0.1262,0.4789,0.9093,1.4491,0.006612,0.003032,0,0
LOT-028,LOT028-P086,9.6449,9.8692,10.1745,10.5196,8.95,0.45,1.5442,2.0427,2.7211,3.488,0.009346,0.004517,0,0
LOT-028,LOT028-P087,8.5698,8.7714,9.0013,9.1173,8.95,0.45,-0.8449,-0.3969,0.114,0.3718,0.0084,0.002402,0,0
LOT-028,LOT028-P088,8.393,8.6468,8.9557,9.1609,8.95,0.45,-1.2378,-0.6738,0.0127,0.4687,0.010575,0.00357,0,0
LOT-028,LOT028-P089,8.5715,8.6782,8.8826,9.0571,8.95,0.45,-0.8411,-0.604,-0.1498,0.238,0.004446,0.002631,0,0
LOT-028,LOT028-P090,8.4348,8.6099,8.8215,9.1104,8.95,0.45,-1.1449,-0.7558,-0.2856,0.3564,0.007296,0.003476,0,0
LOT-028,LOT028-P091,8.3714,8.5535,8.7319,8.8699,8.95,0.45,-1.2858,-0.8811,-0.4847,-0.178,0.007588,0.002197,0,0
LOT-028,LOT028-P092,9.5294,11.0836,14.9961,22.7706,8.95,0.45,1.2876,4.7413,13.4358,30.7124,0.064758,0.08116,0,1
LOT-028,LOT028-P093,9.2359,9.3767,9.6362,9.8524,8.95,0.45,0.6353,0.9482,1.5249,2.0053,0.005867,0.003303,0,0
LOT-028,LOT028-P094,9.3995,9.5455,9.7371,9.9615,8.95,0.45,0.9989,1.3233,1.7491,2.2478,0.006083,0.002889,0,0
LOT-028,LOT028-P095,41.9101,57.9842,75.9018,103.9758,8.95,0.45,73.2447,108.9649,148.7818,211.1684,0.669754,0.319386,1,1
LOT-028,LOT028-P096,9.0432,9.1609,9.2908,9.6216,8.95,0.45,0.2071,0.4687,0.7573,1.4924,0.004904,0.003199,0,0
LOT-028,LOT028-P097,9.2788,9.4903,9.5938,9.776,8.95,0.45,0.7307,1.2007,1.4307,1.8356,0.008812,0.001984,0,0
LOT-028,LOT028-P098,9.5363,9.6835,9.9672,10.2576,8.95,0.45,1.3029,1.63,2.2604,2.9058,0.006133,0.003987,0,0
LOT-028,LOT028-P099,9.1149,9.3864,9.698,9.9836,8.95,0.45,0.3664,0.9698,1.6622,2.2969,0.011312,0.004147,0,0
LOT-028,LOT028-P100,9.1695,9.2847,9.4303,9.5003,8.95,0.45,0.4878,0.7438,1.0673,1.2229,0.0048,0.001497,0,0
LOT-029,LOT029-P001,9.8119,10.0015,10.1249,10.2466,10.25,0.6,-0.7302,-0.4142,-0.2085,-0.0057,0.0079,0.001702,0,0
LOT-029,LOT029-P002,10.1864,10.4103,10.7382,10.9007,10.25,0.6,-0.106,0.2672,0.8137,1.0845,0.009329,0.003406,0,0
LOT-029,LOT029-P003,8.9647,9.1507,9.2873,9.4537,10.25,0.6,-2.1422,-1.8322,-1.6045,-1.3272,0.00775,0.002104,0,0
LOT-029,LOT029-P004,10.3853,10.5757,10.7281,10.96,10.25,0.6,0.2255,0.5428,0.7968,1.1833,0.007933,0.002669,0,0
LOT-029,LOT029-P005,9.5977,9.9216,10.0957,10.2487,10.25,0.6,-1.0872,-0.5473,-0.2572,-0.0022,0.013496,0.002272,0,0
LOT-029,LOT029-P006,10.7498,10.9262,11.1787,11.4241,10.25,0.6,0.833,1.127,1.5478,1.9568,0.00735,0.003458,0,0
LOT-029,LOT029-P007,9.3402,9.5224,9.6982,9.7048,10.25,0.6,-1.5163,-1.2127,-0.9197,-0.9087,0.007592,0.001267,0,0
LOT-029,LOT029-P008,11.3756,11.5729,11.8192,12.0381,10.25,0.6,1.876,2.2048,2.6153,2.9802,0.008221,0.003231,0,0
LOT-029,LOT029-P009,9.4597,11.1654,15.2206,23.659,10.25,0.6,-1.3172,1.5257,8.2843,22.3483,0.071071,0.086761,0,1
LOT-029,LOT029-P010,9.5309,9.7132,9.9964,10.222,10.25,0.6,-1.1985,-0.8947,-0.4227,-0.0467,0.007596,0.003533,0,0
LOT-029,LOT029-P011,10.0054,10.142,10.3239,10.4612,10.25,0.6,-0.4077,-0.18,0.1232,0.352,0.005692,0.002217,0,0
LOT-029,LOT029-P012,10.4702,10.5348,10.8513,11.0245,10.25,0.6,0.367,0.4747,1.0022,1.2908,0.002692,0.003401,0,0
LOT-029,LOT029-P013,9.0761,10.2488,14.9727,19.8426,10.25,0.6,-1.9565,-0.002,7.8712,15.9877,0.048862,0.066624,0,1
LOT-029,LOT029-P014,11.0198,11.1739,11.4135,11.6198,10.25,0.6,1.283,1.5398,1.9392,2.283,0.006421,0.003097,0,0
LOT-029,LOT029-P015,8.9422,9.0499,9.435,9.6859,10.25,0.6,-2.1797,-2.0002,-1.3583,-0.9402,0.004487,0.004417,0,0
LOT-029,LOT029-P016,9.473,9.6567,9.9158,10.1533,10.25,0.6,-1.295,-0.9888,-0.557,-0.1612,0.007654,0.003449,0,0
LOT-029,LOT029-P017,10.0046,10.1482,10.2547,10.3576,10.25,0.6,-0.409,-0.1697,0.0078,0.1793,0.005983,0.001454,0,0
LOT-029,LOT029-P018,10.189,10.3817,10.5201,10.6636,10.25,0.6,-0.1017,0.2195,0.4502,0.6893,0.008029,0.001958,0,0
LOT-029,LOT029-P019,11.1531,11.291,11.5015,11.7863,10.25,0.6,1.5052,1.735,2.0858,2.5605,0.005746,0.00344,0,0
LOT-029,LOT029-P020,10.2012,11.5562,16.2919,21.7519,10.25,0.6,-0.0813,2.177,10.0698,19.1698,0.056458,0.070803,0,1
LOT-029,LOT029-P021,11.6875,11.9204,12.0209,12.2737,10.25,0.6,2.3958,2.784,2.9515,3.3728,0.009704,0.002453,0,0
LOT-029,LOT029-P022,10.7471,10.9272,11.0624,11.1785,10.25,0.6,0.8285,1.1287,1.354,1.5475,0.007504,0.001745,0,0
LOT-029,LOT029-P023,11.0709,11.2365,11.4449,11.6029,10.25,0.6,1.3682,1.6442,1.9915,2.2548,0.0069,0.002544,0,0
LOT-029,LOT029-P024,10.01,10.1546,10.4393,10.7687,10.25,0.6,-0.4,-0.159,0.3155,0.8645,0.006025,0.004265,0,0
LOT-029,LOT029-P025,10.416,10.6494,10.8508,10.952,10.25,0.6,0.2767,0.6657,1.0013,1.17,0.009725,0.002101,0,0
LOT-029,LOT029-P026,11.1744,11.3517,11.7007,11.8117,10.25,0.6,1.5407,1.8362,2.4178,2.6028,0.007387,0.003194,0,0
LOT-029,LOT029-P027,9.7916,9.9998,10.3071,10.4849,10.25,0.6,-0.764,-0.417,0.0952,0.3915,0.008675,0.003369,0,0
LOT-029,LOT029-P028,11.2651,11.4301,11.6368,11.9445,10.25,0.6,1.6918,1.9668,2.3113,2.8242,0.006875,0.003572,0,0
LOT-029,LOT029-P029,10.0024,10.191,10.5092,10.7046,10.25,0.6,-0.4127,-0.0983,0.432,0.7577,0.007858,0.003567,0,0
LOT-029,LOT029-P030,9.8979,10.0652,10.3475,10.6002,10.25,0.6,-0.5868,-0.308,0.1625,0.5837,0.006971,0.003715,0,0
LOT-029,LOT029-P031,9.5996,9.7362,9.8788,9.9678,10.25,0.6,-1.084,-0.8563,-0.6187,-0.4703,0.005692,0.001608,0,0
LOT-029,LOT029-P032,9.868,10.1476,10.2416,10.3903,10.25,0.6,-0.6367,-0.1707,-0.014,0.2338,0.01165,0.001685,0,0
LOT-029,LOT029-P033,10.7143,10.9782,11.1896,11.395,10.25,0.6,0.7738,1.2137,1.566,1.9083,0.010996,0.002894,0,0
LOT-029,LOT029-P034,10.2693,10.4249,10.665,10.8566,10.25,0.6,0.0322,0.2915,0.6917,1.011,0.006483,0.002998,0,0
LOT-029,LOT029-P035,10.5018,10.65,10.7696,10.9431,10.25,0.6,0.4197,0.6667,0.866,1.1552,0.006175,0.002035,0,0
LOT-029,LOT029-P036,10.7232,10.9651,11.3054,11.4454,10.25,0.6,0.7887,1.1918,1.759,1.9923,0.010079,0.003335,0,0
LOT-029,LOT029-P037,11.2792,11.4684,11.7482,12.0409,10.25,0.6,1.7153,2.0307,2.497,2.9848,0.007883,0.003976,0,0
LOT-029,LOT029-P038,9.8299,10.0148,10.276,10.4015,10.25,0.6,-0.7002,-0.392,0.0433,0.2525,0.007704,0.002685,0,0
LOT-029,LOT029-P039,10.6725,10.8511,10.9837,11.283,10.25,0.6,0.7042,1.0018,1.2228,1.7217,0.007442,0.002999,0,0
LOT-029,LOT029-P040,9.2702,9.394,9.7121,10.0303,10.25,0.6,-1.633,-1.4267,-0.8965,-0.3662,0.005158,0.004419,0,0
LOT-029,LOT029-P041,10.854,11.027,11.2183,11.3633,10.25,0.6,1.0067,1.295,1.6138,1.8555,0.007208,0.002335,0,0
LOT-029,LOT029-P042,10.427,10.5907,10.9592,11.1177,10.25,0.6,0.295,0.5678,1.182,1.4462,0.006821,0.00366,0,0
LOT-029,LOT029-P043,10.3082,12.06,16.6021,22.9103,10.25,0.6,0.097,3.0167,10.5868,21.1005,0.072992,0.075349,0,1
LOT-029,LOT029-P044,10.588,10.7797,11.1171,11.4792,10.25,0.6,0.5633,0.8828,1.4452,2.0487,0.007988,0.004858,0,0
LOT-029,LOT029-P045,11.3593,11.5613,11.7497,11.9133,10.25,0.6,1.8488,2.1855,2.4995,2.7722,0.008417,0.002444,0,0
LOT-029,LOT029-P046,10.7995,10.9721,11.1461,11.2857,10.25,0.6,0.9158,1.2035,1.4935,1.7262,0.007192,0.002178,0,0
LOT-029,LOT029-P047,9.0227,9.1971,9.5735,9.6555,10.25,0.6,-2.0455,-1.7548,-1.1275,-0.9908,0.007267,0.003183,0,0
LOT-029,LOT029-P048,10.2785,10.4702,10.6973,10.9612,10.25,0.6,0.0475,0.367,0.7455,1.1853,0.007988,0.00341,0,0
LOT-029,LOT029-P049,9.9555,10.2013,10.5885,10.7459,10.25,0.6,-0.4908,-0.0812,0.5642,0.8265,0.010242,0.003782,0,0
LOT-029,LOT029-P050,11.11,12.3673,17.3506,24.8466,10.25,0.6,1.4333,3.5288,11.8343,24.3277,0.052388,0.086662,0,1
LOT-029,LOT029-P051,9.8439,10.0466,10.4252,10.6567,10.25,0.6,-0.6768,-0.339,0.292,0.6778,0.008446,0.004237,0,0
LOT-029,LOT029-P052,10.1537,10.3016,10.5402,10.8248,10.25,0.6,-0.1605,0.086,0.4837,0.958,0.006162,0.003633,0,0
LOT-029,LOT029-P053,9.6555,9.8715,10.1892,10.3935,10.25,0.6,-0.9908,-0.6308,-0.1013,0.2392,0.009,0.003625,0,0
LOT-029,LOT029-P054,9.9872,10.1064,10.371,10.4482,10.25,0.6,-0.438,-0.2393,0.2017,0.3303,0.004967,0.002374,0,0
LOT-029,LOT029-P055,10.0921,11.417,15.7602,24.1575,10.25,0.6,-0.2632,1.945,9.1837,23.1792,0.055204,0.088476,0,1
LOT-029,LOT029-P056,10.3368,10.469,10.7249,10.9608,10.25,0.6,0.1447,0.365,0.7915,1.1847,0.005508,0.003415,0,0
LOT-029,LOT029-P057,11.0085,11.2339,11.5897,11.6534,10.25,0.6,1.2642,1.6398,2.2328,2.339,0.009392,0.002913,0,0
LOT-029,LOT029-P058,10.8333,10.9705,11.0999,11.4219,10.25,0.6,0.9722,1.2008,1.4165,1.9532,0.005717,0.003135,0,0
LOT-029,LOT029-P059,9.2928,9.547,9.7233,9.9309,10.25,0.6,-1.5953,-1.1717,-0.8778,-0.5318,0.010592,0.002666,0,0
LOT-029,LOT029-P060,11.5579,11.7566,12.0772,12.2674,10.25,0.6,2.1798,2.511,3.0453,3.3623,0.008279,0.003547,0,0
LOT-029,LOT029-P061,9.4929,9.6382,9.8213,10.1195,10.25,0.6,-1.2618,-1.0197,-0.7145,-0.2175,0.006054,0.003342,0,0
LOT-029,LOT029-P062,11.9096,12.1287,12.4198,12.5816,10.25,0.6,2.766,3.1312,3.6163,3.886,0.009129,0.003145,0,0
LOT-029,LOT029-P063,10.5757,10.7229,11.0178,11.258,10.25,0.6,0.5428,0.7882,1.2797,1.68,0.006133,0.003716,0,0
LOT-029,LOT029-P064,10.0447,10.1419,10.3772,10.6446,10.25,0.6,-0.3422,-0.1802,0.212,0.6577,0.00405,0.003491,0,0
LOT-029,LOT029-P065,10.2873,10.4857,10.6358,10.8762,10.25,0.6,0.0622,0.3928,0.643,1.0437,0.008267,0.002712,0,0
LOT-029,LOT029-P066,10.9286,11.1449,11.6266,11.9282,10.25,0.6,1.131,1.4915,2.2943,2.797,0.009013,0.00544,0,0
LOT-029,LOT029-P067,11.5509,11.7057,11.9787,12.0772,10.25,0.6,2.1682,2.4262,2.8812,3.0453,0.00645,0.00258,0,0
LOT-029,LOT029-P068,10.4973,11.7309,16.9721,23.6996,10.25,0.6,0.4122,2.4682,11.2035,22.416,0.0514,0.083116,0,1
LOT-029,LOT029-P069,9.983,11.495,15.7535,22.7394,10.25,0.6,-0.445,2.075,9.1725,20.8157,0.063,0.078086,0,1
LOT-029,LOT029-P070,10.0297,10.2036,10.4514,10.5621,10.25,0.6,-0.3672,-0.0773,0.3357,0.5202,0.007246,0.00249,0,0
LOT-029,LOT029-P071,10.2239,10.4982,10.7542,11.0082,10.25,0.6,-0.0435,0.4137,0.8403,1.2637,0.011429,0.003542,0,0
LOT-029,LOT029-P072,10.8008,10.9741,11.3891,11.6043,10.25,0.6,0.918,1.2068,1.8985,2.2572,0.007221,0.004376,0,0
LOT-029,LOT029-P073,10.579,10.8786,11.1381,11.4426,10.25,0.6,0.5483,1.0477,1.4802,1.9877,0.012483,0.003917,0,0
LOT-029,LOT029-P074,10.4797,10.6465,10.9499,11.2092,10.25,0.6,0.3828,0.6608,1.1665,1.5987,0.00695,0.003908,0,0
LOT-029,LOT029-P075,10.0899,10.3695,10.6373,10.5601,10.25,0.6,-0.2668,0.1992,0.6455,0.5168,0.01165,0.001324,0,0
LOT-029,LOT029-P076,10.6642,10.7473,11.0535,11.281,10.25,0.6,0.6903,0.8288,1.3392,1.7183,0.003462,0.003706,0,0
LOT-029,LOT029-P077,10.3998,10.6722,10.9156,11.0011,10.25,0.6,0.2497,0.7037,1.1093,1.2518,0.01135,0.002284,0,0
LOT-029,LOT029-P078,11.1649,11.4163,11.6116,11.8345,10.25,0.6,1.5248,1.9438,2.2693,2.6408,0.010475,0.002904,0,0
LOT-029,LOT029-P079,10.9593,11.2916,11.5115,11.7386,10.25,0.6,1.1822,1.736,2.1025,2.481,0.013846,0.003104,0,0
LOT-029,LOT029-P080,10.8534,10.9876,11.2528,11.4395,10.25,0.6,1.0057,1.2293,1.6713,1.9825,0.005592,0.003138,0,0
LOT-029,LOT029-P081,9.8101,9.9595,10.2214,10.3882,10.25,0.6,-0.7332,-0.4842,-0.0477,0.2303,0.006225,0.002977,0,0
LOT-029,LOT029-P082,10.613,10.7093,11.0116,11.1816,10.25,0.6,0.605,0.7655,1.2693,1.5527,0.004013,0.00328,0,0
LOT-029,LOT029-P083,10.05,10.2,10.3671,10.6232,10.25,0.6,-0.3333,-0.0833,0.1952,0.622,0.00625,0.002939,0,0
LOT-029,LOT029-P084,43.9893,58.8395,84.7278,114.6992,10.25,0.6,56.2322,80.9825,124.1297,174.082,0.618758,0.387915,1,1
LOT-029,LOT029-P085,10.5774,10.7902,11.067,11.2304,10.25,0.6,0.5457,0.9003,1.3617,1.634,0.008867,0.003057,0,0
LOT-029,LOT029-P086,10.9821,11.1479,11.3003,11.4461,10.25,0.6,1.2202,1.4965,1.7505,1.9935,0.006908,0.002071,0,0
LOT-029,LOT029-P087,10.0981,11.4784,16.643,22.9697,10.25,0.6,-0.2532,2.0473,10.655,21.1995,0.057513,0.079801,0,1
LOT-029,LOT029-P088,10.3535,10.5725,10.7548,10.9014,10.25,0.6,0.1725,0.5375,0.8413,1.0857,0.009125,0.002284,0,0
LOT-029,LOT029-P089,9.9514,10.2493,10.5042,10.7501,10.25,0.6,-0.4977,-0.0012,0.4237,0.8335,0.012413,0.003478,0,0
LOT-029,LOT029-P090,9.4709,9.6801,9.9222,10.2067,10.25,0.6,-1.2985,-0.9498,-0.5463,-0.0722,0.008717,0.003657,0,0
LOT-029,LOT029-P091,10.7096,10.8388,11.1606,11.3995,10.25,0.6,0.766,0.9813,1.5177,1.9158,0.005383,0.003894,0,0
LOT-029,LOT029-P092,10.752,10.9635,11.2612,11.5104,10.25,0.6,0.8367,1.1892,1.6853,2.1007,0.008812,0.003798,0,0
LOT-029,LOT029-P093,9.7197,9.8674,10.1216,10.5978,10.25,0.6,-0.8838,-0.6377,-0.214,0.5797,0.006154,0.005072,0,0
LOT-029,LOT029-P094,9.7373,9.9967,10.2592,10.5803,10.25,0.6,-0.8545,-0.4222,0.0153,0.5505,0.010808,0.004053,0,0
LOT-029,LOT029-P095,10.5488,10.6732,10.8702,11.0642,10.25,0.6,0.498,0.7053,1.0337,1.357,0.005183,0.002715,0,0
LOT-029,LOT029-P096,40.23,54.2619,74.586,98.1947,10.25,0.6,49.9667,73.3532,107.2267,146.5745,0.584662,0.305089,1,1
LOT-029,LOT029-P097,10.2309,10.4292,10.7361,10.7822,10.25,0.6,-0.0318,0.2987,0.8102,0.887,0.008262,0.002451,0,0
LOT-029,LOT029-P098,9.8708,10.0947,10.4092,10.5192,10.25,0.6,-0.632,-0.2588,0.2653,0.4487,0.009329,0.002948,0,0
LOT-029,LOT029-P099,10.5505,10.6863,10.9073,11.0136,10.25,0.6,0.5008,0.7272,1.0955,1.2727,0.005658,0.002273,0,0
LOT-029,LOT029-P100,10.3233,10.4781,10.7514,11.08,10.25,0.6,0.1222,0.3802,0.8357,1.3833,0.00645,0.00418,0,0
LOT-030,LOT030-P001,9.5084,9.6502,9.6427,9.9062,9.5,0.5,0.0168,0.3004,0.2854,0.8124,0.005908,0.001778,0,0
LOT-030,LOT030-P002,9.9744,10.1269,10.3746,10.4224,9.5,0.5,0.9488,1.2538,1.7492,1.8448,0.006354,0.002052,0,0
LOT-030,LOT030-P003,9.6814,9.8477,10.1401,10.2407,9.5,0.5,0.3628,0.6954,1.2802,1.4814,0.006929,0.002729,0,0
LOT-030,LOT030-P004,9.7131,9.9912,10.1363,10.3151,9.5,0.5,0.4262,0.9824,1.2726,1.6302,0.011587,0.002249,0,0
LOT-030,LOT030-P005,9.4944,9.7329,9.944,10.2016,9.5,0.5,-0.0112,0.4658,0.888,1.4032,0.009938,0.003255,0,0
LOT-030,LOT030-P006,10.289,10.4515,10.6979,10.8364,9.5,0.5,1.578,1.903,2.3958,2.6728,0.006771,0.002673,0,0
LOT-030,LOT030-P007,10.1316,10.3329,10.6033,10.8388,9.5,0.5,1.2632,1.6658,2.2066,2.6776,0.008387,0.003513,0,0
LOT-030,LOT030-P008,9.7505,11.0072,15.741,24.0202,9.5,0.5,0.501,3.0144,12.482,29.0404,0.052362,0.090368,0,1
LOT-030,LOT030-P009,9.1331,9.3085,9.4096,9.5201,9.5,0.5,-0.7338,-0.383,-0.1808,0.0402,0.007308,0.001469,0,0
LOT-030,LOT030-P010,9.3378,9.464,9.715,9.9322,9.5,0.5,-0.3244,-0.072,0.43,0.8644,0.005258,0.003251,0,0
LOT-030,LOT030-P011,9.5554,9.6655,10.0011,10.118,9.5,0.5,0.1108,0.331,1.0022,1.236,0.004587,0.003142,0,0
LOT-030,LOT030-P012,9.7846,9.9027,10.0054,10.0568,9.5,0.5,0.5692,0.8054,1.0108,1.1136,0.004921,0.00107,0,0
LOT-030,LOT030-P013,9.8176,10.0172,10.2405,10.2863,9.5,0.5,0.6352,1.0344,1.481,1.5726,0.008317,0.001869,0,0
LOT-030,LOT030-P014,10.3045,10.5023,10.7566,11.0472,9.5,0.5,1.609,2.0046,2.5132,3.0944,0.008242,0.003784,0,0
LOT-030,LOT030-P015,9.8019,10.7714,15.2274,22.9604,9.5,0.5,0.6038,2.5428,11.4548,26.9208,0.040396,0.084646,0,1
LOT-030,LOT030-P016,8.7438,8.9953,9.3115,9.6821,9.5,0.5,-1.5124,-1.0094,-0.377,0.3642,0.010479,0.004769,0,0
LOT-030,LOT030-P017,9.4101,9.6209,9.783,9.964,9.5,0.5,-0.1798,0.2418,0.566,0.928,0.008783,0.002383,0,0
LOT-030,LOT030-P018,8.8609,9.1044,9.3115,9.5379,9.5,0.5,-1.2782,-0.7912,-0.377,0.0758,0.010146,0.00301,0,0
LOT-030,LOT030-P019,9.4574,9.6549,10.09,10.3967,9.5,0.5,-0.0852,0.3098,1.18,1.7934,0.008229,0.005151,0,0
LOT-030,LOT030-P020,8.6909,8.885,9.2574,9.4538,9.5,0.5,-1.6182,-1.23,-0.4852,-0.0924,0.008088,0.00395,0,0
LOT-030,LOT030-P021,9.5985,9.7378,9.934,10.1276,9.5,0.5,0.197,0.4756,0.868,1.2552,0.005804,0.002707,0,0
LOT-030,LOT030-P022,9.5093,9.7031,10.072,10.3603,9.5,0.5,0.0186,0.4062,1.144,1.7206,0.008075,0.004564,0,0
LOT-030,LOT030-P023,9.3578,9.5969,9.8732,10.1115,9.5,0.5,-0.2844,0.1938,0.7464,1.223,0.009963,0.003574,0,0
LOT-030,LOT030-P024,9.5198,9.791,10.1437,10.4062,9.5,0.5,0.0396,0.582,1.2874,1.8124,0.0113,0.004272,0,0
LOT-030,LOT030-P025,9.9635,10.1627,10.3599,10.5409,9.5,0.5,0.927,1.3254,1.7198,2.0818,0.0083,0.002626,0,0
LOT-030,LOT030-P026,9.5077,9.7719,9.9579,10.1015,9.5,0.5,0.0154,0.5438,0.9158,1.203,0.011008,0.002289,0,0
LOT-030,LOT030-P027,10.4016,10.4833,10.801,11.0401,9.5,0.5,1.8032,1.9666,2.602,3.0802,0.003404,0.003867,0,0
LOT-030,LOT030-P028,10.7598,10.9522,11.19,11.3099,9.5,0.5,2.5196,2.9044,3.38,3.6198,0.008017,0.002484,0,0
LOT-030,LOT030-P029,9.7573,9.8843,10.1361,10.2164,9.5,0.5,0.5146,0.7686,1.2722,1.4328,0.005292,0.002306,0,0
LOT-030,LOT030-P030,9.4871,9.5995,9.7641,9.8389,9.5,0.5,-0.0258,0.199,0.5282,0.6778,0.004683,0.001662,0,0
LOT-030,LOT030-P031,9.4801,9.6488,9.9351,10.2539,9.5,0.5,-0.0398,0.2976,0.8702,1.5078,0.007029,0.004202,0,0
LOT-030,LOT030-P032,8.9611,9.1471,9.4481,9.7742,9.5,0.5,-1.0778,-0.7058,-0.1038,0.5484,0.00775,0.004355,0,0
LOT-030,LOT030-P033,9.9099,10.1452,10.4938,10.8368,9.5,0.5,0.8198,1.2904,1.9876,2.6736,0.009804,0.004803,0,0
LOT-030,LOT030-P034,10.2961,10.4954,10.6976,10.8375,9.5,0.5,1.5922,1.9908,2.3952,2.675,0.008304,0.002376,0,0
LOT-030,LOT030-P035,9.4427,9.6631,9.9763,10.2318,9.5,0.5,-0.1146,0.3262,0.9526,1.4636,0.009183,0.003949,0,0
LOT-030,LOT030-P036,8.9704,9.1555,9.4704,9.6476,9.5,0.5,-1.0592,-0.689,-0.0592,0.2952,0.007713,0.003417,0,0
LOT-030,LOT030-P037,9.8994,11.3425,15.9004,21.0344,9.5,0.5,0.7988,3.685,12.8008,23.0688,0.060129,0.067305,0,1
LOT-030,LOT030-P038,10.1176,10.245,10.4918,10.7346,9.5,0.5,1.2352,1.49,1.9836,2.4692,0.005308,0.0034,0,0
LOT-030,LOT030-P039,9.7733,10.0111,10.3041,10.4064,9.5,0.5,0.5466,1.0222,1.6082,1.8128,0.009908,0.002745,0,0
LOT-030,LOT030-P040,9.6603,9.9568,10.1344,10.1782,9.5,0.5,0.3206,0.9136,1.2688,1.3564,0.012354,0.001538,0,0
LOT-030,LOT030-P041,48.3814,65.4119,83.5396,108.6948,9.5,0.5,77.7628,111.8238,148.0792,198.3896,0.709604,0.300576,1,1
LOT-030,LOT030-P042,8.8609,9.0436,9.3437,9.6437,9.5,0.5,-1.2782,-0.9128,-0.3126,0.2874,0.007612,0.004167,0,0
LOT-030,LOT030-P043,9.0535,9.1752,9.4513,9.6528,9.5,0.5,-0.893,-0.6496,-0.0974,0.3056,0.005071,0.003317,0,0
LOT-030,LOT030-P044,8.6805,8.8804,9.0918,9.3065,9.5,0.5,-1.639,-1.2392,-0.8164,-0.387,0.008329,0.002959,0,0
LOT-030,LOT030-P045,9.9184,10.0461,10.2931,10.6083,9.5,0.5,0.8368,1.0922,1.5862,2.2166,0.005321,0.003904,0,0
LOT-030,LOT030-P046,9.3343,9.4857,9.7985,9.9427,9.5,0.5,-0.3314,-0.0286,0.597,0.8854,0.006308,0.003174,0,0
LOT-030,LOT030-P047,9.2909,9.5449,9.6684,9.9079,9.5,0.5,-0.4182,0.0898,0.3368,0.8158,0.010583,0.002521,0,0
LOT-030,LOT030-P048,9.569,9.69,10.0247,10.2408,9.5,0.5,0.138,0.38,1.0494,1.4816,0.005042,0.003825,0,0
LOT-030,LOT030-P049,9.4084,11.0673,16.6838,24.9641,9.5,0.5,-0.1832,3.1346,14.3676,30.9282,0.069121,0.096506,0,1
LOT-030,LOT030-P050,10.1593,10.2441,10.6511,10.9824,9.5,0.5,1.3186,1.4882,2.3022,2.9648,0.003533,0.005127,0,0
LOT-030,LOT030-P051,10.6698,12.1542,15.861,21.9013,9.5,0.5,2.3396,5.3084,12.722,24.8026,0.06185,0.067688,0,1
LOT-030,LOT030-P052,8.6683,8.919,9.232,9.4948,9.5,0.5,-1.6634,-1.162,-0.536,-0.0104,0.010446,0.003999,0,0
LOT-030,LOT030-P053,9.6718,10.7172,15.641,23.6589,9.5,0.5,0.3436,2.4344,12.282,28.3178,0.043558,0.089873,0,1
LOT-030,LOT030-P054,9.9571,10.077,10.196,10.3249,9.5,0.5,0.9142,1.154,1.392,1.6498,0.004996,0.001722,0,0
LOT-030,LOT030-P055,8.7565,8.9095,9.195,9.3843,9.5,0.5,-1.487,-1.181,-0.61,-0.2314,0.006375,0.003297,0,0
LOT-030,LOT030-P056,9.3803,11.1054,14.6217,21.9397,9.5,0.5,-0.2394,3.2108,10.2434,24.8794,0.071879,0.075238,0,1
LOT-030,LOT030-P057,9.9098,10.0661,10.1602,10.4359,9.5,0.5,0.8196,1.1322,1.3204,1.8718,0.006512,0.002568,0,0
LOT-030,LOT030-P058,9.0167,9.1335,9.3866,9.5227,9.5,0.5,-0.9666,-0.733,-0.2268,0.0454,0.004867,0.002703,0,0
LOT-030,LOT030-P059,10.0714,10.2079,10.4652,10.6599,9.5,0.5,1.1428,1.4158,1.9304,2.3198,0.005687,0.003139,0,0
LOT-030,LOT030-P060,9.6109,9.8321,10.1672,10.4241,9.5,0.5,0.2218,0.6642,1.3344,1.8482,0.009217,0.004111,0,0
LOT-030,LOT030-P061,9.2927,9.4731,9.7992,9.9662,9.5,0.5,-0.4146,-0.0538,0.5984,0.9324,0.007517,0.003424,0,0
LOT-030,LOT030-P062,8.9746,8.9735,9.2514,9.4549,9.5,0.5,-1.0508,-1.053,-0.4972,-0.0902,-4.6e-05,0.003343,0,0
LOT-030,LOT030-P063,9.5484,9.7065,9.8877,10.0157,9.5,0.5,0.0968,0.413,0.7754,1.0314,0.006587,0.002147,0,0
LOT-030,LOT030-P064,10.9073,11.0384,11.2058,11.4637,9.5,0.5,2.8146,3.0768,3.4116,3.9274,0.005462,0.002953,0,0
LOT-030,LOT030-P065,9.7588,10.0539,10.3203,10.5863,9.5,0.5,0.5176,1.1078,1.6406,2.1726,0.012296,0.003697,0,0
LOT-030,LOT030-P066,8.8868,8.995,9.3226,9.5015,9.5,0.5,-1.2264,-1.01,-0.3548,0.003,0.004508,0.003517,0,0
LOT-030,LOT030-P067,9.3493,9.5595,9.7872,10.0407,9.5,0.5,-0.3014,0.119,0.5744,1.0814,0.008758,0.003342,0,0
LOT-030,LOT030-P068,9.7213,11.3873,15.6054,22.7506,9.5,0.5,0.4426,3.7746,12.2108,26.5012,0.069417,0.078912,0,1
LOT-030,LOT030-P069,9.0679,9.2595,9.3307,9.61,9.5,0.5,-0.8642,-0.481,-0.3386,0.22,0.007983,0.002434,0,0
LOT-030,LOT030-P070,9.5081,9.6643,9.787,9.98,9.5,0.5,0.0162,0.3286,0.574,0.96,0.006508,0.002192,0,0
LOT-030,LOT030-P071,9.7451,11.468,15.0122,22.1439,9.5,0.5,0.4902,3.936,11.0244,25.2878,0.071787,0.074138,0,1
LOT-030,LOT030-P072,8.5642,8.7484,9.1033,9.5045,9.5,0.5,-1.8716,-1.5032,-0.7934,0.009,0.007675,0.005251,0,0
LOT-030,LOT030-P073,9.2523,9.5323,9.8073,10.205,9.5,0.5,-0.4954,0.0646,0.6146,1.41,0.011667,0.004672,0,0
LOT-030,LOT030-P074,9.1701,10.9791,16.6913,22.4158,9.5,0.5,-0.6598,2.9582,14.3826,25.8316,0.075375,0.079422,0,1
LOT-030,LOT030-P075,9.7176,9.881,10.0396,10.1536,9.5,0.5,0.4352,0.762,1.0792,1.3072,0.006808,0.001893,0,0
LOT-030,LOT030-P076,10.1459,11.1159,17.047,23.2973,9.5,0.5,1.2918,3.2318,15.094,27.5946,0.040417,0.084593,0,1
LOT-030,LOT030-P077,9.7527,11.4384,15.6006,23.8451,9.5,0.5,0.5054,3.8768,12.2012,28.6902,0.070237,0.086158,0,1
LOT-030,LOT030-P078,10.4191,10.6488,10.8742,11.1388,9.5,0.5,1.8382,2.2976,2.7484,3.2776,0.009571,0.003403,0,0
LOT-030,LOT030-P079,10.1742,10.4491,10.7603,11.1506,9.5,0.5,1.3484,1.8982,2.5206,3.3012,0.011454,0.004872,0,0
LOT-030,LOT030-P080,10.3196,10.46,10.7089,10.7945,9.5,0.5,1.6392,1.92,2.4178,2.589,0.00585,0.002323,0,0
LOT-030,LOT030-P081,9.6616,9.9245,10.0402,10.184,9.5,0.5,0.3232,0.849,1.0804,1.368,0.010954,0.001802,0,0
LOT-030,LOT030-P082,10.28,10.3372,10.6222,10.9141,9.5,0.5,1.56,1.6744,2.2444,2.8282,0.002383,0.004006,0,0
LOT-030,LOT030-P083,9.3158,10.63,14.9573,22.6782,9.5,0.5,-0.3684,2.26,10.9146,26.3564,0.054758,0.083668,0,1
LOT-030,LOT030-P084,9.5698,9.8018,10.0148,10.2069,9.5,0.5,0.1396,0.6036,1.0296,1.4138,0.009667,0.002813,0,0
LOT-030,LOT030-P085,8.9412,9.0216,9.3944,9.7187,9.5,0.5,-1.1176,-0.9568,-0.2112,0.4374,0.00335,0.004841,0,0
LOT-030,LOT030-P086,10.1956,10.3213,10.4437,10.6601,9.5,0.5,1.3912,1.6426,1.8874,2.3202,0.005238,0.002353,0,0
LOT-030,LOT030-P087,9.404,9.5657,9.8981,9.8885,9.5,0.5,-0.192,0.1314,0.7962,0.777,0.006737,0.002242,0,0
LOT-030,LOT030-P088,10.1188,10.1896,10.4553,10.656,9.5,0.5,1.2376,1.3792,1.9106,2.312,0.00295,0.003239,0,0
LOT-030,LOT030-P089,9.2895,9.4589,9.6025,9.8021,9.5,0.5,-0.421,-0.0822,0.205,0.6042,0.007058,0.002383,0,0
LOT-030,LOT030-P090,9.2078,9.3886,9.5732,9.7123,9.5,0.5,-0.5844,-0.2228,0.1464,0.4246,0.007533,0.002248,0,0
LOT-030,LOT030-P091,9.0856,9.3945,9.8305,9.9535,9.5,0.5,-0.8288,-0.211,0.661,0.907,0.012871,0.003882,0,0
LOT-030,LOT030-P092,9.4199,9.5715,9.8332,9.978,9.5,0.5,-0.1602,0.143,0.6664,0.956,0.006317,0.002823,0,0
LOT-030,LOT030-P093,9.4594,9.6449,9.8779,9.9777,9.5,0.5,-0.0812,0.2898,0.7558,0.9554,0.007729,0.002311,0,0
LOT-030,LOT030-P094,8.9316,9.184,9.3908,9.6543,9.5,0.5,-1.1368,-0.632,-0.2184,0.3086,0.010517,0.003266,0,0
LOT-030,LOT030-P095,9.1936,9.4036,9.6306,9.8062,9.5,0.5,-0.6128,-0.1928,0.2612,0.6124,0.00875,0.002796,0,0
LOT-030,LOT030-P096,10.035,10.2195,10.5273,10.7143,9.5,0.5,1.07,1.439,2.0546,2.4286,0.007687,0.003436,0,0
LOT-030,LOT030-P097,9.8731,10.0006,10.3612,10.5461,9.5,0.5,0.7462,1.0012,1.7224,2.0922,0.005312,0.003788,0,0
LOT-030,LOT030-P098,9.0845,9.2935,9.487,9.7152,9.5,0.5,-0.831,-0.413,-0.026,0.4304,0.008708,0.002928,0,0
LOT-030,LOT030-P099,9.8838,10.0131,10.2263,10.2802,9.5,0.5,0.7676,1.0262,1.4526,1.5604,0.005387,0.001855,0,0
LOT-030,LOT030-P100,10.0095,11.7872,16.8977,25.8174,9.5,0.5,1.019,4.5744,14.7954,32.6348,0.074071,0.097432,0,1
