Lot_ID,Part_ID,Value_0h_uA,Value_24h_uA,Value_96h_uA,Value_168h_uA,Lot_Mean_uA,Lot_Sigma_uA,Dynamic_Z_0h,Dynamic_Z_24h,Dynamic_Z_96h,Dynamic_Z_168h,Slope_0_24_uA_per_h,Slope_24_168_uA_per_h,Static_Limit_Fail,Latent_Defect_Label
LOT-001,L001-P001,9.472,9.6775,9.9554,10.2565,10.1676,0.6256,-1.1119,-0.7834,-0.3392,0.1421,0.008563,0.004021,0,0
LOT-001,L001-P002,9.8739,10.0973,10.301,10.4544,10.1676,0.6256,-0.4695,-0.1124,0.2132,0.4584,0.009308,0.00248,0,0
LOT-001,L001-P003,8.5332,8.7892,9.1209,9.1685,10.1676,0.6256,-2.6125,-2.2033,-1.6731,-1.597,0.010667,0.002634,0,0
LOT-001,L001-P004,9.5995,9.6666,10.0631,10.2405,10.1676,0.6256,-0.9081,-0.8008,-0.167,0.1165,0.002796,0.003985,0,0
LOT-001,L001-P005,11.7688,11.9804,12.2426,12.391,10.1676,0.6256,2.5595,2.8977,3.3168,3.554,0.008817,0.002851,0,0
LOT-001,L001-P006,9.7918,9.9485,10.1383,10.5236,10.1676,0.6256,-0.6007,-0.3502,-0.0468,0.5691,0.006529,0.003994,0,0
LOT-001,L001-P007,9.8337,10.0133,10.2404,10.4793,10.1676,0.6256,-0.5337,-0.2466,0.1164,0.4982,0.007483,0.003236,0,0
LOT-001,L001-P008,10.2983,10.3215,10.4387,10.6584,10.1676,0.6256,0.2089,0.246,0.4333,0.7845,0.000967,0.00234,0,0
LOT-001,L001-P009,10.3044,10.5549,10.704,10.7457,10.1676,0.6256,0.2187,0.6191,0.8574,0.9241,0.010438,0.001325,0,0
LOT-001,L001-P010,9.8794,10.144,10.4284,10.4521,10.1676,0.6256,-0.4607,-0.0377,0.4169,0.4548,0.011025,0.00214,0,0
LOT-001,L001-P011,10.5318,10.7828,11.1222,11.3977,10.1676,0.6256,0.5822,0.9834,1.5259,1.9663,0.010458,0.00427,0,0
LOT-001,L001-P012,9.6426,11.3057,15.0523,19.2104,10.1676,0.6256,-0.8392,1.8192,7.808,14.4546,0.069296,0.054894,0,1
LOT-001,L001-P013,9.9742,11.0851,14.2355,19.7891,10.1676,0.6256,-0.3091,1.4666,6.5024,15.3796,0.046288,0.060444,0,1
LOT-001,L001-P014,10.1226,10.3828,10.669,10.8045,10.1676,0.6256,-0.0719,0.344,0.8015,1.0181,0.010842,0.002928,0,0
LOT-001,L001-P015,11.1031,11.3102,11.8974,12.0054,10.1676,0.6256,1.4954,1.8264,2.765,2.9377,0.008629,0.004828,0,0
LOT-001,L001-P016,10.2221,10.3781,10.6373,10.6386,10.1676,0.6256,0.0871,0.3365,0.7508,0.7529,0.0065,0.001809,0,0
LOT-001,L001-P017,9.8333,9.8937,10.0647,10.3391,10.1676,0.6256,-0.5344,-0.4378,-0.1645,0.2741,0.002517,0.003093,0,0
LOT-001,L001-P018,9.6618,11.3915,15.5077,20.7247,10.1676,0.6256,-0.8085,1.9564,8.536,16.8752,0.072071,0.064814,0,1
LOT-001,L001-P019,9.8537,9.9913,10.2926,10.5024,10.1676,0.6256,-0.5018,-0.2818,0.1998,0.5352,0.005733,0.003549,0,0
LOT-001,L001-P020,10.7736,10.9288,11.2462,11.4205,10.1676,0.6256,0.9687,1.2168,1.7241,2.0027,0.006467,0.003415,0,0
LOT-001,L001-P021,9.9375,10.1412,10.4173,10.6178,10.1676,0.6256,-0.3678,-0.0422,0.3991,0.7196,0.008487,0.00331,0,0
LOT-001,L001-P022,10.0208,10.1692,10.3903,10.6356,10.1676,0.6256,-0.2347,0.0026,0.356,0.7481,0.006183,0.003239,0,0
LOT-001,L001-P023,10.0637,10.3946,10.6621,10.8878,10.1676,0.6256,-0.1661,0.3629,0.7904,1.1512,0.013787,0.003425,0,0
LOT-001,L001-P024,10.121,10.2995,10.3822,10.4749,10.1676,0.6256,-0.0745,0.2108,0.343,0.4912,0.007437,0.001218,0,0
LOT-001,L001-P025,9.5466,10.9562,14.4616,17.6417,10.1676,0.6256,-0.9926,1.2605,6.8638,11.9471,0.058733,0.046427,0,1
LOT-001,L001-P026,10.0473,10.2514,10.4979,10.581,10.1676,0.6256,-0.1923,0.134,0.528,0.6608,0.008504,0.002289,0,0
LOT-001,L001-P027,10.6476,10.7356,10.9081,11.1854,10.1676,0.6256,0.7673,0.9079,1.1837,1.6269,0.003667,0.003124,0,0
LOT-001,L001-P028,11.0452,11.113,11.4217,11.8408,10.1676,0.6256,1.4028,1.5112,2.0046,2.6746,0.002825,0.005054,0,0
LOT-001,L001-P029,9.8589,10.8454,13.427,18.4951,10.1676,0.6256,-0.4934,1.0834,5.21,13.3112,0.041104,0.053123,0,1
LOT-001,L001-P030,10.7451,10.9259,11.1393,11.4042,10.1676,0.6256,0.9231,1.2121,1.5532,1.9767,0.007533,0.003322,0,0
LOT-001,L001-P031,9.4026,9.509,9.914,10.0357,10.1676,0.6256,-1.2228,-1.0527,-0.4054,-0.2108,0.004433,0.003658,0,0
LOT-001,L001-P032,9.9661,10.1176,10.4232,10.7276,10.1676,0.6256,-0.3221,-0.0799,0.4086,0.8951,0.006312,0.004236,0,0
LOT-001,L001-P033,10.4969,10.5483,10.8168,11.0428,10.1676,0.6256,0.5264,0.6085,1.0377,1.399,0.002142,0.003434,0,0
LOT-001,L001-P034,10.6567,10.9407,11.1039,11.3657,10.1676,0.6256,0.7818,1.2358,1.4966,1.9151,0.011833,0.002951,0,0
LOT-001,L001-P035,10.929,11.8906,16.1877,21.3102,10.1676,0.6256,1.2171,2.7542,9.6229,17.8111,0.040067,0.065414,0,1
LOT-001,L001-P036,36.725,51.36,61.436,77.1345,10.1676,0.6256,42.4511,65.8446,81.9508,107.0443,0.609792,0.17899,1,1
LOT-001,L001-P037,10.8241,11.1101,11.4335,11.5381,10.1676,0.6256,1.0494,1.5066,2.0235,2.1907,0.011917,0.002972,0,0
LOT-001,L001-P038,10.8924,11.0068,11.3531,11.5944,10.1676,0.6256,1.1586,1.3414,1.895,2.2807,0.004767,0.004081,0,0
LOT-001,L001-P039,9.6248,9.8165,9.9295,10.0523,10.1676,0.6256,-0.8676,-0.5612,-0.3806,-0.1843,0.007987,0.001638,0,0
LOT-001,L001-P040,10.1194,10.3267,10.6043,10.887,10.1676,0.6256,-0.077,0.2543,0.698,1.1499,0.008638,0.003891,0,0
LOT-001,L001-P041,11.8783,12.0658,12.1751,12.3717,10.1676,0.6256,2.7345,3.0342,3.2089,3.5232,0.007812,0.002124,0,0
LOT-001,L001-P042,9.4976,9.7162,9.9439,10.2153,10.1676,0.6256,-1.071,-0.7215,-0.3576,0.0762,0.009108,0.003466,0,0
LOT-001,L001-P043,50.7814,63.0633,87.5631,121.7263,10.1676,0.6256,64.9198,84.552,123.714,178.3227,0.511746,0.407382,1,1
LOT-001,L001-P044,9.6378,9.6967,9.902,10.1876,10.1676,0.6256,-0.8469,-0.7527,-0.4246,0.032,0.002454,0.003409,0,0
LOT-001,L001-P045,10.6118,10.7992,11.1123,11.4885,10.1676,0.6256,0.71,1.0096,1.5101,2.1114,0.007808,0.004787,0,0
LOT-001,L001-P046,10.204,11.8814,15.8629,21.3025,10.1676,0.6256,0.0582,2.7395,9.1037,17.7988,0.069892,0.065424,0,1
LOT-001,L001-P047,9.4526,9.5223,9.6786,9.9301,10.1676,0.6256,-1.1429,-1.0315,-0.7816,-0.3796,0.002904,0.002832,0,0
LOT-001,L001-P048,10.489,10.6709,11.0081,11.3519,10.1676,0.6256,0.5137,0.8045,1.3435,1.8931,0.007579,0.004729,0,0
LOT-001,L001-P049,10.1722,10.4285,10.7436,10.9121,10.1676,0.6256,0.0074,0.417,0.9207,1.1901,0.010679,0.003358,0,0
LOT-001,L001-P050,10.6424,10.8356,11.0,11.1961,10.1676,0.6256,0.759,1.0678,1.3306,1.644,0.00805,0.002503,0,0
LOT-001,L001-P051,9.8331,10.068,10.1567,10.3096,10.1676,0.6256,-0.5347,-0.1592,-0.0174,0.227,0.009787,0.001678,0,0
LOT-001,L001-P052,10.8488,11.1537,11.4165,11.6715,10.1676,0.6256,1.0889,1.5762,1.9963,2.4039,0.012704,0.003596,0,0
LOT-001,L001-P053,9.3725,10.2242,13.7869,18.6792,10.1676,0.6256,-1.2709,0.0905,5.7853,13.6055,0.035487,0.058715,0,1
LOT-001,L001-P054,8.9007,9.0956,9.2794,9.5647,10.1676,0.6256,-2.0251,-1.7136,-1.4198,-0.9637,0.008121,0.003258,0,0
LOT-001,L001-P055,9.6847,9.9977,10.2142,10.3824,10.1676,0.6256,-0.7719,-0.2716,0.0745,0.3434,0.013042,0.002672,0,0
LOT-001,L001-P056,11.2721,11.4845,11.6084,11.9002,10.1676,0.6256,1.7655,2.105,2.3031,2.7695,0.00885,0.002887,0,0
LOT-001,L001-P057,10.4036,10.7157,10.8331,11.2174,10.1676,0.6256,0.3772,0.8761,1.0638,1.6781,0.013004,0.003484,0,0
LOT-001,L001-P058,10.9602,11.0836,11.3779,11.6554,10.1676,0.6256,1.2669,1.4642,1.9346,2.3782,0.005142,0.003971,0,0
LOT-001,L001-P059,10.1554,10.2608,10.3813,10.5708,10.1676,0.6256,-0.0195,0.149,0.3416,0.6445,0.004392,0.002153,0,0
LOT-001,L001-P060,11.1888,11.2544,11.4604,11.6735,10.1676,0.6256,1.6324,1.7372,2.0665,2.4071,0.002733,0.00291,0,0
LOT-001,L001-P061,10.2042,10.572,10.8625,11.1535,10.1676,0.6256,0.0585,0.6464,1.1108,1.5759,0.015325,0.004038,0,0
LOT-001,L001-P062,10.2921,10.4241,10.6811,10.8426,10.1676,0.6256,0.199,0.41,0.8208,1.079,0.0055,0.002906,0,0
LOT-001,L001-P063,8.9806,9.263,9.4515,9.8627,10.1676,0.6256,-1.8974,-1.446,-1.1447,-0.4874,0.011767,0.004165,0,0
LOT-001,L001-P064,10.0726,10.2997,10.5778,10.7155,10.1676,0.6256,-0.1519,0.2112,0.6557,0.8758,0.009463,0.002888,0,0
LOT-001,L001-P065,10.7213,11.5445,15.6735,19.66,10.1676,0.6256,0.8851,2.2009,8.801,15.1733,0.0343,0.056358,0,1
LOT-001,L001-P066,9.877,10.1332,10.5284,10.7646,10.1676,0.6256,-0.4645,-0.055,0.5767,0.9543,0.010675,0.004385,0,0
LOT-001,L001-P067,10.5313,10.645,10.8389,11.1137,10.1676,0.6256,0.5814,0.7631,1.073,1.5123,0.004737,0.003255,0,0
LOT-001,L001-P068,10.5494,10.5864,10.7144,10.8475,10.1676,0.6256,0.6103,0.6694,0.874,1.0868,0.001542,0.001813,0,0
LOT-001,L001-P069,10.8945,11.0571,11.417,11.6995,10.1676,0.6256,1.1619,1.4218,1.9971,2.4487,0.006775,0.004461,0,0
LOT-001,L001-P070,10.6765,10.8575,11.2006,11.3483,10.1676,0.6256,0.8135,1.1028,1.6512,1.8873,0.007542,0.003408,0,0
LOT-001,L001-P071,10.7614,10.9673,11.2043,11.414,10.1676,0.6256,0.9492,1.2783,1.6571,1.9923,0.008579,0.003102,0,0
LOT-001,L001-P072,10.5399,10.5766,10.7819,11.1024,10.1676,0.6256,0.5951,0.6538,0.9819,1.4942,0.001529,0.003651,0,0
LOT-001,L001-P073,9.419,9.6489,9.9617,10.1605,10.1676,0.6256,-1.1966,-0.8291,-0.3291,-0.0113,0.009579,0.003553,0,0
LOT-001,L001-P074,9.6063,10.9558,14.3389,20.4458,10.1676,0.6256,-0.8972,1.2599,6.6677,16.4293,0.056229,0.065903,0,1
LOT-001,L001-P075,10.5516,10.8402,11.0469,11.2673,10.1676,0.6256,0.6138,1.0751,1.4055,1.7578,0.012025,0.002966,0,0
LOT-001,L001-P076,9.8729,10.0715,10.1767,10.2359,10.1676,0.6256,-0.4711,-0.1536,0.0145,0.1092,0.008275,0.001142,0,0
LOT-001,L001-P077,9.7521,10.0409,10.0872,10.4442,10.1676,0.6256,-0.6642,-0.2025,-0.1285,0.4421,0.012033,0.002801,0,0
LOT-001,L001-P078,10.1557,10.2555,10.5036,10.6748,10.1676,0.6256,-0.019,0.1405,0.5371,0.8107,0.004158,0.002912,0,0
LOT-001,L001-P079,10.9628,12.3462,16.7705,21.0826,10.1676,0.6256,1.2711,3.4824,10.5545,17.4473,0.057642,0.060669,0,1
LOT-001,L001-P080,10.6499,10.8024,11.0982,11.3051,10.1676,0.6256,0.7709,1.0147,1.4875,1.8183,0.006354,0.003491,0,0
LOT-001,L001-P081,10.7829,10.9707,11.1434,11.3458,10.1676,0.6256,0.9835,1.2837,1.5598,1.8833,0.007825,0.002605,0,0
LOT-001,L001-P082,10.4791,10.6246,11.0606,11.3806,10.1676,0.6256,0.4979,0.7305,1.4274,1.9389,0.006062,0.00525,0,0
LOT-001,L001-P083,11.3037,11.6589,11.8281,11.9441,10.1676,0.6256,1.816,2.3838,2.6543,2.8397,0.0148,0.001981,0,0
LOT-001,L001-P084,9.7926,10.0552,10.1242,10.1329,10.1676,0.6256,-0.5994,-0.1797,-0.0694,-0.0555,0.010942,0.00054,0,0
LOT-001,L001-P085,10.3944,10.5025,10.8017,10.8697,10.1676,0.6256,0.3625,0.5353,1.0136,1.1223,0.004504,0.00255,0,0
LOT-001,L001-P086,11.3134,11.4875,11.7092,11.9388,10.1676,0.6256,1.8315,2.1098,2.4642,2.8312,0.007254,0.003134,0,0
LOT-001,L001-P087,9.4811,9.6519,10.0257,10.0663,10.1676,0.6256,-1.0973,-0.8243,-0.2268,-0.1619,0.007117,0.002878,0,0
LOT-001,L001-P088,9.7926,11.4574,15.5832,22.0822,10.1676,0.6256,-0.5994,2.0617,8.6566,19.0451,0.069367,0.073783,0,1
LOT-001,L001-P089,11.1162,11.3212,11.5398,11.5799,10.1676,0.6256,1.5163,1.844,2.1934,2.2575,0.008542,0.001797,0,0
LOT-001,L001-P090,10.2429,10.464,10.7852,10.8727,10.1676,0.6256,0.1204,0.4738,0.9872,1.1271,0.009212,0.002838,0,0
LOT-001,L001-P091,9.6497,9.8054,10.0796,10.4843,10.1676,0.6256,-0.8278,-0.579,-0.1407,0.5062,0.006488,0.004715,0,0
LOT-001,L001-P092,10.9054,11.0908,11.5468,11.9224,10.1676,0.6256,1.1793,1.4757,2.2046,2.805,0.007725,0.005775,0,0
LOT-001,L001-P093,9.5292,9.6877,10.0866,10.3744,10.1676,0.6256,-1.0205,-0.7671,-0.1295,0.3306,0.006604,0.004769,0,0
LOT-001,L001-P094,10.8298,10.8691,11.0007,10.9968,10.1676,0.6256,1.0585,1.1213,1.3317,1.3254,0.001637,0.000887,0,0
LOT-001,L001-P095,10.2928,10.2991,10.5005,10.8339,10.1676,0.6256,0.2001,0.2102,0.5321,1.0651,0.000262,0.003714,0,0
LOT-001,L001-P096,9.102,9.2775,9.5659,9.7627,10.1676,0.6256,-1.7033,-1.4228,-0.9618,-0.6472,0.007312,0.003369,0,0
LOT-001,L001-P097,10.8699,10.9347,11.1724,11.3648,10.1676,0.6256,1.1226,1.2262,1.6061,1.9137,0.0027,0.002987,0,0
LOT-001,L001-P098,10.3969,10.5018,10.7004,10.7944,10.1676,0.6256,0.3665,0.5342,0.8517,1.0019,0.004371,0.002032,0,0
LOT-001,L001-P099,11.4533,11.6077,11.813,11.9655,10.1676,0.6256,2.0551,2.302,2.6301,2.8739,0.006433,0.002485,0,0
LOT-001,L001-P100,9.8359,10.8129,13.4903,16.9125,10.1676,0.6256,-0.5302,1.0315,5.3112,10.7815,0.040708,0.042358,0,1
LOT-002,L002-P001,9.0758,9.2115,9.3417,9.7381,9.6578,0.7341,-0.7928,-0.608,-0.4306,0.1094,0.005654,0.003657,0,0
LOT-002,L002-P002,9.6837,11.2831,15.0389,18.3251,9.6578,0.7341,0.0353,2.214,7.3302,11.8067,0.066642,0.048903,0,1
LOT-002,L002-P003,10.2828,10.4132,10.5895,10.8475,9.6578,0.7341,0.8514,1.029,1.2692,1.6206,0.005433,0.003016,0,0
LOT-002,L002-P004,9.4559,9.4517,9.5502,9.8869,9.6578,0.7341,-0.275,-0.2808,-0.1466,0.3121,-0.000175,0.003022,0,0
LOT-002,L002-P005,10.2828,10.3838,10.6366,10.9335,9.6578,0.7341,0.8514,0.989,1.3333,1.7378,0.004208,0.003817,0,0
LOT-002,L002-P006,9.5639,9.6675,9.7568,9.9772,9.6578,0.7341,-0.1279,0.0132,0.1349,0.4351,0.004317,0.002151,0,0
LOT-002,L002-P007,9.5206,9.6968,9.8406,9.9752,9.6578,0.7341,-0.1869,0.0531,0.249,0.4324,0.007342,0.001933,0,0
LOT-002,L002-P008,10.8963,11.1469,11.3961,11.7441,9.6578,0.7341,1.6871,2.0285,2.3679,2.842,0.010442,0.004147,0,0
LOT-002,L002-P009,11.4008,12.9462,16.3096,19.7561,9.6578,0.7341,2.3743,4.4795,9.0612,13.756,0.064392,0.047291,0,1
LOT-002,L002-P010,10.4026,10.6942,10.8133,10.8219,9.6578,0.7341,1.0146,1.4118,1.574,1.5858,0.01215,0.000887,0,0
LOT-002,L002-P011,10.3488,10.4169,10.7232,10.8581,9.6578,0.7341,0.9413,1.0341,1.4513,1.6351,0.002837,0.003064,0,0
LOT-002,L002-P012,9.3002,9.4139,9.6094,9.5591,9.6578,0.7341,-0.4871,-0.3322,-0.0659,-0.1345,0.004737,0.001008,0,0
LOT-002,L002-P013,10.1604,10.3213,10.4805,10.6228,9.6578,0.7341,0.6846,0.9038,1.1207,1.3145,0.006704,0.002094,0,0
LOT-002,L002-P014,10.2123,10.4346,10.7053,11.1097,9.6578,0.7341,0.7553,1.0582,1.4269,1.9778,0.009262,0.004688,0,0
LOT-002,L002-P015,10.8468,10.9737,11.2808,11.4045,9.6578,0.7341,1.6197,1.7925,2.2109,2.3794,0.005287,0.002992,0,0
LOT-002,L002-P016,8.3328,8.4761,8.6955,8.743,9.6578,0.7341,-1.8049,-1.6097,-1.3109,-1.2462,0.005971,0.001853,0,0
LOT-002,L002-P017,10.2434,10.4181,10.547,10.6818,9.6578,0.7341,0.7977,1.0357,1.2113,1.3949,0.007279,0.001831,0,0
LOT-002,L002-P018,9.6926,9.8244,10.1505,10.4611,9.6578,0.7341,0.0474,0.2269,0.6712,1.0943,0.005492,0.004422,0,0
LOT-002,L002-P019,10.2243,10.2065,10.3768,10.6345,9.6578,0.7341,0.7717,0.7474,0.9794,1.3305,-0.000742,0.002972,0,0
LOT-002,L002-P020,9.5087,9.7023,9.9613,10.2101,9.6578,0.7341,-0.2031,0.0606,0.4134,0.7523,0.008067,0.003526,0,0
LOT-002,L002-P021,10.8178,11.0248,11.2336,11.3848,9.6578,0.7341,1.5802,1.8621,2.1466,2.3525,0.008625,0.0025,0,0
LOT-002,L002-P022,9.3403,9.5637,9.9172,9.8964,9.6578,0.7341,-0.4325,-0.1282,0.3534,0.325,0.009308,0.00231,0,0
LOT-002,L002-P023,9.9226,10.1987,10.4079,10.4041,9.6578,0.7341,0.3607,0.7368,1.0218,1.0166,0.011504,0.001426,0,0
LOT-002,L002-P024,8.9178,9.1819,9.3475,9.3895,9.6578,0.7341,-1.008,-0.6483,-0.4227,-0.3655,0.011004,0.001442,0,0
LOT-002,L002-P025,9.6696,9.9159,9.9448,10.1684,9.6578,0.7341,0.0161,0.3516,0.391,0.6955,0.010262,0.001753,0,0
LOT-002,L002-P026,10.2237,10.4169,10.7238,10.8363,9.6578,0.7341,0.7709,1.0341,1.4521,1.6054,0.00805,0.002912,0,0
LOT-002,L002-P027,9.3639,9.5945,10.0716,10.2898,9.6578,0.7341,-0.4004,-0.0862,0.5637,0.8609,0.009608,0.004828,0,0
LOT-002,L002-P028,9.84,9.9327,10.101,10.452,9.6578,0.7341,0.2482,0.3745,0.6037,1.0819,0.003863,0.003606,0,0
LOT-002,L002-P029,9.9529,10.2159,10.4149,10.5879,9.6578,0.7341,0.402,0.7603,1.0313,1.267,0.010958,0.002583,0,0
LOT-002,L002-P030,8.9393,9.0851,9.2798,9.5762,9.6578,0.7341,-0.9787,-0.7801,-0.5149,-0.1112,0.006075,0.00341,0,0
LOT-002,L002-P031,10.3725,10.5856,11.0232,11.1459,9.6578,0.7341,0.9736,1.2639,1.86,2.0271,0.008879,0.003891,0,0
LOT-002,L002-P032,8.7441,8.9377,9.2713,9.3822,9.6578,0.7341,-1.2447,-0.9809,-0.5265,-0.3754,0.008067,0.003087,0,0
LOT-002,L002-P033,7.9512,8.1536,8.2911,8.7356,9.6578,0.7341,-2.3248,-2.049,-1.8617,-1.2562,0.008433,0.004042,0,0
LOT-002,L002-P034,49.8261,67.1473,85.6243,113.6473,9.6578,0.7341,54.7177,78.3129,103.4825,141.6558,0.721717,0.322917,1,1
LOT-002,L002-P035,9.7527,9.8694,10.1666,10.5548,9.6578,0.7341,0.1293,0.2882,0.6931,1.2219,0.004862,0.00476,0,0
LOT-002,L002-P036,10.6455,10.8402,11.1002,11.2912,9.6578,0.7341,1.3455,1.6107,1.9649,2.225,0.008112,0.003132,0,0
LOT-002,L002-P037,10.2312,10.4156,10.7751,10.8058,9.6578,0.7341,0.7811,1.0323,1.522,1.5638,0.007683,0.00271,0,0
LOT-002,L002-P038,10.7806,11.9158,16.0215,19.0378,9.6578,0.7341,1.5295,3.0759,8.6687,12.7776,0.0473,0.049458,0,1
LOT-002,L002-P039,10.2834,10.2778,10.5048,10.7676,9.6578,0.7341,0.8522,0.8446,1.1538,1.5118,-0.000233,0.003401,0,0
LOT-002,L002-P040,9.4113,9.7248,9.9489,9.9985,9.6578,0.7341,-0.3358,0.0913,0.3965,0.4641,0.013062,0.001901,0,0
LOT-002,L002-P041,9.6529,9.7274,10.0578,10.2421,9.6578,0.7341,-0.0067,0.0948,0.5449,0.7959,0.003104,0.003574,0,0
LOT-002,L002-P042,11.0151,11.2852,11.5084,11.5977,9.6578,0.7341,1.8489,2.2169,2.5209,2.6426,0.011254,0.00217,0,0
LOT-002,L002-P043,9.6583,11.0537,13.6879,19.3127,9.6578,0.7341,0.0007,1.9015,5.4899,13.152,0.058142,0.057354,0,1
LOT-002,L002-P044,9.774,9.9448,10.2103,10.6673,9.6578,0.7341,0.1583,0.391,0.7526,1.3752,0.007117,0.005017,0,0
LOT-002,L002-P045,8.8451,10.4206,13.8272,18.6625,9.6578,0.7341,-1.1071,1.0391,5.6796,12.2663,0.065646,0.057235,0,1
LOT-002,L002-P046,10.5726,10.5867,10.8024,10.9653,9.6578,0.7341,1.2462,1.2654,1.5592,1.7811,0.000588,0.002629,0,0
LOT-002,L002-P047,9.5478,9.77,10.1033,10.1707,9.6578,0.7341,-0.1498,0.1528,0.6069,0.6987,0.009258,0.002783,0,0
LOT-002,L002-P048,10.3447,10.6264,10.9486,11.0357,9.6578,0.7341,0.9357,1.3194,1.7583,1.877,0.011738,0.002842,0,0
LOT-002,L002-P049,36.7698,52.769,65.4472,92.4603,9.6578,0.7341,36.9323,58.7266,75.997,112.7946,0.666633,0.275634,1,1
LOT-002,L002-P050,9.4814,9.6314,9.9525,10.1969,9.6578,0.7341,-0.2403,-0.036,0.4014,0.7344,0.00625,0.003927,0,0
LOT-002,L002-P051,10.8664,10.9659,11.1501,11.2564,9.6578,0.7341,1.6464,1.7819,2.0328,2.1776,0.004146,0.002017,0,0
LOT-002,L002-P052,9.8972,9.9771,10.3195,10.501,9.6578,0.7341,0.3261,0.435,0.9014,1.1486,0.003329,0.003638,0,0
LOT-002,L002-P053,8.7464,8.8611,9.2427,9.2674,9.6578,0.7341,-1.2415,-1.0853,-0.5655,-0.5318,0.004779,0.002822,0,0
LOT-002,L002-P054,8.7178,9.0382,9.08,9.4497,9.6578,0.7341,-1.2805,-0.844,-0.7871,-0.2835,0.01335,0.002858,0,0
LOT-002,L002-P055,10.3712,10.5487,10.7652,11.0998,9.6578,0.7341,0.9718,1.2136,1.5085,1.9643,0.007396,0.003827,0,0
LOT-002,L002-P056,9.8838,11.3172,14.333,17.8208,9.6578,0.7341,0.3079,2.2605,6.3686,11.1197,0.059725,0.045164,0,1
LOT-002,L002-P057,8.4024,8.5838,8.8686,9.0146,9.6578,0.7341,-1.7101,-1.463,-1.0751,-0.8762,0.007558,0.002992,0,0
LOT-002,L002-P058,50.5431,59.7206,78.3683,96.6716,9.6578,0.7341,55.6945,68.1962,93.5983,118.5313,0.382396,0.256604,1,1
LOT-002,L002-P059,9.0864,9.3488,9.646,9.8716,9.6578,0.7341,-0.7784,-0.4209,-0.0161,0.2912,0.010933,0.003631,0,0
LOT-002,L002-P060,10.3792,10.4789,10.7799,10.9641,9.6578,0.7341,0.9827,1.1185,1.5285,1.7795,0.004154,0.003369,0,0
LOT-002,L002-P061,10.2499,10.3799,10.6325,10.8843,9.6578,0.7341,0.8066,0.9837,1.3277,1.6708,0.005417,0.003503,0,0
LOT-002,L002-P062,9.125,10.5282,13.5189,17.8814,9.6578,0.7341,-0.7258,1.1857,5.2596,11.2023,0.058467,0.051064,0,1
LOT-002,L002-P063,10.6425,10.7518,11.0592,11.0838,9.6578,0.7341,1.3414,1.4903,1.909,1.9425,0.004554,0.002306,0,0
LOT-002,L002-P064,10.0199,10.2147,10.3789,10.6489,9.6578,0.7341,0.4933,0.7586,0.9823,1.3501,0.008117,0.003015,0,0
LOT-002,L002-P065,10.1038,10.9552,14.448,19.5369,9.6578,0.7341,0.6075,1.7673,6.5253,13.4574,0.035475,0.059595,0,1
LOT-002,L002-P066,8.5426,8.6944,8.9686,9.1866,9.6578,0.7341,-1.5191,-1.3124,-0.9388,-0.6419,0.006325,0.003418,0,0
LOT-002,L002-P067,9.412,9.5418,9.9731,10.2438,9.6578,0.7341,-0.3348,-0.158,0.4295,0.7983,0.005408,0.004875,0,0
LOT-002,L002-P068,9.2449,9.3379,9.6808,9.7045,9.6578,0.7341,-0.5625,-0.4358,0.0313,0.0636,0.003875,0.002546,0,0
LOT-002,L002-P069,10.4977,12.215,14.9887,21.3145,9.6578,0.7341,1.1441,3.4834,7.2618,15.8789,0.071554,0.063191,0,1
LOT-002,L002-P070,9.7883,9.8614,10.1494,10.4105,9.6578,0.7341,0.1778,0.2773,0.6697,1.0253,0.003046,0.003813,0,0
LOT-002,L002-P071,10.602,10.867,11.0717,11.3349,9.6578,0.7341,1.2862,1.6472,1.926,2.2846,0.011042,0.003249,0,0
LOT-002,L002-P072,9.9732,10.1698,10.447,10.5193,9.6578,0.7341,0.4296,0.6975,1.0751,1.1735,0.008192,0.002427,0,0
LOT-002,L002-P073,9.9857,10.1486,10.5115,10.7035,9.6578,0.7341,0.4467,0.6686,1.1629,1.4245,0.006788,0.003853,0,0
LOT-002,L002-P074,10.3466,10.4853,10.7449,10.8987,9.6578,0.7341,0.9383,1.1272,1.4809,1.6904,0.005779,0.002871,0,0
LOT-002,L002-P075,8.8925,9.1747,9.3986,9.6121,9.6578,0.7341,-1.0425,-0.6581,-0.3531,-0.0623,0.011758,0.003038,0,0
LOT-002,L002-P076,10.72,10.9158,11.2689,11.3204,9.6578,0.7341,1.4469,1.7137,2.1947,2.2648,0.008158,0.00281,0,0
LOT-002,L002-P077,8.6672,8.894,9.2153,9.42,9.6578,0.7341,-1.3494,-1.0405,-0.6028,-0.3239,0.00945,0.003653,0,0
LOT-002,L002-P078,9.2781,9.5708,10.0507,10.2144,9.6578,0.7341,-0.5172,-0.1185,0.5352,0.7582,0.012196,0.004469,0,0
LOT-002,L002-P079,8.4232,8.4625,8.6252,8.9046,9.6578,0.7341,-1.6818,-1.6283,-1.4066,-1.026,0.001638,0.00307,0,0
LOT-002,L002-P080,8.6708,8.7773,8.9269,9.0502,9.6578,0.7341,-1.3445,-1.1994,-0.9956,-0.8277,0.004438,0.001895,0,0
LOT-002,L002-P081,8.2383,9.7179,12.6544,18.9793,9.6578,0.7341,-1.9337,0.0819,4.082,12.6979,0.06165,0.064315,0,1
LOT-002,L002-P082,8.7715,8.9382,9.1056,9.5366,9.6578,0.7341,-1.2073,-0.9802,-0.7522,-0.1651,0.006946,0.004156,0,0
LOT-002,L002-P083,9.1704,9.3637,9.663,9.8919,9.6578,0.7341,-0.6639,-0.4006,0.0071,0.3189,0.008054,0.003668,0,0
LOT-002,L002-P084,11.4602,11.5988,11.7889,12.0445,9.6578,0.7341,2.4553,2.6441,2.903,3.2512,0.005775,0.003095,0,0
LOT-002,L002-P085,9.2006,9.4942,9.6871,9.8039,9.6578,0.7341,-0.6228,-0.2229,0.0399,0.199,0.012233,0.002151,0,0
LOT-002,L002-P086,10.0039,10.1274,10.3071,10.7428,9.6578,0.7341,0.4715,0.6397,0.8845,1.478,0.005146,0.004274,0,0
LOT-002,L002-P087,10.3463,10.4772,10.6885,10.9171,9.6578,0.7341,0.9379,1.1162,1.404,1.7154,0.005454,0.003055,0,0
LOT-002,L002-P088,9.9033,10.0153,10.2758,10.3009,9.6578,0.7341,0.3344,0.487,0.8418,0.876,0.004667,0.001983,0,0
LOT-002,L002-P089,8.7348,8.9121,9.3416,9.4898,9.6578,0.7341,-1.2573,-1.0158,-0.4307,-0.2289,0.007388,0.004012,0,0
LOT-002,L002-P090,9.8221,9.7236,9.8866,10.2072,9.6578,0.7341,0.2238,0.0896,0.3117,0.7484,-0.004104,0.003358,0,0
LOT-002,L002-P091,9.9097,10.1442,10.5789,10.8373,9.6578,0.7341,0.3431,0.6626,1.2547,1.6067,0.009771,0.004813,0,0
LOT-002,L002-P092,9.394,9.6487,9.9409,10.1814,9.6578,0.7341,-0.3594,-0.0124,0.3856,0.7133,0.010612,0.003699,0,0
LOT-002,L002-P093,10.1827,10.448,10.815,11.1532,9.6578,0.7341,0.715,1.0764,1.5764,2.0371,0.011054,0.004897,0,0
LOT-002,L002-P094,10.134,10.2844,10.451,10.5821,9.6578,0.7341,0.6487,0.8536,1.0805,1.2591,0.006267,0.002067,0,0
LOT-002,L002-P095,10.0211,10.2034,10.5813,10.8004,9.6578,0.7341,0.4949,0.7432,1.258,1.5565,0.007596,0.004146,0,0
LOT-002,L002-P096,9.6919,9.9322,10.0471,10.3966,9.6578,0.7341,0.0465,0.3738,0.5303,1.0064,0.010012,0.003225,0,0
LOT-002,L002-P097,9.8146,10.0146,10.4223,10.6128,9.6578,0.7341,0.2136,0.486,1.0414,1.3009,0.008333,0.004154,0,0
LOT-002,L002-P098,9.8626,10.0567,10.3475,10.5289,9.6578,0.7341,0.279,0.5434,0.9395,1.1866,0.008087,0.003279,0,0
LOT-002,L002-P099,9.3607,9.5514,9.7314,10.0509,9.6578,0.7341,-0.4047,-0.1449,0.1003,0.5355,0.007946,0.003469,0,0
LOT-002,L002-P100,8.5396,10.2112,14.6581,21.0492,9.6578,0.7341,-1.5232,0.7538,6.8115,15.5175,0.06965,0.075264,0,1
LOT-003,L003-P001,10.1999,10.3378,10.5747,10.5712,9.9961,0.5551,0.3671,0.6156,1.0423,1.036,0.005746,0.001621,0,0
LOT-003,L003-P002,9.6879,10.0184,10.1236,10.1037,9.9961,0.5551,-0.5552,0.0402,0.2297,0.1938,0.013771,0.000592,0,0
LOT-003,L003-P003,10.3562,10.6151,10.9773,11.3084,9.9961,0.5551,0.6487,1.1151,1.7676,2.3641,0.010788,0.004815,0,0
LOT-003,L003-P004,10.357,10.5291,10.9638,11.0567,9.9961,0.5551,0.6502,0.9602,1.7433,1.9106,0.007171,0.003664,0,0
LOT-003,L003-P005,10.4945,10.658,10.8369,10.97,9.9961,0.5551,0.8979,1.1924,1.5147,1.7545,0.006812,0.002167,0,0
LOT-003,L003-P006,9.3014,10.9657,14.4121,20.8008,9.9961,0.5551,-1.2515,1.7467,7.9553,19.4644,0.069346,0.068299,0,1
LOT-003,L003-P007,10.7975,11.005,11.3006,11.5576,9.9961,0.5551,1.4437,1.8175,2.35,2.813,0.008646,0.003837,0,0
LOT-003,L003-P008,10.2446,10.3491,10.6314,10.9563,9.9961,0.5551,0.4477,0.6359,1.1445,1.7298,0.004354,0.004217,0,0
LOT-003,L003-P009,10.2689,10.3948,10.8249,11.0208,9.9961,0.5551,0.4914,0.7182,1.4931,1.846,0.005246,0.004347,0,0
LOT-003,L003-P010,9.2019,10.5838,13.6218,19.4133,9.9961,0.5551,-1.4307,1.0587,6.5316,16.9649,0.057579,0.061316,0,1
LOT-003,L003-P011,9.8424,10.0204,10.2531,10.3842,9.9961,0.5551,-0.2769,0.0438,0.463,0.6992,0.007417,0.002526,0,0
LOT-003,L003-P012,9.1169,9.3577,9.6863,9.9288,9.9961,0.5551,-1.5839,-1.1501,-0.5581,-0.1212,0.010033,0.003966,0,0
LOT-003,L003-P013,9.9827,10.117,10.3407,10.5003,9.9961,0.5551,-0.0241,0.2178,0.6208,0.9083,0.005596,0.002662,0,0
LOT-003,L003-P014,9.9941,10.0814,10.4818,10.7695,9.9961,0.5551,-0.0036,0.1537,0.875,1.3933,0.003638,0.004778,0,0
LOT-003,L003-P015,9.5097,9.6927,9.9157,10.1071,9.9961,0.5551,-0.8762,-0.5466,-0.1448,0.2,0.007625,0.002878,0,0
LOT-003,L003-P016,9.4401,10.8076,14.6866,20.4886,9.9961,0.5551,-1.0016,1.4619,8.4498,18.902,0.056979,0.067229,0,1
LOT-003,L003-P017,9.8401,10.132,10.4745,10.6804,9.9961,0.5551,-0.281,0.2448,0.8618,1.2328,0.012163,0.003808,0,0
LOT-003,L003-P018,9.637,9.8484,10.1666,10.3086,9.9961,0.5551,-0.6469,-0.2661,0.3072,0.563,0.008808,0.003196,0,0
LOT-003,L003-P019,10.6006,10.886,11.1558,11.5633,9.9961,0.5551,1.089,1.6031,2.0892,2.8233,0.011892,0.004703,0,0
LOT-003,L003-P020,9.6135,9.764,10.0344,10.1313,9.9961,0.5551,-0.6892,-0.4181,0.069,0.2436,0.006271,0.002551,0,0
LOT-003,L003-P021,9.7023,9.8803,10.3446,10.7173,9.9961,0.5551,-0.5293,-0.2086,0.6278,1.2992,0.007417,0.005812,0,0
LOT-003,L003-P022,10.2383,10.3281,10.6345,10.7843,9.9961,0.5551,0.4363,0.5981,1.1501,1.4199,0.003742,0.003168,0,0
LOT-003,L003-P023,10.1136,11.1712,14.5965,20.6354,9.9961,0.5551,0.2117,2.1169,8.2875,19.1665,0.044067,0.065724,0,1
LOT-003,L003-P024,9.7279,10.0338,10.1612,10.2148,9.9961,0.5551,-0.4832,0.0679,0.2974,0.394,0.012746,0.001257,0,0
LOT-003,L003-P025,9.1291,9.4693,9.7087,10.0868,9.9961,0.5551,-1.5619,-0.949,-0.5177,0.1634,0.014175,0.004288,0,0
LOT-003,L003-P026,9.9003,10.151,10.4662,10.5086,9.9961,0.5551,-0.1726,0.279,0.8469,0.9233,0.010446,0.002483,0,0
LOT-003,L003-P027,10.2919,10.3716,10.7593,11.037,9.9961,0.5551,0.5329,0.6765,1.3749,1.8752,0.003321,0.004621,0,0
LOT-003,L003-P028,10.2703,10.4712,10.6662,10.799,9.9961,0.5551,0.494,0.8559,1.2072,1.4464,0.008371,0.002276,0,0
LOT-003,L003-P029,10.1758,10.3325,10.4175,10.6124,9.9961,0.5551,0.3237,0.606,0.7591,1.1103,0.006529,0.001944,0,0
LOT-003,L003-P030,10.4245,10.3766,10.7415,10.7675,9.9961,0.5551,0.7718,0.6855,1.3428,1.3897,-0.001996,0.002715,0,0
LOT-003,L003-P031,10.2039,10.3769,10.7076,10.7831,9.9961,0.5551,0.3743,0.686,1.2818,1.4178,0.007208,0.002821,0,0
LOT-003,L003-P032,9.7365,9.9442,10.1895,10.4372,9.9961,0.5551,-0.4677,-0.0935,0.3484,0.7946,0.008654,0.003424,0,0
LOT-003,L003-P033,8.8331,9.0334,9.2575,9.5809,9.9961,0.5551,-2.0951,-1.7343,-1.3306,-0.748,0.008346,0.003802,0,0
LOT-003,L003-P034,10.8292,11.0772,11.2923,11.4574,9.9961,0.5551,1.5008,1.9476,2.3351,2.6325,0.010333,0.00264,0,0
LOT-003,L003-P035,10.4663,11.7409,15.9293,21.7491,9.9961,0.5551,0.8471,3.1432,10.6885,21.1728,0.053108,0.069501,0,1
LOT-003,L003-P036,10.6747,10.8304,11.1184,11.2857,9.9961,0.5551,1.2225,1.503,2.0218,2.3232,0.006487,0.003162,0,0
LOT-003,L003-P037,9.6903,11.0214,15.3946,18.5324,9.9961,0.5551,-0.5509,1.8471,9.7253,15.3779,0.055462,0.05216,0,1
LOT-003,L003-P038,10.4028,10.5763,10.8342,10.8344,9.9961,0.5551,0.7327,1.0452,1.5098,1.5102,0.007229,0.001792,0,0
LOT-003,L003-P039,10.0734,11.7414,15.1508,19.9554,9.9961,0.5551,0.1393,3.1441,9.2861,17.9415,0.0695,0.057042,0,1
LOT-003,L003-P040,10.2473,10.3576,10.648,10.7541,9.9961,0.5551,0.4525,0.6512,1.1744,1.3655,0.004596,0.002753,0,0
LOT-003,L003-P041,10.3537,10.4838,10.9252,11.1062,9.9961,0.5551,0.6442,0.8786,1.6738,1.9998,0.005421,0.004322,0,0
LOT-003,L003-P042,10.1168,10.2943,10.7447,11.041,9.9961,0.5551,0.2174,0.5372,1.3486,1.8824,0.007396,0.005185,0,0
LOT-003,L003-P043,10.1669,10.4353,10.804,11.0679,9.9961,0.5551,0.3077,0.7912,1.4554,1.9308,0.011183,0.004393,0,0
LOT-003,L003-P044,9.3616,9.4799,9.7596,10.0601,9.9961,0.5551,-1.143,-0.9299,-0.426,0.1153,0.004929,0.004029,0,0
LOT-003,L003-P045,9.856,10.1651,10.4605,10.636,9.9961,0.5551,-0.2524,0.3044,0.8366,1.1528,0.012879,0.00327,0,0
LOT-003,L003-P046,10.5313,10.795,11.102,11.3742,9.9961,0.5551,0.9642,1.4392,1.9923,2.4826,0.010988,0.004022,0,0
LOT-003,L003-P047,10.3488,10.5168,10.7794,10.9621,9.9961,0.5551,0.6354,0.938,1.4111,1.7402,0.007,0.003092,0,0
LOT-003,L003-P048,10.0047,10.0825,10.1681,10.2796,9.9961,0.5551,0.0155,0.1556,0.3099,0.5107,0.003242,0.001369,0,0
LOT-003,L003-P049,10.8579,10.9868,11.1045,11.4687,9.9961,0.5551,1.5525,1.7847,1.9968,2.6529,0.005371,0.003347,0,0
LOT-003,L003-P050,10.5566,10.5567,10.7384,10.9443,9.9961,0.5551,1.0097,1.0099,1.3372,1.7082,4e-06,0.002692,0,0
LOT-003,L003-P051,10.6212,10.69,10.7755,11.0778,9.9961,0.5551,1.1261,1.25,1.4041,1.9487,0.002867,0.002693,0,0
LOT-003,L003-P052,11.3504,11.5848,11.8924,12.0671,9.9961,0.5551,2.4397,2.862,3.4161,3.7309,0.009767,0.003349,0,0
LOT-003,L003-P053,10.2137,10.3334,10.5554,10.5861,9.9961,0.5551,0.392,0.6076,1.0076,1.0629,0.004987,0.001755,0,0
LOT-003,L003-P054,9.9415,10.1992,10.3874,10.3962,9.9961,0.5551,-0.0984,0.3659,0.7049,0.7208,0.010737,0.001368,0,0
LOT-003,L003-P055,10.2164,10.3172,10.6613,10.763,9.9961,0.5551,0.3969,0.5785,1.1983,1.3816,0.0042,0.003096,0,0
LOT-003,L003-P056,9.8714,9.9739,10.279,10.6636,9.9961,0.5551,-0.2246,-0.04,0.5096,1.2025,0.004271,0.00479,0,0
LOT-003,L003-P057,10.1195,10.172,10.4661,10.6641,9.9961,0.5551,0.2223,0.3169,0.8467,1.2034,0.002188,0.003417,0,0
LOT-003,L003-P058,10.3028,10.4365,10.6928,10.94,9.9961,0.5551,0.5525,0.7934,1.2551,1.7004,0.005571,0.003497,0,0
LOT-003,L003-P059,10.0734,10.2573,10.5113,10.6411,9.9961,0.5551,0.1393,0.4705,0.9281,1.162,0.007663,0.002665,0,0
LOT-003,L003-P060,9.6281,9.9001,10.12,10.2925,9.9961,0.5551,-0.6629,-0.1729,0.2232,0.534,0.011333,0.002725,0,0
LOT-003,L003-P061,10.4132,10.5357,10.8752,11.0457,9.9961,0.5551,0.7514,0.9721,1.5837,1.8908,0.005104,0.003542,0,0
LOT-003,L003-P062,10.6887,10.8879,11.0597,11.4819,9.9961,0.5551,1.2477,1.6066,1.9161,2.6766,0.0083,0.004125,0,0
LOT-003,L003-P063,9.309,9.5397,9.8311,10.0125,9.9961,0.5551,-1.2378,-0.8222,-0.2972,0.0295,0.009613,0.003283,0,0
LOT-003,L003-P064,9.924,11.366,15.0802,19.9936,9.9961,0.5551,-0.1299,2.4678,9.1589,18.0103,0.060083,0.059914,0,1
LOT-003,L003-P065,10.8063,10.8514,11.1329,11.3327,9.9961,0.5551,1.4596,1.5408,2.0479,2.4079,0.001879,0.003342,0,0
LOT-003,L003-P066,9.55,9.8611,10.2789,10.4235,9.9961,0.5551,-0.8036,-0.2432,0.5095,0.77,0.012962,0.003906,0,0
LOT-003,L003-P067,10.1641,10.3014,10.3891,10.6454,9.9961,0.5551,0.3026,0.55,0.708,1.1697,0.005721,0.002389,0,0
LOT-003,L003-P068,9.6732,10.6999,13.9099,17.1528,9.9961,0.5551,-0.5817,1.2679,7.0506,12.8926,0.042779,0.044812,0,1
LOT-003,L003-P069,9.4328,9.6315,9.7259,9.959,9.9961,0.5551,-1.0148,-0.6568,-0.4868,-0.0668,0.008279,0.002274,0,0
LOT-003,L003-P070,10.4588,10.545,10.6716,10.9411,9.9961,0.5551,0.8335,0.9888,1.2169,1.7024,0.003592,0.002751,0,0
LOT-003,L003-P071,11.0766,11.2002,11.4446,11.7005,9.9961,0.5551,1.9465,2.1692,2.6094,3.0704,0.00515,0.003474,0,0
LOT-003,L003-P072,10.0383,10.139,10.452,10.5605,9.9961,0.5551,0.076,0.2574,0.8213,1.0168,0.004196,0.002927,0,0
LOT-003,L003-P073,10.0412,10.1624,10.536,10.8451,9.9961,0.5551,0.0812,0.2996,0.9726,1.5295,0.00505,0.004741,0,0
LOT-003,L003-P074,10.3342,10.4715,10.5808,10.7881,9.9961,0.5551,0.6091,0.8564,1.0533,1.4268,0.005721,0.002199,0,0
LOT-003,L003-P075,10.4291,10.7947,11.084,11.3032,9.9961,0.5551,0.78,1.4387,1.9598,2.3547,0.015233,0.003531,0,0
LOT-003,L003-P076,9.8245,10.0448,10.353,10.446,9.9961,0.5551,-0.3091,0.0877,0.6429,0.8105,0.009179,0.002786,0,0
LOT-003,L003-P077,9.5022,9.5353,9.8361,9.9258,9.9961,0.5551,-0.8897,-0.8301,-0.2882,-0.1266,0.001379,0.002712,0,0
LOT-003,L003-P078,8.801,9.0479,9.3011,9.5262,9.9961,0.5551,-2.1529,-1.7082,-1.252,-0.8465,0.010288,0.003322,0,0
LOT-003,L003-P079,9.9952,10.1818,10.4219,10.7138,9.9961,0.5551,-0.0016,0.3345,0.7671,1.2929,0.007775,0.003694,0,0
LOT-003,L003-P080,9.835,10.0604,10.3704,10.5197,9.9961,0.5551,-0.2902,0.1158,0.6743,0.9433,0.009392,0.00319,0,0
LOT-003,L003-P081,9.8649,10.0878,10.248,10.4508,9.9961,0.5551,-0.2364,0.1652,0.4538,0.8191,0.009287,0.002521,0,0
LOT-003,L003-P082,9.991,10.153,10.4228,10.8693,9.9961,0.5551,-0.0092,0.2827,0.7687,1.573,0.00675,0.004974,0,0
LOT-003,L003-P083,9.8295,10.0103,10.1291,10.2226,9.9961,0.5551,-0.3001,0.0256,0.2396,0.408,0.007533,0.001474,0,0
LOT-003,L003-P084,9.8267,10.0473,10.3027,10.3224,9.9961,0.5551,-0.3052,0.0922,0.5523,0.5878,0.009192,0.00191,0,0
LOT-003,L003-P085,9.6372,9.7421,9.9777,10.0567,9.9961,0.5551,-0.6466,-0.4576,-0.0331,0.1092,0.004371,0.002185,0,0
LOT-003,L003-P086,10.3291,10.4318,10.7235,10.8547,9.9961,0.5551,0.5999,0.7849,1.3104,1.5467,0.004279,0.002937,0,0
LOT-003,L003-P087,9.9613,10.1532,10.3695,10.5082,9.9961,0.5551,-0.0627,0.283,0.6727,0.9225,0.007996,0.002465,0,0
LOT-003,L003-P088,9.8282,10.0095,10.1866,10.2332,9.9961,0.5551,-0.3025,0.0241,0.3432,0.4271,0.007554,0.001553,0,0
LOT-003,L003-P089,10.5026,10.4783,10.8217,10.885,9.9961,0.5551,0.9124,0.8687,1.4873,1.6013,-0.001012,0.002824,0,0
LOT-003,L003-P090,9.8713,10.148,10.3663,10.6542,9.9961,0.5551,-0.2248,0.2736,0.6669,1.1856,0.011529,0.003515,0,0
LOT-003,L003-P091,42.0746,54.8881,65.1759,83.1516,9.9961,0.5551,57.7887,80.8719,99.4052,131.788,0.533896,0.196274,1,1
LOT-003,L003-P092,10.4192,10.6079,10.746,10.8466,9.9961,0.5551,0.7622,1.1021,1.3509,1.5322,0.007863,0.001658,0,0
LOT-003,L003-P093,9.9789,10.2547,10.4888,10.6861,9.9961,0.5551,-0.031,0.4659,0.8876,1.243,0.011492,0.002996,0,0
LOT-003,L003-P094,9.478,9.7515,9.9152,9.8849,9.9961,0.5551,-0.9333,-0.4406,-0.1457,-0.2003,0.011396,0.000926,0,0
LOT-003,L003-P095,9.7491,10.0468,10.2759,10.409,9.9961,0.5551,-0.445,0.0913,0.5041,0.7438,0.012404,0.002515,0,0
LOT-003,L003-P096,10.5734,10.6254,10.8347,11.0259,9.9961,0.5551,1.04,1.1337,1.5107,1.8552,0.002167,0.002781,0,0
LOT-003,L003-P097,10.5075,10.7469,11.0268,11.357,9.9961,0.5551,0.9213,1.3525,1.8568,2.4516,0.009975,0.004237,0,0
LOT-003,L003-P098,10.8629,12.1813,14.9816,20.5627,9.9961,0.5551,1.5615,3.9366,8.9813,19.0355,0.054933,0.058204,0,1
LOT-003,L003-P099,9.869,10.0562,10.3299,10.4844,9.9961,0.5551,-0.229,0.1083,0.6013,0.8797,0.0078,0.002974,0,0
LOT-003,L003-P100,9.2483,10.398,14.4473,19.7621,9.9961,0.5551,-1.3471,0.724,8.0187,17.5932,0.047904,0.065028,0,1
LOT-004,L004-P001,9.6064,9.8813,10.2032,10.5028,10.0891,0.4968,-0.9716,-0.4183,0.2297,0.8327,0.011454,0.004316,0,0
LOT-004,L004-P002,9.7131,9.7929,9.9927,10.2208,10.0891,0.4968,-0.7568,-0.5962,-0.194,0.2651,0.003325,0.002972,0,0
LOT-004,L004-P003,9.6293,9.8457,10.3122,10.4479,10.0891,0.4968,-0.9255,-0.4899,0.4491,0.7222,0.009017,0.004182,0,0
LOT-004,L004-P004,10.5501,10.8465,11.2764,11.551,10.0891,0.4968,0.9279,1.5246,2.3899,2.9426,0.01235,0.004892,0,0
LOT-004,L004-P005,10.3839,10.5347,10.7008,10.7963,10.0891,0.4968,0.5934,0.8969,1.2313,1.4235,0.006283,0.001817,0,0
LOT-004,L004-P006,9.1122,9.3386,9.6033,9.755,10.0891,0.4968,-1.9664,-1.5107,-0.9779,-0.6725,0.009433,0.002892,0,0
LOT-004,L004-P007,9.9244,10.129,10.4606,10.7466,10.0891,0.4968,-0.3315,0.0803,0.7478,1.3235,0.008525,0.004289,0,0
LOT-004,L004-P008,9.7994,10.0464,10.2151,10.5364,10.0891,0.4968,-0.5831,-0.086,0.2536,0.9004,0.010292,0.003403,0,0
LOT-004,L004-P009,10.0195,10.2526,10.6199,10.838,10.0891,0.4968,-0.1401,0.3291,1.0684,1.5074,0.009712,0.004065,0,0
LOT-004,L004-P010,9.4448,9.6173,9.8587,10.14,10.0891,0.4968,-1.2969,-0.9497,-0.4638,0.1025,0.007187,0.00363,0,0
LOT-004,L004-P011,10.3762,10.6553,10.9074,11.1383,10.0891,0.4968,0.5779,1.1397,1.6471,2.1119,0.011629,0.003354,0,0
LOT-004,L004-P012,10.9348,10.9628,11.2207,11.6018,10.0891,0.4968,1.7023,1.7587,2.2778,3.0449,0.001167,0.004438,0,0
LOT-004,L004-P013,10.3989,10.6821,10.9994,11.1855,10.0891,0.4968,0.6236,1.1936,1.8323,2.2069,0.0118,0.003496,0,0
LOT-004,L004-P014,39.1935,54.4582,79.3353,93.6164,10.0891,0.4968,58.5837,89.3098,139.3845,168.1306,0.636029,0.271932,1,1
LOT-004,L004-P015,9.4809,9.6144,9.9233,10.2903,10.0891,0.4968,-1.2242,-0.9555,-0.3337,0.405,0.005562,0.004694,0,0
LOT-004,L004-P016,10.2852,10.424,10.563,10.7908,10.0891,0.4968,0.3947,0.6741,0.9539,1.4124,0.005783,0.002547,0,0
LOT-004,L004-P017,47.9368,56.29,77.476,94.133,10.0891,0.4968,76.183,92.997,135.6419,169.1705,0.34805,0.262799,1,1
LOT-004,L004-P018,10.8118,10.8759,11.0152,11.1698,10.0891,0.4968,1.4547,1.5837,1.8641,2.1753,0.002671,0.002041,0,0
LOT-004,L004-P019,9.6816,9.9997,10.2097,10.4322,10.0891,0.4968,-0.8202,-0.18,0.2428,0.6906,0.013254,0.003003,0,0
LOT-004,L004-P020,10.5524,10.8669,11.0418,11.3585,10.0891,0.4968,0.9326,1.5656,1.9177,2.5552,0.013104,0.003414,0,0
LOT-004,L004-P021,9.8044,11.1926,14.6546,19.9027,10.0891,0.4968,-0.5731,2.2212,9.1898,19.7536,0.057842,0.060487,0,1
LOT-004,L004-P022,10.8552,12.2159,15.9229,21.2905,10.0891,0.4968,1.5421,4.281,11.7428,22.5471,0.056696,0.063018,0,1
LOT-004,L004-P023,11.0857,11.328,11.5229,11.6411,10.0891,0.4968,2.006,2.4938,2.8861,3.124,0.010096,0.002174,0,0
LOT-004,L004-P024,10.0874,11.2217,15.2915,20.7683,10.0891,0.4968,-0.0034,2.2798,10.4718,21.496,0.047262,0.066296,0,1
LOT-004,L004-P025,8.7112,8.9553,9.1621,9.2735,10.0891,0.4968,-2.7736,-2.2822,-1.8659,-1.6417,0.010171,0.00221,0,0
LOT-004,L004-P026,10.048,10.2183,10.6196,10.8827,10.0891,0.4968,-0.0827,0.2601,1.0678,1.5974,0.007096,0.004614,0,0
LOT-004,L004-P027,10.1834,10.4096,10.8457,10.9381,10.0891,0.4968,0.1898,0.6451,1.5229,1.7089,0.009425,0.00367,0,0
LOT-004,L004-P028,9.9766,10.0798,10.2926,10.6015,10.0891,0.4968,-0.2264,-0.0187,0.4096,1.0314,0.0043,0.003623,0,0
LOT-004,L004-P029,9.4664,9.6743,9.7832,9.8658,10.0891,0.4968,-1.2534,-0.8349,-0.6157,-0.4495,0.008663,0.00133,0,0
LOT-004,L004-P030,10.1591,11.2578,15.6392,19.5467,10.0891,0.4968,0.1409,2.3525,11.1717,19.037,0.045779,0.057562,0,1
LOT-004,L004-P031,9.2105,9.4316,9.6284,9.7114,10.0891,0.4968,-1.7685,-1.3235,-0.9273,-0.7603,0.009212,0.001943,0,0
LOT-004,L004-P032,8.6622,8.8586,9.0708,8.9836,10.0891,0.4968,-2.8722,-2.4769,-2.0497,-2.2252,0.008183,0.000868,0,0
LOT-004,L004-P033,10.0092,10.141,10.4379,10.538,10.0891,0.4968,-0.1608,0.1045,0.7021,0.9036,0.005492,0.002757,0,0
LOT-004,L004-P034,10.239,10.4473,10.7095,10.8118,10.0891,0.4968,0.3017,0.721,1.2488,1.4547,0.008679,0.002531,0,0
LOT-004,L004-P035,9.6457,9.8076,10.0943,10.3857,10.0891,0.4968,-0.8925,-0.5666,0.0105,0.597,0.006746,0.004015,0,0
LOT-004,L004-P036,9.6901,9.828,10.0766,10.2868,10.0891,0.4968,-0.8031,-0.5256,-0.0252,0.3979,0.005746,0.003186,0,0
LOT-004,L004-P037,9.5272,9.7662,9.988,10.1947,10.0891,0.4968,-1.131,-0.65,-0.2035,0.2126,0.009958,0.002976,0,0
LOT-004,L004-P038,10.3454,10.5167,10.7063,10.9947,10.0891,0.4968,0.5159,0.8607,1.2424,1.8229,0.007138,0.003319,0,0
LOT-004,L004-P039,9.6325,9.876,10.0006,10.2299,10.0891,0.4968,-0.9191,-0.4289,-0.1781,0.2834,0.010146,0.002458,0,0
LOT-004,L004-P040,9.4152,9.6015,9.8863,10.0055,10.0891,0.4968,-1.3565,-0.9815,-0.4082,-0.1683,0.007762,0.002806,0,0
LOT-004,L004-P041,9.9325,10.0537,10.2227,10.4427,10.0891,0.4968,-0.3152,-0.0713,0.2689,0.7118,0.00505,0.002701,0,0
LOT-004,L004-P042,10.6597,10.8161,11.0813,11.3193,10.0891,0.4968,1.1486,1.4634,1.9972,2.4762,0.006517,0.003494,0,0
LOT-004,L004-P043,10.9891,12.2474,15.7167,19.297,10.0891,0.4968,1.8116,4.3444,11.3277,18.5344,0.052429,0.048956,0,1
LOT-004,L004-P044,10.306,10.5583,10.572,10.671,10.0891,0.4968,0.4366,0.9444,0.972,1.1713,0.010512,0.000783,0,0
LOT-004,L004-P045,9.736,9.9219,10.3116,10.5173,10.0891,0.4968,-0.7107,-0.3366,0.4479,0.8619,0.007746,0.004135,0,0
LOT-004,L004-P046,9.7682,9.8842,10.086,10.1906,10.0891,0.4968,-0.6459,-0.4124,-0.0062,0.2043,0.004833,0.002128,0,0
LOT-004,L004-P047,9.3707,9.5583,9.7722,10.0234,10.0891,0.4968,-1.4461,-1.0684,-0.6379,-0.1322,0.007817,0.00323,0,0
LOT-004,L004-P048,10.5278,10.7016,10.9336,11.4529,10.0891,0.4968,0.8831,1.2329,1.6999,2.7452,0.007242,0.005217,0,0
LOT-004,L004-P049,10.605,10.8254,11.2064,11.3495,10.0891,0.4968,1.0384,1.4821,2.249,2.537,0.009183,0.00364,0,0
LOT-004,L004-P050,10.1454,10.2103,10.5522,10.6854,10.0891,0.4968,0.1133,0.244,0.9322,1.2003,0.002704,0.003299,0,0
LOT-004,L004-P051,10.6794,10.9023,11.2288,11.4097,10.0891,0.4968,1.1882,1.6369,2.2941,2.6582,0.009288,0.003524,0,0
LOT-004,L004-P052,10.3299,10.4422,10.6279,10.9308,10.0891,0.4968,0.4847,0.7107,1.0845,1.6942,0.004679,0.003393,0,0
LOT-004,L004-P053,9.9572,10.1759,10.3712,10.5196,10.0891,0.4968,-0.2655,0.1747,0.5678,0.8665,0.009113,0.002387,0,0
LOT-004,L004-P054,9.6146,9.8285,10.2847,10.378,10.0891,0.4968,-0.9551,-0.5246,0.3937,0.5815,0.008913,0.003816,0,0
LOT-004,L004-P055,10.1842,11.4895,15.9237,20.3859,10.0891,0.4968,0.1914,2.8188,11.7444,20.7262,0.054387,0.061781,0,1
LOT-004,L004-P056,10.2089,10.4808,10.8741,10.9552,10.0891,0.4968,0.2411,0.7884,1.5801,1.7434,0.011329,0.003294,0,0
LOT-004,L004-P057,44.5158,57.7898,78.5801,111.0561,10.0891,0.4968,69.2969,96.0159,137.8643,203.2347,0.553083,0.369905,1,1
LOT-004,L004-P058,9.9623,11.4938,14.3686,20.3722,10.0891,0.4968,-0.2552,2.8275,8.6141,20.6987,0.063812,0.061656,0,1
LOT-004,L004-P059,10.9873,11.1953,11.4149,11.4194,10.0891,0.4968,1.808,2.2267,2.6687,2.6777,0.008667,0.001556,0,0
LOT-004,L004-P060,9.035,9.1663,9.546,9.7437,10.0891,0.4968,-2.1218,-1.8575,-1.0932,-0.6952,0.005471,0.00401,0,0
LOT-004,L004-P061,10.3603,10.4731,10.6665,10.8255,10.0891,0.4968,0.5459,0.7729,1.1622,1.4823,0.0047,0.002447,0,0
LOT-004,L004-P062,10.8916,11.0458,11.4175,11.7697,10.0891,0.4968,1.6153,1.9257,2.6739,3.3829,0.006425,0.005027,0,0
LOT-004,L004-P063,10.0379,10.3159,10.5697,10.7833,10.0891,0.4968,-0.1031,0.4565,0.9674,1.3973,0.011583,0.003246,0,0
LOT-004,L004-P064,9.5034,9.7784,9.9819,10.202,10.0891,0.4968,-1.1789,-0.6254,-0.2158,0.2273,0.011458,0.002942,0,0
LOT-004,L004-P065,9.8894,10.1113,10.3104,10.5881,10.0891,0.4968,-0.402,0.0447,0.4455,1.0044,0.009246,0.003311,0,0
LOT-004,L004-P066,10.1519,10.487,10.637,10.7692,10.0891,0.4968,0.1264,0.8009,1.1029,1.369,0.013963,0.00196,0,0
LOT-004,L004-P067,10.6001,12.3385,16.5809,22.2621,10.0891,0.4968,1.0286,4.5278,13.0672,24.5028,0.072433,0.068914,0,1
LOT-004,L004-P068,9.4349,9.518,9.8514,10.0787,10.0891,0.4968,-1.3168,-1.1496,-0.4785,-0.0209,0.003462,0.003894,0,0
LOT-004,L004-P069,10.4122,10.5816,10.7341,11.0449,10.0891,0.4968,0.6504,0.9913,1.2983,1.9239,0.007058,0.003217,0,0
LOT-004,L004-P070,10.0293,10.2295,10.4732,10.6544,10.0891,0.4968,-0.1204,0.2826,0.7731,1.1379,0.008342,0.002951,0,0
LOT-004,L004-P071,9.6208,11.1607,15.4969,19.477,10.0891,0.4968,-0.9426,2.157,10.8853,18.8967,0.064163,0.057752,0,1
LOT-004,L004-P072,10.344,10.5032,10.8271,11.0887,10.0891,0.4968,0.5131,0.8335,1.4855,2.0121,0.006633,0.004066,0,0
LOT-004,L004-P073,51.3678,66.6345,81.2058,112.2818,10.0891,0.4968,83.0892,113.8192,143.1496,205.7019,0.636112,0.316995,1,1
LOT-004,L004-P074,10.2716,10.5986,10.8263,10.9913,10.0891,0.4968,0.3674,1.0256,1.4839,1.816,0.013625,0.002727,0,0
LOT-004,L004-P075,42.9691,53.9817,72.9571,91.7935,10.0891,0.4968,66.1836,88.3506,126.5459,164.4614,0.458858,0.262582,1,1
LOT-004,L004-P076,10.5612,10.8781,11.1176,11.3007,10.0891,0.4968,0.9503,1.5882,2.0702,2.4388,0.013204,0.002935,0,0
LOT-004,L004-P077,10.1304,10.273,10.4496,10.6533,10.0891,0.4968,0.0831,0.3702,0.7256,1.1357,0.005942,0.002641,0,0
LOT-004,L004-P078,9.6284,9.8275,10.175,10.4251,10.0891,0.4968,-0.9273,-0.5266,0.1729,0.6763,0.008296,0.00415,0,0
LOT-004,L004-P079,10.4137,10.8087,10.8777,11.0089,10.0891,0.4968,0.6534,1.4485,1.5874,1.8514,0.016458,0.00139,0,0
LOT-004,L004-P080,10.3431,10.633,10.8692,11.1645,10.0891,0.4968,0.5113,1.0948,1.5702,2.1647,0.012079,0.003691,0,0
LOT-004,L004-P081,10.6961,11.0161,11.1646,11.4429,10.0891,0.4968,1.2218,1.8659,2.1649,2.725,0.013333,0.002964,0,0
LOT-004,L004-P082,9.9669,10.0794,10.5465,10.7289,10.0891,0.4968,-0.246,-0.0195,0.9207,1.2878,0.004687,0.00451,0,0
LOT-004,L004-P083,10.8239,11.0528,11.5319,11.7426,10.0891,0.4968,1.4791,1.9398,2.9042,3.3283,0.009537,0.00479,0,0
LOT-004,L004-P084,9.7202,10.9927,13.584,17.0741,10.0891,0.4968,-0.7426,1.8188,7.0348,14.06,0.053021,0.042232,0,1
LOT-004,L004-P085,9.4333,9.5008,9.7425,9.792,10.0891,0.4968,-1.32,-1.1842,-0.6977,-0.598,0.002813,0.002022,0,0
LOT-004,L004-P086,10.4667,10.6303,10.881,11.1894,10.0891,0.4968,0.7601,1.0894,1.594,2.2148,0.006817,0.003883,0,0
LOT-004,L004-P087,9.8022,9.8322,10.0937,10.2777,10.0891,0.4968,-0.5775,-0.5171,0.0093,0.3796,0.00125,0.003094,0,0
LOT-004,L004-P088,10.4226,11.8397,14.5674,18.7756,10.0891,0.4968,0.6713,3.5238,9.0143,17.4849,0.059046,0.048166,0,1
LOT-004,L004-P089,10.0799,10.346,10.5561,10.6908,10.0891,0.4968,-0.0185,0.5171,0.94,1.2112,0.011087,0.002394,0,0
LOT-004,L004-P090,9.1933,9.2466,9.5233,9.7742,10.0891,0.4968,-1.8031,-1.6959,-1.1389,-0.6339,0.002221,0.003664,0,0
LOT-004,L004-P091,10.5468,10.6834,10.9479,11.0864,10.0891,0.4968,0.9213,1.1963,1.7287,2.0074,0.005692,0.002799,0,0
LOT-004,L004-P092,9.9557,10.0644,10.0992,10.2273,10.0891,0.4968,-0.2685,-0.0497,0.0203,0.2782,0.004529,0.001131,0,0
LOT-004,L004-P093,10.8449,10.9857,11.2868,11.47,10.0891,0.4968,1.5213,1.8048,2.4108,2.7796,0.005867,0.003363,0,0
LOT-004,L004-P094,9.5474,9.8403,10.0804,10.2823,10.0891,0.4968,-1.0904,-0.5008,-0.0175,0.3889,0.012204,0.003069,0,0
LOT-004,L004-P095,10.1918,10.4325,10.7207,10.9843,10.0891,0.4968,0.2067,0.6912,1.2713,1.8019,0.010029,0.003832,0,0
LOT-004,L004-P096,9.5209,9.7096,9.9563,10.1354,10.0891,0.4968,-1.1437,-0.7639,-0.2673,0.0932,0.007863,0.002957,0,0
LOT-004,L004-P097,11.4196,11.5607,11.6148,11.8881,10.0891,0.4968,2.6781,2.9622,3.0711,3.6212,0.005879,0.002274,0,0
LOT-004,L004-P098,10.5707,10.7849,10.9703,11.3478,10.0891,0.4968,0.9694,1.4006,1.7738,2.5336,0.008925,0.003909,0,0
LOT-004,L004-P099,9.6202,9.7126,9.9361,10.2794,10.0891,0.4968,-0.9438,-0.7579,-0.308,0.3831,0.00385,0.003936,0,0
LOT-004,L004-P100,10.2325,10.4333,10.6699,10.951,10.0891,0.4968,0.2886,0.6928,1.1691,1.7349,0.008367,0.003595,0,0
LOT-005,L005-P001,8.2896,8.5633,8.9719,9.2498,9.6548,0.7437,-1.8357,-1.4677,-0.9182,-0.5446,0.011404,0.004767,0,0
LOT-005,L005-P002,8.8434,8.9906,9.13,9.3085,9.6548,0.7437,-1.091,-0.8931,-0.7057,-0.4656,0.006133,0.002208,0,0
LOT-005,L005-P003,8.9376,9.0832,9.3381,9.522,9.6548,0.7437,-0.9644,-0.7686,-0.4258,-0.1786,0.006067,0.003047,0,0
LOT-005,L005-P004,9.2367,9.4,9.4816,9.601,9.6548,0.7437,-0.5622,-0.3426,-0.2329,-0.0723,0.006804,0.001396,0,0
LOT-005,L005-P005,8.4434,8.7252,9.1643,9.3181,9.6548,0.7437,-1.6289,-1.25,-0.6595,-0.4527,0.011742,0.004117,0,0
LOT-005,L005-P006,9.3024,9.4812,9.7859,9.9865,9.6548,0.7437,-0.4738,-0.2334,0.1763,0.446,0.00745,0.003509,0,0
LOT-005,L005-P007,8.8381,8.9892,9.0588,9.2233,9.6548,0.7437,-1.0982,-0.895,-0.8014,-0.5802,0.006296,0.001626,0,0
LOT-005,L005-P008,10.1731,10.3264,10.6937,10.9307,9.6548,0.7437,0.6969,0.9031,1.3969,1.7156,0.006387,0.004197,0,0
LOT-005,L005-P009,8.5098,8.5708,8.8737,8.8698,9.6548,0.7437,-1.5396,-1.4576,-1.0503,-1.0555,0.002542,0.002076,0,0
LOT-005,L005-P010,10.9433,11.3018,11.6156,11.8657,9.6548,0.7437,1.7326,2.2146,2.6365,2.9728,0.014937,0.003916,0,0
LOT-005,L005-P011,8.8639,8.9741,9.0979,9.2114,9.6548,0.7437,-1.0635,-0.9153,-0.7488,-0.5962,0.004592,0.001648,0,0
LOT-005,L005-P012,8.1828,8.4226,8.5654,8.7893,9.6548,0.7437,-1.9793,-1.6569,-1.4648,-1.1638,0.009992,0.002547,0,0
LOT-005,L005-P013,9.5021,9.8689,10.148,10.438,9.6548,0.7437,-0.2053,0.2879,0.6632,1.0531,0.015283,0.003952,0,0
LOT-005,L005-P014,8.7404,8.9601,9.1636,9.353,9.6548,0.7437,-1.2295,-0.9341,-0.6605,-0.4058,0.009154,0.002728,0,0
LOT-005,L005-P015,8.521,8.7203,8.9969,9.3738,9.6548,0.7437,-1.5245,-1.2566,-0.8846,-0.3778,0.008304,0.004538,0,0
LOT-005,L005-P016,9.8839,10.0326,10.3095,10.4752,9.6548,0.7437,0.3081,0.508,0.8803,1.1031,0.006196,0.003074,0,0
LOT-005,L005-P017,9.5621,9.6483,9.897,10.136,9.6548,0.7437,-0.1246,-0.0087,0.3257,0.647,0.003592,0.003387,0,0
LOT-005,L005-P018,8.3362,8.6171,8.7766,8.9112,9.6548,0.7437,-1.773,-1.3953,-1.1809,-0.9999,0.011704,0.002042,0,0
LOT-005,L005-P019,9.8336,9.8201,10.3417,10.5147,9.6548,0.7437,0.2404,0.2223,0.9236,1.1562,-0.000563,0.004824,0,0
LOT-005,L005-P020,9.614,9.8168,10.1189,10.3835,9.6548,0.7437,-0.0549,0.2178,0.624,0.9798,0.00845,0.003935,0,0
LOT-005,L005-P021,10.5218,10.6855,10.9219,11.2223,9.6548,0.7437,1.1658,1.3859,1.7038,2.1077,0.006821,0.003728,0,0
LOT-005,L005-P022,10.1426,10.3382,10.5863,10.7474,9.6548,0.7437,0.6559,0.9189,1.2525,1.4691,0.00815,0.002842,0,0
LOT-005,L005-P023,10.3628,10.6309,10.8399,10.9652,9.6548,0.7437,0.952,1.3125,1.5935,1.762,0.011171,0.002322,0,0
LOT-005,L005-P024,9.1887,9.4377,9.783,10.0343,9.6548,0.7437,-0.6267,-0.2919,0.1724,0.5103,0.010375,0.004143,0,0
LOT-005,L005-P025,10.0378,10.2751,10.5672,10.7078,9.6548,0.7437,0.515,0.8341,1.2268,1.4159,0.009887,0.003005,0,0
LOT-005,L005-P026,10.539,10.7757,11.0608,11.3678,9.6548,0.7437,1.1889,1.5072,1.8905,2.3033,0.009863,0.004112,0,0
LOT-005,L005-P027,9.0448,10.2523,13.5665,16.7976,9.6548,0.7437,-0.8202,0.8034,5.2598,9.6044,0.050312,0.045453,0,1
LOT-005,L005-P028,9.6369,9.8255,10.062,10.265,9.6548,0.7437,-0.0241,0.2295,0.5475,0.8205,0.007858,0.003052,0,0
LOT-005,L005-P029,10.1074,10.2875,10.4558,10.7217,9.6548,0.7437,0.6086,0.8507,1.077,1.4346,0.007504,0.003015,0,0
LOT-005,L005-P030,10.3521,11.225,14.5307,18.5642,9.6548,0.7437,0.9376,2.1113,6.5563,11.9798,0.036371,0.050967,0,1
LOT-005,L005-P031,10.304,10.4336,10.6681,10.9382,9.6548,0.7437,0.8729,1.0472,1.3625,1.7257,0.0054,0.003504,0,0
LOT-005,L005-P032,9.4581,9.4778,9.7913,9.8674,9.6548,0.7437,-0.2645,-0.238,0.1835,0.2859,0.000821,0.002706,0,0
LOT-005,L005-P033,8.4255,8.7018,8.8663,9.0998,9.6548,0.7437,-1.653,-1.2814,-1.0602,-0.7463,0.011513,0.002764,0,0
LOT-005,L005-P034,7.4092,7.6039,8.0339,8.3578,9.6548,0.7437,-3.0195,-2.7577,-2.1795,-1.744,0.008113,0.005235,0,0
LOT-005,L005-P035,8.8327,10.3467,14.4918,20.3056,9.6548,0.7437,-1.1054,0.9303,6.504,14.3214,0.063083,0.069159,0,1
LOT-005,L005-P036,10.2365,10.3241,10.5806,10.7067,9.6548,0.7437,0.7822,0.9,1.2449,1.4144,0.00365,0.002657,0,0
LOT-005,L005-P037,10.3166,10.4411,10.6501,10.7977,9.6548,0.7437,0.8899,1.0573,1.3383,1.5368,0.005188,0.002476,0,0
LOT-005,L005-P038,9.7681,9.898,10.1495,10.4451,9.6548,0.7437,0.1523,0.327,0.6652,1.0627,0.005412,0.003799,0,0
LOT-005,L005-P039,8.8867,10.526,13.0336,16.8975,9.6548,0.7437,-1.0328,1.1714,4.5432,9.7387,0.068304,0.044247,0,1
LOT-005,L005-P040,9.1654,9.3211,9.4365,9.5545,9.6548,0.7437,-0.6581,-0.4487,-0.2935,-0.1349,0.006487,0.001621,0,0
LOT-005,L005-P041,10.4189,10.5458,10.7798,11.0743,9.6548,0.7437,1.0274,1.1981,1.5127,1.9087,0.005287,0.00367,0,0
LOT-005,L005-P042,9.9452,10.1169,10.3935,10.5352,9.6548,0.7437,0.3905,0.6214,0.9933,1.1838,0.007154,0.002905,0,0
LOT-005,L005-P043,10.8215,10.8953,11.1975,11.3158,9.6548,0.7437,1.5688,1.668,2.0744,2.2334,0.003075,0.00292,0,0
LOT-005,L005-P044,9.7207,9.9165,10.1048,10.2731,9.6548,0.7437,0.0886,0.3519,0.6051,0.8314,0.008158,0.002476,0,0
LOT-005,L005-P045,9.329,9.5202,9.811,9.9985,9.6548,0.7437,-0.4381,-0.181,0.21,0.4621,0.007967,0.003322,0,0
LOT-005,L005-P046,8.581,8.5773,8.7723,8.8502,9.6548,0.7437,-1.4439,-1.4488,-1.1866,-1.0819,-0.000154,0.001895,0,0
LOT-005,L005-P047,10.5734,10.7278,10.9381,11.1863,9.6548,0.7437,1.2352,1.4428,1.7256,2.0593,0.006433,0.003184,0,0
LOT-005,L005-P048,10.4276,10.6015,10.9186,11.0114,9.6548,0.7437,1.0391,1.273,1.6993,1.8241,0.007246,0.002847,0,0
LOT-005,L005-P049,9.103,9.2495,9.627,9.908,9.6548,0.7437,-0.742,-0.545,-0.0374,0.3405,0.006104,0.004573,0,0
LOT-005,L005-P050,8.7702,9.0816,9.2416,9.5054,9.6548,0.7437,-1.1895,-0.7707,-0.5556,-0.2009,0.012975,0.002943,0,0
LOT-005,L005-P051,9.0015,9.0685,9.1441,9.356,9.6548,0.7437,-0.8784,-0.7884,-0.6867,-0.4018,0.002792,0.001997,0,0
LOT-005,L005-P052,9.4848,9.5852,9.579,9.7599,9.6548,0.7437,-0.2286,-0.0936,-0.1019,0.1413,0.004183,0.001213,0,0
LOT-005,L005-P053,9.5973,9.7785,10.0823,10.2781,9.6548,0.7437,-0.0773,0.1663,0.5748,0.8381,0.00755,0.003469,0,0
LOT-005,L005-P054,8.7766,9.0458,9.3673,9.6391,9.6548,0.7437,-1.1809,-0.8189,-0.3866,-0.0211,0.011217,0.00412,0,0
LOT-005,L005-P055,9.478,9.6734,10.0215,10.1473,9.6548,0.7437,-0.2377,0.025,0.4931,0.6622,0.008142,0.003291,0,0
LOT-005,L005-P056,8.7333,8.7959,9.0624,9.2674,9.6548,0.7437,-1.2391,-1.1549,-0.7966,-0.5209,0.002608,0.003274,0,0
LOT-005,L005-P057,10.1532,10.3874,10.4101,10.5164,9.6548,0.7437,0.6702,0.9851,1.0156,1.1585,0.009758,0.000896,0,0
LOT-005,L005-P058,9.578,9.6266,9.859,10.2251,9.6548,0.7437,-0.1033,-0.0379,0.2746,0.7668,0.002025,0.004156,0,0
LOT-005,L005-P059,10.0542,10.9298,14.1612,17.95,9.6548,0.7437,0.537,1.7144,6.0594,11.154,0.036483,0.048751,0,1
LOT-005,L005-P060,9.6932,9.9003,10.0509,10.2902,9.6548,0.7437,0.0516,0.3301,0.5326,0.8544,0.008629,0.002708,0,0
LOT-005,L005-P061,10.7056,10.9255,11.2895,11.6476,9.6548,0.7437,1.4129,1.7086,2.1981,2.6796,0.009162,0.005015,0,0
LOT-005,L005-P062,8.8999,9.131,9.3573,9.531,9.6548,0.7437,-1.0151,-0.7043,-0.4,-0.1665,0.009629,0.002778,0,0
LOT-005,L005-P063,8.2896,8.444,8.7092,8.8257,9.6548,0.7437,-1.8357,-1.6281,-1.2715,-1.1148,0.006433,0.002651,0,0
LOT-005,L005-P064,11.2088,11.3918,11.7003,11.9007,9.6548,0.7437,2.0896,2.3356,2.7504,3.0199,0.007625,0.003534,0,0
LOT-005,L005-P065,8.4453,8.6101,8.8244,9.0063,9.6548,0.7437,-1.6263,-1.4047,-1.1166,-0.872,0.006867,0.002751,0,0
LOT-005,L005-P066,10.6758,10.8107,11.0524,11.2323,9.6548,0.7437,1.3729,1.5543,1.8793,2.1212,0.005621,0.002928,0,0
LOT-005,L005-P067,8.7385,8.8841,9.193,9.2332,9.6548,0.7437,-1.2321,-1.0363,-0.6209,-0.5669,0.006067,0.002424,0,0
LOT-005,L005-P068,9.9985,10.1212,10.3869,10.6032,9.6548,0.7437,0.4621,0.6271,0.9844,1.2752,0.005113,0.003347,0,0
LOT-005,L005-P069,9.6856,9.8996,10.1516,10.2874,9.6548,0.7437,0.0414,0.3292,0.668,0.8506,0.008917,0.002693,0,0
LOT-005,L005-P070,10.0176,10.1207,10.4538,10.793,9.6548,0.7437,0.4878,0.6265,1.0744,1.5305,0.004296,0.004669,0,0
LOT-005,L005-P071,10.5289,10.8276,11.1131,11.2818,9.6548,0.7437,1.1753,1.577,1.9609,2.1877,0.012446,0.003154,0,0
LOT-005,L005-P072,41.0695,58.3314,71.7616,98.352,9.6548,0.7437,42.2411,65.4519,83.5106,119.2648,0.719246,0.277921,1,1
LOT-005,L005-P073,9.6543,9.9049,10.1097,10.2626,9.6548,0.7437,-0.0007,0.3363,0.6117,0.8173,0.010442,0.002484,0,0
LOT-005,L005-P074,9.8525,10.031,10.2323,10.3527,9.6548,0.7437,0.2658,0.5058,0.7765,0.9384,0.007438,0.002234,0,0
LOT-005,L005-P075,9.9069,10.1464,10.3783,10.5134,9.6548,0.7437,0.339,0.661,0.9728,1.1545,0.009979,0.002549,0,0
LOT-005,L005-P076,10.6375,10.8373,11.1023,11.3123,9.6548,0.7437,1.3214,1.59,1.9463,2.2287,0.008325,0.003299,0,0
LOT-005,L005-P077,10.0919,10.2171,10.5462,10.5492,9.6548,0.7437,0.5877,0.7561,1.1986,1.2026,0.005217,0.002306,0,0
LOT-005,L005-P078,10.3186,10.4418,10.632,10.6794,9.6548,0.7437,0.8926,1.0582,1.314,1.3777,0.005133,0.00165,0,0
LOT-005,L005-P079,9.679,10.515,13.3655,19.3992,9.6548,0.7437,0.0325,1.1566,4.9895,13.1026,0.034833,0.061696,0,1
LOT-005,L005-P080,9.7336,9.9603,10.408,10.4515,9.6548,0.7437,0.106,0.4108,1.0128,1.0713,0.009446,0.003411,0,0
LOT-005,L005-P081,9.056,9.3127,9.6406,9.8115,9.6548,0.7437,-0.8052,-0.46,-0.0191,0.2107,0.010696,0.003464,0,0
LOT-005,L005-P082,9.5142,9.7679,10.0051,10.3562,9.6548,0.7437,-0.1891,0.1521,0.471,0.9431,0.010571,0.004085,0,0
LOT-005,L005-P083,9.959,10.033,10.2279,10.3253,9.6548,0.7437,0.409,0.5085,0.7706,0.9016,0.003083,0.00203,0,0
LOT-005,L005-P084,7.718,7.914,8.2076,8.4481,9.6548,0.7437,-2.6043,-2.3407,-1.9459,-1.6226,0.008167,0.003709,0,0
LOT-005,L005-P085,10.4261,10.6653,10.8201,11.0623,9.6548,0.7437,1.0371,1.3587,1.5669,1.8926,0.009967,0.002757,0,0
LOT-005,L005-P086,8.3321,8.5376,8.7372,8.9291,9.6548,0.7437,-1.7785,-1.5022,-1.2338,-0.9758,0.008562,0.002719,0,0
LOT-005,L005-P087,10.1681,10.1435,10.3203,10.418,9.6548,0.7437,0.6902,0.6571,0.8949,1.0262,-0.001025,0.001906,0,0
LOT-005,L005-P088,10.16,10.2481,10.5648,10.811,9.6548,0.7437,0.6793,0.7978,1.2236,1.5547,0.003671,0.003909,0,0
LOT-005,L005-P089,8.8648,8.9489,9.2853,9.5432,9.6548,0.7437,-1.0623,-0.9492,-0.4968,-0.1501,0.003504,0.004127,0,0
LOT-005,L005-P090,10.2374,10.3973,10.5875,10.9298,9.6548,0.7437,0.7834,0.9984,1.2541,1.7144,0.006663,0.003698,0,0
LOT-005,L005-P091,9.2098,9.408,9.8383,10.0766,9.6548,0.7437,-0.5984,-0.3319,0.2467,0.5672,0.008258,0.004643,0,0
LOT-005,L005-P092,9.966,10.2581,10.5731,10.6228,9.6548,0.7437,0.4184,0.8112,1.2348,1.3016,0.012171,0.002533,0,0
LOT-005,L005-P093,10.3765,10.6208,10.8741,10.9785,9.6548,0.7437,0.9704,1.2989,1.6395,1.7799,0.010179,0.002484,0,0
LOT-005,L005-P094,10.106,10.2714,10.5748,10.8636,9.6548,0.7437,0.6067,0.8291,1.2371,1.6254,0.006892,0.004113,0,0
LOT-005,L005-P095,10.2617,10.4358,10.7945,11.0869,9.6548,0.7437,0.8161,1.0502,1.5325,1.9256,0.007254,0.004522,0,0
LOT-005,L005-P096,10.2787,10.4093,10.6035,10.6935,9.6548,0.7437,0.8389,1.0145,1.2756,1.3967,0.005442,0.001974,0,0
LOT-005,L005-P097,10.4418,10.6968,11.0102,11.219,9.6548,0.7437,1.0582,1.4011,1.8225,2.1033,0.010625,0.003626,0,0
LOT-005,L005-P098,8.8429,8.9919,9.3115,9.5964,9.6548,0.7437,-1.0917,-0.8914,-0.4616,-0.0785,0.006208,0.004198,0,0
LOT-005,L005-P099,9.61,9.8263,10.1538,10.2536,9.6548,0.7437,-0.0602,0.2306,0.671,0.8052,0.009013,0.002967,0,0
LOT-005,L005-P100,10.0271,10.2111,10.4618,10.5958,9.6548,0.7437,0.5006,0.748,1.0851,1.2653,0.007667,0.002672,0,0
LOT-006,L006-P001,9.8436,10.0452,10.3195,10.6582,9.9958,0.6395,-0.238,0.0772,0.5062,1.0358,0.0084,0.004257,0,0
LOT-006,L006-P002,9.6896,9.8006,10.1199,10.2807,9.9958,0.6395,-0.4788,-0.3052,0.1941,0.4455,0.004625,0.003334,0,0
LOT-006,L006-P003,9.5805,9.8223,10.1834,10.5769,9.9958,0.6395,-0.6494,-0.2713,0.2934,0.9087,0.010075,0.00524,0,0
LOT-006,L006-P004,9.7596,9.9511,10.0235,10.2644,9.9958,0.6395,-0.3694,-0.0699,0.0433,0.42,0.007979,0.002176,0,0
LOT-006,L006-P005,10.795,10.8538,11.2256,11.3388,9.9958,0.6395,1.2497,1.3417,1.9231,2.1001,0.00245,0.003368,0,0
LOT-006,L006-P006,9.6532,9.6966,9.8349,10.1585,9.9958,0.6395,-0.5357,-0.4679,-0.2516,0.2544,0.001808,0.003208,0,0
LOT-006,L006-P007,10.3418,11.7835,15.6265,20.8395,9.9958,0.6395,0.541,2.7955,8.8048,16.9565,0.060071,0.062889,0,1
LOT-006,L006-P008,9.8976,10.1993,10.3998,10.5704,9.9958,0.6395,-0.1536,0.3182,0.6317,0.8985,0.012571,0.002577,0,0
LOT-006,L006-P009,9.6581,9.8656,10.1108,10.314,9.9958,0.6395,-0.5281,-0.2036,0.1798,0.4976,0.008646,0.003114,0,0
LOT-006,L006-P010,9.5107,9.8118,10.0005,10.1362,9.9958,0.6395,-0.7586,-0.2877,0.0073,0.2195,0.012546,0.002253,0,0
LOT-006,L006-P011,11.0839,11.1442,11.3292,11.5209,9.9958,0.6395,1.7015,1.7958,2.0851,2.3848,0.002512,0.002616,0,0
LOT-006,L006-P012,9.0688,9.3246,9.446,9.6548,9.9958,0.6395,-1.4496,-1.0496,-0.8597,-0.5332,0.010658,0.002293,0,0
LOT-006,L006-P013,10.249,11.1246,15.5274,19.5679,9.9958,0.6395,0.3959,1.7651,8.6499,14.9681,0.036483,0.058634,0,1
LOT-006,L006-P014,11.066,12.5145,15.5493,18.6022,9.9958,0.6395,1.6735,3.9385,8.6841,13.458,0.060354,0.042276,0,1
LOT-006,L006-P015,10.853,11.0979,11.2331,11.515,9.9958,0.6395,1.3404,1.7234,1.9348,2.3756,0.010204,0.002897,0,0
LOT-006,L006-P016,10.9793,11.2118,11.3081,11.4866,9.9958,0.6395,1.5379,1.9015,2.0521,2.3312,0.009687,0.001908,0,0
LOT-006,L006-P017,10.1728,10.4366,10.8036,10.9806,9.9958,0.6395,0.2768,0.6893,1.2632,1.54,0.010992,0.003778,0,0
LOT-006,L006-P018,9.968,10.1218,10.2095,10.3985,9.9958,0.6395,-0.0435,0.197,0.3342,0.6297,0.006408,0.001922,0,0
LOT-006,L006-P019,10.3139,10.5391,10.6871,10.8848,9.9958,0.6395,0.4974,0.8496,1.081,1.3901,0.009383,0.002401,0,0
LOT-006,L006-P020,9.8843,11.4327,15.7618,20.2809,9.9958,0.6395,-0.1744,2.2469,9.0164,16.083,0.064517,0.061446,0,1
LOT-006,L006-P021,11.0685,11.2091,11.4607,11.652,9.9958,0.6395,1.6774,1.8973,2.2907,2.5898,0.005858,0.003076,0,0
LOT-006,L006-P022,9.1694,9.4046,9.6043,9.8306,9.9958,0.6395,-1.2923,-0.9245,-0.6122,-0.2583,0.0098,0.002958,0,0
LOT-006,L006-P023,10.2255,10.4509,10.6311,10.744,9.9958,0.6395,0.3592,0.7116,0.9934,1.17,0.009392,0.002035,0,0
LOT-006,L006-P024,9.9528,10.0756,10.3938,10.7425,9.9958,0.6395,-0.0672,0.1248,0.6224,1.1676,0.005117,0.004631,0,0
LOT-006,L006-P025,10.2566,10.4728,10.5828,10.8035,9.9958,0.6395,0.4078,0.7459,0.9179,1.263,0.009008,0.002297,0,0
LOT-006,L006-P026,10.5516,10.8026,10.9763,11.1801,9.9958,0.6395,0.8691,1.2616,1.5332,1.8519,0.010458,0.002622,0,0
LOT-006,L006-P027,10.0942,10.3355,10.4137,10.6422,9.9958,0.6395,0.1539,0.5312,0.6535,1.0108,0.010054,0.00213,0,0
LOT-006,L006-P028,10.1901,10.4278,10.6547,11.0001,9.9958,0.6395,0.3038,0.6755,1.0303,1.5704,0.009904,0.003974,0,0
LOT-006,L006-P029,10.527,10.6257,10.7141,10.7106,9.9958,0.6395,0.8306,0.985,1.1232,1.1177,0.004113,0.00059,0,0
LOT-006,L006-P030,9.6444,9.8931,10.1044,10.2999,9.9958,0.6395,-0.5495,-0.1606,0.1698,0.4755,0.010363,0.002825,0,0
LOT-006,L006-P031,9.5543,9.7346,10.0639,10.2623,9.9958,0.6395,-0.6904,-0.4084,0.1065,0.4167,0.007513,0.003665,0,0
LOT-006,L006-P032,9.6804,9.9759,10.1003,10.3816,9.9958,0.6395,-0.4932,-0.0311,0.1634,0.6033,0.012312,0.002817,0,0
LOT-006,L006-P033,10.3429,10.4398,10.7033,10.9198,9.9958,0.6395,0.5428,0.6943,1.1063,1.4449,0.004037,0.003333,0,0
LOT-006,L006-P034,9.7839,9.9149,10.0564,10.1739,9.9958,0.6395,-0.3314,-0.1265,0.0948,0.2785,0.005458,0.001799,0,0
LOT-006,L006-P035,8.6242,8.8468,9.2017,9.355,9.9958,0.6395,-2.1448,-1.7967,-1.2418,-1.002,0.009275,0.003529,0,0
LOT-006,L006-P036,10.3468,10.5064,10.7439,10.9767,9.9958,0.6395,0.5489,0.7984,1.1698,1.5339,0.00665,0.003266,0,0
LOT-006,L006-P037,10.4483,10.6291,10.9855,10.9715,9.9958,0.6395,0.7076,0.9903,1.5476,1.5257,0.007533,0.002378,0,0
LOT-006,L006-P038,10.2308,10.3857,10.7279,10.9762,9.9958,0.6395,0.3675,0.6097,1.1448,1.5331,0.006454,0.004101,0,0
LOT-006,L006-P039,9.7468,10.0541,10.1937,10.4296,9.9958,0.6395,-0.3894,0.0912,0.3095,0.6783,0.012804,0.002608,0,0
LOT-006,L006-P040,10.3511,10.4576,10.6658,10.8363,9.9958,0.6395,0.5556,0.7221,1.0477,1.3143,0.004437,0.00263,0,0
LOT-006,L006-P041,10.0675,10.3871,10.609,10.8515,9.9958,0.6395,0.1121,0.6119,0.9589,1.3381,0.013317,0.003225,0,0
LOT-006,L006-P042,9.857,10.0123,10.505,10.7483,9.9958,0.6395,-0.217,0.0258,0.7962,1.1767,0.006471,0.005111,0,0
LOT-006,L006-P043,9.9024,10.0349,10.2112,10.3414,9.9958,0.6395,-0.1461,0.0611,0.3368,0.5404,0.005521,0.002128,0,0
LOT-006,L006-P044,10.649,10.9961,11.0875,11.0995,9.9958,0.6395,1.0214,1.5642,1.7071,1.7259,0.014463,0.000718,0,0
LOT-006,L006-P045,10.6903,10.9547,11.2047,11.275,9.9958,0.6395,1.086,1.4995,1.8904,2.0003,0.011017,0.002224,0,0
LOT-006,L006-P046,10.2054,10.4594,10.608,10.8166,9.9958,0.6395,0.3278,0.7249,0.9573,1.2835,0.010583,0.002481,0,0
LOT-006,L006-P047,9.7811,9.8979,10.1913,10.3107,9.9958,0.6395,-0.3357,-0.1531,0.3057,0.4924,0.004867,0.002867,0,0
LOT-006,L006-P048,10.5448,10.706,10.9598,11.015,9.9958,0.6395,0.8585,1.1106,1.5074,1.5937,0.006717,0.002146,0,0
LOT-006,L006-P049,9.9666,10.0854,10.5382,10.8341,9.9958,0.6395,-0.0457,0.1401,0.8482,1.3109,0.00495,0.005199,0,0
LOT-006,L006-P050,10.1753,10.496,10.7832,11.0221,9.9958,0.6395,0.2807,0.7822,1.2313,1.6048,0.013363,0.003653,0,0
LOT-006,L006-P051,8.6619,8.827,9.0531,9.3961,9.9958,0.6395,-2.0858,-1.8277,-1.4741,-0.9378,0.006879,0.003952,0,0
LOT-006,L006-P052,9.4842,9.6591,10.0328,10.1871,9.9958,0.6395,-0.8,-0.5265,0.0579,0.2991,0.007288,0.003667,0,0
LOT-006,L006-P053,9.8195,10.0747,10.3744,10.5788,9.9958,0.6395,-0.2757,0.1234,0.592,0.9116,0.010633,0.003501,0,0
LOT-006,L006-P054,9.6078,10.7833,14.8909,19.4081,9.9958,0.6395,-0.6067,1.2314,7.6546,14.7182,0.048979,0.059894,0,1
LOT-006,L006-P055,10.1309,10.1608,10.4728,10.6092,9.9958,0.6395,0.2113,0.258,0.7459,0.9592,0.001246,0.003114,0,0
LOT-006,L006-P056,9.235,9.4001,9.5883,9.9645,9.9958,0.6395,-1.1897,-0.9315,-0.6372,-0.0489,0.006879,0.003919,0,0
LOT-006,L006-P057,9.8149,10.047,10.1833,10.3631,9.9958,0.6395,-0.2829,0.0801,0.2932,0.5744,0.009671,0.002195,0,0
LOT-006,L006-P058,9.9916,10.1931,10.5944,10.9341,9.9958,0.6395,-0.0066,0.3085,0.936,1.4672,0.008396,0.005146,0,0
LOT-006,L006-P059,10.261,10.4477,10.8387,11.0797,9.9958,0.6395,0.4147,0.7066,1.3181,1.6949,0.007779,0.004389,0,0
LOT-006,L006-P060,9.4451,9.5675,9.8704,10.0855,9.9958,0.6395,-0.8611,-0.6697,-0.1961,0.1403,0.0051,0.003597,0,0
LOT-006,L006-P061,9.9204,10.1162,10.3973,10.7673,9.9958,0.6395,-0.1179,0.1883,0.6278,1.2064,0.008158,0.004522,0,0
LOT-006,L006-P062,10.6811,11.0102,11.3712,11.562,9.9958,0.6395,1.0716,1.5862,2.1507,2.4491,0.013712,0.003832,0,0
LOT-006,L006-P063,9.2175,9.3296,9.5144,9.6055,9.9958,0.6395,-1.217,-1.0418,-0.7528,-0.6103,0.004671,0.001916,0,0
LOT-006,L006-P064,9.4939,9.742,9.9763,10.0391,9.9958,0.6395,-0.7848,-0.3969,-0.0305,0.0677,0.010338,0.002063,0,0
LOT-006,L006-P065,10.0157,11.5118,14.7774,20.6538,9.9958,0.6395,0.0311,2.3706,7.4771,16.6661,0.062337,0.063486,0,1
LOT-006,L006-P066,9.5751,9.8235,9.9643,10.2533,9.9958,0.6395,-0.6579,-0.2694,-0.0493,0.4027,0.01035,0.002985,0,0
LOT-006,L006-P067,9.0864,9.3548,9.5231,9.6621,9.9958,0.6395,-1.422,-1.0023,-0.7392,-0.5218,0.011183,0.002134,0,0
LOT-006,L006-P068,10.292,10.3626,10.6975,10.7742,9.9958,0.6395,0.4632,0.5736,1.0973,1.2172,0.002942,0.002858,0,0
LOT-006,L006-P069,10.4515,10.6923,10.8473,11.1908,9.9958,0.6395,0.7126,1.0891,1.3315,1.8686,0.010033,0.003462,0,0
LOT-006,L006-P070,10.2194,10.2742,10.5338,10.7074,9.9958,0.6395,0.3496,0.4353,0.8413,1.1127,0.002283,0.003008,0,0
LOT-006,L006-P071,10.4247,10.5814,10.7844,11.0489,9.9958,0.6395,0.6707,0.9157,1.2332,1.6468,0.006529,0.003247,0,0
LOT-006,L006-P072,10.4798,10.7088,10.8571,11.0327,9.9958,0.6395,0.7568,1.1149,1.3468,1.6214,0.009542,0.002249,0,0
LOT-006,L006-P073,10.7727,12.1388,15.2644,20.5546,9.9958,0.6395,1.2149,3.3511,8.2386,16.511,0.056921,0.058443,0,1
LOT-006,L006-P074,9.6137,9.9004,10.2134,10.5206,9.9958,0.6395,-0.5975,-0.1492,0.3403,0.8206,0.011946,0.004307,0,0
LOT-006,L006-P075,11.2876,11.4876,11.8421,12.0566,9.9958,0.6395,2.02,2.3328,2.8871,3.2225,0.008333,0.003951,0,0
LOT-006,L006-P076,10.0111,10.3326,10.5334,10.598,9.9958,0.6395,0.0239,0.5267,0.8407,0.9417,0.013396,0.001843,0,0
LOT-006,L006-P077,9.642,9.8514,9.8914,10.154,9.9958,0.6395,-0.5532,-0.2258,-0.1633,0.2474,0.008725,0.002101,0,0
LOT-006,L006-P078,10.5619,10.7366,10.9213,11.2403,9.9958,0.6395,0.8852,1.1584,1.4472,1.9461,0.007279,0.003498,0,0
LOT-006,L006-P079,10.7447,11.0817,11.3321,11.6333,9.9958,0.6395,1.1711,1.698,2.0896,2.5606,0.014042,0.003831,0,0
LOT-006,L006-P080,10.8537,11.066,11.2138,11.2932,9.9958,0.6395,1.3415,1.6735,1.9046,2.0288,0.008846,0.001578,0,0
LOT-006,L006-P081,10.2346,10.5736,10.7705,10.937,9.9958,0.6395,0.3734,0.9035,1.2114,1.4718,0.014125,0.002524,0,0
LOT-006,L006-P082,48.2447,62.3417,82.8363,114.1139,9.9958,0.6395,59.8106,81.8544,113.9023,162.8117,0.587375,0.359529,1,1
LOT-006,L006-P083,10.2147,10.3982,10.704,10.6511,9.9958,0.6395,0.3423,0.6292,1.1074,1.0247,0.007646,0.001756,0,0
LOT-006,L006-P084,9.8061,9.8537,10.1576,10.3727,9.9958,0.6395,-0.2966,-0.2222,0.253,0.5894,0.001983,0.003604,0,0
LOT-006,L006-P085,10.4852,10.6279,10.8628,11.0555,9.9958,0.6395,0.7653,0.9884,1.3557,1.6571,0.005946,0.002969,0,0
LOT-006,L006-P086,9.707,11.1138,15.3758,21.466,9.9958,0.6395,-0.4516,1.7482,8.4128,17.9362,0.058617,0.07189,0,1
LOT-006,L006-P087,10.27,10.4227,10.6561,10.8773,9.9958,0.6395,0.4288,0.6676,1.0325,1.3784,0.006363,0.003157,0,0
LOT-006,L006-P088,10.5684,10.6979,10.9732,11.2552,9.9958,0.6395,0.8954,1.0979,1.5284,1.9694,0.005396,0.00387,0,0
LOT-006,L006-P089,10.7584,10.9288,11.1606,11.3121,9.9958,0.6395,1.1925,1.459,1.8214,2.0583,0.0071,0.002662,0,0
LOT-006,L006-P090,9.8642,10.7352,13.6568,17.4596,9.9958,0.6395,-0.2058,1.1562,5.7248,11.6713,0.036292,0.046697,0,1
LOT-006,L006-P091,9.5184,9.6591,9.8806,10.055,9.9958,0.6395,-0.7465,-0.5265,-0.1801,0.0926,0.005863,0.002749,0,0
LOT-006,L006-P092,9.8414,9.8852,10.0889,10.2276,9.9958,0.6395,-0.2414,-0.1729,0.1456,0.3625,0.001825,0.002378,0,0
LOT-006,L006-P093,10.6685,10.8095,11.0243,11.1473,9.9958,0.6395,1.0519,1.2724,1.6083,1.8006,0.005875,0.002346,0,0
LOT-006,L006-P094,9.1669,9.3166,9.5998,9.8879,9.9958,0.6395,-1.2962,-1.0621,-0.6192,-0.1687,0.006237,0.003967,0,0
LOT-006,L006-P095,9.7526,9.9301,10.0953,10.3526,9.9958,0.6395,-0.3803,-0.1027,0.1556,0.5579,0.007396,0.002934,0,0
LOT-006,L006-P096,8.8537,9.0527,9.1964,9.2798,9.9958,0.6395,-1.7859,-1.4747,-1.25,-1.1196,0.008292,0.001577,0,0
LOT-006,L006-P097,10.0073,10.1797,10.2521,10.444,9.9958,0.6395,0.018,0.2876,0.4008,0.7009,0.007183,0.001835,0,0
LOT-006,L006-P098,9.4631,9.5482,9.566,9.8202,9.9958,0.6395,-0.833,-0.6999,-0.6721,-0.2746,0.003546,0.001889,0,0
LOT-006,L006-P099,11.0453,11.2639,11.5508,11.7901,9.9958,0.6395,1.6411,1.983,2.4316,2.8058,0.009108,0.003654,0,0
LOT-006,L006-P100,8.7631,8.8483,9.0484,9.4186,9.9958,0.6395,-1.9276,-1.7944,-1.4815,-0.9026,0.00355,0.00396,0,0
LOT-007,L007-P001,10.5851,10.8649,11.1087,11.4038,10.639,0.7207,-0.0748,0.3134,0.6517,1.0612,0.011658,0.003742,0,0
LOT-007,L007-P002,10.3749,10.5128,10.5663,10.7172,10.639,0.7207,-0.3664,-0.1751,-0.1009,0.1085,0.005746,0.001419,0,0
LOT-007,L007-P003,10.8876,11.2199,11.6325,12.0544,10.639,0.7207,0.3449,0.806,1.3785,1.9639,0.013846,0.005795,0,0
LOT-007,L007-P004,10.5244,10.5366,10.873,10.9838,10.639,0.7207,-0.159,-0.1421,0.3247,0.4784,0.000508,0.003106,0,0
LOT-007,L007-P005,10.9288,11.0617,11.2279,11.3672,10.639,0.7207,0.4021,0.5865,0.8171,1.0104,0.005537,0.002122,0,0
LOT-007,L007-P006,10.2505,10.4609,10.6918,10.8986,10.639,0.7207,-0.5391,-0.2471,0.0733,0.3602,0.008767,0.00304,0,0
LOT-007,L007-P007,10.9598,11.2372,11.4359,11.5641,10.639,0.7207,0.4451,0.83,1.1057,1.2836,0.011558,0.00227,0,0
LOT-007,L007-P008,10.4729,10.685,10.9818,11.2338,10.639,0.7207,-0.2305,0.0638,0.4756,0.8253,0.008838,0.003811,0,0
LOT-007,L007-P009,9.9343,10.147,10.3662,10.4823,10.639,0.7207,-0.9778,-0.6827,-0.3785,-0.2174,0.008862,0.002328,0,0
LOT-007,L007-P010,49.8014,65.7273,85.1373,114.3934,10.639,0.7207,54.3394,76.4372,103.3694,143.9634,0.663579,0.337959,1,1
LOT-007,L007-P011,10.0,10.013,10.2045,10.4014,10.639,0.7207,-0.8866,-0.8686,-0.6029,-0.3297,0.000542,0.002697,0,0
LOT-007,L007-P012,9.9834,10.1109,10.2876,10.4806,10.639,0.7207,-0.9097,-0.7328,-0.4876,-0.2198,0.005313,0.002567,0,0
LOT-007,L007-P013,11.2804,11.4119,11.7076,11.6329,10.639,0.7207,0.89,1.0724,1.4827,1.3791,0.005479,0.001535,0,0
LOT-007,L007-P014,10.2788,10.5526,10.766,10.9061,10.639,0.7207,-0.4998,-0.1199,0.1762,0.3706,0.011408,0.002455,0,0
LOT-007,L007-P015,9.839,10.0805,10.352,10.6028,10.639,0.7207,-1.11,-0.7749,-0.3982,-0.0502,0.010063,0.003627,0,0
LOT-007,L007-P016,13.4686,14.3036,17.9059,22.4395,10.639,0.7207,3.9262,5.0848,10.0831,16.3737,0.034792,0.056499,0,1
LOT-007,L007-P017,9.5197,9.6755,9.9505,10.0611,10.639,0.7207,-1.5531,-1.3369,-0.9553,-0.8019,0.006492,0.002678,0,0
LOT-007,L007-P018,10.339,10.4286,10.6336,10.9594,10.639,0.7207,-0.4163,-0.2919,-0.0075,0.4446,0.003733,0.003686,0,0
LOT-007,L007-P019,10.8732,11.0175,11.3429,11.4311,10.639,0.7207,0.325,0.5252,0.9767,1.0991,0.006012,0.002872,0,0
LOT-007,L007-P020,10.5125,10.746,11.0058,11.3354,10.639,0.7207,-0.1755,0.1485,0.5089,0.9663,0.009729,0.004093,0,0
LOT-007,L007-P021,10.1325,10.2162,10.5167,10.7363,10.639,0.7207,-0.7028,-0.5867,-0.1697,0.135,0.003488,0.003612,0,0
LOT-007,L007-P022,11.7763,12.0352,12.3721,12.5265,10.639,0.7207,1.578,1.9373,2.4047,2.619,0.010787,0.003412,0,0
LOT-007,L007-P023,10.8778,11.1005,11.2542,11.3561,10.639,0.7207,0.3313,0.6403,0.8536,0.995,0.009279,0.001775,0,0
LOT-007,L007-P024,11.2704,11.5682,11.7578,11.9348,10.639,0.7207,0.8761,1.2893,1.5524,1.798,0.012408,0.002546,0,0
LOT-007,L007-P025,10.0479,10.1278,10.3309,10.4155,10.639,0.7207,-0.8202,-0.7093,-0.4275,-0.3101,0.003329,0.001998,0,0
LOT-007,L007-P026,10.8725,10.9607,11.2193,11.1201,10.639,0.7207,0.324,0.4464,0.8052,0.6675,0.003675,0.001107,0,0
LOT-007,L007-P027,12.1349,12.2851,12.6176,12.8992,10.639,0.7207,2.0756,2.284,2.7454,3.1361,0.006258,0.004265,0,0
LOT-007,L007-P028,9.9551,10.2749,10.6181,10.7945,10.639,0.7207,-0.9489,-0.5052,-0.029,0.2158,0.013325,0.003608,0,0
LOT-007,L007-P029,10.4443,10.6718,10.8114,11.1038,10.639,0.7207,-0.2702,0.0455,0.2392,0.6449,0.009479,0.003,0,0
LOT-007,L007-P030,10.2578,10.3532,10.7255,10.8997,10.639,0.7207,-0.5289,-0.3966,0.12,0.3617,0.003975,0.003795,0,0
LOT-007,L007-P031,10.8043,11.1213,11.365,11.38,10.639,0.7207,0.2294,0.6692,1.0074,1.0282,0.013208,0.001797,0,0
LOT-007,L007-P032,9.6529,9.9918,10.333,10.5435,10.639,0.7207,-1.3683,-0.898,-0.4246,-0.1325,0.014121,0.003831,0,0
LOT-007,L007-P033,11.2532,11.5333,11.9742,12.2552,10.639,0.7207,0.8522,1.2409,1.8526,2.2425,0.011671,0.005013,0,0
LOT-007,L007-P034,9.4463,9.5495,9.7872,9.9966,10.639,0.7207,-1.6549,-1.5117,-1.1819,-0.8914,0.0043,0.003105,0,0
LOT-007,L007-P035,9.8981,10.0703,10.3352,10.4672,10.639,0.7207,-1.028,-0.7891,-0.4215,-0.2384,0.007175,0.002756,0,0
LOT-007,L007-P036,10.6909,10.8539,11.0087,11.2165,10.639,0.7207,0.072,0.2982,0.513,0.8013,0.006792,0.002518,0,0
LOT-007,L007-P037,9.3819,9.6084,9.8518,10.0969,10.639,0.7207,-1.7443,-1.43,-1.0923,-0.7522,0.009437,0.003392,0,0
LOT-007,L007-P038,10.3409,10.6719,10.9776,11.044,10.639,0.7207,-0.4136,0.0457,0.4698,0.562,0.013792,0.002584,0,0
LOT-007,L007-P039,9.2945,9.5568,9.8498,10.0931,10.639,0.7207,-1.8655,-1.5016,-1.095,-0.7575,0.010929,0.003724,0,0
LOT-007,L007-P040,9.7113,9.7796,9.9712,10.275,10.639,0.7207,-1.2872,-1.1925,-0.9266,-0.5051,0.002846,0.00344,0,0
LOT-007,L007-P041,10.5898,10.7017,11.0751,11.2686,10.639,0.7207,-0.0683,0.087,0.6051,0.8736,0.004663,0.003937,0,0
LOT-007,L007-P042,11.504,11.647,11.8558,12.1712,10.639,0.7207,1.2002,1.3986,1.6884,2.126,0.005958,0.00364,0,0
LOT-007,L007-P043,10.935,11.1001,11.3837,11.7794,10.639,0.7207,0.4107,0.6398,1.0333,1.5824,0.006879,0.004717,0,0
LOT-007,L007-P044,8.8457,9.8069,13.6197,20.0187,10.639,0.7207,-2.4883,-1.1546,4.1358,13.0147,0.04005,0.070915,0,1
LOT-007,L007-P045,10.1646,10.3172,10.5842,10.688,10.639,0.7207,-0.6582,-0.4465,-0.076,0.068,0.006358,0.002575,0,0
LOT-007,L007-P046,10.4901,10.6845,10.9832,11.1616,10.639,0.7207,-0.2066,0.0631,0.4776,0.7251,0.0081,0.003313,0,0
LOT-007,L007-P047,10.1848,10.4575,10.6739,10.9164,10.639,0.7207,-0.6302,-0.2518,0.0484,0.3849,0.011363,0.003187,0,0
LOT-007,L007-P048,11.5019,11.6446,11.8658,11.9588,10.639,0.7207,1.1973,1.3953,1.7022,1.8313,0.005946,0.002182,0,0
LOT-007,L007-P049,9.3511,9.4867,9.7571,9.8369,10.639,0.7207,-1.787,-1.5989,-1.2237,-1.1129,0.00565,0.002432,0,0
LOT-007,L007-P050,10.3538,10.4378,10.6586,10.8739,10.639,0.7207,-0.3957,-0.2792,0.0272,0.3259,0.0035,0.003028,0,0
LOT-007,L007-P051,11.3728,11.6932,11.945,12.1675,10.639,0.7207,1.0182,1.4627,1.8121,2.1209,0.01335,0.003294,0,0
LOT-007,L007-P052,11.1382,11.4354,11.6292,12.0282,10.639,0.7207,0.6927,1.105,1.3739,1.9276,0.012383,0.004117,0,0
LOT-007,L007-P053,10.8919,11.1339,11.4392,11.6626,10.639,0.7207,0.3509,0.6867,1.1103,1.4203,0.010083,0.003672,0,0
LOT-007,L007-P054,10.4599,10.6213,10.9878,11.261,10.639,0.7207,-0.2485,-0.0246,0.484,0.863,0.006725,0.004442,0,0
LOT-007,L007-P055,10.4852,10.6607,11.0326,11.0375,10.639,0.7207,-0.2134,0.0301,0.5461,0.5529,0.007312,0.002617,0,0
LOT-007,L007-P056,10.7425,10.9044,11.1459,11.4966,10.639,0.7207,0.1436,0.3683,0.7033,1.19,0.006746,0.004113,0,0
LOT-007,L007-P057,10.1402,10.4035,10.7119,10.8989,10.639,0.7207,-0.6921,-0.3268,0.1012,0.3606,0.010971,0.00344,0,0
LOT-007,L007-P058,11.0569,11.2428,11.4591,11.7874,10.639,0.7207,0.5799,0.8378,1.1379,1.5935,0.007746,0.003782,0,0
LOT-007,L007-P059,11.4229,11.4995,11.8067,12.0518,10.639,0.7207,1.0877,1.194,1.6202,1.9603,0.003192,0.003835,0,0
LOT-007,L007-P060,9.2914,9.4452,9.6613,10.011,10.639,0.7207,-1.8698,-1.6564,-1.3566,-0.8714,0.006408,0.003929,0,0
LOT-007,L007-P061,10.296,10.4604,10.6348,10.9397,10.639,0.7207,-0.4759,-0.2478,-0.0058,0.4172,0.00685,0.003328,0,0
LOT-007,L007-P062,11.8321,11.9822,12.1814,12.322,10.639,0.7207,1.6555,1.8637,2.1401,2.3352,0.006254,0.00236,0,0
LOT-007,L007-P063,10.5624,11.9364,15.2222,18.3225,10.639,0.7207,-0.1063,1.8002,6.3594,10.6612,0.05725,0.044348,0,1
LOT-007,L007-P064,10.5747,10.7517,10.8286,11.1781,10.639,0.7207,-0.0892,0.1564,0.2631,0.748,0.007375,0.002961,0,0
LOT-007,L007-P065,9.3894,9.5967,9.7448,10.0382,10.639,0.7207,-1.7339,-1.4462,-1.2407,-0.8336,0.008638,0.003066,0,0
LOT-007,L007-P066,11.2493,11.2591,11.4992,11.6389,10.639,0.7207,0.8468,0.8604,1.1936,1.3874,0.000408,0.002637,0,0
LOT-007,L007-P067,10.2132,10.4456,10.7592,10.9043,10.639,0.7207,-0.5908,-0.2684,0.1668,0.3681,0.009683,0.003185,0,0
LOT-007,L007-P068,10.5592,10.6675,11.0017,11.1648,10.639,0.7207,-0.1107,0.0395,0.5033,0.7296,0.004512,0.003453,0,0
LOT-007,L007-P069,11.1272,11.9785,15.4635,20.0109,10.639,0.7207,0.6774,1.8586,6.6942,13.0039,0.035471,0.055781,0,1
LOT-007,L007-P070,10.0804,10.3143,10.3273,10.5525,10.639,0.7207,-0.7751,-0.4505,-0.4325,-0.12,0.009746,0.001654,0,0
LOT-007,L007-P071,9.7842,9.9157,10.2113,10.3654,10.639,0.7207,-1.1861,-1.0036,-0.5935,-0.3796,0.005479,0.003123,0,0
LOT-007,L007-P072,10.1384,10.4542,10.6177,10.9745,10.639,0.7207,-0.6946,-0.2564,-0.0296,0.4655,0.013158,0.003613,0,0
LOT-007,L007-P073,10.0196,10.0942,10.4218,10.5216,10.639,0.7207,-0.8594,-0.7559,-0.3014,-0.1629,0.003108,0.002968,0,0
LOT-007,L007-P074,10.0967,10.3376,10.473,10.7247,10.639,0.7207,-0.7525,-0.4182,-0.2303,0.1189,0.010037,0.002688,0,0
LOT-007,L007-P075,11.3402,11.4319,11.6489,11.7708,10.639,0.7207,0.9729,1.1002,1.4013,1.5704,0.003821,0.002353,0,0
LOT-007,L007-P076,11.5979,11.7478,11.9772,12.2377,10.639,0.7207,1.3305,1.5385,1.8568,2.2183,0.006246,0.003402,0,0
LOT-007,L007-P077,11.4429,11.5901,11.9114,12.3395,10.639,0.7207,1.1154,1.3197,1.7655,2.3595,0.006133,0.005204,0,0
LOT-007,L007-P078,10.1939,10.227,10.3985,10.713,10.639,0.7207,-0.6176,-0.5717,-0.3337,0.1027,0.001379,0.003375,0,0
LOT-007,L007-P079,10.7901,10.985,11.2775,11.4997,10.639,0.7207,0.2097,0.4801,0.8859,1.1943,0.008121,0.003574,0,0
LOT-007,L007-P080,11.5607,11.7938,11.9713,12.23,10.639,0.7207,1.2789,1.6023,1.8486,2.2076,0.009712,0.003029,0,0
LOT-007,L007-P081,10.3535,10.6055,10.9007,11.219,10.639,0.7207,-0.3961,-0.0465,0.3631,0.8048,0.0105,0.00426,0,0
LOT-007,L007-P082,9.79,10.0998,10.4416,10.4695,10.639,0.7207,-1.178,-0.7482,-0.2739,-0.2352,0.012908,0.002567,0,0
LOT-007,L007-P083,11.9562,12.0774,12.3995,12.4945,10.639,0.7207,1.8277,1.9958,2.4428,2.5746,0.00505,0.002897,0,0
LOT-007,L007-P084,11.1849,11.3003,11.6213,11.9286,10.639,0.7207,0.7575,0.9176,1.363,1.7894,0.004808,0.004363,0,0
LOT-007,L007-P085,10.8735,12.4077,15.5903,20.2652,10.639,0.7207,0.3254,2.4541,6.8701,13.3567,0.063925,0.054566,0,1
LOT-007,L007-P086,10.3378,10.3557,10.4987,10.8898,10.639,0.7207,-0.4179,-0.3931,-0.1947,0.348,0.000746,0.003709,0,0
LOT-007,L007-P087,10.2456,10.356,10.6279,10.8356,10.639,0.7207,-0.5459,-0.3927,-0.0154,0.2728,0.0046,0.003331,0,0
LOT-007,L007-P088,10.7721,12.136,15.6366,18.8795,10.639,0.7207,0.1847,2.0771,6.9344,11.434,0.056829,0.04683,0,1
LOT-007,L007-P089,11.315,12.7159,15.8978,22.1082,10.639,0.7207,0.938,2.8818,7.2968,15.914,0.058371,0.065224,0,1
LOT-007,L007-P090,10.9571,11.0784,11.3513,11.3655,10.639,0.7207,0.4414,0.6097,0.9883,1.008,0.005054,0.001994,0,0
LOT-007,L007-P091,10.7192,10.9114,11.2796,11.5957,10.639,0.7207,0.1113,0.378,0.8889,1.3275,0.008008,0.004752,0,0
LOT-007,L007-P092,10.004,10.127,10.4957,10.8393,10.639,0.7207,-0.8811,-0.7104,-0.1988,0.2779,0.005125,0.004947,0,0
LOT-007,L007-P093,11.4786,11.559,11.612,11.8829,10.639,0.7207,1.165,1.2765,1.3501,1.726,0.00335,0.002249,0,0
LOT-007,L007-P094,10.8058,11.0375,11.266,11.3787,10.639,0.7207,0.2314,0.5529,0.87,1.0264,0.009654,0.002369,0,0
LOT-007,L007-P095,10.3669,10.569,10.6893,10.8135,10.639,0.7207,-0.3775,-0.0971,0.0698,0.2421,0.008421,0.001698,0,0
LOT-007,L007-P096,44.1851,60.6966,85.0611,110.0732,10.639,0.7207,46.5466,69.4569,103.2636,137.9689,0.687979,0.342893,1,1
LOT-007,L007-P097,10.7104,10.8231,11.2149,11.2561,10.639,0.7207,0.0991,0.2554,0.7991,0.8563,0.004696,0.003007,0,0
LOT-007,L007-P098,10.4011,10.5641,10.7514,10.9226,10.639,0.7207,-0.3301,-0.1039,0.156,0.3935,0.006792,0.00249,0,0
LOT-007,L007-P099,10.6163,10.8183,11.1752,11.3843,10.639,0.7207,-0.0315,0.2488,0.744,1.0341,0.008417,0.003931,0,0
LOT-007,L007-P100,11.5593,11.7664,11.8956,11.9881,10.639,0.7207,1.277,1.5643,1.7436,1.8719,0.008629,0.00154,0,0
LOT-008,L008-P001,11.9955,12.2669,12.4377,12.5977,11.1387,0.7105,1.2059,1.5879,1.8283,2.0535,0.011308,0.002297,0,0
LOT-008,L008-P002,11.2926,11.3906,11.7506,12.0568,11.1387,0.7105,0.2166,0.3545,0.8612,1.2922,0.004083,0.004626,0,0
LOT-008,L008-P003,11.1386,11.4053,11.7298,12.0737,11.1387,0.7105,-0.0001,0.3752,0.8319,1.316,0.011113,0.004642,0,0
LOT-008,L008-P004,12.6208,12.7197,12.9335,13.1752,11.1387,0.7105,2.086,2.2252,2.5261,2.8663,0.004121,0.003163,0,0
LOT-008,L008-P005,12.9538,13.0824,13.2471,13.4556,11.1387,0.7105,2.5547,2.7357,2.9675,3.2609,0.005358,0.002592,0,0
LOT-008,L008-P006,11.2781,12.6224,15.5899,20.8221,11.1387,0.7105,0.1962,2.0882,6.2649,13.629,0.056013,0.056942,0,1
LOT-008,L008-P007,10.4964,10.6762,10.8672,10.958,11.1387,0.7105,-0.904,-0.651,-0.3821,-0.2543,0.007492,0.001957,0,0
LOT-008,L008-P008,11.7318,11.9787,12.2526,12.4871,11.1387,0.7105,0.8348,1.1823,1.5678,1.8978,0.010288,0.003531,0,0
LOT-008,L008-P009,12.0528,12.3447,12.4605,12.5239,11.1387,0.7105,1.2866,1.6974,1.8604,1.9496,0.012163,0.001244,0,0
LOT-008,L008-P010,11.0329,11.0508,11.3817,11.5443,11.1387,0.7105,-0.1489,-0.1237,0.342,0.5709,0.000746,0.003427,0,0
LOT-008,L008-P011,11.0282,11.1261,11.4991,11.6026,11.1387,0.7105,-0.1555,-0.0177,0.5072,0.6529,0.004079,0.003309,0,0
LOT-008,L008-P012,12.2957,12.2952,12.4274,12.6492,11.1387,0.7105,1.6284,1.6277,1.8138,2.126,-2.1e-05,0.002458,0,0
LOT-008,L008-P013,10.4433,10.5757,10.8092,11.017,11.1387,0.7105,-0.9787,-0.7924,-0.4638,-0.1713,0.005517,0.003065,0,0
LOT-008,L008-P014,9.6262,9.641,9.8224,9.9297,11.1387,0.7105,-2.1288,-2.108,-1.8526,-1.7016,0.000617,0.002005,0,0
LOT-008,L008-P015,10.9686,11.0051,11.1196,11.2487,11.1387,0.7105,-0.2394,-0.188,-0.0269,0.1548,0.001521,0.001692,0,0
LOT-008,L008-P016,12.5265,12.7203,13.0214,13.4658,11.1387,0.7105,1.9533,2.226,2.6498,3.2753,0.008075,0.005177,0,0
LOT-008,L008-P017,10.7534,10.7988,10.9464,11.1184,11.1387,0.7105,-0.5423,-0.4784,-0.2707,-0.0286,0.001892,0.002219,0,0
LOT-008,L008-P018,10.4534,10.5662,10.8838,11.0919,11.1387,0.7105,-0.9645,-0.8058,-0.3588,-0.0659,0.0047,0.003651,0,0
LOT-008,L008-P019,10.6548,10.8518,11.2045,11.5151,11.1387,0.7105,-0.6811,-0.4038,0.0926,0.5298,0.008208,0.004606,0,0
LOT-008,L008-P020,10.738,10.9279,11.0988,11.2783,11.1387,0.7105,-0.564,-0.2967,-0.0562,0.1965,0.007912,0.002433,0,0
LOT-008,L008-P021,11.7099,11.884,12.1264,12.5237,11.1387,0.7105,0.8039,1.049,1.3901,1.9493,0.007254,0.004442,0,0
LOT-008,L008-P022,10.154,11.8935,15.9038,20.957,11.1387,0.7105,-1.3859,1.0624,6.7067,13.8189,0.072479,0.062941,0,1
LOT-008,L008-P023,11.1061,11.2196,11.5791,11.8225,11.1387,0.7105,-0.0459,0.1139,0.6198,0.9624,0.004729,0.004187,0,0
LOT-008,L008-P024,11.2776,11.4497,11.7433,11.6901,11.1387,0.7105,0.1955,0.4377,0.851,0.7761,0.007171,0.001669,0,0
LOT-008,L008-P025,11.2714,11.4892,11.8771,12.0688,11.1387,0.7105,0.1868,0.4933,1.0393,1.3091,0.009075,0.004025,0,0
LOT-008,L008-P026,10.6592,10.8069,11.2561,11.3729,11.1387,0.7105,-0.6749,-0.467,0.1652,0.3296,0.006154,0.003931,0,0
LOT-008,L008-P027,11.2322,11.3651,11.5916,11.8724,11.1387,0.7105,0.1316,0.3186,0.6374,1.0327,0.005537,0.003523,0,0
LOT-008,L008-P028,10.7072,10.881,11.1736,11.4154,11.1387,0.7105,-0.6073,-0.3627,0.0491,0.3894,0.007242,0.003711,0,0
LOT-008,L008-P029,11.9497,12.085,12.4619,12.6832,11.1387,0.7105,1.1414,1.3319,1.8624,2.1738,0.005638,0.004154,0,0
LOT-008,L008-P030,11.4702,11.7579,12.0601,12.2503,11.1387,0.7105,0.4666,0.8715,1.2968,1.5645,0.011987,0.003419,0,0
LOT-008,L008-P031,10.1838,10.4042,10.7645,11.158,11.1387,0.7105,-1.344,-1.0338,-0.5267,0.0272,0.009183,0.005235,0,0
LOT-008,L008-P032,11.2421,11.373,11.6371,11.9959,11.1387,0.7105,0.1455,0.3298,0.7015,1.2065,0.005454,0.004326,0,0
LOT-008,L008-P033,10.7177,10.9165,11.0449,11.2239,11.1387,0.7105,-0.5925,-0.3127,-0.132,0.1199,0.008283,0.002135,0,0
LOT-008,L008-P034,10.7993,10.8789,11.1162,11.2601,11.1387,0.7105,-0.4777,-0.3657,-0.0317,0.1709,0.003317,0.002647,0,0
LOT-008,L008-P035,9.4502,9.6031,9.8334,10.0523,11.1387,0.7105,-2.3765,-2.1613,-1.8372,-1.5291,0.006371,0.003119,0,0
LOT-008,L008-P036,12.3435,12.6753,12.941,13.2433,11.1387,0.7105,1.6957,2.1627,2.5367,2.9621,0.013825,0.003944,0,0
LOT-008,L008-P037,12.6334,12.8611,13.0623,13.3444,11.1387,0.7105,2.1037,2.4242,2.7074,3.1044,0.009488,0.003356,0,0
LOT-008,L008-P038,11.0738,11.997,15.5342,19.3946,11.1387,0.7105,-0.0913,1.208,6.1865,11.6198,0.038467,0.051372,0,1
LOT-008,L008-P039,11.0812,11.3395,11.3789,11.6943,11.1387,0.7105,-0.0809,0.2826,0.3381,0.782,0.010762,0.002464,0,0
LOT-008,L008-P040,12.1237,12.0924,12.3101,12.5211,11.1387,0.7105,1.3863,1.3423,1.6487,1.9457,-0.001304,0.002977,0,0
LOT-008,L008-P041,11.4992,11.6053,11.6955,11.8628,11.1387,0.7105,0.5074,0.6567,0.7837,1.0191,0.004421,0.001788,0,0
LOT-008,L008-P042,10.987,11.2167,11.5707,11.6303,11.1387,0.7105,-0.2135,0.1098,0.608,0.6919,0.009571,0.002872,0,0
LOT-008,L008-P043,13.018,13.1833,13.3977,13.7157,11.1387,0.7105,2.645,2.8777,3.1795,3.627,0.006887,0.003697,0,0
LOT-008,L008-P044,10.693,10.9132,11.1284,11.2788,11.1387,0.7105,-0.6273,-0.3174,-0.0145,0.1972,0.009175,0.002539,0,0
LOT-008,L008-P045,11.5619,11.7677,12.0116,12.2617,11.1387,0.7105,0.5956,0.8853,1.2286,1.5806,0.008575,0.003431,0,0
LOT-008,L008-P046,10.7596,10.8953,11.3052,11.6253,11.1387,0.7105,-0.5336,-0.3426,0.2343,0.6849,0.005654,0.005069,0,0
LOT-008,L008-P047,11.3397,11.4561,11.7485,12.0765,11.1387,0.7105,0.2829,0.4467,0.8583,1.3199,0.00485,0.004308,0,0
LOT-008,L008-P048,9.5637,9.7562,10.0069,10.2467,11.1387,0.7105,-2.2167,-1.9458,-1.593,-1.2555,0.008021,0.003406,0,0
LOT-008,L008-P049,10.5501,10.6836,10.8162,10.9964,11.1387,0.7105,-0.8284,-0.6405,-0.4539,-0.2003,0.005562,0.002172,0,0
LOT-008,L008-P050,12.6079,12.8794,12.9561,13.0381,11.1387,0.7105,2.0678,2.45,2.5579,2.6733,0.011312,0.001102,0,0
LOT-008,L008-P051,11.3259,11.6736,12.0831,12.351,11.1387,0.7105,0.2635,0.7529,1.3292,1.7063,0.014487,0.004704,0,0
LOT-008,L008-P052,10.5615,11.7163,15.7767,20.7504,11.1387,0.7105,-0.8124,0.8129,6.5278,13.5281,0.048117,0.062737,0,1
LOT-008,L008-P053,11.5755,11.8978,12.2135,12.4963,11.1387,0.7105,0.6148,1.0684,1.5127,1.9108,0.013429,0.004156,0,0
LOT-008,L008-P054,10.3489,10.5261,10.7229,10.7661,11.1387,0.7105,-1.1116,-0.8622,-0.5852,-0.5244,0.007383,0.001667,0,0
LOT-008,L008-P055,9.8261,10.0157,10.2655,10.4427,11.1387,0.7105,-1.8474,-1.5806,-1.229,-0.9796,0.0079,0.002965,0,0
LOT-008,L008-P056,11.5938,11.7837,12.0223,12.0924,11.1387,0.7105,0.6405,0.9078,1.2436,1.3423,0.007912,0.002144,0,0
LOT-008,L008-P057,11.7445,12.9518,16.4946,22.6326,11.1387,0.7105,0.8526,2.5519,7.5382,16.1772,0.050304,0.067228,0,1
LOT-008,L008-P058,12.6454,12.9003,13.1687,13.4941,11.1387,0.7105,2.1206,2.4794,2.8571,3.3151,0.010621,0.004124,0,0
LOT-008,L008-P059,11.417,11.6226,11.8921,11.965,11.1387,0.7105,0.3917,0.6811,1.0604,1.163,0.008567,0.002378,0,0
LOT-008,L008-P060,11.3426,11.4722,11.6473,11.8996,11.1387,0.7105,0.287,0.4694,0.7158,1.0709,0.0054,0.002968,0,0
LOT-008,L008-P061,9.8351,10.1687,10.2964,10.5035,11.1387,0.7105,-1.8348,-1.3652,-1.1855,-0.894,0.0139,0.002325,0,0
LOT-008,L008-P062,10.2197,10.3421,10.4358,10.7695,11.1387,0.7105,-1.2935,-1.1212,-0.9893,-0.5196,0.0051,0.002968,0,0
LOT-008,L008-P063,11.9789,12.3432,12.4453,12.7712,11.1387,0.7105,1.1825,1.6953,1.839,2.2977,0.015179,0.002972,0,0
LOT-008,L008-P064,11.9532,12.1852,12.3988,12.5712,11.1387,0.7105,1.1464,1.4729,1.7735,2.0162,0.009667,0.002681,0,0
LOT-008,L008-P065,11.4591,11.803,12.0531,12.3313,11.1387,0.7105,0.451,0.935,1.287,1.6785,0.014329,0.003669,0,0
LOT-008,L008-P066,10.5768,10.6922,10.773,11.0289,11.1387,0.7105,-0.7909,-0.6284,-0.5147,-0.1545,0.004808,0.002338,0,0
LOT-008,L008-P067,11.2719,11.5074,11.8308,11.9323,11.1387,0.7105,0.1875,0.5189,0.9741,1.117,0.009813,0.002951,0,0
LOT-008,L008-P068,10.9368,11.1593,11.5715,11.7738,11.1387,0.7105,-0.2842,0.029,0.6091,0.8939,0.009271,0.004267,0,0
LOT-008,L008-P069,10.1007,10.4325,10.5877,10.7043,11.1387,0.7105,-1.4609,-0.9939,-0.7755,-0.6114,0.013825,0.001888,0,0
LOT-008,L008-P070,11.6815,11.7949,11.9811,12.192,11.1387,0.7105,0.764,0.9236,1.1856,1.4825,0.004725,0.002758,0,0
LOT-008,L008-P071,11.1925,11.4063,11.6829,11.849,11.1387,0.7105,0.0757,0.3766,0.7659,0.9997,0.008908,0.003074,0,0
LOT-008,L008-P072,11.4016,11.461,11.5953,11.793,11.1387,0.7105,0.37,0.4536,0.6426,0.9209,0.002475,0.002306,0,0
LOT-008,L008-P073,10.621,10.7361,10.8747,11.1006,11.1387,0.7105,-0.7286,-0.5666,-0.3716,-0.0536,0.004796,0.002531,0,0
LOT-008,L008-P074,11.2899,11.4247,11.717,11.9501,11.1387,0.7105,0.2128,0.4025,0.8139,1.142,0.005617,0.003649,0,0
LOT-008,L008-P075,11.2394,11.42,11.4614,11.6774,11.1387,0.7105,0.1417,0.3959,0.4542,0.7582,0.007525,0.001788,0,0
LOT-008,L008-P076,12.7107,12.9699,13.1584,13.3455,11.1387,0.7105,2.2125,2.5773,2.8426,3.106,0.0108,0.002608,0,0
LOT-008,L008-P077,11.3807,11.6192,11.9283,12.1141,11.1387,0.7105,0.3406,0.6763,1.1113,1.3728,0.009938,0.003437,0,0
LOT-008,L008-P078,11.3793,11.5915,11.7693,12.0538,11.1387,0.7105,0.3386,0.6373,0.8875,1.288,0.008842,0.00321,0,0
LOT-008,L008-P079,11.9566,12.1315,12.3888,12.5961,11.1387,0.7105,1.1512,1.3973,1.7595,2.0512,0.007288,0.003226,0,0
LOT-008,L008-P080,11.032,11.1839,11.5389,11.7728,11.1387,0.7105,-0.1502,0.0636,0.5633,0.8925,0.006329,0.00409,0,0
LOT-008,L008-P081,10.9013,11.1295,11.2945,11.743,11.1387,0.7105,-0.3341,-0.0129,0.2193,0.8505,0.009508,0.00426,0,0
LOT-008,L008-P082,11.3268,11.5371,11.8249,11.9656,11.1387,0.7105,0.2647,0.5607,0.9658,1.1638,0.008763,0.002976,0,0
LOT-008,L008-P083,11.3623,11.6398,11.9955,12.2827,11.1387,0.7105,0.3147,0.7053,1.2059,1.6101,0.011562,0.004465,0,0
LOT-008,L008-P084,10.9148,11.0772,11.2343,11.4416,11.1387,0.7105,-0.3151,-0.0866,0.1346,0.4263,0.006767,0.002531,0,0
LOT-008,L008-P085,11.2718,11.3785,11.5448,11.7307,11.1387,0.7105,0.1873,0.3375,0.5716,0.8332,0.004446,0.002446,0,0
LOT-008,L008-P086,11.3573,11.4555,11.6752,11.8775,11.1387,0.7105,0.3077,0.4459,0.7551,1.0398,0.004092,0.002931,0,0
LOT-008,L008-P087,10.951,11.0161,11.1346,11.3627,11.1387,0.7105,-0.2642,-0.1726,-0.0058,0.3153,0.002712,0.002407,0,0
LOT-008,L008-P088,9.6235,9.8047,10.1595,10.2457,11.1387,0.7105,-2.1326,-1.8776,-1.3782,-1.2569,0.00755,0.003062,0,0
LOT-008,L008-P089,11.156,11.3215,11.5609,11.8604,11.1387,0.7105,0.0243,0.2573,0.5942,1.0158,0.006896,0.003742,0,0
LOT-008,L008-P090,12.3488,12.6407,12.8526,13.1036,11.1387,0.7105,1.7032,2.114,2.4122,2.7655,0.012163,0.003215,0,0
LOT-008,L008-P091,10.7943,10.8783,10.8967,11.1825,11.1387,0.7105,-0.4847,-0.3665,-0.3406,0.0616,0.0035,0.002112,0,0
LOT-008,L008-P092,10.5503,10.802,10.8848,11.0845,11.1387,0.7105,-0.8281,-0.4739,-0.3574,-0.0763,0.010487,0.001962,0,0
LOT-008,L008-P093,11.1537,11.297,11.5311,11.694,11.1387,0.7105,0.0211,0.2228,0.5523,0.7816,0.005971,0.002757,0,0
LOT-008,L008-P094,10.1809,10.3992,10.7172,10.9321,11.1387,0.7105,-1.3481,-1.0408,-0.5932,-0.2908,0.009096,0.003701,0,0
LOT-008,L008-P095,10.9338,11.0342,11.266,11.2483,11.1387,0.7105,-0.2884,-0.1471,0.1792,0.1543,0.004183,0.001487,0,0
LOT-008,L008-P096,11.2655,11.562,11.8927,12.0821,11.1387,0.7105,0.1785,0.5958,1.0612,1.3278,0.012354,0.003612,0,0
LOT-008,L008-P097,10.8163,10.9409,10.994,11.2044,11.1387,0.7105,-0.4538,-0.2784,-0.2037,0.0925,0.005192,0.00183,0,0
LOT-008,L008-P098,12.5896,12.7526,13.153,13.352,11.1387,0.7105,2.0421,2.2715,2.835,3.1151,0.006792,0.004163,0,0
LOT-008,L008-P099,11.3493,11.4642,11.7966,12.0191,11.1387,0.7105,0.2964,0.4581,0.926,1.2391,0.004788,0.003853,0,0
LOT-008,L008-P100,11.1512,11.3543,11.548,11.6059,11.1387,0.7105,0.0176,0.3034,0.5761,0.6576,0.008463,0.001747,0,0
LOT-009,L009-P001,9.5262,9.7864,9.9866,10.1084,9.7689,0.4693,-0.5172,0.0373,0.4639,0.7234,0.010842,0.002236,0,0
LOT-009,L009-P002,9.4124,10.3995,14.0106,18.0304,9.7689,0.4693,-0.7596,1.3437,9.0384,17.6039,0.041129,0.052992,0,1
LOT-009,L009-P003,10.2007,10.3566,10.605,10.8966,9.7689,0.4693,0.9201,1.2523,1.7816,2.4029,0.006496,0.00375,0,0
LOT-009,L009-P004,9.6984,9.8522,9.998,10.0807,9.7689,0.4693,-0.1502,0.1775,0.4882,0.6644,0.006408,0.001587,0,0
LOT-009,L009-P005,9.5883,9.7914,9.9523,10.1842,9.7689,0.4693,-0.3848,0.0479,0.3908,0.8849,0.008462,0.002728,0,0
LOT-009,L009-P006,9.8539,10.7317,15.1426,19.007,9.7689,0.4693,0.1811,2.0516,11.4505,19.6848,0.036575,0.057467,0,1
LOT-009,L009-P007,10.3805,10.5811,10.807,11.0078,9.7689,0.4693,1.3032,1.7307,2.212,2.6399,0.008358,0.002963,0,0
LOT-009,L009-P008,9.6161,9.745,9.9059,10.0206,9.7689,0.4693,-0.3256,-0.0509,0.2919,0.5363,0.005371,0.001914,0,0
LOT-009,L009-P009,9.0824,9.165,9.431,9.5417,9.7689,0.4693,-1.4628,-1.2868,-0.72,-0.4841,0.003442,0.002616,0,0
LOT-009,L009-P010,10.0099,10.3056,10.5572,10.8363,9.7689,0.4693,0.5135,1.1436,1.6797,2.2745,0.012321,0.003685,0,0
LOT-009,L009-P011,10.3792,10.4907,10.7505,10.824,9.7689,0.4693,1.3004,1.538,2.0916,2.2482,0.004646,0.002315,0,0
LOT-009,L009-P012,8.9274,10.0014,14.4127,20.7504,9.7689,0.4693,-1.7931,0.4954,9.8952,23.3997,0.04475,0.074646,0,1
LOT-009,L009-P013,10.0304,10.1997,10.4901,10.6351,9.7689,0.4693,0.5572,0.918,1.5368,1.8457,0.007054,0.003024,0,0
LOT-009,L009-P014,9.7478,9.9424,10.1254,10.4426,9.7689,0.4693,-0.045,0.3697,0.7596,1.4355,0.008108,0.003474,0,0
LOT-009,L009-P015,9.5904,9.7439,10.0218,10.308,9.7689,0.4693,-0.3804,-0.0533,0.5389,1.1487,0.006396,0.003917,0,0
LOT-009,L009-P016,9.6739,9.8116,10.1652,10.2229,9.7689,0.4693,-0.2024,0.091,0.8444,0.9674,0.005738,0.002856,0,0
LOT-009,L009-P017,9.9086,10.0018,10.2075,10.5257,9.7689,0.4693,0.2977,0.4963,0.9346,1.6126,0.003883,0.003638,0,0
LOT-009,L009-P018,9.4806,9.6038,9.9517,10.0145,9.7689,0.4693,-0.6143,-0.3518,0.3895,0.5233,0.005133,0.002852,0,0
LOT-009,L009-P019,9.3065,9.5989,9.8002,10.0536,9.7689,0.4693,-0.9853,-0.3622,0.0667,0.6066,0.012183,0.003158,0,0
LOT-009,L009-P020,9.5227,9.7422,10.1218,10.2111,9.7689,0.4693,-0.5246,-0.0569,0.752,0.9423,0.009146,0.003256,0,0
LOT-009,L009-P021,9.248,10.1037,13.8234,17.6662,9.7689,0.4693,-1.11,0.7134,8.6395,16.8278,0.035654,0.052517,0,1
LOT-009,L009-P022,10.3072,10.4443,10.6679,10.7618,9.7689,0.4693,1.147,1.4392,1.9156,2.1157,0.005713,0.002205,0,0
LOT-009,L009-P023,9.7476,9.9531,10.3685,10.5825,9.7689,0.4693,-0.0454,0.3925,1.2776,1.7336,0.008562,0.004371,0,0
LOT-009,L009-P024,10.2364,10.3788,10.5859,10.7612,9.7689,0.4693,0.9962,1.2996,1.7409,2.1144,0.005933,0.002656,0,0
LOT-009,L009-P025,10.0485,10.1693,10.5385,10.8335,9.7689,0.4693,0.5958,0.8532,1.6399,2.2685,0.005033,0.004613,0,0
LOT-009,L009-P026,9.8829,10.94,14.3701,18.1645,9.7689,0.4693,0.2429,2.4954,9.8044,17.8896,0.044046,0.05017,0,1
LOT-009,L009-P027,9.7017,9.9447,10.2244,10.4143,9.7689,0.4693,-0.1432,0.3746,0.9706,1.3752,0.010125,0.003261,0,0
LOT-009,L009-P028,8.7383,8.9053,9.1696,9.4546,9.7689,0.4693,-2.196,-1.8402,-1.277,-0.6697,0.006958,0.003815,0,0
LOT-009,L009-P029,9.5149,9.7803,10.1454,10.3235,9.7689,0.4693,-0.5412,0.0243,0.8023,1.1818,0.011058,0.003772,0,0
LOT-009,L009-P030,10.4228,10.6597,10.9526,11.1906,9.7689,0.4693,1.3934,1.8981,2.5223,3.0294,0.009871,0.003687,0,0
LOT-009,L009-P031,9.7105,9.845,10.0396,10.4335,9.7689,0.4693,-0.1244,0.1622,0.5768,1.4162,0.005604,0.004087,0,0
LOT-009,L009-P032,10.3909,10.4584,10.767,10.8933,9.7689,0.4693,1.3254,1.4692,2.1268,2.3959,0.002812,0.00302,0,0
LOT-009,L009-P033,9.4618,9.5673,9.8057,10.1722,9.7689,0.4693,-0.6544,-0.4296,0.0784,0.8594,0.004396,0.004201,0,0
LOT-009,L009-P034,9.7279,9.9517,10.2967,10.4908,9.7689,0.4693,-0.0874,0.3895,1.1247,1.5382,0.009325,0.003744,0,0
LOT-009,L009-P035,9.2931,9.541,9.6874,9.8727,9.7689,0.4693,-1.0139,-0.4856,-0.1737,0.2212,0.010329,0.002303,0,0
LOT-009,L009-P036,10.2196,10.4366,10.5686,10.7859,9.7689,0.4693,0.9604,1.4228,1.704,2.1671,0.009042,0.002426,0,0
LOT-009,L009-P037,10.4816,10.7143,10.7783,11.0647,9.7689,0.4693,1.5186,2.0145,2.1509,2.7611,0.009696,0.002433,0,0
LOT-009,L009-P038,9.6049,9.7231,10.011,10.334,9.7689,0.4693,-0.3495,-0.0976,0.5159,1.2041,0.004925,0.004242,0,0
LOT-009,L009-P039,10.3154,10.4885,10.8238,10.9869,9.7689,0.4693,1.1645,1.5333,2.2478,2.5954,0.007212,0.003461,0,0
LOT-009,L009-P040,10.0212,11.003,14.3637,17.943,9.7689,0.4693,0.5376,2.6297,9.7908,17.4176,0.040908,0.048194,0,1
LOT-009,L009-P041,9.9698,10.3246,10.6316,10.7736,9.7689,0.4693,0.4281,1.1841,1.8383,2.1408,0.014783,0.003118,0,0
LOT-009,L009-P042,9.482,10.604,14.2235,20.2263,9.7689,0.4693,-0.6113,1.7795,9.492,22.283,0.04675,0.066822,0,1
LOT-009,L009-P043,10.0452,10.2184,10.5018,10.7187,9.7689,0.4693,0.5887,0.9578,1.5617,2.0239,0.007217,0.003474,0,0
LOT-009,L009-P044,9.4835,9.6925,9.9736,9.9847,9.7689,0.4693,-0.6081,-0.1628,0.4362,0.4598,0.008708,0.002029,0,0
LOT-009,L009-P045,9.2291,9.4369,9.8327,9.883,9.7689,0.4693,-1.1502,-0.7074,0.1359,0.2431,0.008658,0.003098,0,0
LOT-009,L009-P046,9.9358,10.1311,10.4318,10.7765,9.7689,0.4693,0.3556,0.7718,1.4125,2.147,0.008137,0.004482,0,0
LOT-009,L009-P047,10.2928,10.5934,10.8185,11.2686,9.7689,0.4693,1.1163,1.7569,2.2365,3.1956,0.012525,0.004689,0,0
LOT-009,L009-P048,9.8829,9.8963,10.2016,10.3468,9.7689,0.4693,0.2429,0.2715,0.922,1.2314,0.000558,0.003128,0,0
LOT-009,L009-P049,9.7094,9.8233,9.9972,10.3905,9.7689,0.4693,-0.1268,0.1159,0.4865,1.3245,0.004746,0.003939,0,0
LOT-009,L009-P050,8.8418,9.0819,9.1254,9.3282,9.7689,0.4693,-1.9755,-1.4639,-1.3712,-0.9391,0.010004,0.00171,0,0
LOT-009,L009-P051,9.7549,9.8913,10.2009,10.3777,9.7689,0.4693,-0.0298,0.2608,0.9205,1.2973,0.005683,0.003378,0,0
LOT-009,L009-P052,44.3979,59.8045,77.0798,91.044,9.7689,0.4693,73.7886,106.6175,143.4283,173.1837,0.641942,0.216941,1,1
LOT-009,L009-P053,10.8909,11.1011,11.3411,11.3815,9.7689,0.4693,2.3908,2.8387,3.3501,3.4362,0.008758,0.001947,0,0
LOT-009,L009-P054,9.5398,9.7704,10.0227,10.0821,9.7689,0.4693,-0.4882,0.0032,0.5408,0.6674,0.009608,0.002165,0,0
LOT-009,L009-P055,9.8244,9.9504,10.3182,10.4969,9.7689,0.4693,0.1183,0.3867,1.1705,1.5512,0.00525,0.003795,0,0
LOT-009,L009-P056,9.5259,9.6989,10.1659,10.2235,9.7689,0.4693,-0.5178,-0.1492,0.8459,0.9687,0.007208,0.003643,0,0
LOT-009,L009-P057,9.1892,9.2794,9.5018,9.6202,9.7689,0.4693,-1.2352,-1.043,-0.5691,-0.3169,0.003758,0.002367,0,0
LOT-009,L009-P058,10.5191,11.6043,15.3658,19.9606,9.7689,0.4693,1.5986,3.9109,11.9261,21.7168,0.045217,0.05803,0,1
LOT-009,L009-P059,10.1453,10.2606,10.6063,10.858,9.7689,0.4693,0.802,1.0477,1.7844,2.3207,0.004804,0.004149,0,0
LOT-009,L009-P060,9.6649,10.9506,15.2762,20.4125,9.7689,0.4693,-0.2216,2.518,11.7351,22.6797,0.053571,0.065708,0,1
LOT-009,L009-P061,9.4074,9.4889,9.7582,10.0727,9.7689,0.4693,-0.7703,-0.5966,-0.0228,0.6473,0.003396,0.004054,0,0
LOT-009,L009-P062,9.7199,9.9314,10.1076,10.3257,9.7689,0.4693,-0.1044,0.3463,0.7217,1.1864,0.008812,0.002738,0,0
LOT-009,L009-P063,9.8272,10.0639,10.336,10.435,9.7689,0.4693,0.1242,0.6286,1.2084,1.4193,0.009863,0.002577,0,0
LOT-009,L009-P064,10.2204,10.3814,10.7064,10.9343,9.7689,0.4693,0.9621,1.3051,1.9977,2.4833,0.006708,0.00384,0,0
LOT-009,L009-P065,9.583,9.7016,10.028,10.3407,9.7689,0.4693,-0.3961,-0.1434,0.5521,1.2184,0.004942,0.004438,0,0
LOT-009,L009-P066,10.0373,10.161,10.2572,10.4427,9.7689,0.4693,0.5719,0.8355,1.0405,1.4358,0.005154,0.001956,0,0
LOT-009,L009-P067,9.7253,9.8856,10.0183,10.2078,9.7689,0.4693,-0.0929,0.2487,0.5314,0.9352,0.006679,0.002238,0,0
LOT-009,L009-P068,9.5866,9.7422,10.0556,10.1857,9.7689,0.4693,-0.3885,-0.0569,0.6109,0.8881,0.006483,0.00308,0,0
LOT-009,L009-P069,9.5982,9.7822,10.0263,10.1758,9.7689,0.4693,-0.3637,0.0283,0.5485,0.867,0.007667,0.002733,0,0
LOT-009,L009-P070,10.1723,10.3587,10.7226,10.8839,9.7689,0.4693,0.8596,1.2568,2.0322,2.3759,0.007767,0.003647,0,0
LOT-009,L009-P071,9.8473,10.0607,10.3665,10.5491,9.7689,0.4693,0.1671,0.6218,1.2734,1.6625,0.008892,0.003392,0,0
LOT-009,L009-P072,10.3484,10.4458,10.7554,10.8964,9.7689,0.4693,1.2348,1.4424,2.1021,2.4025,0.004058,0.003129,0,0
LOT-009,L009-P073,9.6931,9.8231,9.9751,10.0661,9.7689,0.4693,-0.1615,0.1155,0.4394,0.6333,0.005417,0.001688,0,0
LOT-009,L009-P074,10.403,10.6539,10.8976,11.1219,9.7689,0.4693,1.3512,1.8858,2.4051,2.883,0.010454,0.00325,0,0
LOT-009,L009-P075,10.2639,10.429,10.6114,10.7019,9.7689,0.4693,1.0548,1.4066,1.7952,1.9881,0.006879,0.001895,0,0
LOT-009,L009-P076,10.5004,10.558,10.971,11.1337,9.7689,0.4693,1.5587,1.6814,2.5615,2.9082,0.0024,0.003998,0,0
LOT-009,L009-P077,9.7007,9.8551,9.9779,10.1681,9.7689,0.4693,-0.1453,0.1837,0.4453,0.8506,0.006433,0.002174,0,0
LOT-009,L009-P078,9.4837,9.6527,9.9985,10.2193,9.7689,0.4693,-0.6077,-0.2476,0.4892,0.9597,0.007042,0.003935,0,0
LOT-009,L009-P079,10.5594,10.8194,11.2391,11.371,9.7689,0.4693,1.6844,2.2384,3.1328,3.4138,0.010833,0.003831,0,0
LOT-009,L009-P080,9.6548,9.835,10.1921,10.5192,9.7689,0.4693,-0.2431,0.1408,0.9018,1.5988,0.007508,0.004751,0,0
LOT-009,L009-P081,9.8412,11.0619,14.5658,20.7506,9.7689,0.4693,0.1541,2.7552,10.2214,23.4002,0.050862,0.067283,0,1
LOT-009,L009-P082,9.749,10.0361,10.3229,10.5099,9.7689,0.4693,-0.0424,0.5694,1.1805,1.5789,0.011962,0.00329,0,0
LOT-009,L009-P083,10.2874,10.4985,10.739,10.8876,9.7689,0.4693,1.1048,1.5547,2.0671,2.3838,0.008796,0.002702,0,0
LOT-009,L009-P084,9.8832,10.0019,10.2485,10.2286,9.7689,0.4693,0.2436,0.4965,1.0219,0.9795,0.004946,0.001574,0,0
LOT-009,L009-P085,10.3882,10.6103,10.8126,10.9476,9.7689,0.4693,1.3196,1.7929,2.224,2.5116,0.009254,0.002342,0,0
LOT-009,L009-P086,9.8084,9.8394,10.1007,10.4153,9.7689,0.4693,0.0842,0.1502,0.707,1.3774,0.001292,0.003999,0,0
LOT-009,L009-P087,9.7229,9.8791,10.1045,10.4031,9.7689,0.4693,-0.098,0.2348,0.7151,1.3514,0.006508,0.003639,0,0
LOT-009,L009-P088,9.4348,9.567,9.7682,10.0142,9.7689,0.4693,-0.7119,-0.4302,-0.0015,0.5227,0.005508,0.003106,0,0
LOT-009,L009-P089,9.6869,9.8661,10.1468,10.5282,9.7689,0.4693,-0.1747,0.2071,0.8052,1.6179,0.007467,0.004598,0,0
LOT-009,L009-P090,9.608,9.7102,10.0584,10.2487,9.7689,0.4693,-0.3429,-0.1251,0.6169,1.0224,0.004258,0.00374,0,0
LOT-009,L009-P091,9.2489,9.3956,9.6393,9.8789,9.7689,0.4693,-1.108,-0.7954,-0.2762,0.2344,0.006112,0.003356,0,0
LOT-009,L009-P092,9.8926,9.9359,10.4497,10.739,9.7689,0.4693,0.2636,0.3558,1.4507,2.0671,0.001804,0.005577,0,0
LOT-009,L009-P093,9.649,9.9168,10.0102,9.9095,9.7689,0.4693,-0.2555,0.3152,0.5142,0.2996,0.011158,-5.1e-05,0,0
LOT-009,L009-P094,10.037,10.0852,10.3957,10.5281,9.7689,0.4693,0.5713,0.674,1.3356,1.6177,0.002008,0.003076,0,0
LOT-009,L009-P095,9.0314,9.2202,9.4076,9.657,9.7689,0.4693,-1.5715,-1.1692,-0.7699,-0.2384,0.007867,0.003033,0,0
LOT-009,L009-P096,8.4292,8.5628,8.787,8.971,9.7689,0.4693,-2.8547,-2.57,-2.0923,-1.7002,0.005567,0.002835,0,0
LOT-009,L009-P097,9.9707,10.1544,10.4602,10.8459,9.7689,0.4693,0.43,0.8214,1.473,2.2949,0.007654,0.004802,0,0
LOT-009,L009-P098,9.5428,9.8819,10.3599,10.4423,9.7689,0.4693,-0.4818,0.2408,1.2593,1.4349,0.014129,0.003892,0,0
LOT-009,L009-P099,9.6115,9.7911,10.1589,10.2216,9.7689,0.4693,-0.3354,0.0473,0.831,0.9646,0.007483,0.00299,0,0
LOT-009,L009-P100,10.0129,10.2049,10.6481,10.9768,9.7689,0.4693,0.5199,0.929,1.8734,2.5738,0.008,0.00536,0,0
LOT-010,L010-P001,10.506,10.561,10.693,11.0365,10.8715,0.5992,-0.61,-0.5182,-0.2979,0.2754,0.002292,0.003302,0,0
LOT-010,L010-P002,10.6634,10.8718,11.2585,11.5658,10.8715,0.5992,-0.3473,0.0005,0.6459,1.1587,0.008683,0.004819,0,0
LOT-010,L010-P003,10.5439,10.7259,10.8216,11.038,10.8715,0.5992,-0.5467,-0.243,-0.0833,0.2779,0.007583,0.002167,0,0
LOT-010,L010-P004,12.1875,12.3732,12.6704,12.9761,10.8715,0.5992,2.1963,2.5062,3.0022,3.5123,0.007738,0.004187,0,0
LOT-010,L010-P005,10.9906,11.1037,11.4962,11.687,10.8715,0.5992,0.1988,0.3875,1.0426,1.361,0.004712,0.004051,0,0
LOT-010,L010-P006,10.3395,10.4891,10.7937,10.9187,10.8715,0.5992,-0.8879,-0.6382,-0.1298,0.0788,0.006233,0.002983,0,0
LOT-010,L010-P007,10.1247,10.3,10.5993,10.8284,10.8715,0.5992,-1.2463,-0.9538,-0.4543,-0.0719,0.007304,0.003669,0,0
LOT-010,L010-P008,9.6758,9.9309,10.0909,10.1336,10.8715,0.5992,-1.9955,-1.5698,-1.3027,-1.2315,0.010629,0.001408,0,0
LOT-010,L010-P009,10.1398,10.1581,10.398,10.5381,10.8715,0.5992,-1.2211,-1.1906,-0.7902,-0.5564,0.000762,0.002639,0,0
LOT-010,L010-P010,10.2923,10.3666,10.4043,10.6332,10.8715,0.5992,-0.9666,-0.8426,-0.7797,-0.3977,0.003096,0.001851,0,0
LOT-010,L010-P011,10.899,11.1717,11.519,11.6411,10.8715,0.5992,0.0459,0.501,1.0806,1.2844,0.011363,0.00326,0,0
LOT-010,L010-P012,10.9933,11.1849,11.3691,11.4867,10.8715,0.5992,0.2033,0.523,0.8304,1.0267,0.007983,0.002096,0,0
LOT-010,L010-P013,11.2809,11.3422,11.5713,11.892,10.8715,0.5992,0.6832,0.7855,1.1679,1.7031,0.002554,0.003818,0,0
LOT-010,L010-P014,9.9564,10.1058,10.2878,10.4133,10.8715,0.5992,-1.5272,-1.2779,-0.9741,-0.7647,0.006225,0.002135,0,0
LOT-010,L010-P015,10.4642,10.5663,10.8866,10.9559,10.8715,0.5992,-0.6797,-0.5093,0.0252,0.1409,0.004254,0.002706,0,0
LOT-010,L010-P016,9.9141,10.0031,10.1638,10.5171,10.8715,0.5992,-1.5978,-1.4493,-1.1811,-0.5915,0.003708,0.003569,0,0
LOT-010,L010-P017,10.8911,11.0384,11.3889,11.4762,10.8715,0.5992,0.0327,0.2785,0.8635,1.0092,0.006137,0.00304,0,0
LOT-010,L010-P018,11.5473,13.0489,15.5686,20.0007,10.8715,0.5992,1.1278,3.6338,7.839,15.2356,0.062567,0.048276,0,1
LOT-010,L010-P019,11.4987,11.7395,12.0832,12.2243,10.8715,0.5992,1.0467,1.4486,2.0222,2.2577,0.010033,0.003367,0,0
LOT-010,L010-P020,11.8898,12.0377,12.3558,12.4404,10.8715,0.5992,1.6994,1.9463,2.4771,2.6183,0.006162,0.002797,0,0
LOT-010,L010-P021,11.1244,11.429,11.6589,11.6822,10.8715,0.5992,0.4221,0.9304,1.3141,1.353,0.012692,0.001758,0,0
LOT-010,L010-P022,11.4355,11.6308,12.0756,12.3782,10.8715,0.5992,0.9413,1.2672,2.0095,2.5145,0.008138,0.00519,0,0
LOT-010,L010-P023,9.6935,9.8669,10.1186,10.1842,10.8715,0.5992,-1.966,-1.6766,-1.2565,-1.147,0.007225,0.002203,0,0
LOT-010,L010-P024,10.7223,10.7684,11.0588,11.3304,10.8715,0.5992,-0.249,-0.1721,0.3126,0.7659,0.001921,0.003903,0,0
LOT-010,L010-P025,11.2606,11.4872,11.6962,11.9246,10.8715,0.5992,0.6494,1.0275,1.3763,1.7575,0.009442,0.003038,0,0
LOT-010,L010-P026,11.0372,11.3129,11.5032,11.913,10.8715,0.5992,0.2765,0.7366,1.0542,1.7382,0.011488,0.004167,0,0
LOT-010,L010-P027,10.9294,11.0835,11.321,11.4405,10.8715,0.5992,0.0966,0.3538,0.7502,0.9496,0.006421,0.002479,0,0
LOT-010,L010-P028,10.2171,10.4079,10.7574,11.022,10.8715,0.5992,-1.0921,-0.7737,-0.1904,0.2512,0.00795,0.004265,0,0
LOT-010,L010-P029,10.9187,11.183,11.3361,11.528,10.8715,0.5992,0.0788,0.5199,0.7754,1.0956,0.011013,0.002396,0,0
LOT-010,L010-P030,10.9657,11.1597,11.3431,11.5629,10.8715,0.5992,0.1572,0.481,0.787,1.1539,0.008083,0.0028,0,0
LOT-010,L010-P031,10.6281,10.7587,11.0663,11.2514,10.8715,0.5992,-0.4062,-0.1883,0.3251,0.634,0.005442,0.003422,0,0
LOT-010,L010-P032,11.18,11.4256,11.708,11.8548,10.8715,0.5992,0.5149,0.9247,1.396,1.641,0.010233,0.002981,0,0
LOT-010,L010-P033,10.0343,10.3121,10.5942,10.7777,10.8715,0.5992,-1.3972,-0.9336,-0.4628,-0.1565,0.011575,0.003233,0,0
LOT-010,L010-P034,11.5187,13.155,17.6039,24.0185,10.8715,0.5992,1.0801,3.8109,11.2356,21.9409,0.068179,0.075441,0,1
LOT-010,L010-P035,11.4364,13.0583,16.8509,22.1166,10.8715,0.5992,0.9428,3.6495,9.979,18.7669,0.067579,0.062905,0,1
LOT-010,L010-P036,10.7965,11.0442,11.2827,11.4442,10.8715,0.5992,-0.1252,0.2882,0.6862,0.9558,0.010321,0.002778,0,0
LOT-010,L010-P037,10.648,10.9759,11.2155,11.352,10.8715,0.5992,-0.373,0.1742,0.5741,0.8019,0.013662,0.002612,0,0
LOT-010,L010-P038,10.9916,11.2203,11.4965,11.5016,10.8715,0.5992,0.2004,0.5821,1.0431,1.0516,0.009529,0.001953,0,0
LOT-010,L010-P039,10.8307,12.1085,15.3191,20.7079,10.8715,0.5992,-0.0681,2.0644,7.4226,16.4159,0.053242,0.059718,0,1
LOT-010,L010-P040,11.0094,11.1101,11.4521,11.576,10.8715,0.5992,0.2301,0.3982,0.969,1.1757,0.004196,0.003235,0,0
LOT-010,L010-P041,10.6471,10.8353,11.037,11.0589,10.8715,0.5992,-0.3745,-0.0604,0.2762,0.3128,0.007842,0.001553,0,0
LOT-010,L010-P042,9.535,11.0058,15.1483,19.0046,10.8715,0.5992,-2.2305,0.2241,7.1375,13.5733,0.061283,0.055547,0,1
LOT-010,L010-P043,11.0578,11.1115,11.3402,11.6581,10.8715,0.5992,0.3109,0.4005,0.7822,1.3128,0.002237,0.003796,0,0
LOT-010,L010-P044,10.3452,10.5332,10.8313,11.181,10.8715,0.5992,-0.8783,-0.5646,-0.0671,0.5165,0.007833,0.004499,0,0
LOT-010,L010-P045,10.5769,10.718,10.9804,11.1178,10.8715,0.5992,-0.4917,-0.2562,0.1817,0.411,0.005879,0.002776,0,0
LOT-010,L010-P046,11.6311,11.8342,11.9685,12.0352,10.8715,0.5992,1.2677,1.6066,1.8308,1.9421,0.008462,0.001396,0,0
LOT-010,L010-P047,11.3191,11.611,12.0168,12.2688,10.8715,0.5992,0.747,1.2341,1.9114,2.3319,0.012163,0.004568,0,0
LOT-010,L010-P048,10.524,10.6114,10.9464,11.1882,10.8715,0.5992,-0.5799,-0.4341,0.125,0.5285,0.003642,0.004006,0,0
LOT-010,L010-P049,10.1846,10.4018,10.8386,11.1629,10.8715,0.5992,-1.1464,-0.7839,-0.0549,0.4863,0.00905,0.005285,0,0
LOT-010,L010-P050,11.3783,11.5994,11.8033,12.079,10.8715,0.5992,0.8458,1.2148,1.5551,2.0152,0.009212,0.003331,0,0
LOT-010,L010-P051,10.991,11.1646,11.4224,11.5763,10.8715,0.5992,0.1994,0.4892,0.9194,1.1762,0.007233,0.002859,0,0
LOT-010,L010-P052,10.3651,10.5894,10.836,10.8765,10.8715,0.5992,-0.8451,-0.4708,-0.0592,0.0083,0.009346,0.001994,0,0
LOT-010,L010-P053,10.5954,10.7455,10.9959,11.3581,10.8715,0.5992,-0.4608,-0.2103,0.2076,0.8121,0.006254,0.004254,0,0
LOT-010,L010-P054,11.1084,11.2118,11.4029,11.557,10.8715,0.5992,0.3954,0.5679,0.8868,1.144,0.004308,0.002397,0,0
LOT-010,L010-P055,11.7505,11.9736,12.1728,12.1869,10.8715,0.5992,1.467,1.8393,2.1717,2.1953,0.009296,0.001481,0,0
LOT-010,L010-P056,10.297,10.3688,10.4604,10.7017,10.8715,0.5992,-0.9588,-0.839,-0.6861,-0.2834,0.002992,0.002312,0,0
LOT-010,L010-P057,11.1694,11.3259,11.6052,11.7309,10.8715,0.5992,0.4972,0.7583,1.2245,1.4342,0.006521,0.002812,0,0
LOT-010,L010-P058,11.2656,11.4401,11.5714,11.8772,10.8715,0.5992,0.6577,0.9489,1.1681,1.6784,0.007271,0.003035,0,0
LOT-010,L010-P059,10.528,10.6858,11.0717,11.2363,10.8715,0.5992,-0.5733,-0.3099,0.3341,0.6088,0.006575,0.003823,0,0
LOT-010,L010-P060,11.0802,11.1884,11.3896,11.6971,10.8715,0.5992,0.3483,0.5289,0.8647,1.3778,0.004508,0.003533,0,0
LOT-010,L010-P061,12.0536,12.2668,12.6202,12.9669,10.8715,0.5992,1.9728,2.3286,2.9184,3.497,0.008883,0.004862,0,0
LOT-010,L010-P062,10.8397,10.9756,11.2424,11.5369,10.8715,0.5992,-0.0531,0.1737,0.619,1.1105,0.005662,0.003898,0,0
LOT-010,L010-P063,11.5249,11.8009,11.9418,12.2212,10.8715,0.5992,1.0905,1.5511,1.7862,2.2525,0.0115,0.002919,0,0
LOT-010,L010-P064,11.0013,11.1571,11.3852,11.6618,10.8715,0.5992,0.2166,0.4766,0.8573,1.3189,0.006492,0.003505,0,0
LOT-010,L010-P065,9.8395,9.8648,10.2217,10.3444,10.8715,0.5992,-1.7223,-1.6801,-1.0844,-0.8797,0.001054,0.003331,0,0
LOT-010,L010-P066,11.0933,11.3201,11.56,11.7543,10.8715,0.5992,0.3702,0.7487,1.149,1.4733,0.00945,0.003015,0,0
LOT-010,L010-P067,11.011,11.2487,11.4028,11.6901,10.8715,0.5992,0.2328,0.6295,0.8867,1.3662,0.009904,0.003065,0,0
LOT-010,L010-P068,10.8239,10.9799,11.1293,11.3653,10.8715,0.5992,-0.0794,0.1809,0.4302,0.8241,0.0065,0.002676,0,0
LOT-010,L010-P069,11.2905,11.3731,11.786,11.8253,10.8715,0.5992,0.6993,0.8371,1.5262,1.5918,0.003442,0.00314,0,0
LOT-010,L010-P070,11.346,11.4803,11.8156,11.8927,10.8715,0.5992,0.7919,1.016,1.5756,1.7043,0.005596,0.002864,0,0
LOT-010,L010-P071,10.8751,11.1238,11.3343,11.5663,10.8715,0.5992,0.006,0.4211,0.7724,1.1595,0.010362,0.003073,0,0
LOT-010,L010-P072,10.5141,10.6702,11.0011,11.1426,10.8715,0.5992,-0.5965,-0.3359,0.2163,0.4524,0.006504,0.003281,0,0
LOT-010,L010-P073,10.7192,10.8462,11.099,11.3094,10.8715,0.5992,-0.2542,-0.0422,0.3797,0.7308,0.005292,0.003217,0,0
LOT-010,L010-P074,10.5321,10.7786,11.0496,11.1511,10.8715,0.5992,-0.5664,-0.155,0.2972,0.4666,0.010271,0.002587,0,0
LOT-010,L010-P075,11.6073,11.7863,12.214,12.3679,10.8715,0.5992,1.228,1.5267,2.2405,2.4973,0.007458,0.004039,0,0
LOT-010,L010-P076,10.5961,10.6897,10.8783,11.098,10.8715,0.5992,-0.4596,-0.3034,0.0113,0.378,0.0039,0.002835,0,0
LOT-010,L010-P077,10.9571,11.1379,11.5224,11.7116,10.8715,0.5992,0.1429,0.4446,1.0863,1.402,0.007533,0.003984,0,0
LOT-010,L010-P078,11.1242,11.409,11.6374,11.9312,10.8715,0.5992,0.4217,0.897,1.2782,1.7685,0.011867,0.003626,0,0
LOT-010,L010-P079,10.1741,10.5006,10.6773,10.8103,10.8715,0.5992,-1.1639,-0.619,-0.3241,-0.1021,0.013604,0.002151,0,0
LOT-010,L010-P080,10.9121,10.9306,11.3247,11.4735,10.8715,0.5992,0.0678,0.0986,0.7563,1.0047,0.000771,0.00377,0,0
LOT-010,L010-P081,10.1697,10.5316,10.7577,10.9585,10.8715,0.5992,-1.1712,-0.5673,-0.1899,0.1452,0.015079,0.002965,0,0
LOT-010,L010-P082,10.5997,10.9178,11.079,11.3562,10.8715,0.5992,-0.4536,0.0773,0.3463,0.8089,0.013254,0.003044,0,0
LOT-010,L010-P083,10.059,10.2721,10.5861,10.6545,10.8715,0.5992,-1.356,-1.0003,-0.4763,-0.3621,0.008879,0.002656,0,0
LOT-010,L010-P084,9.9458,10.0826,10.3713,10.655,10.8715,0.5992,-1.5449,-1.3166,-0.8348,-0.3613,0.0057,0.003975,0,0
LOT-010,L010-P085,10.0045,10.1798,10.2833,10.6148,10.8715,0.5992,-1.4469,-1.1544,-0.9816,-0.4284,0.007304,0.003021,0,0
LOT-010,L010-P086,9.6627,9.6161,9.9475,10.1604,10.8715,0.5992,-2.0174,-2.0951,-1.5421,-1.1867,-0.001942,0.00378,0,0
LOT-010,L010-P087,11.9192,12.068,12.2946,12.7585,10.8715,0.5992,1.7485,1.9968,2.375,3.1492,0.0062,0.004795,0,0
LOT-010,L010-P088,9.9028,10.0644,10.2896,10.5522,10.8715,0.5992,-1.6167,-1.347,-0.9711,-0.5329,0.006733,0.003387,0,0
LOT-010,L010-P089,12.1991,12.4236,12.5661,12.7786,10.8715,0.5992,2.2156,2.5903,2.8281,3.1827,0.009354,0.002465,0,0
LOT-010,L010-P090,11.019,11.1348,11.533,11.7046,10.8715,0.5992,0.2462,0.4394,1.104,1.3904,0.004825,0.003957,0,0
LOT-010,L010-P091,10.6777,10.765,11.0348,11.2748,10.8715,0.5992,-0.3234,-0.1777,0.2725,0.6731,0.003638,0.00354,0,0
LOT-010,L010-P092,10.3585,10.5413,10.8566,10.8934,10.8715,0.5992,-0.8561,-0.5511,-0.0249,0.0365,0.007617,0.002445,0,0
LOT-010,L010-P093,10.1177,10.3562,10.6993,10.9725,10.8715,0.5992,-1.258,-0.86,-0.2874,0.1686,0.009938,0.00428,0,0
LOT-010,L010-P094,11.3877,11.5878,11.8146,11.957,10.8715,0.5992,0.8615,1.1954,1.5739,1.8116,0.008337,0.002564,0,0
LOT-010,L010-P095,11.4093,11.6797,11.8623,11.9879,10.8715,0.5992,0.8975,1.3488,1.6535,1.8632,0.011267,0.00214,0,0
LOT-010,L010-P096,10.0065,10.1479,10.3896,10.6139,10.8715,0.5992,-1.4436,-1.2076,-0.8042,-0.4299,0.005892,0.003236,0,0
LOT-010,L010-P097,10.6953,10.8969,11.1903,11.3394,10.8715,0.5992,-0.2941,0.0424,0.532,0.7809,0.0084,0.003073,0,0
LOT-010,L010-P098,10.9472,11.0897,11.2404,11.2958,10.8715,0.5992,0.1263,0.3642,0.6157,0.7081,0.005938,0.001431,0,0
LOT-010,L010-P099,10.6328,10.9122,11.1499,11.4087,10.8715,0.5992,-0.3984,0.0679,0.4646,0.8965,0.011642,0.003448,0,0
LOT-010,L010-P100,11.4439,11.6208,11.81,12.0692,10.8715,0.5992,0.9553,1.2505,1.5663,1.9988,0.007371,0.003114,0,0
LOT-011,L011-P001,8.7856,9.0272,9.2898,9.3721,9.0824,0.6406,-0.4633,-0.0862,0.3238,0.4522,0.010067,0.002395,0,0
LOT-011,L011-P002,9.5454,9.7344,10.0851,10.3369,9.0824,0.6406,0.7228,1.0178,1.5653,1.9583,0.007875,0.004184,0,0
LOT-011,L011-P003,44.2143,56.8099,74.2944,87.9553,9.0824,0.6406,54.8422,74.5044,101.7983,123.1235,0.524817,0.216287,1,1
LOT-011,L011-P004,10.1027,10.2842,10.4153,10.6103,9.0824,0.6406,1.5927,1.8761,2.0807,2.3851,0.007562,0.002265,0,0
LOT-011,L011-P005,9.1687,9.3392,9.4808,9.7166,9.0824,0.6406,0.1347,0.4009,0.6219,0.99,0.007104,0.002621,0,0
LOT-011,L011-P006,8.5758,8.7585,8.872,9.1421,9.0824,0.6406,-0.7908,-0.5056,-0.3284,0.0932,0.007613,0.002664,0,0
LOT-011,L011-P007,7.0968,7.287,7.4816,7.7198,9.0824,0.6406,-3.0996,-2.8027,-2.4989,-2.1271,0.007925,0.003006,0,0
LOT-011,L011-P008,8.5262,8.714,9.0744,9.2488,9.0824,0.6406,-0.8682,-0.5751,-0.0125,0.2598,0.007825,0.003714,0,0
LOT-011,L011-P009,9.4569,9.6073,9.8965,10.0304,9.0824,0.6406,0.5846,0.8194,1.2708,1.4799,0.006267,0.002938,0,0
LOT-011,L011-P010,8.1233,8.4057,8.5892,8.8614,9.0824,0.6406,-1.4972,-1.0564,-0.7699,-0.345,0.011767,0.003165,0,0
LOT-011,L011-P011,9.5828,9.6855,9.9616,10.2639,9.0824,0.6406,0.7811,0.9415,1.3725,1.8444,0.004279,0.004017,0,0
LOT-011,L011-P012,8.3245,8.4843,8.8373,9.1169,9.0824,0.6406,-1.1831,-0.9337,-0.3826,0.0539,0.006658,0.004393,0,0
LOT-011,L011-P013,9.954,10.1362,10.3885,10.6622,9.0824,0.6406,1.3606,1.645,2.0389,2.4661,0.007592,0.003653,0,0
LOT-011,L011-P014,7.596,7.8386,8.0862,8.4064,9.0824,0.6406,-2.3203,-1.9416,-1.5551,-1.0553,0.010108,0.003943,0,0
LOT-011,L011-P015,9.8567,10.034,10.2501,10.5667,9.0824,0.6406,1.2087,1.4855,1.8228,2.317,0.007388,0.003699,0,0
LOT-011,L011-P016,10.8474,11.0029,11.326,11.461,9.0824,0.6406,2.7552,2.998,3.5023,3.7131,0.006479,0.003181,0,0
LOT-011,L011-P017,8.6127,8.7679,8.9295,9.0774,9.0824,0.6406,-0.7332,-0.4909,-0.2387,-0.0078,0.006467,0.002149,0,0
LOT-011,L011-P018,9.3938,9.4179,9.4629,9.7368,9.0824,0.6406,0.4861,0.5237,0.594,1.0215,0.001004,0.002215,0,0
LOT-011,L011-P019,9.0189,9.229,9.3929,9.5118,9.0824,0.6406,-0.0991,0.2288,0.4847,0.6703,0.008754,0.001964,0,0
LOT-011,L011-P020,8.609,8.8412,9.2339,9.392,9.0824,0.6406,-0.739,-0.3765,0.2365,0.4833,0.009675,0.003825,0,0
LOT-011,L011-P021,8.1927,8.3967,8.6112,8.8527,9.0824,0.6406,-1.3889,-1.0704,-0.7356,-0.3586,0.0085,0.003167,0,0
LOT-011,L011-P022,9.9283,10.0383,10.3511,10.5231,9.0824,0.6406,1.3205,1.4922,1.9805,2.249,0.004583,0.003367,0,0
LOT-011,L011-P023,9.0639,9.1377,9.4557,9.6358,9.0824,0.6406,-0.0289,0.0863,0.5827,0.8639,0.003075,0.003459,0,0
LOT-011,L011-P024,9.674,9.7699,10.1068,10.1882,9.0824,0.6406,0.9235,1.0732,1.5991,1.7262,0.003996,0.002905,0,0
LOT-011,L011-P025,9.1148,10.2148,13.0174,17.0137,9.0824,0.6406,0.0506,1.7677,6.1427,12.381,0.045833,0.047215,0,1
LOT-011,L011-P026,10.0368,10.2366,10.6467,10.8269,9.0824,0.6406,1.4899,1.8017,2.4419,2.7232,0.008325,0.004099,0,0
LOT-011,L011-P027,8.5175,8.7908,9.0939,9.076,9.0824,0.6406,-0.8818,-0.4552,0.018,-0.01,0.011388,0.001981,0,0
LOT-011,L011-P028,8.7432,8.9469,9.2362,9.4409,9.0824,0.6406,-0.5295,-0.2115,0.2401,0.5596,0.008487,0.003431,0,0
LOT-011,L011-P029,8.2634,8.4859,8.7508,9.069,9.0824,0.6406,-1.2785,-0.9312,-0.5176,-0.0209,0.009271,0.004049,0,0
LOT-011,L011-P030,10.5837,11.4467,14.3213,17.435,9.0824,0.6406,2.3436,3.6908,8.1781,13.0387,0.035958,0.041585,0,1
LOT-011,L011-P031,8.6486,8.8618,9.0842,9.3111,9.0824,0.6406,-0.6772,-0.3444,0.0028,0.357,0.008883,0.00312,0,0
LOT-011,L011-P032,8.6423,8.7143,8.9567,8.9882,9.0824,0.6406,-0.687,-0.5746,-0.1962,-0.147,0.003,0.001902,0,0
LOT-011,L011-P033,8.7402,8.9322,9.1867,9.5124,9.0824,0.6406,-0.5342,-0.2345,0.1628,0.6712,0.008,0.004029,0,0
LOT-011,L011-P034,8.2851,8.4838,8.673,8.7715,9.0824,0.6406,-1.2446,-0.9344,-0.6391,-0.4853,0.008279,0.001998,0,0
LOT-011,L011-P035,8.8805,9.0414,9.3498,9.6112,9.0824,0.6406,-0.3152,-0.064,0.4174,0.8255,0.006704,0.003957,0,0
LOT-011,L011-P036,9.719,10.0089,10.1737,10.4212,9.0824,0.6406,0.9938,1.4463,1.7036,2.0899,0.012079,0.002863,0,0
LOT-011,L011-P037,8.8103,9.0303,9.3004,9.4582,9.0824,0.6406,-0.4248,-0.0813,0.3403,0.5866,0.009167,0.002972,0,0
LOT-011,L011-P038,9.2281,9.459,9.6268,9.7049,9.0824,0.6406,0.2274,0.5879,0.8498,0.9717,0.009621,0.001708,0,0
LOT-011,L011-P039,9.0791,9.2065,9.4311,9.5344,9.0824,0.6406,-0.0052,0.1937,0.5443,0.7056,0.005308,0.002277,0,0
LOT-011,L011-P040,9.5122,9.7405,9.9513,10.0495,9.0824,0.6406,0.6709,1.0273,1.3564,1.5097,0.009513,0.002146,0,0
LOT-011,L011-P041,9.3264,9.4708,9.6307,9.891,9.0824,0.6406,0.3809,0.6063,0.8559,1.2623,0.006017,0.002918,0,0
LOT-011,L011-P042,9.254,9.3681,9.5663,9.8988,9.0824,0.6406,0.2679,0.446,0.7554,1.2744,0.004754,0.003685,0,0
LOT-011,L011-P043,9.1546,9.4031,9.6109,9.6978,9.0824,0.6406,0.1127,0.5006,0.825,0.9607,0.010354,0.002047,0,0
LOT-011,L011-P044,9.9479,10.2313,10.6477,10.8782,9.0824,0.6406,1.3511,1.7935,2.4435,2.8033,0.011808,0.004492,0,0
LOT-011,L011-P045,8.3534,8.5625,8.8778,9.166,9.0824,0.6406,-1.138,-0.8116,-0.3194,0.1305,0.008712,0.004191,0,0
LOT-011,L011-P046,8.2557,9.3931,11.9293,16.3305,9.0824,0.6406,-1.2905,0.485,4.4441,11.3145,0.047392,0.048176,0,1
LOT-011,L011-P047,8.9906,9.2934,9.6556,9.8096,9.0824,0.6406,-0.1433,0.3294,0.8948,1.1352,0.012617,0.003585,0,0
LOT-011,L011-P048,9.4305,9.5958,9.8646,10.1035,9.0824,0.6406,0.5434,0.8014,1.221,1.594,0.006888,0.003526,0,0
LOT-011,L011-P049,9.0829,10.1859,13.9624,18.1874,9.0824,0.6406,0.0008,1.7226,7.6179,14.2132,0.045958,0.055566,0,1
LOT-011,L011-P050,9.1355,9.2572,9.682,9.986,9.0824,0.6406,0.0829,0.2729,0.936,1.4106,0.005071,0.005061,0,0
LOT-011,L011-P051,9.7382,9.886,10.1848,10.3392,9.0824,0.6406,1.0237,1.2544,1.7209,1.9619,0.006158,0.003147,0,0
LOT-011,L011-P052,9.5884,9.846,10.1287,10.1897,9.0824,0.6406,0.7899,1.192,1.6333,1.7285,0.010733,0.002387,0,0
LOT-011,L011-P053,9.3895,9.564,9.7005,9.8853,9.0824,0.6406,0.4794,0.7518,0.9649,1.2534,0.007271,0.002231,0,0
LOT-011,L011-P054,9.0034,9.2081,9.3925,9.569,9.0824,0.6406,-0.1233,0.1962,0.4841,0.7596,0.008529,0.002506,0,0
LOT-011,L011-P055,9.7447,9.8696,10.0469,9.9639,9.0824,0.6406,1.0339,1.2288,1.5056,1.3761,0.005204,0.000655,0,0
LOT-011,L011-P056,8.4364,8.4495,8.5523,8.6149,9.0824,0.6406,-1.0084,-0.988,-0.8275,-0.7298,0.000546,0.001149,0,0
LOT-011,L011-P057,8.7552,9.0265,9.4808,9.7098,9.0824,0.6406,-0.5108,-0.0873,0.6219,0.9794,0.011304,0.004745,0,0
LOT-011,L011-P058,9.2661,9.4343,9.7408,10.1044,9.0824,0.6406,0.2868,0.5493,1.0278,1.5954,0.007008,0.004653,0,0
LOT-011,L011-P059,9.1363,9.2895,9.8409,10.1036,9.0824,0.6406,0.0841,0.3233,1.184,1.5941,0.006383,0.005653,0,0
LOT-011,L011-P060,9.0089,9.2342,9.4185,9.6136,9.0824,0.6406,-0.1147,0.237,0.5247,0.8292,0.009387,0.002635,0,0
LOT-011,L011-P061,9.2827,10.5914,13.5776,19.1843,9.0824,0.6406,0.3127,2.3556,7.0172,15.7694,0.054529,0.059673,0,1
LOT-011,L011-P062,10.2242,10.3905,10.5044,10.6063,9.0824,0.6406,1.7824,2.042,2.2198,2.3789,0.006929,0.001499,0,0
LOT-011,L011-P063,8.5505,8.8144,9.1132,9.2397,9.0824,0.6406,-0.8303,-0.4184,0.0481,0.2456,0.010996,0.002953,0,0
LOT-011,L011-P064,8.9917,9.1763,9.4548,9.5992,9.0824,0.6406,-0.1416,0.1466,0.5813,0.8067,0.007692,0.002937,0,0
LOT-011,L011-P065,9.0964,9.108,9.5622,9.7778,9.0824,0.6406,0.0219,0.04,0.749,1.0855,0.000483,0.004651,0,0
LOT-011,L011-P066,9.3375,10.6032,13.5837,18.228,9.0824,0.6406,0.3982,2.374,7.0267,14.2766,0.052737,0.05295,0,1
LOT-011,L011-P067,7.9125,8.1763,8.4277,8.5015,9.0824,0.6406,-1.8263,-1.4145,-1.022,-0.9068,0.010992,0.002258,0,0
LOT-011,L011-P068,8.2905,8.5709,8.894,9.1478,9.0824,0.6406,-1.2362,-0.7985,-0.2941,0.1021,0.011683,0.004006,0,0
LOT-011,L011-P069,9.2313,9.4835,9.6865,9.8895,9.0824,0.6406,0.2324,0.6261,0.943,1.2599,0.010508,0.002819,0,0
LOT-011,L011-P070,10.4822,10.6072,11.0196,11.2579,9.0824,0.6406,2.1851,2.3803,3.024,3.396,0.005208,0.004519,0,0
LOT-011,L011-P071,8.543,8.7336,9.1344,9.2824,9.0824,0.6406,-0.842,-0.5445,0.0812,0.3122,0.007942,0.003811,0,0
LOT-011,L011-P072,7.7535,7.9317,8.2939,8.4752,9.0824,0.6406,-2.0745,-1.7963,-1.2309,-0.9479,0.007425,0.003774,0,0
LOT-011,L011-P073,8.9404,9.1433,9.3607,9.6348,9.0824,0.6406,-0.2217,0.0951,0.4344,0.8623,0.008454,0.003413,0,0
LOT-011,L011-P074,9.5368,9.7184,9.9545,10.1121,9.0824,0.6406,0.7093,0.9928,1.3614,1.6074,0.007567,0.002734,0,0
LOT-011,L011-P075,8.2686,8.4135,8.4733,8.5483,9.0824,0.6406,-1.2704,-1.0442,-0.9508,-0.8337,0.006038,0.000936,0,0
LOT-011,L011-P076,9.1025,9.4111,9.6591,9.888,9.0824,0.6406,0.0314,0.5131,0.9002,1.2576,0.012858,0.003312,0,0
LOT-011,L011-P077,8.8023,9.7592,14.1544,19.8383,9.0824,0.6406,-0.4372,1.0565,7.9176,16.7904,0.039871,0.069994,0,1
LOT-011,L011-P078,8.0409,8.348,8.6631,9.0175,9.0824,0.6406,-1.6258,-1.1464,-0.6545,-0.1013,0.012796,0.004649,0,0
LOT-011,L011-P079,9.1371,9.2376,9.5012,9.7097,9.0824,0.6406,0.0854,0.2423,0.6538,0.9792,0.004188,0.003278,0,0
LOT-011,L011-P080,8.3974,8.5843,8.7919,9.0411,9.0824,0.6406,-1.0693,-0.7776,-0.4535,-0.0645,0.007788,0.003172,0,0
LOT-011,L011-P081,9.1087,9.2955,9.4741,9.4921,9.0824,0.6406,0.0411,0.3327,0.6115,0.6396,0.007783,0.001365,0,0
LOT-011,L011-P082,8.6303,8.8464,8.9755,9.1256,9.0824,0.6406,-0.7057,-0.3684,-0.1669,0.0674,0.009004,0.001939,0,0
LOT-011,L011-P083,9.0166,9.2678,9.4056,9.5289,9.0824,0.6406,-0.1027,0.2894,0.5045,0.697,0.010467,0.001813,0,0
LOT-011,L011-P084,9.126,9.3625,9.7316,9.9799,9.0824,0.6406,0.0681,0.4372,1.0134,1.401,0.009854,0.004287,0,0
LOT-011,L011-P085,9.7622,9.9742,10.2444,10.3414,9.0824,0.6406,1.0612,1.3921,1.8139,1.9653,0.008833,0.00255,0,0
LOT-011,L011-P086,9.1119,9.3117,9.4621,9.896,9.0824,0.6406,0.0461,0.3579,0.5927,1.2701,0.008325,0.004058,0,0
LOT-011,L011-P087,38.3123,51.2256,75.4831,96.3062,9.0824,0.6406,45.6289,65.7871,103.6539,136.1595,0.538054,0.31306,1,1
LOT-011,L011-P088,8.8684,9.1083,9.5132,9.6398,9.0824,0.6406,-0.3341,0.0404,0.6725,0.8701,0.009996,0.003691,0,0
LOT-011,L011-P089,8.0211,8.1805,8.4235,8.6925,9.0824,0.6406,-1.6567,-1.4079,-1.0286,-0.6086,0.006642,0.003556,0,0
LOT-011,L011-P090,8.6445,8.8204,8.9875,9.2463,9.0824,0.6406,-0.6836,-0.409,-0.1481,0.2559,0.007329,0.002958,0,0
LOT-011,L011-P091,9.5096,9.7245,10.0589,10.2981,9.0824,0.6406,0.6669,1.0023,1.5244,1.8978,0.008954,0.003983,0,0
LOT-011,L011-P092,9.373,9.5996,9.8045,9.96,9.0824,0.6406,0.4536,0.8074,1.1272,1.37,0.009442,0.002503,0,0
LOT-011,L011-P093,8.7249,8.859,9.1626,9.466,9.0824,0.6406,-0.5581,-0.3487,0.1252,0.5988,0.005588,0.004215,0,0
LOT-011,L011-P094,8.8214,9.0652,9.1976,9.3873,9.0824,0.6406,-0.4074,-0.0268,0.1798,0.476,0.010158,0.002237,0,0
LOT-011,L011-P095,9.7166,9.938,10.1351,10.2482,9.0824,0.6406,0.99,1.3356,1.6433,1.8199,0.009225,0.002154,0,0
LOT-011,L011-P096,9.0754,9.162,9.4129,9.4199,9.0824,0.6406,-0.0109,0.1243,0.5159,0.5268,0.003608,0.001791,0,0
LOT-011,L011-P097,8.6504,8.8231,9.0747,9.3542,9.0824,0.6406,-0.6744,-0.4048,-0.012,0.4243,0.007196,0.003688,0,0
LOT-011,L011-P098,9.7061,9.8067,10.0014,10.0865,9.0824,0.6406,0.9736,1.1307,1.4346,1.5674,0.004192,0.001943,0,0
LOT-011,L011-P099,9.2464,9.4704,9.9006,9.9704,9.0824,0.6406,0.256,0.6057,1.2772,1.3862,0.009333,0.003472,0,0
LOT-011,L011-P100,7.8954,8.1122,8.3848,8.5061,9.0824,0.6406,-1.853,-1.5145,-1.089,-0.8996,0.009033,0.002735,0,0
LOT-012,L012-P001,9.1654,9.3159,9.5873,9.6955,9.9075,0.5322,-1.3944,-1.1116,-0.6017,-0.3983,0.006271,0.002636,0,0
LOT-012,L012-P002,10.8288,10.9906,11.3845,11.4954,9.9075,0.5322,1.7311,2.0351,2.7753,2.9837,0.006742,0.003506,0,0
LOT-012,L012-P003,9.0973,9.2096,9.5521,9.719,9.9075,0.5322,-1.5224,-1.3113,-0.6678,-0.3542,0.004679,0.003537,0,0
LOT-012,L012-P004,9.636,9.896,10.3897,10.4188,9.9075,0.5322,-0.5101,-0.0216,0.9061,0.9607,0.010833,0.003631,0,0
LOT-012,L012-P005,10.562,10.6599,10.9161,11.1269,9.9075,0.5322,1.2298,1.4138,1.8952,2.2912,0.004079,0.003243,0,0
LOT-012,L012-P006,9.3335,9.5743,9.7849,9.9075,9.9075,0.5322,-1.0785,-0.6261,-0.2304,0.0,0.010033,0.002314,0,0
LOT-012,L012-P007,10.339,11.2409,15.1979,18.8967,9.9075,0.5322,0.8108,2.5054,9.9406,16.8906,0.037579,0.053165,0,1
LOT-012,L012-P008,10.8574,11.0384,11.2659,11.3731,9.9075,0.5322,1.7849,2.125,2.5524,2.7539,0.007542,0.002324,0,0
LOT-012,L012-P009,10.6104,10.804,11.0983,11.251,9.9075,0.5322,1.3207,1.6845,2.2375,2.5244,0.008067,0.003104,0,0
LOT-012,L012-P010,10.8695,11.09,11.2344,11.4087,9.9075,0.5322,1.8076,2.2219,2.4932,2.8207,0.009187,0.002213,0,0
LOT-012,L012-P011,11.0849,11.2963,11.6139,11.787,9.9075,0.5322,2.2123,2.6095,3.2063,3.5316,0.008808,0.003408,0,0
LOT-012,L012-P012,9.8532,9.9658,10.2909,10.5564,9.9075,0.5322,-0.102,0.1095,0.7204,1.2193,0.004692,0.004101,0,0
LOT-012,L012-P013,9.7477,9.9685,10.3062,10.4865,9.9075,0.5322,-0.3003,0.1146,0.7492,1.0879,0.0092,0.003597,0,0
LOT-012,L012-P014,10.3436,10.5575,10.7109,10.857,9.9075,0.5322,0.8194,1.2213,1.5096,1.7841,0.008912,0.00208,0,0
LOT-012,L012-P015,9.0948,9.2345,9.403,9.5629,9.9075,0.5322,-1.5271,-1.2646,-0.948,-0.6475,0.005821,0.002281,0,0
LOT-012,L012-P016,9.0416,9.3834,9.7587,9.8808,9.9075,0.5322,-1.627,-0.9848,-0.2796,-0.0502,0.014242,0.003454,0,0
LOT-012,L012-P017,9.5003,9.7739,9.958,10.2043,9.9075,0.5322,-0.7651,-0.251,0.0949,0.5577,0.0114,0.002989,0,0
LOT-012,L012-P018,10.4887,10.6249,10.7413,11.0137,9.9075,0.5322,1.0921,1.348,1.5667,2.0785,0.005675,0.0027,0,0
LOT-012,L012-P019,11.0328,11.2428,11.5443,11.7066,9.9075,0.5322,2.1144,2.509,3.0755,3.3805,0.00875,0.003221,0,0
LOT-012,L012-P020,9.1249,9.2039,9.3763,9.5842,9.9075,0.5322,-1.4705,-1.3221,-0.9981,-0.6075,0.003292,0.002641,0,0
LOT-012,L012-P021,10.2679,10.3615,10.6392,10.975,9.9075,0.5322,0.6772,0.8531,1.3749,2.0058,0.0039,0.00426,0,0
LOT-012,L012-P022,9.2599,9.5489,9.7384,10.0295,9.9075,0.5322,-1.2168,-0.6738,-0.3177,0.2292,0.012042,0.003338,0,0
LOT-012,L012-P023,9.5419,9.8333,10.0448,10.058,9.9075,0.5322,-0.687,-0.1394,0.258,0.2828,0.012142,0.00156,0,0
LOT-012,L012-P024,9.9498,10.1906,10.5102,10.7381,9.9075,0.5322,0.0795,0.5319,1.1325,1.5607,0.010033,0.003802,0,0
LOT-012,L012-P025,10.3144,11.9381,16.1522,20.605,9.9075,0.5322,0.7646,3.8155,11.7337,20.1005,0.067654,0.060187,0,1
LOT-012,L012-P026,9.3857,10.6235,13.5849,17.6041,9.9075,0.5322,-0.9805,1.3454,6.9098,14.4619,0.051575,0.048476,0,1
LOT-012,L012-P027,10.9226,10.9877,11.2117,11.346,9.9075,0.5322,1.9074,2.0297,2.4506,2.7029,0.002713,0.002488,0,0
LOT-012,L012-P028,9.1039,10.8373,14.0265,17.5899,9.9075,0.5322,-1.51,1.7471,7.7396,14.4352,0.072225,0.046893,0,1
LOT-012,L012-P029,9.7901,10.0569,10.3279,10.5477,9.9075,0.5322,-0.2206,0.2807,0.7899,1.2029,0.011117,0.003408,0,0
LOT-012,L012-P030,9.9026,9.9539,10.1341,10.1526,9.9075,0.5322,-0.0092,0.0872,0.4258,0.4605,0.002138,0.00138,0,0
LOT-012,L012-P031,10.1933,10.9947,14.3939,20.3229,9.9075,0.5322,0.537,2.0428,8.4299,19.5705,0.033392,0.064779,0,1
LOT-012,L012-P032,9.4968,9.6369,9.8357,9.9555,9.9075,0.5322,-0.7717,-0.5085,-0.1349,0.0902,0.005838,0.002213,0,0
LOT-012,L012-P033,10.139,10.2946,10.4701,10.6371,9.9075,0.5322,0.435,0.7274,1.0571,1.3709,0.006483,0.002378,0,0
LOT-012,L012-P034,9.3466,9.5609,9.6407,9.7845,9.9075,0.5322,-1.0539,-0.6513,-0.5013,-0.2311,0.008929,0.001553,0,0
LOT-012,L012-P035,10.0463,10.2243,10.4585,10.6098,9.9075,0.5322,0.2608,0.5953,1.0353,1.3196,0.007417,0.002677,0,0
LOT-012,L012-P036,8.8437,9.0264,9.3378,9.5753,9.9075,0.5322,-1.9989,-1.6556,-1.0705,-0.6242,0.007613,0.003812,0,0
LOT-012,L012-P037,10.1246,10.333,10.7105,10.9303,9.9075,0.5322,0.4079,0.7995,1.5088,1.9218,0.008683,0.004148,0,0
LOT-012,L012-P038,9.0389,9.1465,9.2158,9.3884,9.9075,0.5322,-1.6321,-1.4299,-1.2997,-0.9754,0.004483,0.00168,0,0
LOT-012,L012-P039,9.573,9.7296,9.9106,10.1148,9.9075,0.5322,-0.6285,-0.3343,0.0058,0.3895,0.006525,0.002675,0,0
LOT-012,L012-P040,9.8063,9.8665,10.2528,10.4224,9.9075,0.5322,-0.1902,-0.077,0.6488,0.9675,0.002508,0.00386,0,0
LOT-012,L012-P041,8.9289,9.0437,9.4009,9.5291,9.9075,0.5322,-1.8388,-1.6231,-0.9519,-0.711,0.004783,0.003371,0,0
LOT-012,L012-P042,9.3241,10.3597,14.7247,20.7329,9.9075,0.5322,-1.0962,0.8497,9.0515,20.3408,0.04315,0.072036,0,1
LOT-012,L012-P043,9.8714,10.2571,10.2822,10.5431,9.9075,0.5322,-0.0678,0.6569,0.7041,1.1943,0.016071,0.001986,0,0
LOT-012,L012-P044,9.611,9.8438,9.9865,10.2551,9.9075,0.5322,-0.5571,-0.1197,0.1484,0.6531,0.0097,0.002856,0,0
LOT-012,L012-P045,9.8271,11.1386,15.4756,21.64,9.9075,0.5322,-0.1511,2.3132,10.4624,22.0453,0.054646,0.072926,0,1
LOT-012,L012-P046,10.6265,10.6855,10.8024,10.7846,9.9075,0.5322,1.351,1.4619,1.6815,1.6481,0.002458,0.000688,0,0
LOT-012,L012-P047,10.4887,10.5506,10.8463,11.0212,9.9075,0.5322,1.0921,1.2084,1.764,2.0926,0.002579,0.003268,0,0
LOT-012,L012-P048,8.9002,9.1051,9.2363,9.3966,9.9075,0.5322,-1.8927,-1.5077,-1.2612,-0.96,0.008538,0.002024,0,0
LOT-012,L012-P049,9.9096,10.137,10.4078,10.5355,9.9075,0.5322,0.0039,0.4312,0.9401,1.18,0.009475,0.002767,0,0
LOT-012,L012-P050,9.7982,10.0677,10.2651,10.4127,9.9075,0.5322,-0.2054,0.301,0.6719,0.9493,0.011229,0.002396,0,0
LOT-012,L012-P051,10.3749,10.4932,10.6798,10.7752,9.9075,0.5322,0.8782,1.1005,1.4511,1.6304,0.004929,0.001958,0,0
LOT-012,L012-P052,9.604,9.6897,9.943,10.024,9.9075,0.5322,-0.5703,-0.4092,0.0667,0.2189,0.003571,0.002322,0,0
LOT-012,L012-P053,9.8166,9.8041,9.9085,10.0663,9.9075,0.5322,-0.1708,-0.1943,0.0019,0.2984,-0.000521,0.001821,0,0
LOT-012,L012-P054,9.9645,10.1169,10.4357,10.5744,9.9075,0.5322,0.1071,0.3935,0.9925,1.2531,0.00635,0.003177,0,0
LOT-012,L012-P055,8.5215,8.6594,8.8397,8.9443,9.9075,0.5322,-2.6043,-2.3452,-2.0064,-1.8098,0.005746,0.001978,0,0
LOT-012,L012-P056,10.3097,10.4719,10.5869,10.9638,9.9075,0.5322,0.7557,1.0605,1.2766,1.9848,0.006758,0.003416,0,0
LOT-012,L012-P057,10.9715,11.2427,11.4825,11.6343,9.9075,0.5322,1.9992,2.5088,2.9594,3.2446,0.0113,0.002719,0,0
LOT-012,L012-P058,10.4269,10.7189,10.906,11.0783,9.9075,0.5322,0.9759,1.5246,1.8762,2.1999,0.012167,0.002496,0,0
LOT-012,L012-P059,8.8542,9.0127,9.2614,9.6202,9.9075,0.5322,-1.9791,-1.6813,-1.214,-0.5398,0.006604,0.004219,0,0
LOT-012,L012-P060,10.0637,10.2637,10.481,10.6935,9.9075,0.5322,0.2935,0.6693,1.0776,1.4769,0.008333,0.002985,0,0
LOT-012,L012-P061,9.6243,9.8351,10.1264,10.2971,9.9075,0.5322,-0.5321,-0.136,0.4113,0.7321,0.008783,0.003208,0,0
LOT-012,L012-P062,9.8171,11.0639,13.5781,19.446,9.9075,0.5322,-0.1699,2.1729,6.897,17.9228,0.05195,0.058209,0,1
LOT-012,L012-P063,10.7786,11.1154,11.4104,11.6187,9.9075,0.5322,1.6368,2.2696,2.8239,3.2153,0.014033,0.003495,0,0
LOT-012,L012-P064,9.9271,10.1494,10.3877,10.4503,9.9075,0.5322,0.0368,0.4545,0.9023,1.0199,0.009263,0.00209,0,0
LOT-012,L012-P065,10.4223,10.5694,10.9216,11.0837,9.9075,0.5322,0.9673,1.2437,1.9055,2.2101,0.006129,0.003572,0,0
LOT-012,L012-P066,11.0159,11.1458,11.4103,11.7311,9.9075,0.5322,2.0827,2.3268,2.8238,3.4265,0.005412,0.004065,0,0
LOT-012,L012-P067,8.7124,8.9486,9.2519,9.4685,9.9075,0.5322,-2.2456,-1.8018,-1.2319,-0.8249,0.009842,0.00361,0,0
LOT-012,L012-P068,9.172,9.3756,9.6545,9.7915,9.9075,0.5322,-1.382,-0.9994,-0.4754,-0.218,0.008483,0.002888,0,0
LOT-012,L012-P069,8.9719,9.1337,9.3695,9.5831,9.9075,0.5322,-1.758,-1.454,-1.0109,-0.6095,0.006742,0.003121,0,0
LOT-012,L012-P070,10.2952,10.4551,10.7723,10.9302,9.9075,0.5322,0.7285,1.0289,1.625,1.9216,0.006663,0.003299,0,0
LOT-012,L012-P071,9.9664,10.1868,10.4994,10.5755,9.9075,0.5322,0.1107,0.5248,1.1122,1.2552,0.009183,0.002699,0,0
LOT-012,L012-P072,9.1077,9.2342,9.4061,9.544,9.9075,0.5322,-1.5028,-1.2651,-0.9421,-0.683,0.005271,0.002151,0,0
LOT-012,L012-P073,10.3665,10.636,10.8873,11.0693,9.9075,0.5322,0.8625,1.3688,1.841,2.183,0.011229,0.003009,0,0
LOT-012,L012-P074,9.849,10.0555,10.4673,10.7134,9.9075,0.5322,-0.1099,0.2781,1.0519,1.5143,0.008604,0.004569,0,0
LOT-012,L012-P075,10.5999,10.6954,10.91,10.9868,9.9075,0.5322,1.301,1.4805,1.8837,2.028,0.003979,0.002024,0,0
LOT-012,L012-P076,10.4144,10.4875,10.9511,11.1001,9.9075,0.5322,0.9525,1.0898,1.9609,2.2409,0.003046,0.004254,0,0
LOT-012,L012-P077,10.2958,10.6386,10.9355,11.0863,9.9075,0.5322,0.7296,1.3737,1.9316,2.215,0.014283,0.003109,0,0
LOT-012,L012-P078,10.6143,10.9104,11.0865,11.3919,9.9075,0.5322,1.3281,1.8844,2.2153,2.7892,0.012337,0.003344,0,0
LOT-012,L012-P079,9.8883,10.066,10.3935,10.489,9.9075,0.5322,-0.0361,0.2978,0.9132,1.0926,0.007404,0.002938,0,0
LOT-012,L012-P080,9.8935,10.1054,10.3302,10.732,9.9075,0.5322,-0.0263,0.3719,0.7943,1.5492,0.008829,0.004351,0,0
LOT-012,L012-P081,10.0302,10.232,10.3822,10.5819,9.9075,0.5322,0.2306,0.6097,0.892,1.2672,0.008408,0.00243,0,0
LOT-012,L012-P082,9.6238,9.7656,9.9033,10.3009,9.9075,0.5322,-0.5331,-0.2666,-0.0079,0.7392,0.005908,0.003717,0,0
LOT-012,L012-P083,9.3307,10.6344,13.4997,18.5086,9.9075,0.5322,-1.0838,1.3658,6.7497,16.1614,0.054321,0.054682,0,1
LOT-012,L012-P084,10.7822,10.9935,11.3602,11.4878,9.9075,0.5322,1.6436,2.0406,2.7296,2.9694,0.008804,0.003433,0,0
LOT-012,L012-P085,11.0722,11.2335,11.3315,11.6263,9.9075,0.5322,2.1885,2.4915,2.6757,3.2296,0.006721,0.002728,0,0
LOT-012,L012-P086,9.5063,10.663,14.348,20.2725,9.9075,0.5322,-0.7539,1.4196,8.3437,19.4758,0.048196,0.066733,0,1
LOT-012,L012-P087,10.1111,11.1478,15.4273,18.4594,9.9075,0.5322,0.3826,2.3305,10.3717,16.069,0.043196,0.050775,0,1
LOT-012,L012-P088,9.9678,10.1846,10.4157,10.6054,9.9075,0.5322,0.1133,0.5207,0.9549,1.3113,0.009033,0.002922,0,0
LOT-012,L012-P089,10.1662,11.3822,15.3228,21.5368,9.9075,0.5322,0.4861,2.771,10.1753,21.8514,0.050667,0.070518,0,1
LOT-012,L012-P090,9.7344,9.9205,10.0321,10.2505,9.9075,0.5322,-0.3253,0.0244,0.2341,0.6445,0.007754,0.002292,0,0
LOT-012,L012-P091,9.687,9.9501,10.2094,10.3583,9.9075,0.5322,-0.4143,0.08,0.5673,0.847,0.010963,0.002835,0,0
LOT-012,L012-P092,8.5485,9.6266,12.7757,19.0836,9.9075,0.5322,-2.5536,-0.5278,5.3893,17.2418,0.044921,0.065674,0,1
LOT-012,L012-P093,10.9686,11.1122,11.3572,11.4322,9.9075,0.5322,1.9938,2.2636,2.724,2.8649,0.005983,0.002222,0,0
LOT-012,L012-P094,10.082,10.3382,10.5071,10.7438,9.9075,0.5322,0.3279,0.8093,1.1266,1.5714,0.010675,0.002817,0,0
LOT-012,L012-P095,10.0945,10.2369,10.5074,10.6963,9.9075,0.5322,0.3514,0.6189,1.1272,1.4821,0.005933,0.00319,0,0
LOT-012,L012-P096,9.491,9.7276,10.186,10.2852,9.9075,0.5322,-0.7826,-0.338,0.5233,0.7097,0.009858,0.003872,0,0
LOT-012,L012-P097,9.7375,9.9609,10.2184,10.5502,9.9075,0.5322,-0.3194,0.1003,0.5842,1.2076,0.009308,0.004092,0,0
LOT-012,L012-P098,10.3122,10.3528,10.542,10.8989,9.9075,0.5322,0.7604,0.8367,1.1922,1.8628,0.001692,0.003792,0,0
LOT-012,L012-P099,10.4781,10.7391,10.8209,10.9914,9.9075,0.5322,1.0722,1.5626,1.7163,2.0366,0.010875,0.001752,0,0
LOT-012,L012-P100,10.4452,10.6216,11.0095,11.1423,9.9075,0.5322,1.0103,1.3418,2.0707,2.3202,0.00735,0.003616,0,0
LOT-013,L013-P001,9.4817,11.0522,13.9732,18.7283,9.3525,0.5182,0.2493,3.28,8.9168,18.093,0.065437,0.053306,0,1
LOT-013,L013-P002,9.3462,9.637,9.8423,9.9696,9.3525,0.5182,-0.0122,0.549,0.9452,1.1909,0.012117,0.00231,0,0
LOT-013,L013-P003,9.7285,9.77,10.1534,10.6032,9.3525,0.5182,0.7256,0.8057,1.5455,2.4135,0.001729,0.005786,0,0
LOT-013,L013-P004,9.3763,9.6591,9.5552,9.8003,9.3525,0.5182,0.0459,0.5917,0.3912,0.8641,0.011783,0.000981,0,0
LOT-013,L013-P005,9.1106,9.3194,9.5195,9.6244,9.3525,0.5182,-0.4668,-0.0639,0.3223,0.5247,0.0087,0.002118,0,0
LOT-013,L013-P006,9.1754,9.3092,9.4854,9.5138,9.3525,0.5182,-0.3418,-0.0836,0.2565,0.3113,0.005575,0.001421,0,0
LOT-013,L013-P007,8.6417,8.7203,8.9534,9.1603,9.3525,0.5182,-1.3717,-1.22,-0.7702,-0.3709,0.003275,0.003056,0,0
LOT-013,L013-P008,8.4475,8.7218,9.1721,9.4006,9.3525,0.5182,-1.7464,-1.2171,-0.3481,0.0928,0.011429,0.004714,0,0
LOT-013,L013-P009,9.425,9.5731,9.7485,9.938,9.3525,0.5182,0.1399,0.4257,0.7642,1.1299,0.006171,0.002534,0,0
LOT-013,L013-P010,42.5207,50.9814,69.1396,88.9263,9.3525,0.5182,64.0066,80.3337,115.3746,153.5581,0.352529,0.263506,1,1
LOT-013,L013-P011,9.67,9.9279,10.2078,10.3305,9.3525,0.5182,0.6127,1.1104,1.6505,1.8873,0.010746,0.002796,0,0
LOT-013,L013-P012,10.3364,10.3722,10.6489,10.8617,9.3525,0.5182,1.8987,1.9678,2.5017,2.9124,0.001492,0.003399,0,0
LOT-013,L013-P013,9.1734,9.3849,9.5924,9.8374,9.3525,0.5182,-0.3456,0.0625,0.4629,0.9357,0.008812,0.003142,0,0
LOT-013,L013-P014,9.2169,9.3467,9.604,9.6416,9.3525,0.5182,-0.2617,-0.0112,0.4853,0.5579,0.005408,0.002048,0,0
LOT-013,L013-P015,9.1608,9.305,9.4335,9.4127,9.3525,0.5182,-0.3699,-0.0917,0.1563,0.1162,0.006008,0.000748,0,0
LOT-013,L013-P016,9.233,9.4212,9.7045,9.8989,9.3525,0.5182,-0.2306,0.1326,0.6793,1.0544,0.007842,0.003317,0,0
LOT-013,L013-P017,9.1542,9.2883,9.5102,9.7681,9.3525,0.5182,-0.3827,-0.1239,0.3043,0.802,0.005588,0.003332,0,0
LOT-013,L013-P018,10.0842,10.1646,10.4668,10.9758,9.3525,0.5182,1.412,1.5672,2.1503,3.1326,0.00335,0.005633,0,0
LOT-013,L013-P019,9.4977,9.647,9.9172,10.1154,9.3525,0.5182,0.2802,0.5683,1.0897,1.4722,0.006221,0.003253,0,0
LOT-013,L013-P020,8.8465,8.845,9.074,9.1838,9.3525,0.5182,-0.9765,-0.9794,-0.5374,-0.3255,-6.3e-05,0.002353,0,0
LOT-013,L013-P021,9.5283,9.7539,9.9708,10.1189,9.3525,0.5182,0.3393,0.7746,1.1932,1.479,0.0094,0.002535,0,0
LOT-013,L013-P022,9.7946,9.8222,10.098,10.2393,9.3525,0.5182,0.8531,0.9064,1.4386,1.7113,0.00115,0.002897,0,0
LOT-013,L013-P023,9.2562,9.4448,9.6629,9.9255,9.3525,0.5182,-0.1858,0.1781,0.599,1.1058,0.007858,0.003338,0,0
LOT-013,L013-P024,9.3111,9.3664,9.8998,10.0607,9.3525,0.5182,-0.0799,0.0268,1.0562,1.3667,0.002304,0.004822,0,0
LOT-013,L013-P025,9.4476,9.6834,9.8498,10.0806,9.3525,0.5182,0.1835,0.6386,0.9597,1.4051,0.009825,0.002758,0,0
LOT-013,L013-P026,8.6774,8.6826,8.96,9.2449,9.3525,0.5182,-1.3028,-1.2927,-0.7574,-0.2076,0.000217,0.003905,0,0
LOT-013,L013-P027,8.692,8.861,9.1701,9.3594,9.3525,0.5182,-1.2746,-0.9485,-0.352,0.0133,0.007042,0.003461,0,0
LOT-013,L013-P028,10.359,10.5126,10.5928,10.9779,9.3525,0.5182,1.9423,2.2387,2.3935,3.1366,0.0064,0.003231,0,0
LOT-013,L013-P029,9.2169,9.3741,9.6135,10.1233,9.3525,0.5182,-0.2617,0.0417,0.5037,1.4875,0.00655,0.005203,0,0
LOT-013,L013-P030,9.2187,9.429,9.7486,10.1398,9.3525,0.5182,-0.2582,0.1476,0.7644,1.5193,0.008763,0.004936,0,0
LOT-013,L013-P031,8.2261,8.2217,8.4356,8.9059,9.3525,0.5182,-2.1737,-2.1822,-1.7694,-0.8618,-0.000183,0.004751,0,0
LOT-013,L013-P032,9.233,9.4363,9.7536,9.8755,9.3525,0.5182,-0.2306,0.1617,0.774,1.0093,0.008471,0.00305,0,0
LOT-013,L013-P033,9.4872,9.4723,9.7908,9.9093,9.3525,0.5182,0.2599,0.2312,0.8458,1.0745,-0.000621,0.003035,0,0
LOT-013,L013-P034,9.4438,9.7705,10.0804,10.2154,9.3525,0.5182,0.1762,0.8066,1.4047,1.6652,0.013613,0.00309,0,0
LOT-013,L013-P035,9.2076,9.3398,9.4224,9.6115,9.3525,0.5182,-0.2796,-0.0245,0.1349,0.4998,0.005508,0.001887,0,0
LOT-013,L013-P036,9.3703,9.4092,9.6883,9.9196,9.3525,0.5182,0.0343,0.1094,0.648,1.0944,0.001621,0.003544,0,0
LOT-013,L013-P037,9.6976,9.8924,10.1004,10.1099,9.3525,0.5182,0.666,1.0419,1.4433,1.4616,0.008117,0.00151,0,0
LOT-013,L013-P038,10.101,10.334,10.4734,10.5277,9.3525,0.5182,1.4444,1.8941,2.1631,2.2679,0.009708,0.001345,0,0
LOT-013,L013-P039,10.3194,10.5571,10.7525,11.2453,9.3525,0.5182,1.8659,2.3246,2.7017,3.6526,0.009904,0.004779,0,0
LOT-013,L013-P040,8.8372,8.946,9.2588,9.3681,9.3525,0.5182,-0.9944,-0.7844,-0.1808,0.0301,0.004533,0.002931,0,0
LOT-013,L013-P041,10.1673,10.1694,10.3676,10.5375,9.3525,0.5182,1.5724,1.5764,1.9589,2.2868,8.8e-05,0.002556,0,0
LOT-013,L013-P042,9.0253,9.1062,9.4523,9.5147,9.3525,0.5182,-0.6314,-0.4753,0.1926,0.313,0.003371,0.002837,0,0
LOT-013,L013-P043,9.2598,9.3872,9.5674,9.7021,9.3525,0.5182,-0.1789,0.067,0.4147,0.6746,0.005308,0.002187,0,0
LOT-013,L013-P044,9.1522,9.2234,9.5962,9.845,9.3525,0.5182,-0.3865,-0.2491,0.4703,0.9504,0.002967,0.004317,0,0
LOT-013,L013-P045,10.2684,10.383,10.6652,10.6248,9.3525,0.5182,1.7675,1.9886,2.5332,2.4552,0.004775,0.001679,0,0
LOT-013,L013-P046,10.0741,10.3326,10.6101,10.671,9.3525,0.5182,1.3925,1.8914,2.4269,2.5444,0.010771,0.00235,0,0
LOT-013,L013-P047,9.1026,9.1013,9.3162,9.4934,9.3525,0.5182,-0.4822,-0.4848,-0.0701,0.2719,-5.4e-05,0.002723,0,0
LOT-013,L013-P048,9.7233,9.9913,10.2032,10.5223,9.3525,0.5182,0.7156,1.2327,1.6416,2.2574,0.011167,0.003687,0,0
LOT-013,L013-P049,10.1672,10.3502,10.7094,10.9024,9.3525,0.5182,1.5722,1.9253,2.6185,2.9909,0.007625,0.003835,0,0
LOT-013,L013-P050,8.0455,8.0663,8.2488,8.4304,9.3525,0.5182,-2.5222,-2.4821,-2.1299,-1.7794,0.000867,0.002528,0,0
LOT-013,L013-P051,8.7835,9.0972,9.2571,9.5077,9.3525,0.5182,-1.098,-0.4927,-0.1841,0.2995,0.013071,0.002851,0,0
LOT-013,L013-P052,9.3076,9.478,9.7374,9.7722,9.3525,0.5182,-0.0866,0.2422,0.7428,0.8099,0.0071,0.002043,0,0
LOT-013,L013-P053,8.8135,9.0452,9.1853,9.5105,9.3525,0.5182,-1.0401,-0.593,-0.3227,0.3049,0.009654,0.003231,0,0
LOT-013,L013-P054,9.4361,9.6291,9.7729,9.9613,9.3525,0.5182,0.1613,0.5338,0.8113,1.1748,0.008042,0.002307,0,0
LOT-013,L013-P055,9.6673,9.9011,10.1678,10.4859,9.3525,0.5182,0.6075,1.0587,1.5733,2.1872,0.009742,0.004061,0,0
LOT-013,L013-P056,9.5615,9.8012,9.9834,10.1676,9.3525,0.5182,0.4033,0.8659,1.2175,1.5729,0.009987,0.002544,0,0
LOT-013,L013-P057,9.0747,9.3886,9.6828,10.0055,9.3525,0.5182,-0.5361,0.0697,0.6374,1.2601,0.013079,0.004284,0,0
LOT-013,L013-P058,8.5334,8.8805,9.2012,9.3663,9.3525,0.5182,-1.5807,-0.9108,-0.292,0.0266,0.014462,0.003374,0,0
LOT-013,L013-P059,9.2475,9.4276,9.5231,9.7724,9.3525,0.5182,-0.2026,0.1449,0.3292,0.8103,0.007504,0.002394,0,0
LOT-013,L013-P060,9.7845,9.8766,9.9549,10.0312,9.3525,0.5182,0.8337,1.0114,1.1625,1.3097,0.003838,0.001074,0,0
LOT-013,L013-P061,9.1314,10.5223,15.0007,18.5846,9.3525,0.5182,-0.4267,2.2574,10.8997,17.8157,0.057954,0.055988,0,1
LOT-013,L013-P062,8.9812,10.6108,14.5187,20.8285,9.3525,0.5182,-0.7165,2.4282,9.9695,22.1459,0.0679,0.070956,0,1
LOT-013,L013-P063,9.772,9.9164,10.3718,10.4905,9.3525,0.5182,0.8095,1.0882,1.967,2.1961,0.006017,0.003987,0,0
LOT-013,L013-P064,10.4435,10.8827,11.2222,11.4825,9.3525,0.5182,2.1054,2.9529,3.6081,4.1104,0.0183,0.004165,0,0
LOT-013,L013-P065,9.7646,9.9716,10.1624,10.4599,9.3525,0.5182,0.7953,1.1947,1.5629,2.137,0.008625,0.003391,0,0
LOT-013,L013-P066,9.3529,9.5242,9.7364,9.8199,9.3525,0.5182,0.0008,0.3313,0.7408,0.902,0.007138,0.002053,0,0
LOT-013,L013-P067,9.4251,9.7373,10.0496,10.2736,9.3525,0.5182,0.1401,0.7426,1.3452,1.7775,0.013008,0.003724,0,0
LOT-013,L013-P068,9.6045,9.792,9.9384,10.0553,9.3525,0.5182,0.4863,0.8481,1.1306,1.3562,0.007812,0.001828,0,0
LOT-013,L013-P069,10.2656,10.3819,10.636,10.8795,9.3525,0.5182,1.7621,1.9865,2.4768,2.9467,0.004846,0.003456,0,0
LOT-013,L013-P070,9.1483,9.4034,9.5311,9.7618,9.3525,0.5182,-0.3941,0.0982,0.3447,0.7898,0.010629,0.002489,0,0
LOT-013,L013-P071,8.7115,8.9837,9.112,9.3588,9.3525,0.5182,-1.237,-0.7117,-0.4641,0.0122,0.011342,0.002605,0,0
LOT-013,L013-P072,8.7461,8.8729,9.0202,9.0767,9.3525,0.5182,-1.1702,-0.9255,-0.6413,-0.5322,0.005283,0.001415,0,0
LOT-013,L013-P073,9.0523,9.3235,9.4898,9.6839,9.3525,0.5182,-0.5793,-0.056,0.265,0.6395,0.0113,0.002503,0,0
LOT-013,L013-P074,9.5839,9.6697,9.9423,10.1561,9.3525,0.5182,0.4465,0.6121,1.1382,1.5508,0.003575,0.003378,0,0
LOT-013,L013-P075,10.3664,10.5346,10.881,11.106,9.3525,0.5182,1.9566,2.2812,2.9496,3.3838,0.007008,0.003968,0,0
LOT-013,L013-P076,9.5594,9.6085,9.9553,10.1442,9.3525,0.5182,0.3993,0.494,1.1633,1.5278,0.002046,0.00372,0,0
LOT-013,L013-P077,9.2015,9.2242,9.4155,9.4521,9.3525,0.5182,-0.2914,-0.2476,0.1216,0.1922,0.000946,0.001583,0,0
LOT-013,L013-P078,9.1324,9.3245,9.7708,9.9092,9.3525,0.5182,-0.4247,-0.054,0.8072,1.0743,0.008004,0.00406,0,0
LOT-013,L013-P079,8.822,9.0676,9.3994,9.6948,9.3525,0.5182,-1.0237,-0.5498,0.0905,0.6606,0.010233,0.004356,0,0
LOT-013,L013-P080,9.9839,10.1355,10.3965,10.7261,9.3525,0.5182,1.2184,1.511,2.0147,2.6507,0.006317,0.004101,0,0
LOT-013,L013-P081,9.646,9.7184,9.8823,10.22,9.3525,0.5182,0.5664,0.7061,1.0224,1.6741,0.003017,0.003483,0,0
LOT-013,L013-P082,9.8811,10.1558,10.3366,10.6362,9.3525,0.5182,1.0201,1.5502,1.8991,2.4772,0.011446,0.003336,0,0
LOT-013,L013-P083,9.4352,9.8266,10.1364,10.3413,9.3525,0.5182,0.1596,0.9149,1.5127,1.9081,0.016308,0.003574,0,0
LOT-013,L013-P084,9.7269,9.8342,10.0803,10.3565,9.3525,0.5182,0.7225,0.9296,1.4045,1.9375,0.004471,0.003627,0,0
LOT-013,L013-P085,9.7805,10.0299,10.2301,10.4878,9.3525,0.5182,0.8259,1.3072,1.6936,2.1909,0.010392,0.00318,0,0
LOT-013,L013-P086,8.5708,8.684,9.1077,9.2005,9.3525,0.5182,-1.5085,-1.29,-0.4724,-0.2933,0.004717,0.003587,0,0
LOT-013,L013-P087,10.0274,10.1004,10.4841,10.839,9.3525,0.5182,1.3024,1.4433,2.1837,2.8686,0.003042,0.005129,0,0
LOT-013,L013-P088,9.5184,9.5947,9.779,9.9024,9.3525,0.5182,0.3201,0.4674,0.823,1.0612,0.003179,0.002137,0,0
LOT-013,L013-P089,9.3036,9.5047,9.7507,10.0252,9.3525,0.5182,-0.0944,0.2937,0.7684,1.2981,0.008379,0.003615,0,0
LOT-013,L013-P090,47.7201,64.7506,76.8464,91.0573,9.3525,0.5182,74.0401,106.9049,130.2468,157.6704,0.709604,0.182685,1,1
LOT-013,L013-P091,9.401,9.5867,9.9106,9.9962,9.3525,0.5182,0.0936,0.4519,1.077,1.2422,0.007738,0.002844,0,0
LOT-013,L013-P092,48.7724,57.6481,77.1559,110.1921,9.3525,0.5182,76.0708,93.1988,130.8441,194.5959,0.369821,0.364889,1,1
LOT-013,L013-P093,9.3978,9.5308,9.8039,9.8905,9.3525,0.5182,0.0874,0.3441,0.8711,1.0382,0.005542,0.002498,0,0
LOT-013,L013-P094,9.5338,9.6862,9.7491,9.8317,9.3525,0.5182,0.3499,0.644,0.7653,0.9247,0.00635,0.00101,0,0
LOT-013,L013-P095,9.5364,9.7997,9.9231,10.1712,9.3525,0.5182,0.3549,0.863,1.1011,1.5799,0.010971,0.00258,0,0
LOT-013,L013-P096,8.9001,8.9573,9.162,9.2774,9.3525,0.5182,-0.873,-0.7626,-0.3676,-0.1449,0.002383,0.002223,0,0
LOT-013,L013-P097,9.8102,9.981,10.2458,10.3696,9.3525,0.5182,0.8832,1.2129,1.7239,1.9628,0.007117,0.002699,0,0
LOT-013,L013-P098,9.4615,9.7175,10.0947,10.1505,9.3525,0.5182,0.2103,0.7044,1.4323,1.5399,0.010667,0.003007,0,0
LOT-013,L013-P099,9.7809,9.9851,10.1803,10.5672,9.3525,0.5182,0.8267,1.2208,1.5975,2.3441,0.008508,0.004042,0,0
LOT-013,L013-P100,9.3705,9.4568,9.5828,9.7856,9.3525,0.5182,0.0347,0.2013,0.4444,0.8358,0.003596,0.002283,0,0
LOT-014,L014-P001,9.7573,9.8986,10.144,10.3424,9.7461,0.5173,0.0217,0.2948,0.7692,1.1527,0.005887,0.003082,0,0
LOT-014,L014-P002,10.0996,10.3858,10.8567,11.0204,9.7461,0.5173,0.6834,1.2366,2.1469,2.4634,0.011925,0.004407,0,0
LOT-014,L014-P003,9.0048,9.123,9.2859,9.5584,9.7461,0.5173,-1.433,-1.2045,-0.8896,-0.3628,0.004925,0.003024,0,0
LOT-014,L014-P004,9.9781,10.0395,10.2519,10.2843,9.7461,0.5173,0.4485,0.5672,0.9778,1.0404,0.002558,0.0017,0,0
LOT-014,L014-P005,9.8022,9.9937,10.3308,10.4057,9.7461,0.5173,0.1084,0.4786,1.1303,1.2751,0.007979,0.002861,0,0
LOT-014,L014-P006,8.9533,9.1042,9.5253,9.7965,9.7461,0.5173,-1.5326,-1.2409,-0.4268,0.0974,0.006288,0.004808,0,0
LOT-014,L014-P007,8.7517,9.7522,13.0791,16.8008,9.7461,0.5173,-1.9223,0.0118,6.4431,13.6375,0.041688,0.048949,0,1
LOT-014,L014-P008,9.6649,9.7481,10.1572,10.4449,9.7461,0.5173,-0.157,0.0039,0.7947,1.3509,0.003467,0.004839,0,0
LOT-014,L014-P009,9.8469,10.1112,10.2885,10.4783,9.7461,0.5173,0.1949,0.7058,1.0485,1.4154,0.011013,0.002549,0,0
LOT-014,L014-P010,9.9617,10.2351,10.4828,10.8106,9.7461,0.5173,0.4168,0.9453,1.4241,2.0578,0.011392,0.003997,0,0
LOT-014,L014-P011,10.2538,10.4873,10.7333,10.7441,9.7461,0.5173,0.9814,1.4328,1.9084,1.9292,0.009729,0.001783,0,0
LOT-014,L014-P012,9.0059,9.1478,9.3679,9.5321,9.7461,0.5173,-1.4309,-1.1566,-0.7311,-0.4137,0.005912,0.002669,0,0
LOT-014,L014-P013,8.9829,10.756,13.6434,17.8538,9.7461,0.5173,-1.4754,1.9523,7.5339,15.6731,0.073879,0.04929,0,1
LOT-014,L014-P014,10.275,10.4621,10.8095,11.215,9.7461,0.5173,1.0224,1.3841,2.0557,2.8396,0.007796,0.005228,0,0
LOT-014,L014-P015,10.0475,10.1955,10.4584,10.6521,9.7461,0.5173,0.5826,0.8687,1.377,1.7514,0.006167,0.003171,0,0
LOT-014,L014-P016,9.4048,9.5445,9.8506,9.89,9.7461,0.5173,-0.6598,-0.3897,0.202,0.2782,0.005821,0.002399,0,0
LOT-014,L014-P017,9.2665,9.4475,9.5778,9.7513,9.7461,0.5173,-0.9271,-0.5772,-0.3253,0.0101,0.007542,0.00211,0,0
LOT-014,L014-P018,10.4549,10.6722,11.0012,11.0312,9.7461,0.5173,1.3702,1.7903,2.4263,2.4842,0.009054,0.002493,0,0
LOT-014,L014-P019,9.7115,9.7774,10.0668,10.3497,9.7461,0.5173,-0.0669,0.0605,0.6199,1.1668,0.002746,0.003974,0,0
LOT-014,L014-P020,9.4193,11.2114,13.9721,19.7584,9.7461,0.5173,-0.6317,2.8326,8.1693,19.3549,0.074671,0.059354,0,1
LOT-014,L014-P021,10.2861,10.4644,10.8164,10.7795,9.7461,0.5173,1.0439,1.3886,2.069,1.9977,0.007429,0.002188,0,0
LOT-014,L014-P022,9.355,10.2688,13.5907,18.8582,9.7461,0.5173,-0.756,1.0104,7.4321,17.6147,0.038075,0.059649,0,1
LOT-014,L014-P023,9.9326,10.0642,10.3639,10.6177,9.7461,0.5173,0.3605,0.6149,1.1943,1.6849,0.005483,0.003844,0,0
LOT-014,L014-P024,10.0784,10.1603,10.3263,10.529,9.7461,0.5173,0.6424,0.8007,1.1216,1.5134,0.003412,0.00256,0,0
LOT-014,L014-P025,9.1997,9.3488,9.3783,9.7173,9.7461,0.5173,-1.0563,-0.768,-0.711,-0.0557,0.006213,0.002559,0,0
LOT-014,L014-P026,9.0502,9.1992,9.3395,9.5739,9.7461,0.5173,-1.3453,-1.0572,-0.786,-0.3329,0.006208,0.002602,0,0
LOT-014,L014-P027,9.2348,9.4022,9.683,9.823,9.7461,0.5173,-0.9884,-0.6648,-0.122,0.1487,0.006975,0.002922,0,0
LOT-014,L014-P028,9.8183,10.1611,10.447,10.6191,9.7461,0.5173,0.1396,0.8022,1.3549,1.6876,0.014283,0.003181,0,0
LOT-014,L014-P029,9.8828,11.5617,14.6916,18.143,9.7461,0.5173,0.2643,3.5098,9.5602,16.2322,0.069954,0.045703,0,1
LOT-014,L014-P030,9.5375,9.7242,10.0653,10.2469,9.7461,0.5173,-0.4032,-0.0423,0.6171,0.9681,0.007779,0.00363,0,0
LOT-014,L014-P031,9.2083,9.422,9.6756,9.9667,9.7461,0.5173,-1.0396,-0.6265,-0.1363,0.4264,0.008904,0.003783,0,0
LOT-014,L014-P032,9.8048,9.9997,10.3416,10.6435,9.7461,0.5173,0.1135,0.4902,1.1512,1.7348,0.008121,0.004471,0,0
LOT-014,L014-P033,10.0902,10.1886,10.4067,10.4611,9.7461,0.5173,0.6652,0.8554,1.277,1.3822,0.0041,0.001892,0,0
LOT-014,L014-P034,9.6212,9.9186,10.2191,10.4627,9.7461,0.5173,-0.2414,0.3335,0.9144,1.3853,0.012392,0.003778,0,0
LOT-014,L014-P035,9.3561,9.4636,9.6413,9.8064,9.7461,0.5173,-0.7539,-0.5461,-0.2026,0.1166,0.004479,0.002381,0,0
LOT-014,L014-P036,9.6315,9.6962,10.0421,10.3548,9.7461,0.5173,-0.2215,-0.0965,0.5722,1.1767,0.002696,0.004574,0,0
LOT-014,L014-P037,9.8113,10.975,14.9881,18.8889,9.7461,0.5173,0.126,2.3756,10.1334,17.6741,0.048488,0.054958,0,1
LOT-014,L014-P038,10.1486,10.4945,10.6658,10.9349,9.7461,0.5173,0.7781,1.4467,1.7779,2.2981,0.014413,0.003058,0,0
LOT-014,L014-P039,9.1837,9.5496,9.7468,10.0425,9.7461,0.5173,-1.0872,-0.3799,0.0014,0.573,0.015246,0.003423,0,0
LOT-014,L014-P040,9.6912,9.9035,10.1992,10.2565,9.7461,0.5173,-0.1061,0.3043,0.8759,0.9867,0.008846,0.002451,0,0
LOT-014,L014-P041,9.5015,9.6401,9.952,10.2913,9.7461,0.5173,-0.4728,-0.2049,0.398,1.0539,0.005775,0.004522,0,0
LOT-014,L014-P042,9.8036,9.881,10.2027,10.4205,9.7461,0.5173,0.1112,0.2608,0.8827,1.3037,0.003225,0.003747,0,0
LOT-014,L014-P043,9.624,10.6954,14.9056,19.1183,9.7461,0.5173,-0.236,1.8351,9.9739,18.1175,0.044642,0.058492,0,1
LOT-014,L014-P044,9.2671,9.438,9.6737,9.8572,9.7461,0.5173,-0.926,-0.5956,-0.14,0.2148,0.007121,0.002911,0,0
LOT-014,L014-P045,10.2496,10.4795,10.5641,10.6607,9.7461,0.5173,0.9733,1.4177,1.5813,1.768,0.009579,0.001258,0,0
LOT-014,L014-P046,11.1842,11.2811,11.3958,11.6692,9.7461,0.5173,2.78,2.9673,3.1891,3.7176,0.004037,0.002695,0,0
LOT-014,L014-P047,9.7392,9.8918,10.0818,10.0854,9.7461,0.5173,-0.0133,0.2817,0.6489,0.6559,0.006358,0.001344,0,0
LOT-014,L014-P048,8.7208,8.7809,9.1207,9.4332,9.7461,0.5173,-1.982,-1.8658,-1.209,-0.6049,0.002504,0.00453,0,0
LOT-014,L014-P049,10.069,10.135,10.2042,10.5225,9.7461,0.5173,0.6242,0.7518,0.8856,1.5009,0.00275,0.002691,0,0
LOT-014,L014-P050,9.3215,9.4673,9.6914,9.8726,9.7461,0.5173,-0.8208,-0.539,-0.1057,0.2445,0.006075,0.002815,0,0
LOT-014,L014-P051,9.9508,10.1421,10.602,10.6634,9.7461,0.5173,0.3957,0.7655,1.6546,1.7732,0.007971,0.00362,0,0
LOT-014,L014-P052,10.2151,10.4008,10.8566,10.9128,9.7461,0.5173,0.9066,1.2656,2.1467,2.2554,0.007738,0.003556,0,0
LOT-014,L014-P053,9.0907,9.3058,9.726,9.9224,9.7461,0.5173,-1.267,-0.8512,-0.0389,0.3408,0.008962,0.004282,0,0
LOT-014,L014-P054,8.7416,8.9213,9.0123,9.1458,9.7461,0.5173,-1.9418,-1.5944,-1.4185,-1.1604,0.007488,0.001559,0,0
LOT-014,L014-P055,9.4004,9.5384,9.6051,9.8311,9.7461,0.5173,-0.6683,-0.4015,-0.2726,0.1643,0.00575,0.002033,0,0
LOT-014,L014-P056,9.9169,10.0317,10.2452,10.4956,9.7461,0.5173,0.3302,0.5521,0.9648,1.4489,0.004783,0.003222,0,0
LOT-014,L014-P057,9.9321,10.1188,10.517,10.6138,9.7461,0.5173,0.3596,0.7205,1.4902,1.6774,0.007779,0.003437,0,0
LOT-014,L014-P058,9.9734,11.3124,14.3882,17.8091,9.7461,0.5173,0.4394,3.0278,8.9737,15.5867,0.055792,0.045116,0,1
LOT-014,L014-P059,9.6952,9.7725,10.1701,10.4192,9.7461,0.5173,-0.0984,0.051,0.8196,1.3012,0.003221,0.004491,0,0
LOT-014,L014-P060,9.6276,9.8258,9.9109,10.1682,9.7461,0.5173,-0.2291,0.1541,0.3186,0.816,0.008258,0.002378,0,0
LOT-014,L014-P061,9.3009,9.5892,9.7925,9.9296,9.7461,0.5173,-0.8606,-0.3033,0.0897,0.3547,0.012012,0.002364,0,0
LOT-014,L014-P062,8.3917,8.5325,8.7675,8.9046,9.7461,0.5173,-2.6182,-2.346,-1.8917,-1.6267,0.005867,0.002584,0,0
LOT-014,L014-P063,10.6924,10.9128,11.2156,11.2257,9.7461,0.5173,1.8293,2.2554,2.8407,2.8602,0.009183,0.002173,0,0
LOT-014,L014-P064,9.6797,9.7818,9.9536,10.1097,9.7461,0.5173,-0.1284,0.069,0.4011,0.7029,0.004254,0.002277,0,0
LOT-014,L014-P065,9.4381,9.4379,9.7215,9.8942,9.7461,0.5173,-0.5954,-0.5958,-0.0476,0.2863,-8e-06,0.003169,0,0
LOT-014,L014-P066,10.248,10.3864,10.5119,10.826,9.7461,0.5173,0.9702,1.2378,1.4804,2.0876,0.005767,0.003053,0,0
LOT-014,L014-P067,9.1359,9.2601,9.5225,9.6844,9.7461,0.5173,-1.1796,-0.9395,-0.4322,-0.1193,0.005175,0.002947,0,0
LOT-014,L014-P068,9.0894,9.3904,9.5273,9.6708,9.7461,0.5173,-1.2695,-0.6876,-0.423,-0.1456,0.012542,0.001947,0,0
LOT-014,L014-P069,9.5545,10.6599,13.4752,17.0842,9.7461,0.5173,-0.3704,1.7665,7.2088,14.1854,0.046058,0.044613,0,1
LOT-014,L014-P070,9.7655,9.9204,10.1833,10.1452,9.7461,0.5173,0.0375,0.3369,0.8452,0.7715,0.006454,0.001561,0,0
LOT-014,L014-P071,9.1586,9.2558,9.5671,9.8057,9.7461,0.5173,-1.1357,-0.9478,-0.346,0.1152,0.00405,0.003819,0,0
LOT-014,L014-P072,10.1047,10.1225,10.2839,10.4506,9.7461,0.5173,0.6932,0.7276,1.0396,1.3619,0.000742,0.002278,0,0
LOT-014,L014-P073,9.0046,9.1943,9.5851,9.7623,9.7461,0.5173,-1.4334,-1.0667,-0.3112,0.0313,0.007904,0.003944,0,0
LOT-014,L014-P074,9.802,9.9094,10.2552,10.5216,9.7461,0.5173,0.1081,0.3157,0.9841,1.4991,0.004475,0.004251,0,0
LOT-014,L014-P075,9.9906,10.1081,10.1836,10.2915,9.7461,0.5173,0.4726,0.6998,0.8457,1.0543,0.004896,0.001274,0,0
LOT-014,L014-P076,9.973,10.0434,10.3999,10.5741,9.7461,0.5173,0.4386,0.5747,1.2639,1.6006,0.002933,0.003685,0,0
LOT-014,L014-P077,9.7716,9.9683,10.2751,10.4055,9.7461,0.5173,0.0493,0.4295,1.0226,1.2747,0.008196,0.003036,0,0
LOT-014,L014-P078,9.1133,10.5248,14.4169,18.6155,9.7461,0.5173,-1.2233,1.5053,9.0292,17.1456,0.058813,0.056185,0,1
LOT-014,L014-P079,10.4831,10.6747,10.8543,11.2236,9.7461,0.5173,1.4247,1.7951,2.1423,2.8562,0.007983,0.003812,0,0
LOT-014,L014-P080,9.8208,9.8522,9.9608,10.2504,9.7461,0.5173,0.1444,0.2051,0.415,0.9749,0.001308,0.002765,0,0
LOT-014,L014-P081,8.8458,8.9987,9.2445,9.4465,9.7461,0.5173,-1.7404,-1.4448,-0.9697,-0.5792,0.006371,0.00311,0,0
LOT-014,L014-P082,9.331,9.4751,9.7453,10.003,9.7461,0.5173,-0.8024,-0.5239,-0.0015,0.4966,0.006004,0.003666,0,0
LOT-014,L014-P083,9.4042,9.7075,10.083,10.2144,9.7461,0.5173,-0.6609,-0.0746,0.6513,0.9053,0.012638,0.00352,0,0
LOT-014,L014-P084,10.1704,10.3081,10.5089,10.6185,9.7461,0.5173,0.8202,1.0864,1.4746,1.6864,0.005737,0.002156,0,0
LOT-014,L014-P085,8.8158,8.8557,9.088,9.2962,9.7461,0.5173,-1.7984,-1.7212,-1.2722,-0.8697,0.001663,0.003059,0,0
LOT-014,L014-P086,9.5551,9.7942,10.0036,10.2653,9.7461,0.5173,-0.3692,0.093,0.4978,1.0037,0.009963,0.003272,0,0
LOT-014,L014-P087,9.966,10.1778,10.3531,10.525,9.7461,0.5173,0.4251,0.8345,1.1734,1.5057,0.008825,0.002411,0,0
LOT-014,L014-P088,9.0204,10.6457,13.3976,19.5584,9.7461,0.5173,-1.4029,1.739,7.0588,18.9683,0.067721,0.061894,0,1
LOT-014,L014-P089,10.6061,10.7669,11.1387,11.3867,9.7461,0.5173,1.6625,1.9733,2.6921,3.1715,0.0067,0.004304,0,0
LOT-014,L014-P090,9.6461,9.9438,10.1916,10.4624,9.7461,0.5173,-0.1933,0.3822,0.8612,1.3847,0.012404,0.003601,0,0
LOT-014,L014-P091,10.0474,10.2687,10.3892,10.6112,9.7461,0.5173,0.5824,1.0102,1.2432,1.6723,0.009221,0.002378,0,0
LOT-014,L014-P092,10.8547,10.9971,11.263,11.5786,9.7461,0.5173,2.1431,2.4183,2.9323,3.5424,0.005933,0.004038,0,0
LOT-014,L014-P093,9.1507,9.2535,9.4383,9.6428,9.7461,0.5173,-1.151,-0.9523,-0.595,-0.1997,0.004283,0.002703,0,0
LOT-014,L014-P094,9.5972,9.7968,10.0198,10.0654,9.7461,0.5173,-0.2878,0.098,0.5291,0.6172,0.008317,0.001865,0,0
LOT-014,L014-P095,9.5864,9.89,10.1917,10.5184,9.7461,0.5173,-0.3087,0.2782,0.8614,1.4929,0.01265,0.004364,0,0
LOT-014,L014-P096,9.6345,9.7203,10.1172,10.255,9.7461,0.5173,-0.2157,-0.0499,0.7174,0.9838,0.003575,0.003713,0,0
LOT-014,L014-P097,9.1557,9.3047,9.5949,9.6496,9.7461,0.5173,-1.1413,-0.8533,-0.2923,-0.1865,0.006208,0.002395,0,0
LOT-014,L014-P098,9.0791,9.2637,9.605,9.8472,9.7461,0.5173,-1.2894,-0.9325,-0.2728,0.1954,0.007692,0.004052,0,0
LOT-014,L014-P099,9.9775,10.1568,10.5037,10.5337,9.7461,0.5173,0.4473,0.7939,1.4645,1.5225,0.007471,0.002617,0,0
LOT-014,L014-P100,9.3389,11.0981,15.0295,20.788,9.7461,0.5173,-0.7872,2.6136,10.2134,21.3453,0.0733,0.067291,0,1
LOT-015,L015-P001,9.8883,9.9702,10.4399,10.7166,9.794,0.4637,0.2034,0.38,1.3929,1.9896,0.003413,0.005183,0,0
LOT-015,L015-P002,9.7932,9.7948,10.2329,10.439,9.794,0.4637,-0.0017,0.0017,0.9465,1.391,6.7e-05,0.004474,0,0
LOT-015,L015-P003,9.0417,9.2509,9.497,9.6315,9.794,0.4637,-1.6224,-1.1712,-0.6405,-0.3504,0.008717,0.002643,0,0
LOT-015,L015-P004,8.8436,9.1448,9.4359,9.6592,9.794,0.4637,-2.0496,-1.4,-0.7723,-0.2907,0.01255,0.003572,0,0
LOT-015,L015-P005,9.2677,9.4162,9.5899,9.7139,9.794,0.4637,-1.135,-0.8148,-0.4402,-0.1727,0.006188,0.002067,0,0
LOT-015,L015-P006,9.6115,9.7378,10.0013,10.1698,9.794,0.4637,-0.3936,-0.1212,0.4471,0.8104,0.005263,0.003,0,0
LOT-015,L015-P007,9.0541,10.4948,13.8227,17.7679,9.794,0.4637,-1.5956,1.5113,8.6882,17.1962,0.060029,0.050508,0,1
LOT-015,L015-P008,9.3404,9.6642,9.9695,10.0759,9.794,0.4637,-0.9782,-0.2799,0.3785,0.6079,0.013492,0.002859,0,0
LOT-015,L015-P009,10.0995,10.3663,10.651,10.7825,9.794,0.4637,0.6588,1.2342,1.8482,2.1318,0.011117,0.00289,0,0
LOT-015,L015-P010,9.2054,9.5083,9.7472,9.9771,9.794,0.4637,-1.2694,-0.6161,-0.1009,0.3949,0.012621,0.003256,0,0
LOT-015,L015-P011,9.6655,9.8842,10.0936,10.1348,9.794,0.4637,-0.2771,0.1945,0.6461,0.735,0.009113,0.00174,0,0
LOT-015,L015-P012,9.4601,9.5662,9.6909,9.8694,9.794,0.4637,-0.7201,-0.4913,-0.2223,0.1626,0.004421,0.002106,0,0
LOT-015,L015-P013,9.5623,9.7621,10.1436,10.472,9.794,0.4637,-0.4997,-0.0688,0.7539,1.4622,0.008325,0.00493,0,0
LOT-015,L015-P014,10.228,10.4702,10.7233,10.8335,9.794,0.4637,0.9359,1.4583,2.0041,2.2418,0.010092,0.002523,0,0
LOT-015,L015-P015,10.0151,10.1559,10.3964,10.4852,9.794,0.4637,0.4768,0.7805,1.2991,1.4906,0.005867,0.002287,0,0
LOT-015,L015-P016,9.8015,9.9929,10.1914,10.2988,9.794,0.4637,0.0162,0.4289,0.857,1.0886,0.007975,0.002124,0,0
LOT-015,L015-P017,9.2785,9.3812,9.7086,9.9265,9.794,0.4637,-1.1117,-0.8902,-0.1842,0.2857,0.004279,0.003787,0,0
LOT-015,L015-P018,10.0354,10.1291,10.4788,10.7915,9.794,0.4637,0.5206,0.7227,1.4768,2.1512,0.003904,0.0046,0,0
LOT-015,L015-P019,9.7566,10.0006,10.2343,10.5528,9.794,0.4637,-0.0807,0.4455,0.9495,1.6364,0.010167,0.003835,0,0
LOT-015,L015-P020,9.6784,9.7653,9.974,10.1772,9.794,0.4637,-0.2493,-0.0619,0.3882,0.8264,0.003621,0.00286,0,0
LOT-015,L015-P021,10.1115,10.3771,10.7001,10.9242,9.794,0.4637,0.6847,1.2575,1.9541,2.4374,0.011067,0.003799,0,0
LOT-015,L015-P022,44.4698,60.3433,78.4633,97.9129,9.794,0.4637,74.7807,109.0129,148.0899,190.0343,0.661396,0.2609,1,1
LOT-015,L015-P023,9.759,10.0191,10.2914,10.5897,9.794,0.4637,-0.0755,0.4854,1.0727,1.716,0.010837,0.003963,0,0
LOT-015,L015-P024,10.0575,10.3244,10.6078,10.5585,9.794,0.4637,0.5683,1.1438,1.755,1.6487,0.011121,0.001626,0,0
LOT-015,L015-P025,9.1533,9.2084,9.4839,9.6137,9.794,0.4637,-1.3817,-1.2629,-0.6688,-0.3888,0.002296,0.002815,0,0
LOT-015,L015-P026,10.5737,10.683,10.9477,11.0797,9.794,0.4637,1.6815,1.9172,2.488,2.7727,0.004554,0.002755,0,0
LOT-015,L015-P027,9.6171,9.8275,10.1066,10.3805,9.794,0.4637,-0.3815,0.0722,0.6741,1.2648,0.008767,0.00384,0,0
LOT-015,L015-P028,11.1551,11.2529,11.3319,11.4925,9.794,0.4637,2.9353,3.1462,3.3166,3.6629,0.004075,0.001664,0,0
LOT-015,L015-P029,9.0927,9.209,9.525,9.6827,9.794,0.4637,-1.5124,-1.2616,-0.5801,-0.24,0.004846,0.00329,0,0
LOT-015,L015-P030,9.3513,10.4958,13.1189,17.0638,9.794,0.4637,-0.9547,1.5135,7.1704,15.6778,0.047687,0.045611,0,1
LOT-015,L015-P031,10.0343,10.1931,10.4797,10.4856,9.794,0.4637,0.5182,0.8607,1.4788,1.4915,0.006617,0.002031,0,0
LOT-015,L015-P032,8.6881,8.8745,9.2845,9.5754,9.794,0.4637,-2.3849,-1.983,-1.0988,-0.4714,0.007767,0.004867,0,0
LOT-015,L015-P033,41.8491,58.9216,80.0263,104.5116,9.794,0.4637,69.129,105.9469,151.4606,204.2648,0.711354,0.316597,1,1
LOT-015,L015-P034,10.001,10.2042,10.2389,10.3437,9.794,0.4637,0.4464,0.8846,0.9595,1.1855,0.008467,0.000969,0,0
LOT-015,L015-P035,10.634,10.8114,11.0648,11.043,9.794,0.4637,1.8115,2.1941,2.7406,2.6936,0.007392,0.001608,0,0
LOT-015,L015-P036,9.2523,9.4907,9.6106,9.7891,9.794,0.4637,-1.1682,-0.6541,-0.3955,-0.0106,0.009933,0.002072,0,0
LOT-015,L015-P037,10.2544,10.5306,10.7815,10.9873,9.794,0.4637,0.9929,1.5885,2.1296,2.5734,0.011508,0.003172,0,0
LOT-015,L015-P038,9.6708,9.8171,10.1377,10.4495,9.794,0.4637,-0.2657,0.0498,0.7412,1.4136,0.006096,0.004392,0,0
LOT-015,L015-P039,10.3498,10.5227,10.7273,11.0163,9.794,0.4637,1.1986,1.5715,2.0127,2.636,0.007204,0.003428,0,0
LOT-015,L015-P040,9.5124,9.8724,10.0316,10.3484,9.794,0.4637,-0.6073,0.1691,0.5124,1.1956,0.015,0.003306,0,0
LOT-015,L015-P041,9.9666,10.0707,10.23,10.195,9.794,0.4637,0.3722,0.5967,0.9403,0.8648,0.004338,0.000863,0,0
LOT-015,L015-P042,10.5697,10.7704,10.972,11.11,9.794,0.4637,1.6728,2.1057,2.5404,2.838,0.008363,0.002358,0,0
LOT-015,L015-P043,9.5224,9.7378,9.8444,9.9607,9.794,0.4637,-0.5857,-0.1212,0.1087,0.3595,0.008975,0.001548,0,0
LOT-015,L015-P044,8.817,8.9595,9.1691,9.3517,9.794,0.4637,-2.107,-1.7997,-1.3476,-0.9538,0.005938,0.002724,0,0
LOT-015,L015-P045,10.2584,10.4382,10.6339,11.0331,9.794,0.4637,1.0015,1.3893,1.8113,2.6722,0.007492,0.004131,0,0
LOT-015,L015-P046,10.6444,10.7801,10.958,11.1573,9.794,0.4637,1.8339,2.1266,2.5102,2.94,0.005654,0.002619,0,0
LOT-015,L015-P047,9.2717,9.4378,9.6443,9.8885,9.794,0.4637,-1.1264,-0.7682,-0.3228,0.2038,0.006921,0.00313,0,0
LOT-015,L015-P048,9.4459,9.5871,9.8832,9.9205,9.794,0.4637,-0.7507,-0.4462,0.1924,0.2728,0.005883,0.002315,0,0
LOT-015,L015-P049,10.2857,10.4194,10.6436,10.78,9.794,0.4637,1.0604,1.3487,1.8322,2.1264,0.005571,0.002504,0,0
LOT-015,L015-P050,9.532,9.6121,9.9458,10.147,9.794,0.4637,-0.565,-0.3923,0.3274,0.7613,0.003337,0.003715,0,0
LOT-015,L015-P051,9.6514,9.8388,10.1364,10.5894,9.794,0.4637,-0.3075,0.0966,0.7384,1.7153,0.007808,0.005212,0,0
LOT-015,L015-P052,9.3333,9.4722,9.8175,9.9387,9.794,0.4637,-0.9935,-0.694,0.0507,0.3121,0.005788,0.00324,0,0
LOT-015,L015-P053,9.3898,9.5715,9.9909,10.206,9.794,0.4637,-0.8717,-0.4798,0.4246,0.8885,0.007571,0.004406,0,0
LOT-015,L015-P054,9.6583,9.9162,10.0413,10.3362,9.794,0.4637,-0.2926,0.2635,0.5333,1.1693,0.010746,0.002917,0,0
LOT-015,L015-P055,9.711,10.0456,10.3213,10.5202,9.794,0.4637,-0.179,0.5426,1.1372,1.5661,0.013942,0.003296,0,0
LOT-015,L015-P056,10.2719,10.3891,10.7102,11.0093,9.794,0.4637,1.0306,1.2834,1.9758,2.6209,0.004883,0.004307,0,0
LOT-015,L015-P057,9.6539,9.726,9.9304,9.9957,9.794,0.4637,-0.3021,-0.1466,0.2942,0.435,0.003004,0.001873,0,0
LOT-015,L015-P058,9.3772,9.4883,9.8229,9.8031,9.794,0.4637,-0.8989,-0.6593,0.0623,0.0196,0.004629,0.002186,0,0
LOT-015,L015-P059,9.3848,9.5064,9.7375,9.9556,9.794,0.4637,-0.8825,-0.6202,-0.1218,0.3485,0.005067,0.003119,0,0
LOT-015,L015-P060,9.4161,9.4681,9.5273,9.7298,9.794,0.4637,-0.815,-0.7028,-0.5752,-0.1385,0.002167,0.001817,0,0
LOT-015,L015-P061,9.4818,9.5623,9.8573,9.9865,9.794,0.4637,-0.6733,-0.4997,0.1365,0.4151,0.003354,0.002946,0,0
LOT-015,L015-P062,9.5442,9.6912,9.9954,10.0876,9.794,0.4637,-0.5387,-0.2217,0.4343,0.6332,0.006125,0.002753,0,0
LOT-015,L015-P063,9.4969,9.7527,10.0082,10.2504,9.794,0.4637,-0.6407,-0.0891,0.4619,0.9843,0.010658,0.003456,0,0
LOT-015,L015-P064,9.5778,9.7365,9.8885,10.0357,9.794,0.4637,-0.4662,-0.124,0.2038,0.5212,0.006612,0.002078,0,0
LOT-015,L015-P065,9.4646,9.4758,9.8598,9.9911,9.794,0.4637,-0.7104,-0.6862,0.1419,0.4251,0.000467,0.003578,0,0
LOT-015,L015-P066,10.3335,10.479,10.8096,11.0893,9.794,0.4637,1.1635,1.4772,2.1902,2.7934,0.006062,0.004238,0,0
LOT-015,L015-P067,10.6774,10.9974,11.2443,11.47,9.794,0.4637,1.9051,2.5952,3.1277,3.6144,0.013333,0.003282,0,0
LOT-015,L015-P068,9.5015,9.6418,10.0632,10.1598,9.794,0.4637,-0.6308,-0.3282,0.5805,0.7889,0.005846,0.003597,0,0
LOT-015,L015-P069,9.6666,9.8413,9.9838,10.1056,9.794,0.4637,-0.2747,0.102,0.4093,0.672,0.007279,0.001835,0,0
LOT-015,L015-P070,10.1896,10.3467,10.7117,10.8867,9.794,0.4637,0.8531,1.1919,1.9791,2.3565,0.006546,0.00375,0,0
LOT-015,L015-P071,9.6466,9.7923,10.1388,10.4688,9.794,0.4637,-0.3179,-0.0037,0.7436,1.4553,0.006071,0.004698,0,0
LOT-015,L015-P072,10.2393,10.4999,10.5632,10.6994,9.794,0.4637,0.9603,1.5223,1.6588,1.9526,0.010858,0.001385,0,0
LOT-015,L015-P073,9.6818,9.8324,10.1526,10.2194,9.794,0.4637,-0.242,0.0828,0.7733,0.9174,0.006275,0.002688,0,0
LOT-015,L015-P074,10.3371,10.451,10.5758,10.9356,9.794,0.4637,1.1712,1.4169,1.686,2.4619,0.004746,0.003365,0,0
LOT-015,L015-P075,9.4938,9.8872,10.1469,10.4585,9.794,0.4637,-0.6474,0.201,0.7611,1.433,0.016392,0.003967,0,0
LOT-015,L015-P076,9.9016,10.1,10.3624,10.487,9.794,0.4637,0.232,0.6599,1.2258,1.4945,0.008267,0.002688,0,0
LOT-015,L015-P077,10.6955,12.4156,15.8562,18.9577,9.794,0.4637,1.9441,5.6537,13.0735,19.7621,0.071671,0.045431,0,1
LOT-015,L015-P078,9.2997,9.4756,9.9168,10.2332,9.794,0.4637,-1.066,-0.6867,0.2648,0.9472,0.007329,0.005261,0,0
LOT-015,L015-P079,9.933,10.134,10.3122,10.6832,9.794,0.4637,0.2998,0.7332,1.1175,1.9176,0.008375,0.003814,0,0
LOT-015,L015-P080,9.184,9.4688,9.6911,9.8239,9.794,0.4637,-1.3155,-0.7013,-0.2219,0.0645,0.011867,0.002466,0,0
LOT-015,L015-P081,9.9844,10.0542,10.2542,10.4481,9.794,0.4637,0.4106,0.5611,0.9925,1.4106,0.002908,0.002735,0,0
LOT-015,L015-P082,10.0667,10.3237,10.6683,10.9756,9.794,0.4637,0.5881,1.1423,1.8855,2.5482,0.010708,0.004527,0,0
LOT-015,L015-P083,9.6625,9.8026,10.0247,10.2243,9.794,0.4637,-0.2836,0.0185,0.4975,0.928,0.005838,0.002928,0,0
LOT-015,L015-P084,10.1581,10.1959,10.5174,10.694,9.794,0.4637,0.7852,0.8667,1.5601,1.9409,0.001575,0.003459,0,0
LOT-015,L015-P085,10.0689,10.3624,10.7583,11.0923,9.794,0.4637,0.5928,1.2258,2.0796,2.7999,0.012229,0.005069,0,0
LOT-015,L015-P086,9.9291,10.1117,10.449,10.7222,9.794,0.4637,0.2914,0.6851,1.4126,2.0017,0.007608,0.00424,0,0
LOT-015,L015-P087,10.8345,10.7964,11.025,11.3503,9.794,0.4637,2.2439,2.1617,2.6547,3.3563,-0.001588,0.003847,0,0
LOT-015,L015-P088,9.5358,9.7184,10.0822,10.3221,9.794,0.4637,-0.5568,-0.163,0.6215,1.1389,0.007608,0.004192,0,0
LOT-015,L015-P089,10.546,10.8567,11.1011,11.3264,9.794,0.4637,1.6217,2.2918,2.8188,3.3047,0.012946,0.003262,0,0
LOT-015,L015-P090,10.0263,10.1277,10.5382,10.8606,9.794,0.4637,0.501,0.7196,1.6049,2.3002,0.004225,0.00509,0,0
LOT-015,L015-P091,9.6813,10.7947,14.2194,18.5846,9.794,0.4637,-0.243,2.1581,9.5437,18.9575,0.046392,0.054097,0,1
LOT-015,L015-P092,10.1946,10.3586,10.6522,10.8875,9.794,0.4637,0.8639,1.2176,1.8508,2.3582,0.006833,0.003673,0,0
LOT-015,L015-P093,10.0055,10.2224,10.3201,10.5999,9.794,0.4637,0.4561,0.9239,1.1346,1.738,0.009038,0.002622,0,0
LOT-015,L015-P094,44.6019,55.994,70.8342,97.6671,9.794,0.4637,75.0656,99.6334,131.6373,189.5042,0.474671,0.289397,1,1
LOT-015,L015-P095,9.5366,9.8006,10.0831,10.2974,9.794,0.4637,-0.5551,0.0142,0.6235,1.0856,0.011,0.00345,0,0
LOT-015,L015-P096,8.9936,9.176,9.4003,9.6987,9.794,0.4637,-1.7261,-1.3328,-0.849,-0.2055,0.0076,0.00363,0,0
LOT-015,L015-P097,10.5959,10.719,10.9807,11.2043,9.794,0.4637,1.7294,1.9948,2.5592,3.0414,0.005129,0.00337,0,0
LOT-015,L015-P098,9.3585,9.528,9.6991,9.7063,9.794,0.4637,-0.9392,-0.5736,-0.2047,-0.1891,0.007063,0.001238,0,0
LOT-015,L015-P099,10.0777,10.1479,10.5159,10.7891,9.794,0.4637,0.6118,0.7632,1.5568,2.146,0.002925,0.004453,0,0
LOT-015,L015-P100,10.3757,10.5349,10.7878,10.8943,9.794,0.4637,1.2545,1.5978,2.1432,2.3729,0.006633,0.002496,0,0
LOT-016,L016-P001,10.8617,11.0692,11.4435,11.5656,9.9495,0.616,1.4808,1.8177,2.4253,2.6235,0.008646,0.003447,0,0
LOT-016,L016-P002,9.5479,9.578,9.8064,9.88,9.9495,0.616,-0.6519,-0.6031,-0.2323,-0.1128,0.001254,0.002097,0,0
LOT-016,L016-P003,9.9843,10.1685,10.505,10.6573,9.9495,0.616,0.0565,0.3555,0.9018,1.149,0.007675,0.003394,0,0
LOT-016,L016-P004,10.9826,11.0601,11.2074,11.4009,9.9495,0.616,1.6771,1.8029,2.042,2.3562,0.003229,0.002367,0,0
LOT-016,L016-P005,11.6268,11.7366,11.8459,12.0239,9.9495,0.616,2.7229,2.9011,3.0786,3.3675,0.004575,0.001995,0,0
LOT-016,L016-P006,9.871,9.9504,10.2883,10.4839,9.9495,0.616,-0.1274,0.0015,0.55,0.8675,0.003308,0.003705,0,0
LOT-016,L016-P007,10.6194,10.61,10.8954,10.9974,9.9495,0.616,1.0875,1.0722,1.5356,1.7011,-0.000392,0.00269,0,0
LOT-016,L016-P008,10.0501,10.0805,10.2388,10.3484,9.9495,0.616,0.1633,0.2127,0.4696,0.6476,0.001267,0.00186,0,0
LOT-016,L016-P009,10.8094,11.1297,11.3432,11.4591,9.9495,0.616,1.3959,1.9159,2.2625,2.4506,0.013346,0.002287,0,0
LOT-016,L016-P010,10.3728,10.529,10.6137,10.8054,9.9495,0.616,0.6872,0.9407,1.0782,1.3894,0.006508,0.001919,0,0
LOT-016,L016-P011,9.7132,9.895,10.2075,10.4268,9.9495,0.616,-0.3836,-0.0885,0.4188,0.7748,0.007575,0.003693,0,0
LOT-016,L016-P012,10.7564,11.8714,15.5225,21.8496,9.9495,0.616,1.3099,3.12,9.0471,19.3183,0.046458,0.069293,0,1
LOT-016,L016-P013,9.5089,9.6334,9.9245,10.1772,9.9495,0.616,-0.7153,-0.5131,-0.0406,0.3696,0.005187,0.003776,0,0
LOT-016,L016-P014,7.9654,8.177,8.4304,8.4623,9.9495,0.616,-3.2209,-2.8774,-2.4661,-2.4143,0.008817,0.001981,0,0
LOT-016,L016-P015,9.6604,10.9775,14.2175,19.8102,9.9495,0.616,-0.4693,1.6688,6.9286,16.0076,0.054879,0.061338,0,1
LOT-016,L016-P016,10.893,11.136,11.4791,11.6187,9.9495,0.616,1.5317,1.9261,2.4831,2.7097,0.010125,0.003352,0,0
LOT-016,L016-P017,9.271,9.5444,9.7169,9.8315,9.9495,0.616,-1.1015,-0.6576,-0.3776,-0.1916,0.011392,0.001994,0,0
LOT-016,L016-P018,9.7012,9.7861,10.235,10.4328,9.9495,0.616,-0.4031,-0.2653,0.4635,0.7846,0.003537,0.004491,0,0
LOT-016,L016-P019,9.4681,9.7349,9.9888,10.1404,9.9495,0.616,-0.7815,-0.3484,0.0638,0.3099,0.011117,0.002816,0,0
LOT-016,L016-P020,9.7975,10.0724,10.1333,10.2695,9.9495,0.616,-0.2468,0.1995,0.2984,0.5195,0.011454,0.001369,0,0
LOT-016,L016-P021,10.6031,10.75,10.9275,11.159,9.9495,0.616,1.061,1.2995,1.5877,1.9635,0.006121,0.00284,0,0
LOT-016,L016-P022,9.7284,9.9245,10.1844,10.6351,9.9495,0.616,-0.3589,-0.0406,0.3813,1.113,0.008171,0.004935,0,0
LOT-016,L016-P023,11.0212,11.1785,11.226,11.4418,9.9495,0.616,1.7398,1.9951,2.0722,2.4226,0.006554,0.001828,0,0
LOT-016,L016-P024,9.9701,10.3171,10.5245,10.7011,9.9495,0.616,0.0334,0.5968,0.9334,1.2201,0.014458,0.002667,0,0
LOT-016,L016-P025,10.4815,10.8035,10.9056,11.1195,9.9495,0.616,0.8636,1.3864,1.5521,1.8994,0.013417,0.002194,0,0
LOT-016,L016-P026,9.9896,10.1809,10.5982,10.8859,9.9495,0.616,0.0651,0.3756,1.0531,1.5201,0.007971,0.004896,0,0
LOT-016,L016-P027,9.4976,9.576,9.9415,10.3782,9.9495,0.616,-0.7336,-0.6063,-0.013,0.6959,0.003267,0.005571,0,0
LOT-016,L016-P028,9.7168,10.036,10.2945,10.3175,9.9495,0.616,-0.3778,0.1404,0.5601,0.5974,0.0133,0.001955,0,0
LOT-016,L016-P029,9.2799,9.5485,9.571,9.7506,9.9495,0.616,-1.087,-0.651,-0.6144,-0.3229,0.011192,0.001403,0,0
LOT-016,L016-P030,11.87,11.9472,12.1957,12.5596,9.9495,0.616,3.1177,3.243,3.6464,4.2372,0.003217,0.004253,0,0
LOT-016,L016-P031,10.614,10.8136,11.1363,11.2735,9.9495,0.616,1.0787,1.4028,1.9266,2.1494,0.008317,0.003194,0,0
LOT-016,L016-P032,10.7419,10.9474,11.2262,11.3721,9.9495,0.616,1.2864,1.62,2.0726,2.3094,0.008563,0.002949,0,0
LOT-016,L016-P033,9.4722,9.7072,9.9128,10.0275,9.9495,0.616,-0.7748,-0.3933,-0.0596,0.1266,0.009792,0.002224,0,0
LOT-016,L016-P034,9.5533,9.7566,10.1444,10.3433,9.9495,0.616,-0.6432,-0.3131,0.3164,0.6393,0.008471,0.004074,0,0
LOT-016,L016-P035,9.9025,10.1094,10.2857,10.5914,9.9495,0.616,-0.0763,0.2596,0.5458,1.042,0.008621,0.003347,0,0
LOT-016,L016-P036,10.5451,10.76,11.0501,11.2746,9.9495,0.616,0.9669,1.3157,1.7867,2.1511,0.008954,0.003574,0,0
LOT-016,L016-P037,9.6927,9.9302,10.3622,10.5539,9.9495,0.616,-0.4169,-0.0313,0.67,0.9812,0.009896,0.004331,0,0
LOT-016,L016-P038,10.3492,10.5896,10.8354,11.0357,9.9495,0.616,0.6489,1.0391,1.4381,1.7633,0.010017,0.003098,0,0
LOT-016,L016-P039,9.449,9.6599,10.0458,10.2311,9.9495,0.616,-0.8125,-0.4701,0.1563,0.4571,0.008788,0.003967,0,0
LOT-016,L016-P040,9.545,10.6744,14.2482,20.436,9.9495,0.616,-0.6567,1.1768,6.9784,17.0235,0.047058,0.067789,0,1
LOT-016,L016-P041,10.4872,10.8613,11.1594,11.3313,9.9495,0.616,0.8729,1.4802,1.9641,2.2432,0.015588,0.003264,0,0
LOT-016,L016-P042,10.507,10.6689,11.0625,11.1921,9.9495,0.616,0.905,1.1679,1.8068,2.0172,0.006746,0.003633,0,0
LOT-016,L016-P043,10.9884,11.142,11.3839,11.5817,9.9495,0.616,1.6865,1.9359,2.3286,2.6497,0.0064,0.003053,0,0
LOT-016,L016-P044,11.1611,11.338,11.713,11.8073,9.9495,0.616,1.9669,2.2541,2.8628,3.0159,0.007371,0.003259,0,0
LOT-016,L016-P045,9.9068,10.2381,10.4859,10.7722,9.9495,0.616,-0.0693,0.4685,0.8708,1.3356,0.013804,0.003709,0,0
LOT-016,L016-P046,9.5639,9.6657,9.9279,10.086,9.9495,0.616,-0.626,-0.4607,-0.0351,0.2216,0.004242,0.002919,0,0
LOT-016,L016-P047,10.5831,10.7036,10.8389,10.962,9.9495,0.616,1.0286,1.2242,1.4438,1.6437,0.005021,0.001794,0,0
LOT-016,L016-P048,9.6682,9.8753,10.1709,10.0665,9.9495,0.616,-0.4567,-0.1205,0.3594,0.1899,0.008629,0.001328,0,0
LOT-016,L016-P049,10.6577,10.8772,11.123,11.3136,9.9495,0.616,1.1497,1.506,1.905,2.2144,0.009146,0.003031,0,0
LOT-016,L016-P050,9.6721,9.7917,10.0641,10.0694,9.9495,0.616,-0.4503,-0.2562,0.186,0.1946,0.004983,0.001928,0,0
LOT-016,L016-P051,10.8524,10.9689,11.0937,11.1959,9.9495,0.616,1.4657,1.6549,1.8575,2.0234,0.004854,0.001576,0,0
LOT-016,L016-P052,10.3409,10.5114,10.7159,10.9404,9.9495,0.616,0.6354,0.9122,1.2442,1.6086,0.007104,0.002979,0,0
LOT-016,L016-P053,10.3821,10.6797,10.8933,11.2149,9.9495,0.616,0.7023,1.1854,1.5321,2.0542,0.0124,0.003717,0,0
LOT-016,L016-P054,11.7624,12.0004,12.4873,12.8268,9.9495,0.616,2.943,3.3294,4.1198,4.6709,0.009917,0.005739,0,0
LOT-016,L016-P055,9.7823,9.9252,10.2963,10.4945,9.9495,0.616,-0.2714,-0.0394,0.563,0.8847,0.005954,0.003953,0,0
LOT-016,L016-P056,9.5801,9.7931,10.1282,10.2373,9.9495,0.616,-0.5997,-0.2539,0.2901,0.4672,0.008875,0.003085,0,0
LOT-016,L016-P057,9.1521,9.2666,9.6491,9.7536,9.9495,0.616,-1.2945,-1.1086,-0.4877,-0.318,0.004771,0.003382,0,0
LOT-016,L016-P058,9.3856,9.5757,9.7754,10.0933,9.9495,0.616,-0.9154,-0.6068,-0.2826,0.2334,0.007921,0.003594,0,0
LOT-016,L016-P059,9.4096,9.6441,9.9211,10.2106,9.9495,0.616,-0.8765,-0.4958,-0.0461,0.4239,0.009771,0.003934,0,0
LOT-016,L016-P060,9.4815,9.7146,10.0706,10.2151,9.9495,0.616,-0.7597,-0.3813,0.1966,0.4312,0.009713,0.003476,0,0
LOT-016,L016-P061,9.742,10.0438,10.2152,10.5651,9.9495,0.616,-0.3369,0.1531,0.4313,0.9994,0.012575,0.00362,0,0
LOT-016,L016-P062,10.0782,10.2628,10.4735,10.4825,9.9495,0.616,0.2089,0.5086,0.8506,0.8653,0.007692,0.001526,0,0
LOT-016,L016-P063,10.6919,10.8835,11.1709,11.4611,9.9495,0.616,1.2052,1.5162,1.9828,2.4539,0.007983,0.004011,0,0
LOT-016,L016-P064,9.7569,9.8732,10.0983,10.3297,9.9495,0.616,-0.3127,-0.1239,0.2416,0.6172,0.004846,0.00317,0,0
LOT-016,L016-P065,10.277,11.2397,15.4484,20.852,9.9495,0.616,0.5317,2.0945,8.9268,17.6989,0.040112,0.066752,0,1
LOT-016,L016-P066,10.2308,10.3872,10.7578,10.8959,9.9495,0.616,0.4567,0.7106,1.3122,1.5364,0.006517,0.003533,0,0
LOT-016,L016-P067,9.4066,9.6977,9.9619,10.2001,9.9495,0.616,-0.8813,-0.4088,0.0201,0.4068,0.012129,0.003489,0,0
LOT-016,L016-P068,10.7907,11.036,11.1801,11.4785,9.9495,0.616,1.3656,1.7638,1.9977,2.4821,0.010221,0.003073,0,0
LOT-016,L016-P069,9.8037,9.8337,10.2017,10.5069,9.9495,0.616,-0.2367,-0.188,0.4094,0.9049,0.00125,0.004675,0,0
LOT-016,L016-P070,10.0095,10.1674,10.2469,10.5102,9.9495,0.616,0.0974,0.3537,0.4828,0.9102,0.006579,0.002381,0,0
LOT-016,L016-P071,9.9922,10.2347,10.3936,10.5916,9.9495,0.616,0.0693,0.463,0.7209,1.0424,0.010104,0.002478,0,0
LOT-016,L016-P072,9.7968,10.0179,10.0912,10.2047,9.9495,0.616,-0.2479,0.111,0.23,0.4143,0.009212,0.001297,0,0
LOT-016,L016-P073,9.6308,9.827,9.9213,10.1253,9.9495,0.616,-0.5174,-0.1989,-0.0458,0.2854,0.008175,0.002072,0,0
LOT-016,L016-P074,9.073,9.346,9.6742,9.866,9.9495,0.616,-1.4229,-0.9797,-0.4469,-0.1356,0.011375,0.003611,0,0
LOT-016,L016-P075,9.3404,10.7386,13.7674,18.6141,9.9495,0.616,-0.9888,1.281,6.1979,14.0659,0.058258,0.054691,0,1
LOT-016,L016-P076,10.0057,10.2487,10.3207,10.6709,9.9495,0.616,0.0912,0.4857,0.6026,1.1711,0.010125,0.002932,0,0
LOT-016,L016-P077,9.5001,9.7555,9.9825,10.2993,9.9495,0.616,-0.7295,-0.3149,0.0536,0.5679,0.010642,0.003776,0,0
LOT-016,L016-P078,9.6674,9.8854,10.029,10.3312,9.9495,0.616,-0.458,-0.1041,0.1291,0.6196,0.009083,0.003096,0,0
LOT-016,L016-P079,10.5948,10.6991,10.867,11.1207,9.9495,0.616,1.0476,1.2169,1.4894,1.9013,0.004346,0.002928,0,0
LOT-016,L016-P080,9.5696,9.6417,9.8312,10.028,9.9495,0.616,-0.6167,-0.4997,-0.192,0.1274,0.003004,0.002683,0,0
LOT-016,L016-P081,9.3539,9.6284,9.8245,9.8344,9.9495,0.616,-0.9669,-0.5213,-0.2029,-0.1869,0.011437,0.001431,0,0
LOT-016,L016-P082,9.7505,9.9011,10.109,10.3711,9.9495,0.616,-0.3231,-0.0786,0.2589,0.6844,0.006275,0.003264,0,0
LOT-016,L016-P083,10.1763,10.4233,10.8022,10.8912,9.9495,0.616,0.3682,0.7692,1.3843,1.5287,0.010292,0.003249,0,0
LOT-016,L016-P084,47.5059,60.3761,82.5738,116.5305,9.9495,0.616,60.9682,81.8614,117.8966,173.0211,0.536258,0.389961,1,1
LOT-016,L016-P085,9.9659,10.2174,10.4133,10.3969,9.9495,0.616,0.0266,0.4349,0.7529,0.7263,0.010479,0.001247,0,0
LOT-016,L016-P086,9.8106,10.0142,10.2084,10.3772,9.9495,0.616,-0.2255,0.105,0.4203,0.6943,0.008483,0.002521,0,0
LOT-016,L016-P087,10.4589,10.5179,10.7702,10.7424,9.9495,0.616,0.8269,0.9227,1.3323,1.2872,0.002458,0.001559,0,0
LOT-016,L016-P088,9.297,10.7441,14.1726,18.9063,9.9495,0.616,-1.0593,1.2899,6.8557,14.5403,0.060296,0.056682,0,1
LOT-016,L016-P089,9.6413,9.9594,10.2216,10.4969,9.9495,0.616,-0.5003,0.0161,0.4417,0.8886,0.013254,0.003733,0,0
LOT-016,L016-P090,10.011,10.1213,10.3637,10.4105,9.9495,0.616,0.0998,0.2789,0.6724,0.7484,0.004596,0.002008,0,0
LOT-016,L016-P091,10.435,10.7546,11.2451,11.4668,9.9495,0.616,0.7881,1.307,2.1032,2.4631,0.013317,0.004946,0,0
LOT-016,L016-P092,9.6632,9.8325,9.946,10.1699,9.9495,0.616,-0.4648,-0.1899,-0.0057,0.3578,0.007054,0.002343,0,0
LOT-016,L016-P093,11.049,11.3078,11.3992,11.6169,9.9495,0.616,1.7849,2.205,2.3534,2.7068,0.010783,0.002147,0,0
LOT-016,L016-P094,10.2275,11.4881,15.7698,19.1004,9.9495,0.616,0.4513,2.4977,9.4485,14.8554,0.052525,0.052863,0,1
LOT-016,L016-P095,9.8349,10.062,10.285,10.5992,9.9495,0.616,-0.186,0.1826,0.5446,1.0547,0.009463,0.003731,0,0
LOT-016,L016-P096,10.7262,10.9555,11.2143,11.3703,9.9495,0.616,1.2609,1.6331,2.0532,2.3065,0.009554,0.002881,0,0
LOT-016,L016-P097,9.1576,9.2334,9.2785,9.4403,9.9495,0.616,-1.2856,-1.1625,-1.0893,-0.8266,0.003158,0.001437,0,0
LOT-016,L016-P098,10.3252,10.502,10.8315,11.1664,9.9495,0.616,0.6099,0.8969,1.4318,1.9755,0.007367,0.004614,0,0
LOT-016,L016-P099,11.1377,11.3214,11.6898,11.9207,9.9495,0.616,1.9289,2.2271,2.8252,3.2,0.007654,0.004162,0,0
LOT-016,L016-P100,10.1602,11.3394,14.5199,19.6929,9.9495,0.616,0.342,2.2563,7.4195,15.8172,0.049133,0.05801,0,1
LOT-017,L017-P001,11.2343,11.5194,11.7678,11.881,10.2553,0.5106,1.9174,2.4757,2.9622,3.1839,0.011879,0.002511,0,0
LOT-017,L017-P002,10.1462,10.9976,14.2579,18.4382,10.2553,0.5106,-0.2137,1.4538,7.839,16.026,0.035475,0.051671,0,1
LOT-017,L017-P003,9.8852,9.9935,10.1293,10.3446,10.2553,0.5106,-0.7248,-0.5127,-0.2468,0.1749,0.004512,0.002438,0,0
LOT-017,L017-P004,10.0723,10.1543,10.522,10.6636,10.2553,0.5106,-0.3584,-0.1978,0.5223,0.7996,0.003417,0.003537,0,0
LOT-017,L017-P005,10.4486,10.5814,10.6825,10.8177,10.2553,0.5106,0.3786,0.6387,0.8367,1.1014,0.005533,0.001641,0,0
LOT-017,L017-P006,9.156,9.3336,9.5274,9.5845,10.2553,0.5106,-2.153,-1.8051,-1.4256,-1.3137,0.0074,0.001742,0,0
LOT-017,L017-P007,48.1325,57.8419,68.5005,95.5356,10.2553,0.5106,74.1817,93.1974,114.0721,167.0198,0.404558,0.261762,1,1
LOT-017,L017-P008,10.2409,10.53,10.8463,10.964,10.2553,0.5106,-0.0282,0.538,1.1575,1.388,0.012046,0.003014,0,0
LOT-017,L017-P009,10.4447,10.606,10.8982,11.1789,10.2553,0.5106,0.3709,0.6868,1.2591,1.8089,0.006721,0.003978,0,0
LOT-017,L017-P010,9.8231,10.0517,10.2262,10.416,10.2553,0.5106,-0.8465,-0.3987,-0.057,0.3147,0.009525,0.00253,0,0
LOT-017,L017-P011,9.9112,10.2059,10.5511,10.5817,10.2553,0.5106,-0.6739,-0.0967,0.5793,0.6392,0.012279,0.00261,0,0
LOT-017,L017-P012,10.1895,10.3288,10.6273,10.7424,10.2553,0.5106,-0.1289,0.1439,0.7286,0.954,0.005804,0.002872,0,0
LOT-017,L017-P013,9.6203,9.877,10.1226,10.2886,10.2553,0.5106,-1.2436,-0.7409,-0.2599,0.0652,0.010696,0.002858,0,0
LOT-017,L017-P014,10.3755,11.4972,14.2615,18.5789,10.2553,0.5106,0.2354,2.4322,7.8461,16.3016,0.046737,0.049178,0,1
LOT-017,L017-P015,8.372,8.565,8.9645,9.0333,10.2553,0.5106,-3.6884,-3.3104,-2.528,-2.3933,0.008042,0.003252,0,0
LOT-017,L017-P016,10.4565,10.5969,10.7803,10.9911,10.2553,0.5106,0.394,0.669,1.0282,1.441,0.00585,0.002737,0,0
LOT-017,L017-P017,9.4696,9.7377,10.0369,10.0763,10.2553,0.5106,-1.5388,-1.0137,-0.4277,-0.3506,0.011171,0.002351,0,0
LOT-017,L017-P018,10.457,10.6939,10.847,11.0237,10.2553,0.5106,0.395,0.859,1.1588,1.5049,0.009871,0.00229,0,0
LOT-017,L017-P019,11.0088,11.101,11.3148,11.6584,10.2553,0.5106,1.4757,1.6563,2.075,2.7479,0.003842,0.003871,0,0
LOT-017,L017-P020,9.3217,9.5028,9.6759,9.8859,10.2553,0.5106,-1.8284,-1.4738,-1.1347,-0.7235,0.007546,0.00266,0,0
LOT-017,L017-P021,9.1996,10.3126,14.4523,19.3911,10.2553,0.5106,-2.0676,0.1122,8.2197,17.8923,0.046375,0.063045,0,1
LOT-017,L017-P022,9.7461,9.8414,10.2018,10.3633,10.2553,0.5106,-0.9973,-0.8106,-0.1048,0.2115,0.003971,0.003624,0,0
LOT-017,L017-P023,9.2071,9.2926,9.5184,9.8333,10.2553,0.5106,-2.0529,-1.8854,-1.4432,-0.8265,0.003562,0.003755,0,0
LOT-017,L017-P024,10.6432,10.7561,11.1433,11.3575,10.2553,0.5106,0.7597,0.9808,1.7391,2.1586,0.004704,0.004176,0,0
LOT-017,L017-P025,10.6124,10.7184,10.9111,11.2228,10.2553,0.5106,0.6994,0.907,1.2844,1.8948,0.004417,0.003503,0,0
LOT-017,L017-P026,10.2532,10.4299,10.7549,10.7534,10.2553,0.5106,-0.0041,0.342,0.9785,0.9755,0.007363,0.002247,0,0
LOT-017,L017-P027,10.04,10.2701,10.5092,10.5546,10.2553,0.5106,-0.4217,0.029,0.4973,0.5862,0.009588,0.001976,0,0
LOT-017,L017-P028,9.8972,10.0072,10.3104,10.4299,10.2553,0.5106,-0.7013,-0.4859,0.1079,0.342,0.004583,0.002935,0,0
LOT-017,L017-P029,11.1732,11.3279,11.5138,11.7556,10.2553,0.5106,1.7977,2.1007,2.4647,2.9383,0.006446,0.00297,0,0
LOT-017,L017-P030,10.0001,10.2235,10.4501,10.6305,10.2553,0.5106,-0.4998,-0.0623,0.3815,0.7348,0.009308,0.002826,0,0
LOT-017,L017-P031,10.1521,10.4643,10.7847,11.0656,10.2553,0.5106,-0.2021,0.4093,1.0368,1.587,0.013008,0.004176,0,0
LOT-017,L017-P032,10.7821,10.8493,11.1438,11.4289,10.2553,0.5106,1.0317,1.1633,1.7401,2.2985,0.0028,0.004025,0,0
LOT-017,L017-P033,10.7732,11.0053,11.2358,11.4904,10.2553,0.5106,1.0143,1.4689,1.9203,2.4189,0.009671,0.003369,0,0
LOT-017,L017-P034,11.0599,11.2361,11.4134,11.5257,10.2553,0.5106,1.5758,1.9209,2.2681,2.4881,0.007342,0.002011,0,0
LOT-017,L017-P035,10.64,10.8307,11.1384,11.2155,10.2553,0.5106,0.7534,1.1269,1.7295,1.8805,0.007946,0.002672,0,0
LOT-017,L017-P036,9.8907,10.165,10.385,10.4615,10.2553,0.5106,-0.7141,-0.1769,0.254,0.4038,0.011429,0.002059,0,0
LOT-017,L017-P037,11.3793,11.3944,11.4897,11.8221,10.2553,0.5106,2.2013,2.2309,2.4175,3.0685,0.000629,0.00297,0,0
LOT-017,L017-P038,10.4456,10.6389,11.0432,11.2675,10.2553,0.5106,0.3727,0.7513,1.5431,1.9824,0.008054,0.004365,0,0
LOT-017,L017-P039,10.2609,11.0809,14.0866,18.8975,10.2553,0.5106,0.011,1.6169,7.5035,16.9256,0.034167,0.054282,0,1
LOT-017,L017-P040,39.4973,52.6376,71.2348,104.5271,10.2553,0.5106,57.2699,83.0049,119.4271,184.6295,0.547512,0.360344,1,1
LOT-017,L017-P041,9.4989,9.7356,9.9716,10.1084,10.2553,0.5106,-1.4814,-1.0178,-0.5556,-0.2877,0.009862,0.002589,0,0
LOT-017,L017-P042,10.5614,10.7927,11.2311,11.4992,10.2553,0.5106,0.5995,1.0525,1.9111,2.4362,0.009637,0.004906,0,0
LOT-017,L017-P043,10.6771,10.8589,11.1406,11.4216,10.2553,0.5106,0.8261,1.1821,1.7338,2.2842,0.007575,0.003908,0,0
LOT-017,L017-P044,9.8852,10.1289,10.5423,10.5264,10.2553,0.5106,-0.7248,-0.2476,0.5621,0.5309,0.010154,0.00276,0,0
LOT-017,L017-P045,9.9333,10.2185,10.5398,10.6372,10.2553,0.5106,-0.6306,-0.0721,0.5572,0.7479,0.011883,0.002908,0,0
LOT-017,L017-P046,10.5654,10.7357,11.1315,11.4854,10.2553,0.5106,0.6073,0.9409,1.716,2.4091,0.007096,0.005206,0,0
LOT-017,L017-P047,10.3614,10.6128,10.8423,11.0133,10.2553,0.5106,0.2078,0.7002,1.1496,1.4845,0.010475,0.002781,0,0
LOT-017,L017-P048,10.4821,10.6895,10.9692,11.1055,10.2553,0.5106,0.4442,0.8504,1.3982,1.6651,0.008642,0.002889,0,0
LOT-017,L017-P049,10.433,10.5822,10.9337,11.1445,10.2553,0.5106,0.348,0.6402,1.3286,1.7415,0.006217,0.003905,0,0
LOT-017,L017-P050,11.5864,11.8522,12.1241,12.2417,10.2553,0.5106,2.6069,3.1275,3.66,3.8903,0.011075,0.002705,0,0
LOT-017,L017-P051,10.2367,10.3427,10.5477,10.7551,10.2553,0.5106,-0.0364,0.1712,0.5727,0.9788,0.004417,0.002864,0,0
LOT-017,L017-P052,10.8647,11.0933,11.4395,11.5846,10.2553,0.5106,1.1935,1.6412,2.3192,2.6034,0.009525,0.003412,0,0
LOT-017,L017-P053,9.8287,9.9421,10.1241,10.2445,10.2553,0.5106,-0.8355,-0.6134,-0.257,-0.0212,0.004725,0.0021,0,0
LOT-017,L017-P054,10.3533,11.5255,15.4669,20.4087,10.2553,0.5106,0.1919,2.4877,10.2068,19.8852,0.048842,0.061689,0,1
LOT-017,L017-P055,9.2479,9.505,9.8271,10.0591,10.2553,0.5106,-1.973,-1.4694,-0.8386,-0.3843,0.010713,0.003848,0,0
LOT-017,L017-P056,9.9597,10.068,10.2731,10.4965,10.2553,0.5106,-0.5789,-0.3668,0.0349,0.4724,0.004512,0.002976,0,0
LOT-017,L017-P057,10.7538,11.0083,11.2876,11.4338,10.2553,0.5106,0.9763,1.4747,2.0217,2.3081,0.010604,0.002955,0,0
LOT-017,L017-P058,10.2253,10.3876,10.6567,10.7417,10.2553,0.5106,-0.0588,0.2591,0.7861,0.9526,0.006763,0.002459,0,0
LOT-017,L017-P059,10.8098,10.9625,11.1125,11.5318,10.2553,0.5106,1.086,1.385,1.6788,2.5,0.006363,0.003953,0,0
LOT-017,L017-P060,10.1144,10.2655,10.5092,10.6644,10.2553,0.5106,-0.2759,0.02,0.4973,0.8012,0.006296,0.00277,0,0
LOT-017,L017-P061,10.3981,10.657,10.9717,11.4028,10.2553,0.5106,0.2797,0.7867,1.4031,2.2474,0.010788,0.005179,0,0
LOT-017,L017-P062,9.9231,11.1959,15.0501,21.1109,10.2553,0.5106,-0.6506,1.8421,9.3905,21.2605,0.053033,0.068854,0,1
LOT-017,L017-P063,10.0885,10.1885,10.353,10.4324,10.2553,0.5106,-0.3267,-0.1308,0.1913,0.3468,0.004167,0.001694,0,0
LOT-017,L017-P064,9.8029,10.0301,9.9962,10.0933,10.2553,0.5106,-0.886,-0.441,-0.5074,-0.3173,0.009467,0.000439,0,0
LOT-017,L017-P065,11.0596,11.2029,11.3511,11.6371,10.2553,0.5106,1.5752,1.8559,2.1461,2.7062,0.005971,0.003015,0,0
LOT-017,L017-P066,10.669,10.8873,10.9928,11.1324,10.2553,0.5106,0.8102,1.2378,1.4444,1.7178,0.009096,0.001702,0,0
LOT-017,L017-P067,11.6409,12.0468,12.2614,12.4021,10.2553,0.5106,2.7137,3.5086,3.9289,4.2045,0.016912,0.002467,0,0
LOT-017,L017-P068,10.4223,10.5952,10.7763,10.97,10.2553,0.5106,0.3271,0.6657,1.0204,1.3997,0.007204,0.002603,0,0
LOT-017,L017-P069,9.5598,9.7511,10.0486,10.3657,10.2553,0.5106,-1.3621,-0.9875,-0.4048,0.2162,0.007971,0.004268,0,0
LOT-017,L017-P070,9.4101,9.4386,9.7516,9.9308,10.2553,0.5106,-1.6553,-1.5995,-0.9865,-0.6355,0.001187,0.003418,0,0
LOT-017,L017-P071,10.93,11.2164,11.4543,11.5203,10.2553,0.5106,1.3214,1.8823,2.3482,2.4775,0.011933,0.00211,0,0
LOT-017,L017-P072,10.0073,10.1073,10.3058,10.4533,10.2553,0.5106,-0.4857,-0.2899,0.0989,0.3878,0.004167,0.002403,0,0
LOT-017,L017-P073,11.4839,11.6707,11.8929,12.1702,10.2553,0.5106,2.4062,2.772,3.2072,3.7503,0.007783,0.003469,0,0
LOT-017,L017-P074,10.6552,10.8596,11.1259,11.3299,10.2553,0.5106,0.7832,1.1835,1.7051,2.1046,0.008517,0.003266,0,0
LOT-017,L017-P075,35.1183,45.5195,57.0317,75.0165,10.2553,0.5106,48.6937,69.0642,91.6107,126.8335,0.433383,0.20484,1,1
LOT-017,L017-P076,9.1872,9.3913,9.718,9.9479,10.2553,0.5106,-2.0919,-1.6921,-1.0523,-0.602,0.008504,0.003865,0,0
LOT-017,L017-P077,10.6344,10.7889,11.099,11.2084,10.2553,0.5106,0.7425,1.045,1.6524,1.8666,0.006438,0.002913,0,0
LOT-017,L017-P078,10.3278,10.477,10.6769,11.03,10.2553,0.5106,0.142,0.4342,0.8257,1.5172,0.006217,0.00384,0,0
LOT-017,L017-P079,10.4274,10.5934,10.9795,11.1605,10.2553,0.5106,0.3371,0.6622,1.4183,1.7728,0.006917,0.003938,0,0
LOT-017,L017-P080,10.6891,10.6532,10.7853,11.0002,10.2553,0.5106,0.8496,0.7793,1.038,1.4589,-0.001496,0.00241,0,0
LOT-017,L017-P081,11.0376,11.1021,11.3966,11.6378,10.2553,0.5106,1.5321,1.6584,2.2352,2.7076,0.002688,0.00372,0,0
LOT-017,L017-P082,9.7746,9.9565,10.3719,10.6228,10.2553,0.5106,-0.9414,-0.5852,0.2284,0.7197,0.007579,0.004627,0,0
LOT-017,L017-P083,10.8445,11.0028,11.1139,11.4491,10.2553,0.5106,1.1539,1.464,1.6816,2.338,0.006596,0.003099,0,0
LOT-017,L017-P084,11.3273,11.4661,11.7157,12.0662,10.2553,0.5106,2.0995,2.3713,2.8602,3.5466,0.005783,0.004167,0,0
LOT-017,L017-P085,10.6545,10.7721,11.0956,11.2397,10.2553,0.5106,0.7818,1.0121,1.6457,1.9279,0.0049,0.003247,0,0
LOT-017,L017-P086,10.0203,10.2239,10.5051,10.839,10.2553,0.5106,-0.4602,-0.0615,0.4892,1.1432,0.008483,0.004272,0,0
LOT-017,L017-P087,9.3565,9.4841,9.6831,9.8911,10.2553,0.5106,-1.7603,-1.5104,-1.1206,-0.7133,0.005317,0.002826,0,0
LOT-017,L017-P088,10.4192,10.7003,10.8493,10.9764,10.2553,0.5106,0.321,0.8715,1.1633,1.4123,0.011713,0.001917,0,0
LOT-017,L017-P089,9.8231,9.9288,10.1283,10.3211,10.2553,0.5106,-0.8465,-0.6394,-0.2487,0.1289,0.004404,0.002724,0,0
LOT-017,L017-P090,11.22,12.1917,14.8967,20.0408,10.2553,0.5106,1.8893,3.7924,9.0901,19.1647,0.040488,0.054508,0,1
LOT-017,L017-P091,10.4898,12.0083,14.6542,20.5282,10.2553,0.5106,0.4593,3.4332,8.6152,20.1193,0.063271,0.059166,0,1
LOT-017,L017-P092,10.1049,10.3103,10.6699,10.931,10.2553,0.5106,-0.2946,0.1077,0.812,1.3233,0.008558,0.00431,0,0
LOT-017,L017-P093,9.5821,9.7883,9.9548,10.3201,10.2553,0.5106,-1.3184,-0.9146,-0.5885,0.1269,0.008592,0.003693,0,0
LOT-017,L017-P094,11.3162,12.5855,16.9348,21.3263,10.2553,0.5106,2.0778,4.5637,13.0817,21.6823,0.052887,0.0607,0,1
LOT-017,L017-P095,10.6015,10.835,11.2002,11.4064,10.2553,0.5106,0.678,1.1353,1.8506,2.2544,0.009729,0.003968,0,0
LOT-017,L017-P096,10.1082,10.3227,10.5613,10.7558,10.2553,0.5106,-0.2881,0.132,0.5993,0.9802,0.008937,0.003008,0,0
LOT-017,L017-P097,9.5193,9.664,9.9452,10.1243,10.2553,0.5106,-1.4414,-1.158,-0.6073,-0.2566,0.006029,0.003197,0,0
LOT-017,L017-P098,11.3383,11.5965,11.608,11.7515,10.2553,0.5106,2.121,2.6267,2.6492,2.9303,0.010758,0.001076,0,0
LOT-017,L017-P099,10.1432,10.2425,10.4899,10.4738,10.2553,0.5106,-0.2195,-0.0251,0.4595,0.4279,0.004137,0.001606,0,0
LOT-017,L017-P100,9.6722,9.857,9.9445,10.1528,10.2553,0.5106,-1.142,-0.7801,-0.6087,-0.2007,0.0077,0.002054,0,0
LOT-018,L018-P001,10.8515,10.9433,11.2847,11.6007,9.6842,0.6062,1.9256,2.077,2.6402,3.1615,0.003825,0.004565,0,0
LOT-018,L018-P002,8.7428,8.8105,9.0521,9.4775,9.6842,0.6062,-1.553,-1.4413,-1.0427,-0.341,0.002821,0.004632,0,0
LOT-018,L018-P003,9.6472,9.8327,10.117,10.2214,9.6842,0.6062,-0.061,0.245,0.714,0.8862,0.007729,0.002699,0,0
LOT-018,L018-P004,10.262,10.5051,10.6922,10.8215,9.6842,0.6062,0.9532,1.3542,1.6628,1.8761,0.010129,0.002197,0,0
LOT-018,L018-P005,9.3621,9.4704,9.6296,9.782,9.6842,0.6062,-0.5313,-0.3527,-0.0901,0.1613,0.004512,0.002164,0,0
LOT-018,L018-P006,9.3581,9.5754,9.8333,10.0045,9.6842,0.6062,-0.5379,-0.1795,0.246,0.5284,0.009054,0.00298,0,0
LOT-018,L018-P007,9.2119,9.3644,9.7008,9.9158,9.6842,0.6062,-0.7791,-0.5275,0.0274,0.3821,0.006354,0.003829,0,0
LOT-018,L018-P008,8.7731,9.0327,9.1946,9.4036,9.6842,0.6062,-1.503,-1.0747,-0.8077,-0.4629,0.010817,0.002576,0,0
LOT-018,L018-P009,10.7816,10.9935,11.1838,11.4405,9.6842,0.6062,1.8103,2.1598,2.4738,2.8972,0.008829,0.003104,0,0
LOT-018,L018-P010,8.4279,8.6203,8.862,9.1756,9.6842,0.6062,-2.0724,-1.755,-1.3563,-0.839,0.008017,0.003856,0,0
LOT-018,L018-P011,10.5567,10.7707,11.1181,11.2689,9.6842,0.6062,1.4393,1.7923,2.3654,2.6142,0.008917,0.00346,0,0
LOT-018,L018-P012,8.7999,8.9987,9.0502,9.2235,9.6842,0.6062,-1.4588,-1.1308,-1.0459,-0.76,0.008283,0.001561,0,0
LOT-018,L018-P013,10.0845,10.2528,10.5059,10.6884,9.6842,0.6062,0.6603,0.938,1.3555,1.6565,0.007013,0.003025,0,0
LOT-018,L018-P014,10.3835,10.6565,10.95,11.1667,9.6842,0.6062,1.1536,1.6039,2.0881,2.4456,0.011375,0.003543,0,0
LOT-018,L018-P015,9.6618,9.7951,9.8835,9.9966,9.6842,0.6062,-0.037,0.1829,0.3288,0.5153,0.005554,0.001399,0,0
LOT-018,L018-P016,8.9826,9.0041,9.2503,9.5322,9.6842,0.6062,-1.1574,-1.1219,-0.7158,-0.2507,0.000896,0.003667,0,0
LOT-018,L018-P017,9.4119,9.677,9.7343,9.7861,9.6842,0.6062,-0.4492,-0.0119,0.0826,0.1681,0.011046,0.000758,0,0
LOT-018,L018-P018,9.1454,9.3126,9.4612,9.6951,9.6842,0.6062,-0.8888,-0.613,-0.3679,0.018,0.006967,0.002656,0,0
LOT-018,L018-P019,9.5736,9.9156,10.1231,10.31,9.6842,0.6062,-0.1824,0.3817,0.724,1.0323,0.01425,0.002739,0,0
LOT-018,L018-P020,10.2171,10.3213,10.5531,10.7812,9.6842,0.6062,0.8791,1.051,1.4334,1.8096,0.004342,0.003194,0,0
LOT-018,L018-P021,9.745,9.9079,9.9766,10.4397,9.6842,0.6062,0.1003,0.369,0.4823,1.2463,0.006788,0.003693,0,0
LOT-018,L018-P022,9.1335,9.3618,9.4501,9.6847,9.6842,0.6062,-0.9084,-0.5318,-0.3862,0.0008,0.009513,0.002242,0,0
LOT-018,L018-P023,9.3846,9.4461,9.6909,9.7328,9.6842,0.6062,-0.4942,-0.3928,0.0111,0.0802,0.002562,0.001991,0,0
LOT-018,L018-P024,10.0647,10.3779,10.6542,10.7984,9.6842,0.6062,0.6277,1.1443,1.6001,1.838,0.01305,0.00292,0,0
LOT-018,L018-P025,9.2668,9.5099,9.5787,9.6782,9.6842,0.6062,-0.6886,-0.2875,-0.174,-0.0099,0.010129,0.001169,0,0
LOT-018,L018-P026,9.7946,9.8917,10.1853,10.3091,9.6842,0.6062,0.1821,0.3423,0.8266,1.0308,0.004046,0.002899,0,0
LOT-018,L018-P027,9.3757,9.3321,9.5859,9.8647,9.6842,0.6062,-0.5089,-0.5808,-0.1622,0.2978,-0.001817,0.003699,0,0
LOT-018,L018-P028,10.7425,10.9804,11.155,11.3437,9.6842,0.6062,1.7458,2.1382,2.4263,2.7375,0.009912,0.002523,0,0
LOT-018,L018-P029,9.1943,9.3544,9.692,9.9228,9.6842,0.6062,-0.8081,-0.544,0.0129,0.3936,0.006671,0.003947,0,0
LOT-018,L018-P030,9.3988,9.6685,10.0785,10.4314,9.6842,0.6062,-0.4708,-0.0259,0.6504,1.2326,0.011238,0.005298,0,0
LOT-018,L018-P031,9.6887,9.9423,10.2023,10.4016,9.6842,0.6062,0.0074,0.4258,0.8547,1.1834,0.010567,0.00319,0,0
LOT-018,L018-P032,9.7169,9.7908,10.0965,10.3597,9.6842,0.6062,0.0539,0.1758,0.6801,1.1143,0.003079,0.003951,0,0
LOT-018,L018-P033,9.0703,9.3189,9.5375,9.7115,9.6842,0.6062,-1.0127,-0.6026,-0.242,0.045,0.010358,0.002726,0,0
LOT-018,L018-P034,9.7495,10.0093,10.3237,10.7314,9.6842,0.6062,0.1077,0.5363,1.0549,1.7275,0.010825,0.005015,0,0
LOT-018,L018-P035,9.7064,11.1541,14.6594,19.3807,9.6842,0.6062,0.0366,2.4248,8.2072,15.9955,0.060321,0.057129,0,1
LOT-018,L018-P036,10.7063,10.8253,11.0258,11.1785,9.6842,0.6062,1.6861,1.8824,2.2131,2.465,0.004958,0.002453,0,0
LOT-018,L018-P037,9.253,9.3468,9.6311,9.8934,9.6842,0.6062,-0.7113,-0.5566,-0.0876,0.3451,0.003908,0.003796,0,0
LOT-018,L018-P038,10.0731,10.2771,10.5126,10.7668,9.6842,0.6062,0.6415,0.9781,1.3665,1.7859,0.0085,0.003401,0,0
LOT-018,L018-P039,10.2244,11.4426,15.0612,18.7172,9.6842,0.6062,0.8911,2.9007,8.87,14.901,0.050758,0.050518,0,1
LOT-018,L018-P040,8.6826,8.94,9.2444,9.4894,9.6842,0.6062,-1.6523,-1.2276,-0.7255,-0.3213,0.010725,0.003815,0,0
LOT-018,L018-P041,9.5295,9.7293,10.0022,10.1348,9.6842,0.6062,-0.2552,0.0744,0.5246,0.7433,0.008325,0.002816,0,0
LOT-018,L018-P042,9.5347,9.7735,10.0242,10.0394,9.6842,0.6062,-0.2466,0.1473,0.5609,0.5859,0.00995,0.001847,0,0
LOT-018,L018-P043,10.4747,10.571,10.8795,11.1226,9.6842,0.6062,1.304,1.4629,1.9718,2.3728,0.004012,0.003831,0,0
LOT-018,L018-P044,10.2383,10.3393,10.7509,10.8544,9.6842,0.6062,0.9141,1.0807,1.7597,1.9304,0.004208,0.003577,0,0
LOT-018,L018-P045,8.6927,8.8511,9.0861,9.282,9.6842,0.6062,-1.6356,-1.3743,-0.9866,-0.6635,0.0066,0.002992,0,0
LOT-018,L018-P046,11.7316,11.9657,12.1748,12.2691,9.6842,0.6062,3.3774,3.7636,4.1085,4.2641,0.009754,0.002107,0,0
LOT-018,L018-P047,10.3936,10.5299,11.0403,11.3271,9.6842,0.6062,1.1702,1.3951,2.2371,2.7102,0.005679,0.005536,0,0
LOT-018,L018-P048,9.4883,9.6898,9.8879,10.2598,9.6842,0.6062,-0.3232,0.0092,0.336,0.9495,0.008396,0.003958,0,0
LOT-018,L018-P049,9.6731,9.8012,9.9226,10.0478,9.6842,0.6062,-0.0183,0.193,0.3933,0.5998,0.005337,0.001713,0,0
LOT-018,L018-P050,9.2291,9.4725,9.5749,9.8806,9.6842,0.6062,-0.7507,-0.3492,-0.1803,0.324,0.010142,0.002834,0,0
LOT-018,L018-P051,9.8727,9.9724,10.2332,10.307,9.6842,0.6062,0.311,0.4754,0.9056,1.0274,0.004154,0.002324,0,0
LOT-018,L018-P052,9.1603,9.4311,9.6495,9.9869,9.6842,0.6062,-0.8642,-0.4175,-0.0572,0.4993,0.011283,0.00386,0,0
LOT-018,L018-P053,10.8008,10.9897,11.1789,11.3425,9.6842,0.6062,1.842,2.1536,2.4657,2.7356,0.007871,0.00245,0,0
LOT-018,L018-P054,9.3001,9.3276,9.5688,9.9899,9.6842,0.6062,-0.6336,-0.5883,-0.1904,0.5043,0.001146,0.004599,0,0
LOT-018,L018-P055,10.6946,10.8992,11.1798,11.5642,9.6842,0.6062,1.6668,2.0043,2.4672,3.1013,0.008525,0.004618,0,0
LOT-018,L018-P056,9.5707,9.8333,10.2287,10.3807,9.6842,0.6062,-0.1872,0.246,0.8982,1.149,0.010942,0.003801,0,0
LOT-018,L018-P057,9.7621,9.8948,9.9608,10.0825,9.6842,0.6062,0.1285,0.3474,0.4563,0.657,0.005529,0.001303,0,0
LOT-018,L018-P058,9.137,10.0416,13.7665,19.3494,9.6842,0.6062,-0.9027,0.5896,6.7342,15.9439,0.037692,0.064637,0,1
LOT-018,L018-P059,11.3199,11.4849,11.819,11.9364,9.6842,0.6062,2.6983,2.9705,3.5216,3.7153,0.006875,0.003135,0,0
LOT-018,L018-P060,9.3854,9.6809,9.7439,10.0957,9.6842,0.6062,-0.4929,-0.0054,0.0985,0.6788,0.012312,0.002881,0,0
LOT-018,L018-P061,9.9912,10.1584,10.3841,10.5897,9.6842,0.6062,0.5064,0.7823,1.1546,1.4937,0.006967,0.002995,0,0
LOT-018,L018-P062,9.6085,9.8482,10.0867,10.4629,9.6842,0.6062,-0.1249,0.2705,0.664,1.2846,0.009988,0.004269,0,0
LOT-018,L018-P063,10.426,10.5283,10.643,10.8579,9.6842,0.6062,1.2237,1.3924,1.5817,1.9362,0.004262,0.002289,0,0
LOT-018,L018-P064,9.5804,9.7592,10.0352,10.3753,9.6842,0.6062,-0.1712,0.1237,0.579,1.1401,0.00745,0.004278,0,0
LOT-018,L018-P065,11.2199,11.3698,11.6514,11.9098,9.6842,0.6062,2.5333,2.7806,3.2451,3.6714,0.006246,0.00375,0,0
LOT-018,L018-P066,10.4626,10.6916,10.8997,11.1434,9.6842,0.6062,1.2841,1.6618,2.0051,2.4071,0.009542,0.003138,0,0
LOT-018,L018-P067,10.7953,10.9708,11.1317,11.2753,9.6842,0.6062,1.8329,2.1224,2.3878,2.6247,0.007313,0.002115,0,0
LOT-018,L018-P068,9.3249,9.4899,9.8199,10.0788,9.6842,0.6062,-0.5927,-0.3205,0.2239,0.6509,0.006875,0.00409,0,0
LOT-018,L018-P069,8.9824,9.2079,9.4962,9.8589,9.6842,0.6062,-1.1577,-0.7857,-0.3101,0.2882,0.009396,0.004521,0,0
LOT-018,L018-P070,9.8273,9.9141,10.004,10.2821,9.6842,0.6062,0.2361,0.3792,0.5275,0.9863,0.003617,0.002556,0,0
LOT-018,L018-P071,9.6967,9.8619,10.0913,10.1549,9.6842,0.6062,0.0206,0.2931,0.6716,0.7765,0.006883,0.002035,0,0
LOT-018,L018-P072,9.1215,9.3809,9.676,9.7302,9.6842,0.6062,-0.9282,-0.5003,-0.0135,0.0759,0.010808,0.002426,0,0
LOT-018,L018-P073,9.7606,10.071,10.358,10.4991,9.6842,0.6062,0.126,0.6381,1.1115,1.3443,0.012933,0.002973,0,0
LOT-018,L018-P074,8.9244,9.099,9.4042,9.6853,9.6842,0.6062,-1.2534,-0.9654,-0.4619,0.0018,0.007275,0.004072,0,0
LOT-018,L018-P075,10.1844,10.4384,10.7053,10.9729,9.6842,0.6062,0.8251,1.2441,1.6844,2.1259,0.010583,0.003712,0,0
LOT-018,L018-P076,9.6614,9.8768,10.145,10.378,9.6842,0.6062,-0.0376,0.3177,0.7601,1.1445,0.008975,0.003481,0,0
LOT-018,L018-P077,9.8736,10.1037,10.3367,10.672,9.6842,0.6062,0.3124,0.692,1.0764,1.6295,0.009588,0.003947,0,0
LOT-018,L018-P078,8.2506,8.3381,8.8422,9.2542,9.6842,0.6062,-2.3649,-2.2206,-1.389,-0.7093,0.003646,0.006362,0,0
LOT-018,L018-P079,8.881,9.0148,9.2943,9.4878,9.6842,0.6062,-1.325,-1.1043,-0.6432,-0.324,0.005575,0.003285,0,0
LOT-018,L018-P080,9.7405,9.9564,10.2388,10.3187,9.6842,0.6062,0.0929,0.449,0.9149,1.0467,0.008996,0.002516,0,0
LOT-018,L018-P081,9.9509,10.18,10.4267,10.7098,9.6842,0.6062,0.44,0.8179,1.2248,1.6919,0.009546,0.003679,0,0
LOT-018,L018-P082,9.1351,9.2831,9.3495,9.631,9.6842,0.6062,-0.9058,-0.6617,-0.5521,-0.0878,0.006167,0.002416,0,0
LOT-018,L018-P083,9.1219,10.877,13.7631,19.8527,9.6842,0.6062,-0.9276,1.9677,6.7286,16.7742,0.073129,0.062331,0,1
LOT-018,L018-P084,9.6696,9.8904,10.0609,10.4008,9.6842,0.6062,-0.0241,0.3402,0.6214,1.1821,0.0092,0.003544,0,0
LOT-018,L018-P085,8.9393,9.1026,9.5296,9.8544,9.6842,0.6062,-1.2288,-0.9594,-0.255,0.2808,0.006804,0.005221,0,0
LOT-018,L018-P086,9.2074,9.414,9.4884,9.7338,9.6842,0.6062,-0.7865,-0.4457,-0.323,0.0818,0.008608,0.002221,0,0
LOT-018,L018-P087,10.1562,10.2464,10.5017,10.5443,9.6842,0.6062,0.7786,0.9274,1.3486,1.4188,0.003758,0.002069,0,0
LOT-018,L018-P088,9.1602,9.4673,9.6423,9.6261,9.6842,0.6062,-0.8644,-0.3578,-0.0691,-0.0958,0.012796,0.001103,0,0
LOT-018,L018-P089,8.837,9.1273,9.4209,9.6808,9.6842,0.6062,-1.3976,-0.9187,-0.4343,-0.0056,0.012096,0.003844,0,0
LOT-018,L018-P090,8.9514,9.0861,9.3285,9.6823,9.6842,0.6062,-1.2088,-0.9866,-0.5868,-0.0031,0.005613,0.00414,0,0
LOT-018,L018-P091,9.4014,9.5475,9.7269,9.9991,9.6842,0.6062,-0.4665,-0.2255,0.0704,0.5195,0.006087,0.003136,0,0
LOT-018,L018-P092,11.0265,11.0987,11.3165,11.5133,9.6842,0.6062,2.2143,2.3334,2.6927,3.0173,0.003008,0.002879,0,0
LOT-018,L018-P093,10.3745,10.722,10.8749,11.1173,9.6842,0.6062,1.1387,1.712,1.9642,2.3641,0.014479,0.002745,0,0
LOT-018,L018-P094,10.0304,10.1525,10.5292,10.6321,9.6842,0.6062,0.5711,0.7725,1.3939,1.5637,0.005087,0.003331,0,0
LOT-018,L018-P095,10.673,11.6999,15.7904,20.9982,9.6842,0.6062,1.6311,3.3251,10.0729,18.6638,0.042787,0.064572,0,1
LOT-018,L018-P096,9.2399,9.3988,9.4294,9.5606,9.6842,0.6062,-0.7329,-0.4708,-0.4203,-0.2039,0.006621,0.001124,0,0
LOT-018,L018-P097,11.1589,11.2291,11.4485,11.7533,9.6842,0.6062,2.4327,2.5485,2.9104,3.4132,0.002925,0.00364,0,0
LOT-018,L018-P098,9.1761,9.4243,9.6748,9.9782,9.6842,0.6062,-0.8382,-0.4287,-0.0155,0.485,0.010342,0.003847,0,0
LOT-018,L018-P099,10.2671,11.2871,13.8047,19.3111,9.6842,0.6062,0.9616,2.6442,6.7973,15.8807,0.0425,0.055722,0,1
LOT-018,L018-P100,9.2997,9.57,9.7966,10.0168,9.6842,0.6062,-0.6343,-0.1884,0.1854,0.5487,0.011263,0.003103,0,0
LOT-019,L019-P001,9.1186,9.1598,9.5322,9.6619,9.7639,0.6465,-0.9981,-0.9344,-0.3584,-0.1578,0.001717,0.003487,0,0
LOT-019,L019-P002,10.4171,11.2839,15.6686,22.1207,9.7639,0.6465,1.0104,2.3511,9.1333,19.1134,0.036117,0.075256,0,1
LOT-019,L019-P003,9.4757,10.567,13.8118,19.5292,9.7639,0.6465,-0.4458,1.2422,6.2613,15.1049,0.045471,0.062237,0,1
LOT-019,L019-P004,10.5826,10.8194,11.1332,11.503,9.7639,0.6465,1.2664,1.6326,2.118,2.69,0.009867,0.004747,0,0
LOT-019,L019-P005,9.1469,9.3781,9.6045,9.5256,9.7639,0.6465,-0.9544,-0.5968,-0.2466,-0.3686,0.009633,0.001024,0,0
LOT-019,L019-P006,9.8032,10.6288,14.9783,20.9598,9.7639,0.6465,0.0608,1.3378,8.0656,17.3177,0.0344,0.071743,0,1
LOT-019,L019-P007,11.0092,11.1544,11.3733,11.4404,9.7639,0.6465,1.9262,2.1508,2.4894,2.5932,0.00605,0.001986,0,0
LOT-019,L019-P008,9.284,9.47,9.7671,9.9976,9.7639,0.6465,-0.7423,-0.4546,0.0049,0.3615,0.00775,0.003664,0,0
LOT-019,L019-P009,10.2739,10.4464,10.8127,10.9726,9.7639,0.6465,0.7889,1.0557,1.6223,1.8696,0.007188,0.003654,0,0
LOT-019,L019-P010,10.2227,10.424,10.7825,10.9827,9.7639,0.6465,0.7097,1.021,1.5756,1.8852,0.008387,0.00388,0,0
LOT-019,L019-P011,9.3284,9.6068,9.9096,10.1541,9.7639,0.6465,-0.6736,-0.243,0.2254,0.6036,0.0116,0.003801,0,0
LOT-019,L019-P012,8.6505,8.8505,9.0714,9.3262,9.7639,0.6465,-1.7222,-1.4128,-1.0712,-0.677,0.008333,0.003303,0,0
LOT-019,L019-P013,9.8475,10.0288,10.1802,10.1546,9.7639,0.6465,0.1293,0.4097,0.6439,0.6043,0.007554,0.000874,0,0
LOT-019,L019-P014,10.0425,11.4647,15.1352,19.1182,9.7639,0.6465,0.4309,2.6308,8.3083,14.4691,0.059258,0.053149,0,1
LOT-019,L019-P015,9.4581,9.4906,9.6479,9.858,9.7639,0.6465,-0.473,-0.4227,-0.1794,0.1456,0.001354,0.002551,0,0
LOT-019,L019-P016,9.3116,9.4749,9.8703,9.9067,9.7639,0.6465,-0.6996,-0.447,0.1646,0.2209,0.006804,0.002999,0,0
LOT-019,L019-P017,9.5587,9.7498,10.0845,10.2274,9.7639,0.6465,-0.3174,-0.0218,0.4959,0.7169,0.007963,0.003317,0,0
LOT-019,L019-P018,9.4819,10.8941,13.6998,16.9314,9.7639,0.6465,-0.4362,1.7482,6.088,11.0866,0.058842,0.041926,0,1
LOT-019,L019-P019,10.4415,10.5908,10.7646,11.2232,9.7639,0.6465,1.0481,1.279,1.5479,2.2572,0.006221,0.004392,0,0
LOT-019,L019-P020,10.0348,10.3046,10.7159,10.8419,9.7639,0.6465,0.419,0.8363,1.4725,1.6674,0.011242,0.003731,0,0
LOT-019,L019-P021,8.1513,8.2946,8.6027,8.8246,9.7639,0.6465,-2.4944,-2.2727,-1.7961,-1.4529,0.005971,0.003681,0,0
LOT-019,L019-P022,9.6561,10.0331,10.2722,10.5674,9.7639,0.6465,-0.1667,0.4164,0.7862,1.2428,0.015708,0.00371,0,0
LOT-019,L019-P023,9.1255,9.2423,9.5616,9.7332,9.7639,0.6465,-0.9875,-0.8068,-0.3129,-0.0475,0.004867,0.003409,0,0
LOT-019,L019-P024,10.5335,10.6151,10.8109,10.9752,9.7639,0.6465,1.1904,1.3166,1.6195,1.8736,0.0034,0.002501,0,0
LOT-019,L019-P025,10.7113,11.0125,11.3771,11.4659,9.7639,0.6465,1.4654,1.9313,2.4953,2.6326,0.01255,0.003149,0,0
LOT-019,L019-P026,9.0089,9.1569,9.4232,9.5512,9.7639,0.6465,-1.1678,-0.9389,-0.527,-0.329,0.006167,0.002738,0,0
LOT-019,L019-P027,10.221,11.8959,16.1134,20.5259,9.7639,0.6465,0.707,3.2978,9.8213,16.6466,0.069787,0.059931,0,1
LOT-019,L019-P028,10.5031,10.6979,10.9731,10.9761,9.7639,0.6465,1.1434,1.4447,1.8704,1.875,0.008117,0.001932,0,0
LOT-019,L019-P029,10.2772,10.4335,10.6576,10.8329,9.7639,0.6465,0.794,1.0357,1.3824,1.6535,0.006512,0.002774,0,0
LOT-019,L019-P030,9.0601,9.285,9.5913,9.7775,9.7639,0.6465,-1.0886,-0.7408,-0.267,0.021,0.009371,0.00342,0,0
LOT-019,L019-P031,10.5372,10.7843,11.1049,11.2965,9.7639,0.6465,1.1961,1.5783,2.0742,2.3706,0.010296,0.003557,0,0
LOT-019,L019-P032,11.2547,11.3227,11.6524,12.0188,9.7639,0.6465,2.306,2.4111,2.9211,3.4879,0.002833,0.004834,0,0
LOT-019,L019-P033,8.8782,8.9798,9.3444,9.6718,9.7639,0.6465,-1.37,-1.2128,-0.6489,-0.1425,0.004233,0.004806,0,0
LOT-019,L019-P034,9.7203,9.9958,10.2116,10.5018,9.7639,0.6465,-0.0674,0.3587,0.6925,1.1414,0.011479,0.003514,0,0
LOT-019,L019-P035,9.0807,9.3299,9.7074,10.1548,9.7639,0.6465,-1.0568,-0.6713,-0.0874,0.6046,0.010383,0.005728,0,0
LOT-019,L019-P036,8.6731,8.9196,9.2567,9.4894,9.7639,0.6465,-1.6872,-1.306,-0.7845,-0.4246,0.010271,0.003957,0,0
LOT-019,L019-P037,9.8915,9.8935,10.1662,10.3749,9.7639,0.6465,0.1974,0.2005,0.6223,0.9451,8.3e-05,0.003343,0,0
LOT-019,L019-P038,10.094,10.2901,10.5931,10.7812,9.7639,0.6465,0.5106,0.8139,1.2826,1.5735,0.008171,0.00341,0,0
LOT-019,L019-P039,7.8744,7.9629,8.0987,8.3204,9.7639,0.6465,-2.9227,-2.7858,-2.5757,-2.2328,0.003688,0.002483,0,0
LOT-019,L019-P040,10.7931,10.9261,11.0318,11.2956,9.7639,0.6465,1.592,1.7977,1.9612,2.3692,0.005542,0.002566,0,0
LOT-019,L019-P041,10.0167,10.3125,10.6097,10.8315,9.7639,0.6465,0.391,0.8486,1.3083,1.6514,0.012325,0.003604,0,0
LOT-019,L019-P042,10.6786,10.7887,11.0275,11.1822,9.7639,0.6465,1.4148,1.5852,1.9545,2.1938,0.004588,0.002733,0,0
LOT-019,L019-P043,10.004,10.1136,10.4725,10.5041,9.7639,0.6465,0.3714,0.5409,1.0961,1.1449,0.004567,0.002712,0,0
LOT-019,L019-P044,10.1022,10.2182,10.4372,10.6564,9.7639,0.6465,0.5233,0.7027,1.0415,1.3805,0.004833,0.003043,0,0
LOT-019,L019-P045,9.8402,9.8522,9.9299,10.1539,9.7639,0.6465,0.118,0.1366,0.2568,0.6032,0.0005,0.002095,0,0
LOT-019,L019-P046,9.4722,9.6417,9.921,9.933,9.7639,0.6465,-0.4512,-0.189,0.243,0.2616,0.007062,0.002023,0,0
LOT-019,L019-P047,9.3442,9.4924,9.6354,9.6814,9.7639,0.6465,-0.6492,-0.42,-0.1988,-0.1276,0.006175,0.001313,0,0
LOT-019,L019-P048,9.2782,9.5798,9.8429,10.1314,9.7639,0.6465,-0.7513,-0.2848,0.1222,0.5684,0.012567,0.003831,0,0
LOT-019,L019-P049,10.0369,10.2279,10.4419,10.4375,9.7639,0.6465,0.4223,0.7177,1.0487,1.0419,0.007958,0.001456,0,0
LOT-019,L019-P050,10.3335,10.5568,10.8687,11.0311,9.7639,0.6465,0.8811,1.2265,1.7089,1.9601,0.009304,0.003294,0,0
LOT-019,L019-P051,10.6342,10.7508,11.0172,11.1947,9.7639,0.6465,1.3462,1.5265,1.9386,2.2131,0.004858,0.003083,0,0
LOT-019,L019-P052,10.3919,10.4683,10.5995,10.8574,9.7639,0.6465,0.9714,1.0896,1.2925,1.6914,0.003183,0.002702,0,0
LOT-019,L019-P053,10.9648,12.6414,16.9978,21.8486,9.7639,0.6465,1.8575,4.4509,11.1893,18.6925,0.069858,0.063939,0,1
LOT-019,L019-P054,8.6172,8.9252,9.1358,9.2827,9.7639,0.6465,-1.7737,-1.2973,-0.9715,-0.7443,0.012833,0.002483,0,0
LOT-019,L019-P055,8.9782,9.1308,9.495,9.8107,9.7639,0.6465,-1.2153,-0.9793,-0.4159,0.0724,0.006358,0.004722,0,0
LOT-019,L019-P056,9.653,9.7541,9.8853,10.1509,9.7639,0.6465,-0.1715,-0.0152,0.1878,0.5986,0.004212,0.002756,0,0
LOT-019,L019-P057,10.9641,11.1944,11.4145,11.6824,9.7639,0.6465,1.8565,2.2127,2.5531,2.9675,0.009596,0.003389,0,0
LOT-019,L019-P058,9.3048,10.7756,14.2141,18.4278,9.7639,0.6465,-0.7101,1.5649,6.8835,13.4012,0.061283,0.05314,0,1
LOT-019,L019-P059,8.7344,9.0199,9.3891,9.5588,9.7639,0.6465,-1.5924,-1.1508,-0.5797,-0.3172,0.011896,0.003742,0,0
LOT-019,L019-P060,10.576,10.851,11.0195,11.1041,9.7639,0.6465,1.2561,1.6815,1.9422,2.073,0.011458,0.001758,0,0
LOT-019,L019-P061,9.2796,9.5514,9.7299,9.9354,9.7639,0.6465,-0.7491,-0.3287,-0.0526,0.2653,0.011325,0.002667,0,0
LOT-019,L019-P062,9.2035,9.3811,9.6798,9.9565,9.7639,0.6465,-0.8668,-0.5921,-0.1301,0.2979,0.0074,0.003996,0,0
LOT-019,L019-P063,9.9968,10.1894,10.653,10.9692,9.7639,0.6465,0.3602,0.6582,1.3753,1.8643,0.008025,0.005415,0,0
LOT-019,L019-P064,9.5904,9.7769,10.0754,10.3021,9.7639,0.6465,-0.2684,0.0201,0.4818,0.8325,0.007771,0.003647,0,0
LOT-019,L019-P065,10.9041,11.1531,11.2802,11.5751,9.7639,0.6465,1.7637,2.1488,2.3454,2.8015,0.010375,0.002931,0,0
LOT-019,L019-P066,9.0648,9.2716,9.5733,9.6488,9.7639,0.6465,-1.0814,-0.7615,-0.2948,-0.178,0.008617,0.002619,0,0
LOT-019,L019-P067,10.2377,10.3766,10.6125,10.6071,9.7639,0.6465,0.7329,0.9477,1.3126,1.3043,0.005787,0.001601,0,0
LOT-019,L019-P068,9.4109,9.483,9.875,10.1342,9.7639,0.6465,-0.546,-0.4345,0.1718,0.5728,0.003004,0.004522,0,0
LOT-019,L019-P069,9.7935,9.979,10.1278,10.295,9.7639,0.6465,0.0458,0.3327,0.5629,0.8215,0.007729,0.002194,0,0
LOT-019,L019-P070,9.5417,9.7314,9.9314,10.1983,9.7639,0.6465,-0.3437,-0.0503,0.2591,0.6719,0.007904,0.003242,0,0
LOT-019,L019-P071,9.2605,9.5887,9.7668,9.9571,9.7639,0.6465,-0.7787,-0.271,0.0045,0.2988,0.013675,0.002558,0,0
LOT-019,L019-P072,9.8983,10.0889,10.1786,10.1971,9.7639,0.6465,0.2079,0.5027,0.6415,0.6701,0.007942,0.000751,0,0
LOT-019,L019-P073,10.6639,10.8214,10.9828,11.2077,9.7639,0.6465,1.3921,1.6357,1.8854,2.2333,0.006563,0.002683,0,0
LOT-019,L019-P074,9.7927,9.8634,10.2192,10.4274,9.7639,0.6465,0.0445,0.1539,0.7043,1.0263,0.002946,0.003917,0,0
LOT-019,L019-P075,9.1617,9.2806,9.5229,9.7316,9.7639,0.6465,-0.9315,-0.7476,-0.3728,-0.05,0.004954,0.003132,0,0
LOT-019,L019-P076,10.1302,10.2583,10.2926,10.4555,9.7639,0.6465,0.5666,0.7647,0.8178,1.0698,0.005337,0.001369,0,0
LOT-019,L019-P077,9.8775,10.1496,10.4547,10.685,9.7639,0.6465,0.1757,0.5966,1.0685,1.4247,0.011338,0.003718,0,0
LOT-019,L019-P078,9.9829,10.1526,10.3958,10.5695,9.7639,0.6465,0.3387,0.6012,0.9774,1.2461,0.007071,0.002895,0,0
LOT-019,L019-P079,9.1506,9.2552,9.5931,9.6387,9.7639,0.6465,-0.9486,-0.7869,-0.2642,-0.1937,0.004358,0.002663,0,0
LOT-019,L019-P080,10.1068,10.3111,10.4554,10.7177,9.7639,0.6465,0.5304,0.8464,1.0696,1.4753,0.008512,0.002824,0,0
LOT-019,L019-P081,9.3219,9.4651,9.7283,9.8429,9.7639,0.6465,-0.6837,-0.4622,-0.0551,0.1222,0.005967,0.002624,0,0
LOT-019,L019-P082,9.4899,9.6086,9.9321,9.9783,9.7639,0.6465,-0.4238,-0.2402,0.2602,0.3316,0.004946,0.002567,0,0
LOT-019,L019-P083,9.2511,9.5009,9.6772,9.6821,9.7639,0.6465,-0.7932,-0.4068,-0.1341,-0.1265,0.010408,0.001258,0,0
LOT-019,L019-P084,8.655,8.9011,9.3194,9.5587,9.7639,0.6465,-1.7152,-1.3346,-0.6875,-0.3174,0.010254,0.004567,0,0
LOT-019,L019-P085,9.7487,10.6805,14.5092,18.2584,9.7639,0.6465,-0.0235,1.4178,7.34,13.1392,0.038825,0.052624,0,1
LOT-019,L019-P086,9.5864,9.7841,9.8958,10.1396,9.7639,0.6465,-0.2746,0.0312,0.204,0.5811,0.008238,0.002469,0,0
LOT-019,L019-P087,9.2787,10.1868,13.7046,18.3316,9.7639,0.6465,-0.7505,0.6541,6.0954,13.2524,0.037837,0.056561,0,1
LOT-019,L019-P088,9.1248,9.4841,9.7817,9.9664,9.7639,0.6465,-0.9886,-0.4328,0.0275,0.3132,0.014971,0.003349,0,0
LOT-019,L019-P089,8.8181,9.0327,9.2255,9.24,9.7639,0.6465,-1.463,-1.131,-0.8328,-0.8104,0.008942,0.00144,0,0
LOT-019,L019-P090,9.6352,9.83,10.1133,10.3693,9.7639,0.6465,-0.1991,0.1022,0.5404,0.9364,0.008117,0.003745,0,0
LOT-019,L019-P091,8.5916,8.8226,9.1009,9.2755,9.7639,0.6465,-1.8133,-1.456,-1.0255,-0.7555,0.009625,0.003145,0,0
LOT-019,L019-P092,9.0121,9.1635,9.5088,9.6788,9.7639,0.6465,-1.1629,-0.9287,-0.3946,-0.1316,0.006308,0.003578,0,0
LOT-019,L019-P093,9.5874,9.7434,9.9634,10.2647,9.7639,0.6465,-0.273,-0.0317,0.3086,0.7746,0.0065,0.00362,0,0
LOT-019,L019-P094,39.6558,53.6321,75.6211,90.689,9.7639,0.6465,46.2365,67.8549,101.8673,125.1742,0.582346,0.25734,1,1
LOT-019,L019-P095,9.8522,10.0506,10.4434,10.691,9.7639,0.6465,0.1366,0.4435,1.051,1.434,0.008267,0.004447,0,0
LOT-019,L019-P096,9.3378,9.6241,9.9559,10.0645,9.7639,0.6465,-0.6591,-0.2162,0.297,0.465,0.011929,0.003058,0,0
LOT-019,L019-P097,10.24,10.369,10.6998,10.8869,9.7639,0.6465,0.7364,0.936,1.4476,1.737,0.005375,0.003597,0,0
LOT-019,L019-P098,9.6182,9.9315,10.1137,10.2523,9.7639,0.6465,-0.2254,0.2592,0.5411,0.7555,0.013054,0.002228,0,0
LOT-019,L019-P099,10.1427,10.4367,10.5744,10.8717,9.7639,0.6465,0.5859,1.0407,1.2537,1.7135,0.01225,0.003021,0,0
LOT-019,L019-P100,9.7514,9.9395,10.3063,10.6651,9.7639,0.6465,-0.0193,0.2716,0.839,1.394,0.007838,0.005039,0,0
LOT-020,L020-P001,11.2249,11.3425,11.481,11.7993,10.5577,0.7985,0.8356,0.9828,1.1563,1.5549,0.0049,0.003172,0,0
LOT-020,L020-P002,10.4336,10.5211,10.7509,11.0489,10.5577,0.7985,-0.1554,-0.0458,0.242,0.6152,0.003646,0.003665,0,0
LOT-020,L020-P003,9.5377,9.7476,10.0174,10.4862,10.5577,0.7985,-1.2774,-1.0145,-0.6766,-0.0895,0.008746,0.005129,0,0
LOT-020,L020-P004,10.3869,10.4887,10.5687,10.6952,10.5577,0.7985,-0.2139,-0.0864,0.0138,0.1722,0.004242,0.001434,0,0
LOT-020,L020-P005,11.6321,11.7602,12.1963,12.4239,10.5577,0.7985,1.3455,1.5059,2.0521,2.3371,0.005337,0.004609,0,0
LOT-020,L020-P006,10.5955,10.831,11.0374,11.3446,10.5577,0.7985,0.0473,0.3423,0.6008,0.9855,0.009813,0.003567,0,0
LOT-020,L020-P007,9.4504,9.6214,9.8887,10.0932,10.5577,0.7985,-1.3867,-1.1726,-0.8378,-0.5817,0.007125,0.003276,0,0
LOT-020,L020-P008,10.5841,10.8718,11.1992,11.3985,10.5577,0.7985,0.0331,0.3934,0.8034,1.053,0.011988,0.003658,0,0
LOT-020,L020-P009,10.0062,10.2637,10.3633,10.5878,10.5577,0.7985,-0.6907,-0.3682,-0.2435,0.0377,0.010729,0.002251,0,0
LOT-020,L020-P010,11.5784,11.7535,11.9842,12.2739,10.5577,0.7985,1.2783,1.4976,1.7865,2.1493,0.007296,0.003614,0,0
LOT-020,L020-P011,49.6502,59.3929,78.7212,91.2955,10.5577,0.7985,48.9574,61.1587,85.3644,101.1118,0.405946,0.221546,1,1
LOT-020,L020-P012,9.1647,9.2895,9.5211,9.7096,10.5577,0.7985,-1.7445,-1.5882,-1.2982,-1.0621,0.0052,0.002917,0,0
LOT-020,L020-P013,11.5564,11.6412,11.7881,12.0549,10.5577,0.7985,1.2507,1.3569,1.5409,1.875,0.003533,0.002873,0,0
LOT-020,L020-P014,9.8418,10.0677,10.4668,10.7393,10.5577,0.7985,-0.8966,-0.6137,-0.1138,0.2274,0.009413,0.004664,0,0
LOT-020,L020-P015,10.8498,11.1228,11.4815,11.4725,10.5577,0.7985,0.3658,0.7077,1.1569,1.1456,0.011375,0.002428,0,0
LOT-020,L020-P016,10.2896,10.3772,10.5206,10.5523,10.5577,0.7985,-0.3358,-0.226,-0.0465,-0.0068,0.00365,0.001216,0,0
LOT-020,L020-P017,11.1249,11.3026,11.4846,11.5182,10.5577,0.7985,0.7103,0.9329,1.1608,1.2029,0.007404,0.001497,0,0
LOT-020,L020-P018,12.1831,12.5224,12.7593,12.9016,10.5577,0.7985,2.0356,2.4605,2.7572,2.9354,0.014137,0.002633,0,0
LOT-020,L020-P019,10.8299,11.0694,11.375,11.3718,10.5577,0.7985,0.3409,0.6408,1.0235,1.0195,0.009979,0.0021,0,0
LOT-020,L020-P020,9.5493,9.6309,9.8917,10.0417,10.5577,0.7985,-1.2629,-1.1607,-0.8341,-0.6462,0.0034,0.002853,0,0
LOT-020,L020-P021,11.6898,11.8139,11.9222,12.2677,10.5577,0.7985,1.4178,1.5732,1.7088,2.1415,0.005171,0.003151,0,0
LOT-020,L020-P022,11.1637,11.3796,11.7828,12.0249,10.5577,0.7985,0.7589,1.0293,1.5343,1.8374,0.008996,0.004481,0,0
LOT-020,L020-P023,10.7165,10.9935,11.2159,11.3195,10.5577,0.7985,0.1989,0.5458,0.8243,0.954,0.011542,0.002264,0,0
LOT-020,L020-P024,10.5691,10.822,11.2333,11.5062,10.5577,0.7985,0.0143,0.331,0.8461,1.1879,0.010537,0.004751,0,0
LOT-020,L020-P025,10.7067,10.8685,10.8381,10.9318,10.5577,0.7985,0.1866,0.3892,0.3512,0.4685,0.006742,0.00044,0,0
LOT-020,L020-P026,11.102,11.2831,11.5937,11.8001,10.5577,0.7985,0.6817,0.9085,1.2974,1.5559,0.007546,0.00359,0,0
LOT-020,L020-P027,11.2231,11.4509,11.7968,12.1573,10.5577,0.7985,0.8333,1.1186,1.5518,2.0033,0.009492,0.004906,0,0
LOT-020,L020-P028,10.7526,10.9545,11.0522,11.1991,10.5577,0.7985,0.2441,0.4969,0.6193,0.8033,0.008413,0.001699,0,0
LOT-020,L020-P029,11.615,11.7716,11.9271,12.126,10.5577,0.7985,1.3241,1.5202,1.715,1.9641,0.006525,0.002461,0,0
LOT-020,L020-P030,10.2151,10.2587,10.4839,10.6359,10.5577,0.7985,-0.4291,-0.3745,-0.0924,0.0979,0.001817,0.002619,0,0
LOT-020,L020-P031,10.886,10.9881,11.2626,11.5193,10.5577,0.7985,0.4111,0.539,0.8828,1.2043,0.004254,0.003689,0,0
LOT-020,L020-P032,10.3221,10.4651,10.7464,11.0037,10.5577,0.7985,-0.2951,-0.116,0.2363,0.5585,0.005958,0.00374,0,0
LOT-020,L020-P033,9.8185,10.1398,10.3595,10.7589,10.5577,0.7985,-0.9257,-0.5234,-0.2482,0.252,0.013387,0.004299,0,0
LOT-020,L020-P034,9.5564,9.6564,9.9337,10.1679,10.5577,0.7985,-1.254,-1.1287,-0.7815,-0.4882,0.004167,0.003552,0,0
LOT-020,L020-P035,10.3004,10.447,10.5817,10.9384,10.5577,0.7985,-0.3222,-0.1386,0.0301,0.4768,0.006108,0.003413,0,0
LOT-020,L020-P036,11.5619,11.6992,11.8466,12.0008,10.5577,0.7985,1.2576,1.4296,1.6142,1.8073,0.005721,0.002094,0,0
LOT-020,L020-P037,11.2018,12.2408,15.1538,21.5482,10.5577,0.7985,0.8066,2.1078,5.7559,13.7639,0.043292,0.064635,0,1
LOT-020,L020-P038,10.3753,11.9611,15.1038,18.235,10.5577,0.7985,-0.2284,1.7575,5.6933,9.6147,0.066075,0.043569,0,1
LOT-020,L020-P039,10.6856,10.7764,11.0012,11.1881,10.5577,0.7985,0.1602,0.2739,0.5554,0.7895,0.003783,0.002859,0,0
LOT-020,L020-P040,10.4865,11.6294,14.9661,21.2174,10.5577,0.7985,-0.0892,1.3421,5.5209,13.3497,0.047621,0.066583,0,1
LOT-020,L020-P041,11.8435,12.073,12.3576,12.4568,10.5577,0.7985,1.6103,1.8977,2.2541,2.3783,0.009562,0.002665,0,0
LOT-020,L020-P042,9.3362,9.4886,9.9716,10.1886,10.5577,0.7985,-1.5297,-1.3389,-0.734,-0.4622,0.00635,0.004861,0,0
LOT-020,L020-P043,10.5299,10.843,11.0454,11.1963,10.5577,0.7985,-0.0348,0.3573,0.6108,0.7997,0.013046,0.002453,0,0
LOT-020,L020-P044,10.3319,10.4934,10.7388,10.889,10.5577,0.7985,-0.2828,-0.0805,0.2268,0.4149,0.006729,0.002747,0,0
LOT-020,L020-P045,11.4462,11.646,11.9847,12.0396,10.5577,0.7985,1.1127,1.3629,1.7871,1.8559,0.008325,0.002733,0,0
LOT-020,L020-P046,9.8197,10.0495,10.3647,10.6615,10.5577,0.7985,-0.9242,-0.6364,-0.2417,0.13,0.009575,0.00425,0,0
LOT-020,L020-P047,9.052,9.16,9.3686,9.5973,10.5577,0.7985,-1.8857,-1.7504,-1.4892,-1.2028,0.0045,0.003037,0,0
LOT-020,L020-P048,10.4071,11.4269,14.546,19.7051,10.5577,0.7985,-0.1886,1.0885,4.9947,11.4557,0.042492,0.057488,0,1
LOT-020,L020-P049,10.1137,10.2564,10.5079,10.5477,10.5577,0.7985,-0.556,-0.3773,-0.0624,-0.0125,0.005946,0.002023,0,0
LOT-020,L020-P050,10.5156,10.7479,11.0047,11.1915,10.5577,0.7985,-0.0527,0.2382,0.5598,0.7937,0.009679,0.003081,0,0
LOT-020,L020-P051,9.5246,9.7767,10.1735,10.4117,10.5577,0.7985,-1.2938,-0.9781,-0.4812,-0.1828,0.010504,0.00441,0,0
LOT-020,L020-P052,9.8883,9.9713,10.2994,10.4929,10.5577,0.7985,-0.8383,-0.7344,-0.3235,-0.0812,0.003458,0.003622,0,0
LOT-020,L020-P053,9.7758,9.9549,10.1108,10.2695,10.5577,0.7985,-0.9792,-0.7549,-0.5597,-0.3609,0.007463,0.002185,0,0
LOT-020,L020-P054,11.6195,11.6655,11.8348,12.2026,10.5577,0.7985,1.3297,1.3874,1.5994,2.06,0.001917,0.00373,0,0
LOT-020,L020-P055,9.977,10.1437,10.2871,10.5713,10.5577,0.7985,-0.7272,-0.5185,-0.3389,0.017,0.006946,0.002969,0,0
LOT-020,L020-P056,12.7682,12.9281,12.9856,13.3349,10.5577,0.7985,2.7683,2.9686,3.0406,3.478,0.006663,0.002825,0,0
LOT-020,L020-P057,10.1078,10.3175,10.5984,10.7401,10.5577,0.7985,-0.5634,-0.3008,0.051,0.2284,0.008738,0.002935,0,0
LOT-020,L020-P058,10.3605,10.3865,10.8152,10.9718,10.5577,0.7985,-0.247,-0.2144,0.3225,0.5186,0.001083,0.004065,0,0
LOT-020,L020-P059,11.634,11.8867,12.0355,12.1174,10.5577,0.7985,1.3479,1.6644,1.8507,1.9533,0.010529,0.001602,0,0
LOT-020,L020-P060,10.2187,10.4305,10.6342,10.8035,10.5577,0.7985,-0.4245,-0.1593,0.0958,0.3078,0.008825,0.00259,0,0
LOT-020,L020-P061,10.9019,11.1341,11.3366,11.4026,10.5577,0.7985,0.4311,0.7219,0.9755,1.0581,0.009675,0.001865,0,0
LOT-020,L020-P062,10.8997,11.1111,11.3631,11.6523,10.5577,0.7985,0.4283,0.693,1.0086,1.3708,0.008808,0.003758,0,0
LOT-020,L020-P063,10.6872,10.7901,10.9977,11.0418,10.5577,0.7985,0.1622,0.291,0.551,0.6063,0.004287,0.001748,0,0
LOT-020,L020-P064,9.951,10.0742,10.3372,10.4309,10.5577,0.7985,-0.7598,-0.6055,-0.2761,-0.1588,0.005133,0.002477,0,0
LOT-020,L020-P065,9.6155,9.8779,10.3004,10.5499,10.5577,0.7985,-1.18,-0.8513,-0.3222,-0.0098,0.010933,0.004667,0,0
LOT-020,L020-P066,11.2206,11.4304,11.7024,12.0057,10.5577,0.7985,0.8302,1.0929,1.4336,1.8134,0.008742,0.003995,0,0
LOT-020,L020-P067,11.4351,11.6542,11.8917,11.9579,10.5577,0.7985,1.0988,1.3732,1.6706,1.7535,0.009129,0.002109,0,0
LOT-020,L020-P068,10.4542,10.5112,10.7328,10.833,10.5577,0.7985,-0.1296,-0.0582,0.2193,0.3448,0.002375,0.002235,0,0
LOT-020,L020-P069,9.4776,9.541,9.825,9.967,10.5577,0.7985,-1.3527,-1.2733,-0.9176,-0.7398,0.002642,0.002958,0,0
LOT-020,L020-P070,10.1992,11.2398,14.7709,19.7648,10.5577,0.7985,-0.449,0.8542,5.2764,11.5305,0.043358,0.059201,0,1
LOT-020,L020-P071,10.2334,10.3496,10.7071,10.9296,10.5577,0.7985,-0.4061,-0.2606,0.1871,0.4657,0.004842,0.004028,0,0
LOT-020,L020-P072,11.0422,11.268,11.5703,11.6731,10.5577,0.7985,0.6068,0.8895,1.2681,1.3969,0.009408,0.002813,0,0
LOT-020,L020-P073,9.5434,9.8348,10.0635,10.2668,10.5577,0.7985,-1.2703,-0.9053,-0.6189,-0.3643,0.012142,0.003,0,0
LOT-020,L020-P074,10.5746,10.7701,10.9329,11.1131,10.5577,0.7985,0.0212,0.266,0.4699,0.6956,0.008146,0.002382,0,0
LOT-020,L020-P075,10.6661,10.8486,11.0824,11.3155,10.5577,0.7985,0.1358,0.3643,0.6571,0.949,0.007604,0.003242,0,0
LOT-020,L020-P076,11.1564,11.2907,11.6373,11.8754,10.5577,0.7985,0.7498,0.918,1.352,1.6502,0.005596,0.00406,0,0
LOT-020,L020-P077,11.7919,11.799,12.0973,12.3633,10.5577,0.7985,1.5456,1.5545,1.9281,2.2612,0.000296,0.003919,0,0
LOT-020,L020-P078,11.1546,11.3383,11.5713,11.6061,10.5577,0.7985,0.7475,0.9776,1.2694,1.313,0.007654,0.00186,0,0
LOT-020,L020-P079,9.7575,9.9117,10.2952,10.5928,10.5577,0.7985,-1.0021,-0.809,-0.3287,0.044,0.006425,0.00473,0,0
LOT-020,L020-P080,10.8526,10.9873,11.1888,11.3594,10.5577,0.7985,0.3693,0.538,0.7904,1.004,0.005612,0.002584,0,0
LOT-020,L020-P081,10.2021,10.2169,10.5891,10.7491,10.5577,0.7985,-0.4453,-0.4268,0.0393,0.2397,0.000617,0.003696,0,0
LOT-020,L020-P082,10.6832,10.6938,10.9428,11.105,10.5577,0.7985,0.1572,0.1704,0.4823,0.6854,0.000442,0.002856,0,0
LOT-020,L020-P083,10.4156,10.5377,10.8244,10.9448,10.5577,0.7985,-0.178,-0.025,0.334,0.4848,0.005087,0.002827,0,0
LOT-020,L020-P084,11.9523,12.1942,12.5151,12.451,10.5577,0.7985,1.7465,2.0495,2.4513,2.3711,0.010079,0.001783,0,0
LOT-020,L020-P085,50.7515,64.7845,77.8319,110.9827,10.5577,0.7985,50.3366,67.9108,84.2507,125.7671,0.584708,0.320821,1,1
LOT-020,L020-P086,9.8924,10.0994,10.3852,10.5547,10.5577,0.7985,-0.8332,-0.574,-0.216,-0.0038,0.008625,0.003162,0,0
LOT-020,L020-P087,10.3942,10.6314,10.8421,10.8834,10.5577,0.7985,-0.2048,0.0923,0.3562,0.4079,0.009883,0.00175,0,0
LOT-020,L020-P088,10.3922,10.5096,10.7717,10.935,10.5577,0.7985,-0.2073,-0.0602,0.268,0.4725,0.004892,0.002954,0,0
LOT-020,L020-P089,9.6723,9.8212,10.2068,10.4033,10.5577,0.7985,-1.1088,-0.9224,-0.4394,-0.1934,0.006204,0.004042,0,0
LOT-020,L020-P090,9.8332,10.7621,13.7414,19.7497,10.5577,0.7985,-0.9073,0.256,3.9871,11.5116,0.038704,0.062414,0,1
LOT-020,L020-P091,10.1534,10.413,10.7,10.729,10.5577,0.7985,-0.5063,-0.1812,0.1782,0.2145,0.010817,0.002194,0,0
LOT-020,L020-P092,10.6437,10.8038,11.083,11.311,10.5577,0.7985,0.1077,0.3082,0.6579,0.9434,0.006671,0.003522,0,0
LOT-020,L020-P093,10.5697,10.7993,11.0029,11.2876,10.5577,0.7985,0.015,0.3026,0.5575,0.9141,0.009567,0.003391,0,0
LOT-020,L020-P094,8.9775,9.3196,9.6559,9.7729,10.5577,0.7985,-1.979,-1.5505,-1.1294,-0.9828,0.014254,0.003148,0,0
LOT-020,L020-P095,9.7691,11.1917,14.008,20.0201,10.5577,0.7985,-0.9876,0.794,4.321,11.8502,0.059275,0.061308,0,1
LOT-020,L020-P096,9.3052,9.48,9.8142,9.9449,10.5577,0.7985,-1.5686,-1.3497,-0.9311,-0.7674,0.007283,0.003228,0,0
LOT-020,L020-P097,44.0467,53.1182,68.9942,94.5474,10.5577,0.7985,41.9399,53.3006,73.1828,105.1843,0.377979,0.287703,1,1
LOT-020,L020-P098,10.2102,10.4318,10.6204,10.8583,10.5577,0.7985,-0.4352,-0.1577,0.0785,0.3765,0.009233,0.002962,0,0
LOT-020,L020-P099,10.4248,10.5547,10.8277,11.1055,10.5577,0.7985,-0.1664,-0.0038,0.3381,0.686,0.005413,0.003825,0,0
LOT-020,L020-P100,9.973,10.1431,10.4674,10.6526,10.5577,0.7985,-0.7322,-0.5192,-0.1131,0.1188,0.007087,0.003538,0,0
