Lot_ID,Part_ID,Value_0h_uA,Value_24h_uA,Value_96h_uA,Value_168h_uA,Lot_Mean_uA,Lot_Sigma_uA,Dynamic_Z_0h,Dynamic_Z_24h,Dynamic_Z_96h,Dynamic_Z_168h,Slope_0_24_uA_per_h,Slope_24_168_uA_per_h,Static_Limit_Fail,Latent_Defect_Label,Dynamic_Anomaly,Anomaly_Score,Predicted_Value_168h_uA,Predicted_Slope_0_168_uA_per_h,Drift_Flag,Final_Screening_Reject,Explainability
LOT-021,LOT021-P001,10.042,10.2182,10.4546,10.5841,10.239516000000002,3.666395710146107,-0.053871980990325495,-0.005813884175408029,0.0586636078055596,0.09398439973252799,0.007342,0.002541,0,0,0,-0.1618,10.6464,0.003598,0,0,Within synthetic screening pattern
LOT-021,LOT021-P002,10.6473,10.8452,11.0188,11.0911,10.239516000000002,3.666395710146107,0.11122203718260062,0.1651987531852806,0.21254770668737882,0.23226734573231952,0.008246,0.001708,0,0,0,-0.1223,11.202,0.003302,0,0,Within synthetic screening pattern
LOT-021,LOT021-P003,10.9534,11.0266,11.3796,11.5004,10.239516000000002,3.666395710146107,0.1947100248956897,0.21467513662583704,0.31095497871247657,0.3439028680157801,0.00305,0.00329,0,0,0,-0.0742,11.4331,0.002855,0,0,Within synthetic screening pattern
LOT-021,LOT021-P004,10.2152,10.3205,10.718,10.8925,10.239516000000002,3.666395710146107,-0.006632126459430493,0.022088177709756823,0.1305052803427294,0.17809970653003426,0.004387,0.003972,0,0,0,-0.1466,10.8259,0.003635,0,0,Within synthetic screening pattern
LOT-021,LOT021-P005,9.9712,10.2705,10.3765,10.5583,10.239516000000002,3.666395710146107,-0.07318249889325497,0.008450806309383234,0.037362033678175824,0.086947516089935,0.012471,0.001999,0,0,0,-0.1459,10.6109,0.003808,0,0,Within synthetic screening pattern
LOT-021,LOT021-P006,9.6513,9.995,10.2159,10.302,10.239516000000002,3.666395710146107,-0.1604344011128467,-0.06669111010667711,-0.006441203259825219,0.01704235029161862,0.014321,0.002132,0,0,0,-0.1364,10.3429,0.004117,0,0,Within synthetic screening pattern
LOT-021,LOT021-P007,9.4206,9.5599,9.8489,9.9637,10.239516000000002,3.666395710146107,-0.22335723275417194,-0.1853635160327302,-0.10653950933856926,-0.07522810460331113,0.005804,0.002804,0,0,0,-0.1467,9.9783,0.00332,0,0,Within synthetic screening pattern
LOT-021,LOT021-P008,9.8468,10.0226,10.2743,10.4397,10.239516000000002,3.666395710146107,-0.10711227893738508,-0.05916328109367034,0.009487246535811657,0.05459967112824845,0.007325,0.002897,0,0,0,-0.1654,10.4319,0.003483,0,0,Within synthetic screening pattern
LOT-021,LOT021-P009,8.6338,8.7756,9.1166,9.4108,10.239516000000002,3.666395710146107,-0.4379549091104552,-0.3992793238189949,-0.30627245086844523,-0.2260301575486453,0.005908,0.004411,0,0,0,-0.0237,9.3008,0.00397,0,0,Within synthetic screening pattern
LOT-021,LOT021-P010,9.3787,9.5699,9.83,10.017,10.239516000000002,3.666395710146107,-0.23478534998768527,-0.1826360417526555,-0.11169443572791068,-0.06069066669051253,0.007967,0.003105,0,0,0,-0.1461,10.0155,0.00379,0,0,Within synthetic screening pattern
LOT-021,LOT021-P011,10.0946,10.1502,10.3972,10.4123,10.239516000000002,3.666395710146107,-0.03952546627713218,-0.0243607092799164,0.04300790543793054,0.04712639160084354,0.002317,0.00182,0,0,0,-0.133,10.6348,0.003215,0,0,Within synthetic screening pattern
LOT-021,LOT021-P012,10.3532,10.4712,10.7562,11.0134,10.239516000000002,3.666395710146107,0.03100701860560139,0.06319121511048384,0.14092423209261498,0.2110748705761385,0.004917,0.003765,0,0,0,-0.1464,10.9553,0.003584,0,0,Within synthetic screening pattern
LOT-021,LOT021-P013,10.0906,10.3094,10.5306,10.7668,10.239516000000002,3.666395710146107,-0.04061645598916197,0.019060681258874095,0.07939241233412804,0.14381535482949429,0.009117,0.003176,0,0,0,-0.1577,10.7312,0.003813,0,0,Within synthetic screening pattern
LOT-021,LOT021-P014,10.2071,10.3547,10.6307,10.8383,10.239516000000002,3.666395710146107,-0.008841380626290758,0.03141613974761262,0.10669442987767638,0.16331679593202905,0.00615,0.003358,0,0,0,-0.1563,10.8262,0.003685,0,0,Within synthetic screening pattern
LOT-021,LOT021-P015,9.9269,10.0701,10.38,10.6002,10.239516000000002,3.666395710146107,-0.08526520995398616,-0.04620777826331531,0.03831664967620219,0.09837563332344833,0.005967,0.003681,0,0,0,-0.1628,10.5362,0.003627,0,0,Within synthetic screening pattern
LOT-021,LOT021-P016,9.7462,9.9511,10.1822,10.44,10.239516000000002,3.666395710146107,-0.13455067019493733,-0.07866472219620509,-0.01563279158367711,0.054681495356650504,0.008538,0.003395,0,0,0,-0.1608,10.4061,0.003928,0,0,Within synthetic screening pattern
LOT-021,LOT021-P017,10.5879,10.8507,11.1712,11.5066,10.239516000000002,3.666395710146107,0.09502083995895642,0.16669886403932163,0.25411441471571844,0.3455939020694264,0.01095,0.004555,0,0,0,-0.1165,11.4125,0.004908,0,0,Within synthetic screening pattern
LOT-021,LOT021-P018,9.9825,10.1944,10.5712,10.7214,10.239516000000002,3.666395710146107,-0.07010045295677038,-0.012305272961985886,0.09046595791123149,0.1314326215979546,0.008829,0.00366,0,0,0,-0.1605,10.6853,0.004183,0,0,Within synthetic screening pattern
LOT-021,LOT021-P019,9.7754,9.9195,10.2465,10.533,10.239516000000002,3.666395710146107,-0.12658644529711913,-0.08728354092124165,0.0019048680372035244,0.08004700616134591,0.006004,0.00426,0,0,0,-0.1617,10.4297,0.003895,0,0,Within synthetic screening pattern
LOT-021,LOT021-P020,9.4255,9.533,9.7986,9.9968,10.239516000000002,3.666395710146107,-0.22202077035693552,-0.1927004218461317,-0.12025870496734538,-0.06620016473626333,0.004479,0.003221,0,0,0,-0.1375,9.9852,0.003332,0,0,Within synthetic screening pattern
LOT-021,LOT021-P021,10.6866,10.8614,11.1312,11.4428,10.239516000000002,3.666395710146107,0.12194101110329471,0.1696172615190016,0.24320451759541908,0.3281926161625492,0.007283,0.004038,0,0,0,-0.1187,11.4246,0.004393,0,0,Within synthetic screening pattern
LOT-021,LOT021-P022,9.1988,9.4402,9.6341,9.7658,10.239516000000002,3.666395710146107,-0.2838526122862305,-0.21801138316522525,-0.16512565687457553,-0.12920482060599062,0.010058,0.002261,0,0,0,-0.1282,9.7651,0.003371,0,0,Within synthetic screening pattern
LOT-021,LOT021-P023,9.2994,9.4337,9.6993,9.8736,10.239516000000002,3.666395710146107,-0.2564142210286782,-0.21978424144727407,-0.14734252456848826,-0.09980264786678475,0.005596,0.003055,0,0,0,-0.1368,9.9039,0.003598,0,0,Within synthetic screening pattern
LOT-021,LOT021-P024,10.4992,10.7008,11.0439,11.3552,10.239516000000002,3.666395710146107,0.07082814309469333,0.12581402458100058,0.21939366713036657,0.3042999414690941,0.0084,0.004544,0,0,0,-0.1356,11.1149,0.003665,0,0,Within synthetic screening pattern
LOT-021,LOT021-P025,10.0462,10.1892,10.4928,10.7582,10.239516000000002,3.666395710146107,-0.052726441792693854,-0.013723559587624857,0.06908255955544568,0.14146972694863014,0.005958,0.003951,0,0,0,-0.1589,10.7104,0.003954,0,0,Within synthetic screening pattern
LOT-021,LOT021-P026,9.7629,9.9347,10.2103,10.404,10.239516000000002,3.666395710146107,-0.1299957881472124,-0.08313778001552795,-0.007968588856666925,0.044862587948381424,0.007158,0.003259,0,0,0,-0.1622,10.4339,0.003994,0,0,Within synthetic screening pattern
LOT-021,LOT021-P027,10.3165,10.4717,10.5491,10.7957,10.239516000000002,3.666395710146107,0.020997187997727033,0.06332758882448775,0.08443823975226625,0.15169775549891043,0.006467,0.00225,0,0,0,-0.151,10.8688,0.003288,0,0,Within synthetic screening pattern
LOT-021,LOT021-P028,10.221,10.3794,10.6501,10.91,10.239516000000002,3.666395710146107,-0.005050191376986934,0.0381530012193976,0.11198572998102171,0.18287278652016514,0.0066,0.003685,0,0,0,-0.1554,10.8305,0.003628,0,0,Within synthetic screening pattern
LOT-021,LOT021-P029,9.6689,9.8271,10.0226,10.198,10.239516000000002,3.666395710146107,-0.15563404637991515,-0.11248540326913246,-0.05916328109367034,-0.011323382221158832,0.006592,0.002576,0,0,0,-0.1581,10.22,0.00328,0,0,Within synthetic screening pattern
LOT-021,LOT021-P030,9.6408,9.8485,10.0867,10.3355,10.239516000000002,3.666395710146107,-0.16329824910692534,-0.10664860830977248,-0.04168017095839108,0.026179389129869144,0.008654,0.003382,0,0,0,-0.1594,10.2847,0.003833,0,0,Within synthetic screening pattern
LOT-021,LOT021-P031,9.5217,10.4954,14.6608,22.8704,10.239516000000002,3.666395710146107,-0.19578246778261627,0.06979170286826492,1.205893839490612,3.4450411244608,0.040571,0.085938,0,1,0,-0.011,21.0539,0.068644,1,1,Projected 168h drift above safety slope
LOT-021,LOT021-P032,9.5048,10.6237,14.2204,22.7719,10.239516000000002,3.666395710146107,-0.20039189931594256,0.10478519788162413,1.0857758721961188,3.4181755028020633,0.046621,0.084362,0,1,0,-0.019,22.1002,0.074973,1,1,Projected 168h drift above safety slope
LOT-021,LOT021-P033,10.1482,10.2944,10.5564,10.8365,10.239516000000002,3.666395710146107,-0.024906204135931538,0.014969469838761776,0.08642929597672103,0.16282585056161528,0.006092,0.003765,0,0,0,-0.1573,10.8024,0.003894,0,0,Within synthetic screening pattern
LOT-021,LOT021-P034,9.0181,9.2079,9.4392,9.5706,10.239516000000002,3.666395710146107,-0.33313807252718164,-0.2813706106913624,-0.21828413059323307,-0.1824451185530502,0.007908,0.002519,0,0,0,-0.1072,9.6082,0.003512,0,0,Within synthetic screening pattern
LOT-021,LOT021-P035,9.4223,9.596,9.7651,9.9123,10.239516000000002,3.666395710146107,-0.22289356212655934,-0.17551733388166044,-0.1293957438055959,-0.08924732240289526,0.007238,0.002197,0,0,0,-0.1489,9.9866,0.003359,0,0,Within synthetic screening pattern
LOT-021,LOT021-P036,10.2954,10.5455,10.7344,10.8945,10.239516000000002,3.666395710146107,0.015242217266769588,0.08345634901143967,0.13497833816205226,0.17864520138604942,0.010421,0.002424,0,0,0,-0.1482,10.895,0.003569,0,0,Within synthetic screening pattern
LOT-021,LOT021-P037,10.089,10.3684,10.7474,10.9794,10.239516000000002,3.666395710146107,-0.04105285187397389,0.035152779511315076,0.13852405472614945,0.20180145802388408,0.011642,0.004243,0,0,0,-0.1449,10.8323,0.004424,0,0,Within synthetic screening pattern
LOT-021,LOT021-P038,10.0939,11.4573,16.3095,20.8666,10.239516000000002,3.666395710146107,-0.03971638947673745,0.3321474538686576,1.6555725240465404,2.898509828219416,0.056808,0.065342,0,1,1,0.0105,21.754,0.069405,1,1,Dynamic lot outlier + projected drift above safety slope
LOT-021,LOT021-P039,9.1931,9.495,9.745,9.833,10.239516000000002,3.666395710146107,-0.28540727262587334,-0.2030648241104159,-0.13487796710854652,-0.11087619344388822,0.012579,0.002347,0,0,0,-0.117,9.8291,0.003786,0,0,Within synthetic screening pattern
LOT-021,LOT021-P040,10.1586,10.4481,10.808,10.9068,10.239516000000002,3.666395710146107,-0.0220696308846536,0.05689074952351125,0.15505254886340236,0.18199999475054132,0.012063,0.003185,0,0,0,-0.1398,11.0585,0.005357,0,0,Within synthetic screening pattern
LOT-021,LOT021-P041,9.1706,9.2969,9.4872,9.775,10.239516000000002,3.666395710146107,-0.29154408975604135,-0.2570960895986968,-0.20519225404887412,-0.12669554426832186,0.005263,0.00332,0,0,0,-0.1218,9.7505,0.003452,0,0,Within synthetic screening pattern
LOT-021,LOT021-P042,10.3077,10.4439,10.5365,10.7038,10.239516000000002,3.666395710146107,0.018597010631261495,0.05574521032587961,0.08100162215937227,0.12663226686502305,0.005675,0.001805,0,0,0,-0.1491,10.7683,0.002742,0,0,Within synthetic screening pattern
LOT-021,LOT021-P043,10.5257,10.6851,10.9155,11.14,10.239516000000002,3.666395710146107,0.0780559499368916,0.12153188996128347,0.18437289737420617,0.2456046949618851,0.006642,0.003159,0,0,0,-0.1371,11.0935,0.00338,0,0,Within synthetic screening pattern
LOT-021,LOT021-P044,8.7215,8.9938,9.2158,9.3224,10.239516000000002,3.666395710146107,-0.41403495967419945,-0.3397658350277634,-0.2792159060101035,-0.25014103018450634,0.011346,0.002282,0,0,0,-0.0451,9.4444,0.004303,0,0,Within synthetic screening pattern
LOT-021,LOT021-P045,10.8213,11.0045,11.1497,11.2416,10.239516000000002,3.666395710146107,0.15868008965590208,0.2086474184668718,0.2482503450135573,0.2733158336474447,0.007633,0.001647,0,0,0,-0.1083,11.4291,0.003618,0,0,Within synthetic screening pattern
LOT-021,LOT021-P046,9.5345,9.7476,9.9817,10.1623,10.239516000000002,3.666395710146107,-0.19229130070412045,-0.13416882379572678,-0.07031865089917634,-0.021060465401025862,0.008879,0.00288,0,0,0,-0.154,10.1978,0.003948,0,0,Within synthetic screening pattern
LOT-021,LOT021-P047,9.4207,9.5898,9.8335,10.0348,10.239516000000002,3.666395710146107,-0.22332995801137126,-0.17720836793530673,-0.11073981972988431,-0.05583576247197912,0.007046,0.00309,0,0,0,-0.1482,10.0028,0.003465,0,0,Within synthetic screening pattern
LOT-021,LOT021-P048,9.1892,9.3441,9.6776,9.8601,10.239516000000002,3.666395710146107,-0.2864709875951025,-0.2442224109967443,-0.1532611437562503,-0.10348473814488585,0.006454,0.003583,0,0,0,-0.1299,9.7952,0.003607,0,0,Within synthetic screening pattern
LOT-021,LOT021-P049,10.1057,10.3635,10.6708,10.896,10.239516000000002,3.666395710146107,-0.03649796982624897,0.03381631711407864,0.11763160174077643,0.17905432252806064,0.010742,0.003698,0,0,0,-0.1542,10.8322,0.004324,0,0,Within synthetic screening pattern
LOT-021,LOT021-P050,10.1009,11.8308,17.1258,25.0007,10.239516000000002,3.666395710146107,-0.0378071574806852,0.4340186182294505,1.8782162495290449,4.026074970345129,0.072079,0.091458,0,1,1,0.0515,25.1716,0.089707,1,1,Dynamic lot outlier + projected drift above safety slope
LOT-021,LOT021-P051,10.3086,10.4608,10.6089,10.8257,10.239516000000002,3.666395710146107,0.018842483316468137,0.06035464185920638,0.10074853594711367,0.1598801783391346,0.006342,0.002534,0,0,0,-0.1518,10.8307,0.003108,0,0,Within synthetic screening pattern
LOT-021,LOT021-P052,9.2452,9.4507,9.7774,9.8576,10.239516000000002,3.666395710146107,-0.27119713162668346,-0.2151475351711471,-0.126040950441104,-0.1041666067149044,0.008562,0.002826,0,0,0,-0.137,9.8272,0.003464,0,0,Within synthetic screening pattern
LOT-021,LOT021-P053,9.3572,9.521,9.7678,9.9537,10.239516000000002,3.666395710146107,-0.24064941968984593,-0.19597339098222105,-0.128659325749976,-0.07795557888338585,0.006825,0.003005,0,0,0,-0.1463,9.9496,0.003526,0,0,Within synthetic screening pattern
LOT-021,LOT021-P054,10.2163,10.4691,10.6543,11.0001,10.239516000000002,3.666395710146107,-0.006332104288621998,0.06261844551166801,0.11313126917865288,0.20744732978363878,0.010533,0.003688,0,0,0,-0.1508,10.9787,0.004538,0,0,Within synthetic screening pattern
LOT-021,LOT021-P055,10.0518,10.2841,10.5219,10.8033,10.239516000000002,3.666395710146107,-0.05119905619585215,0.012160171330285007,0.07701950971046319,0.1537706359517673,0.009679,0.003606,0,0,0,-0.1591,10.6673,0.003664,0,0,Within synthetic screening pattern
LOT-021,LOT021-P056,9.7375,9.9098,10.1724,10.3826,10.239516000000002,3.666395710146107,-0.13692357281860218,-0.08992919097291383,-0.01830571637815046,0.03902579298902144,0.007179,0.003283,0,0,0,-0.1611,10.3351,0.003557,0,0,Within synthetic screening pattern
LOT-021,LOT021-P057,9.0594,9.1719,9.3732,9.5606,10.239516000000002,3.666395710146107,-0.3218736037504729,-0.2911895180996315,-0.2362854608417263,-0.18517259283312493,0.004688,0.002699,0,0,0,-0.0978,9.5375,0.002846,0,0,Within synthetic screening pattern
LOT-021,LOT021-P058,8.715,8.8142,9.2502,9.5596,10.239516000000002,3.666395710146107,-0.41580781795624827,-0.3887512730979066,-0.26983339448664634,-0.18544534026113274,0.004133,0.005176,0,0,0,-0.0358,9.4232,0.004215,0,0,Within synthetic screening pattern
LOT-021,LOT021-P059,9.6664,9.9512,10.1478,10.415,10.239516000000002,3.666395710146107,-0.1563159149499342,-0.0786374474534044,-0.025015303107134276,0.047862809656463466,0.011867,0.003221,0,0,0,-0.1491,10.3875,0.004292,0,0,Within synthetic screening pattern
LOT-021,LOT021-P060,9.8249,9.9909,10.0557,10.1813,10.239516000000002,3.666395710146107,-0.11308544761074897,-0.06780937456150758,-0.05013534122662304,-0.01587826426888375,0.006917,0.001322,0,0,0,-0.1597,10.2704,0.002652,0,0,Within synthetic screening pattern
LOT-021,LOT021-P061,8.8459,8.9651,9.0983,9.3309,10.239516000000002,3.666395710146107,-0.38010517963006935,-0.34759368621157816,-0.311263728800982,-0.24782267704644284,0.004967,0.00254,0,0,0,-0.0592,9.3425,0.002956,0,0,Within synthetic screening pattern
LOT-021,LOT021-P062,10.2473,10.3944,10.5044,10.69,10.239516000000002,3.666395710146107,0.0021230659796094824,0.04224421263950944,0.07224642972033231,0.12286835235851991,0.006129,0.002053,0,0,0,-0.154,10.8103,0.003351,0,0,Within synthetic screening pattern
LOT-021,LOT021-P063,9.8681,10.1236,10.3031,10.4148,10.239516000000002,3.666395710146107,-0.10130275872082578,-0.03161579086491535,0.017342372462427116,0.047808260170862094,0.010646,0.002022,0,0,0,-0.1611,10.4962,0.003739,0,0,Within synthetic screening pattern
LOT-021,LOT021-P064,9.8753,10.0615,10.3185,10.6113,10.239516000000002,3.666395710146107,-0.09933897723917215,-0.04855340614417948,0.02154268285374217,0.10140312977433154,0.007758,0.003818,0,0,0,-0.1667,10.4699,0.003539,0,0,Within synthetic screening pattern
LOT-021,LOT021-P065,11.0736,11.3181,11.559,11.6696,10.239516000000002,3.666395710146107,0.22749426574218864,0.29418101189001655,0.3598858672970179,0.39005173283464534,0.010187,0.002441,0,0,0,-0.0581,11.9238,0.005061,0,0,Within synthetic screening pattern
LOT-021,LOT021-P066,9.92,10.1322,10.3426,10.5514,10.239516000000002,3.666395710146107,-0.08714716720723774,-0.029270162984051183,0.028115895868722082,0.08506555883668343,0.008842,0.002911,0,0,0,-0.1644,10.5731,0.003888,0,0,Within synthetic screening pattern
LOT-021,LOT021-P067,9.438,9.5498,9.8241,10.0576,10.239516000000002,3.666395710146107,-0.21861142750684176,-0.18811826505560608,-0.11330364555315492,-0.04961712111340859,0.004658,0.003526,0,0,0,-0.1386,9.9794,0.003223,0,0,Within synthetic screening pattern
LOT-021,LOT021-P068,10.7794,11.0495,11.2426,11.3227,10.239516000000002,3.666395710146107,0.14725197242238874,0.22092105272720827,0.27358858107545203,0.2954356500588509,0.011254,0.001897,0,0,0,-0.0976,11.9155,0.006762,0,0,Within synthetic screening pattern
LOT-021,LOT021-P069,8.9535,9.0954,9.4929,9.6824,10.239516000000002,3.666395710146107,-0.35075755637646483,-0.31205469634220384,-0.20363759370923123,-0.15195195610181456,0.005912,0.004076,0,0,0,-0.0969,9.6462,0.004123,0,0,Within synthetic screening pattern
LOT-021,LOT021-P070,10.8549,11.0731,11.3731,11.5128,10.239516000000002,3.666395710146107,0.16784440323695327,0.22735789202818477,0.30918212043042825,0.3472849361230727,0.009092,0.003053,0,0,0,-0.1,11.4947,0.003808,0,0,Within synthetic screening pattern
LOT-021,LOT021-P071,10.6335,10.8065,11.0976,11.3069,10.239516000000002,3.666395710146107,0.10745812267609749,0.1546434277213911,0.2340402040143679,0.29112624069633314,0.007208,0.003475,0,0,0,-0.124,11.3004,0.00397,0,0,Within synthetic screening pattern
LOT-021,LOT021-P072,10.3086,10.5309,10.6885,10.8725,10.239516000000002,3.666395710146107,0.018842483316468137,0.07947423656253057,0.12245923121650867,0.17264475796988485,0.009263,0.002372,0,0,0,-0.1512,10.8493,0.003218,0,0,Within synthetic screening pattern
LOT-021,LOT021-P073,10.0845,10.2727,10.5029,10.8286,10.239516000000002,3.666395710146107,-0.042280215300007584,0.009050850650999741,0.07183730857832107,0.1606711458803564,0.007842,0.00386,0,0,0,-0.1608,10.6905,0.003607,0,0,Within synthetic screening pattern
LOT-021,LOT021-P074,9.1958,9.3282,9.4488,9.5035,10.239516000000002,3.666395710146107,-0.28467085457025293,-0.24855909510206275,-0.21566575528436108,-0.20074647097235193,0.005517,0.001217,0,0,0,-0.1202,9.6241,0.002549,0,0,Within synthetic screening pattern
LOT-021,LOT021-P075,9.2119,9.3045,9.6131,9.7577,10.239516000000002,3.666395710146107,-0.2802796209793326,-0.2550232091458399,-0.1708533528627328,-0.13141407477285139,0.003858,0.003147,0,0,0,-0.1148,9.7862,0.003418,0,0,Within synthetic screening pattern
LOT-021,LOT021-P076,10.1493,10.3381,10.6611,10.8681,10.239516000000002,3.666395710146107,-0.024606181965123042,0.02688853244268887,0.11498595168910376,0.17144466928665184,0.007867,0.003681,0,0,0,-0.1587,10.8094,0.003929,0,0,Within synthetic screening pattern
LOT-021,LOT021-P077,9.4109,9.7334,10.0275,10.1527,10.239516000000002,3.666395710146107,-0.2260028828058446,-0.13804183727343314,-0.05782681869643391,-0.02367884070989784,0.013437,0.002912,0,0,0,-0.129,10.1708,0.004523,0,0,Within synthetic screening pattern
LOT-021,LOT021-P078,10.1824,10.4047,10.6338,10.8672,10.239516000000002,3.666395710146107,-0.015578242098075741,0.0450535111479867,0.10753994690450001,0.17119919660144517,0.009263,0.003212,0,0,0,-0.1554,10.8484,0.003964,0,0,Within synthetic screening pattern
LOT-021,LOT021-P079,9.3727,9.6313,9.9107,10.1219,10.239516000000002,3.666395710146107,-0.2364218345557302,-0.16588934967299662,-0.08968371828770717,-0.03207946149252795,0.010775,0.003407,0,0,0,-0.1412,10.0554,0.004064,0,0,Within synthetic screening pattern
LOT-021,LOT021-P080,10.1783,11.7673,17.0692,25.6823,10.239516000000002,3.666395710146107,-0.016696506552906217,0.4166991565509758,1.8627787451038207,4.211979617275027,0.066208,0.096632,0,1,1,0.0435,25.1782,0.089285,1,1,Dynamic lot outlier + projected drift above safety slope
LOT-021,LOT021-P081,46.108,58.2556,82.3116,115.443,10.239516000000002,3.666395710146107,9.783036757527361,13.096263413990997,19.657475542138876,28.693979678425823,0.50615,0.397135,1,1,1,0.271,114.2645,0.405693,1,1,Exceeds static 50 µA datasheet limit
LOT-021,LOT021-P082,10.421,10.5719,10.8516,11.0119,10.239516000000002,3.666395710146107,0.04949929422450839,0.09065688111083678,0.16694433672452827,0.21066574943412728,0.006288,0.003056,0,0,0,-0.144,11.0236,0.003587,0,0,Within synthetic screening pattern
LOT-021,LOT021-P083,9.0364,9.2065,9.39,9.6146,10.239516000000002,3.666395710146107,-0.3281467945946448,-0.28175245709057295,-0.23170330405120068,-0.17044423172072154,0.007087,0.002834,0,0,0,-0.1077,9.5889,0.003289,0,0,Within synthetic screening pattern
LOT-021,LOT021-P084,10.3241,10.5499,10.7922,11.0287,10.239516000000002,3.666395710146107,0.02307006845058388,0.0846564376946722,0.15074313950088408,0.21524790622465287,0.009408,0.003325,0,0,0,-0.1486,10.9989,0.004017,0,0,Within synthetic screening pattern
LOT-021,LOT021-P085,10.6641,10.8855,11.2386,11.3085,10.239516000000002,3.666395710146107,0.11580419397312622,0.176190474533982,0.2724975913634222,0.29156263658114506,0.009225,0.002938,0,0,0,-0.113,11.3091,0.003839,0,0,Within synthetic screening pattern
LOT-021,LOT021-P086,9.5021,10.8306,15.5183,21.582,10.239516000000002,3.666395710146107,-0.20112831737156248,0.1612166407363715,1.4397747590070242,3.0936333382159664,0.055354,0.074663,0,1,0,-0.0063,22.1076,0.075033,1,1,Projected 168h drift above safety slope
LOT-021,LOT021-P087,10.2828,10.4982,10.8121,11.0478,10.239516000000002,3.666395710146107,0.011805599673875143,0.070555395666686,0.15617081331823282,0.22045738209959567,0.008975,0.003817,0,0,0,-0.1497,10.9426,0.003927,0,0,Within synthetic screening pattern
LOT-021,LOT021-P088,9.9136,10.1354,10.297,10.5036,10.239516000000002,3.666395710146107,-0.0888927507464854,-0.028397371214426866,0.015678613151581505,0.07202823177792635,0.009242,0.002557,0,0,0,-0.1631,10.5805,0.00397,0,0,Within synthetic screening pattern
LOT-021,LOT021-P089,9.3096,9.5642,9.923,10.0668,10.239516000000002,3.666395710146107,-0.2536321972630021,-0.18419070209229835,-0.08632892492321527,-0.04710784477573983,0.010608,0.00349,0,0,0,-0.1378,10.007,0.004151,0,0,Within synthetic screening pattern
LOT-021,LOT021-P090,10.352,10.5665,10.9634,11.1896,10.239516000000002,3.666395710146107,0.030679721691992696,0.08918404499959644,0.19743749917576442,0.25913296739105596,0.008937,0.004327,0,0,0,-0.1478,11.0991,0.004447,0,0,Within synthetic screening pattern
LOT-021,LOT021-P091,9.904,11.6353,15.2673,22.7086,10.239516000000002,3.666395710146107,-0.09151112605535738,0.38069649605398886,1.3713151545771474,3.4009105906091905,0.072138,0.076898,0,1,1,0.0136,22.8664,0.077157,1,1,Dynamic lot outlier + projected drift above safety slope
LOT-021,LOT021-P092,10.0105,10.1962,10.487,10.7021,10.239516000000002,3.666395710146107,-0.062463524972560885,-0.011814327591572601,0.06750062447300212,0.12616859623741045,0.007737,0.003513,0,0,0,-0.1623,10.6908,0.004049,0,0,Within synthetic screening pattern
LOT-021,LOT021-P093,9.2912,9.5377,9.8365,9.93,10.239516000000002,3.666395710146107,-0.25865074993833964,-0.19141850893449663,-0.10992157744586233,-0.08441969292716302,0.010271,0.002724,0,0,0,-0.1385,9.9463,0.003899,0,0,Within synthetic screening pattern
LOT-021,LOT021-P094,9.045,9.1344,9.3122,9.3562,10.239516000000002,3.666395710146107,-0.3258011667137806,-0.30141754664991227,-0.2529230539501824,-0.24092216711785375,0.003725,0.00154,0,0,0,-0.0855,9.413,0.00219,0,0,Within synthetic screening pattern
LOT-021,LOT021-P095,9.8328,9.9736,10.3058,10.5167,10.239516000000002,3.666395710146107,-0.11093074292948958,-0.0725279050660371,0.018078790518047044,0.07560122308482421,0.005867,0.003772,0,0,0,-0.1612,10.4285,0.003546,0,0,Within synthetic screening pattern
LOT-021,LOT021-P096,10.7308,10.9306,11.2556,11.42,10.239516000000002,3.666395710146107,0.1339964474212252,0.18849138353711917,0.2771342976395492,0.32197397480397866,0.008325,0.003399,0,0,0,-0.1082,11.3602,0.003746,0,0,Within synthetic screening pattern
LOT-021,LOT021-P097,10.8773,11.0125,11.2349,11.46,10.239516000000002,3.666395710146107,0.1739539456243206,0.21082939789093136,0.2714884258797945,0.33288387192427804,0.005633,0.003108,0,0,0,-0.0974,11.3476,0.002799,0,0,Within synthetic screening pattern
LOT-021,LOT021-P098,10.4679,10.6214,10.9524,11.1273,10.239516000000002,3.666395710146107,0.06229114859805932,0.10415787879720693,0.19443727746768238,0.24214080262618998,0.006396,0.003513,0,0,0,-0.1404,11.1277,0.003927,0,0,Within synthetic screening pattern
LOT-021,LOT021-P099,10.3236,10.5795,10.8263,10.9822,10.239516000000002,3.666395710146107,0.022933694736580457,0.09272976156369361,0.16004382679593918,0.20256515082230517,0.010662,0.002797,0,0,0,-0.1443,11.014,0.00411,0,0,Within synthetic screening pattern
LOT-021,LOT021-P100,9.1552,9.3205,9.5326,9.8524,10.239516000000002,3.666395710146107,-0.2957444001473564,-0.2506592502977208,-0.19280952081733443,-0.10558489334054337,0.006887,0.003694,0,0,0,-0.1242,9.7756,0.003693,0,0,Within synthetic screening pattern
LOT-022,LOT022-P001,11.4407,11.6364,11.8516,12.1004,10.729260000000002,3.5884653040799837,0.19825745540610654,0.25279330385850624,0.31276323020984176,0.3820964907870368,0.008154,0.003222,0,0,0,-0.0692,12.103,0.003942,0,0,Within synthetic screening pattern
LOT-022,LOT022-P002,9.7837,9.944,10.2986,10.63,10.729260000000002,3.5884653040799837,-0.2634998306727188,-0.21882892363684903,-0.12001230707465754,-0.02766084985889238,0.006679,0.004764,0,0,0,-0.1388,10.468,0.004073,0,0,Within synthetic screening pattern
LOT-022,LOT022-P003,9.73,9.975,10.2275,10.404,10.729260000000002,3.5884653040799837,-0.2784644451944041,-0.2101901331308484,-0.13982579110616333,-0.09064041935425443,0.010208,0.002979,0,0,0,-0.1346,10.3659,0.003785,0,0,Within synthetic screening pattern
LOT-022,LOT022-P004,45.6094,59.4304,83.4091,111.0511,10.729260000000002,3.5884653040799837,9.720071686451103,13.57157889882011,20.253739089344148,27.956753514082166,0.575875,0.358477,1,1,1,0.2692,111.1235,0.389965,1,1,Exceeds static 50 µA datasheet limit
LOT-022,LOT022-P005,10.2554,10.3633,10.5524,10.7416,10.729260000000002,3.5884653040799837,-0.13205087965076226,-0.10198231527664904,-0.04928569319004326,0.0034387959627108586,0.004496,0.002627,0,0,0,-0.1491,10.8209,0.003366,0,0,Within synthetic screening pattern
LOT-022,LOT022-P006,11.3579,11.624,11.8151,12.1461,10.729260000000002,3.5884653040799837,0.17518352463523976,0.24933778765610598,0.30259175106567926,0.3948317400168511,0.011087,0.003626,0,0,0,-0.0714,12.134,0.00462,0,0,Within synthetic screening pattern
LOT-022,LOT022-P007,9.5692,9.7985,10.0193,10.3594,10.729260000000002,3.5884653040799837,-0.3232746875610156,-0.2593755048827568,-0.1978450228271116,-0.10306913085643621,0.009554,0.003895,0,0,0,-0.1243,10.277,0.004213,0,0,Within synthetic screening pattern
LOT-022,LOT022-P008,10.5656,10.7201,10.8793,11.1645,10.729260000000002,3.5884653040799837,-0.045607240458455905,-0.002552623259192928,0.04181174604904431,0.12128861870425302,0.006438,0.003086,0,0,0,-0.1569,11.2561,0.00411,0,0,Within synthetic screening pattern
LOT-022,LOT022-P009,9.3101,9.4425,9.7212,9.8596,10.729260000000002,3.5884653040799837,-0.39547825595149455,-0.3585822603710258,-0.2809167470154627,-0.24234872746609049,0.005517,0.002897,0,0,0,-0.0794,9.8735,0.003354,0,0,Within synthetic screening pattern
LOT-022,LOT022-P010,10.6392,10.8399,11.2712,11.615,10.729260000000002,3.5884653040799837,-0.025097079773240518,0.030832121986578424,0.15102277828458535,0.24682975170275076,0.008362,0.005383,0,0,0,-0.1483,11.4517,0.004836,0,0,Within synthetic screening pattern
LOT-022,LOT022-P011,9.64,9.8715,10.1129,10.3052,10.729260000000002,3.5884653040799837,-0.30354480472795525,-0.23903254659443235,-0.1717614489122183,-0.11817308070886412,0.009646,0.003012,0,0,0,-0.1341,10.403,0.004542,0,0,Within synthetic screening pattern
LOT-022,LOT022-P012,9.1087,9.2734,9.4391,9.5052,10.729260000000002,3.5884653040799837,-0.4516025271743523,-0.4057054692279537,-0.35952974062007137,-0.3411096098959853,0.006862,0.00161,0,0,0,-0.0335,9.5392,0.002562,0,0,Within synthetic screening pattern
LOT-022,LOT022-P013,9.9895,10.1606,10.2723,10.4932,10.729260000000002,3.5884653040799837,-0.20614940853933184,-0.15846885835943597,-0.1273413454716844,-0.0657829963498904,0.007129,0.00231,0,0,0,-0.1516,10.5492,0.003332,0,0,Within synthetic screening pattern
LOT-022,LOT022-P014,9.965,10.1655,10.3452,10.5312,10.729260000000002,3.5884653040799837,-0.21297683974568735,-0.15710337211816508,-0.10702625424950779,-0.055193511213502064,0.008354,0.00254,0,0,0,-0.1535,10.5436,0.003444,0,0,Within synthetic screening pattern
LOT-022,LOT022-P015,10.3117,10.5114,10.7156,10.7318,10.729260000000002,3.5884653040799837,-0.11636172140921852,-0.06071119031088333,-0.003806641235870534,0.0007078234801685501,0.008321,0.001531,0,0,0,-0.1608,10.831,0.003091,0,0,Within synthetic screening pattern
LOT-022,LOT022-P016,10.2361,10.4529,10.5357,10.8431,10.729260000000002,3.5884653040799837,-0.1374292234174014,-0.07701342400769172,-0.05393949323682446,0.031723868103326815,0.009033,0.00271,0,0,0,-0.1579,10.8393,0.00359,0,0,Within synthetic screening pattern
LOT-022,LOT022-P017,10.5407,10.765,10.8598,10.8994,10.729260000000002,3.5884653040799837,-0.052546139929405225,0.00995968944143431,0.03637766815010802,0.04741302634487055,0.009346,0.000933,0,0,0,-0.1529,11.0618,0.003102,0,0,Within synthetic screening pattern
LOT-022,LOT022-P018,9.0217,10.4586,14.9597,23.0641,10.729260000000002,3.5884653040799837,-0.47584687472345216,-0.07542500123723321,1.1788995131679572,3.437358022098091,0.059871,0.087538,0,1,1,0.0541,22.6576,0.081166,1,1,Dynamic lot outlier + projected drift above safety slope
LOT-022,LOT022-P019,10.3177,10.5947,10.6615,10.8958,10.729260000000002,3.5884653040799837,-0.11468969744031506,-0.037497924209274454,-0.018882724022149633,0.04640981196352837,0.011542,0.002091,0,0,0,-0.1493,11.0672,0.004461,0,0,Within synthetic screening pattern
LOT-022,LOT022-P020,10.6881,10.9048,11.0917,11.2063,10.729260000000002,3.5884653040799837,-0.011470084426677794,0.04891784791688358,0.10100139454822472,0.1329370523542802,0.009029,0.002094,0,0,0,-0.1498,11.2731,0.003482,0,0,Within synthetic screening pattern
LOT-022,LOT022-P021,10.9787,11.2292,11.4842,11.8709,10.729260000000002,3.5884653040799837,0.06951160980054395,0.13931861050226152,0.21037962918065622,0.3181415739764814,0.010438,0.004456,0,0,0,-0.1272,11.5767,0.00356,0,0,Within synthetic screening pattern
LOT-022,LOT022-P022,9.9444,10.1399,10.4765,10.6408,10.729260000000002,3.5884653040799837,-0.21871745537225573,-0.16423734105215265,-0.07043679639667161,-0.024651206714866324,0.008146,0.003478,0,0,0,-0.1517,10.6162,0.003999,0,0,Within synthetic screening pattern
LOT-022,LOT022-P023,10.3463,10.5541,10.7353,10.9282,10.729260000000002,3.5884653040799837,-0.10671971652187572,-0.04881195306552073,0.0016831707953624084,0.05543874139560703,0.008658,0.002598,0,0,0,-0.1626,10.9556,0.003627,0,0,Within synthetic screening pattern
LOT-022,LOT022-P024,10.6072,10.7834,10.9935,11.2519,10.729260000000002,3.5884653040799837,-0.03401454094072538,0.015087229612738035,0.07363593559050549,0.1456444345179457,0.007342,0.003253,0,0,0,-0.1553,11.2631,0.003904,0,0,Within synthetic screening pattern
LOT-022,LOT022-P025,10.8321,11.1756,11.5414,11.7587,10.729260000000002,3.5884653040799837,0.028658490827004106,0.12438186304672405,0.22631959101753538,0.2868747257579872,0.014312,0.004049,0,0,0,-0.1123,12.115,0.007636,0,0,Within synthetic screening pattern
LOT-022,LOT022-P026,10.1552,10.3458,10.509,10.7174,10.729260000000002,3.5884653040799837,-0.159973679931449,-0.10685905185261735,-0.06137999989844462,-0.0033050340451996896,0.007942,0.002581,0,0,0,-0.1571,10.7789,0.003712,0,0,Within synthetic screening pattern
LOT-022,LOT022-P027,9.9,9.9627,10.1103,10.3945,10.729260000000002,3.5884653040799837,-0.23109043274214083,-0.21361778226710032,-0.17248599263207623,-0.09328779063835127,0.002612,0.002999,0,0,0,-0.1192,10.4285,0.003146,0,0,Within synthetic screening pattern
LOT-022,LOT022-P028,10.8578,11.0753,11.3939,11.4253,10.729260000000002,3.5884653040799837,0.03582032682714003,0.09643119569988899,0.1852156684486601,0.19396592721925454,0.009063,0.002431,0,0,0,-0.1415,11.4612,0.003592,0,0,Within synthetic screening pattern
LOT-022,LOT022-P029,10.8134,11.067,11.3896,11.6056,10.729260000000002,3.5884653040799837,0.02344734945725491,0.09411822920957255,0.18401738460427916,0.24421024748480227,0.010567,0.00374,0,0,0,-0.1368,11.6426,0.004936,0,0,Within synthetic screening pattern
LOT-022,LOT022-P030,10.1893,10.3523,10.7188,10.9011,10.729260000000002,3.5884653040799837,-0.1504710103748483,-0.10504769255297225,-0.002914895119122146,0.04788676646939307,0.006792,0.003811,0,0,0,-0.157,10.8241,0.003779,0,0,Within synthetic screening pattern
LOT-022,LOT022-P031,10.7211,10.9839,11.3425,11.5662,10.729260000000002,3.5884653040799837,-0.0022739525977091804,0.07096069724026033,0.1708919964483873,0.23323062342233639,0.01095,0.004044,0,0,0,-0.1356,11.4874,0.004561,0,0,Within synthetic screening pattern
LOT-022,LOT022-P032,11.6681,11.8836,12.0417,12.3729,10.729260000000002,3.5884653040799837,0.26162716382754614,0.32168069137732663,0.3657385229579318,0.4580342460413998,0.008979,0.003398,0,0,0,-0.0142,12.3714,0.004186,0,0,Within synthetic screening pattern
LOT-022,LOT022-P033,11.2749,11.6272,12.0666,12.1453,10.729260000000002,3.5884653040799837,0.15205385973207586,0.2502295337728544,0.3726774224288806,0.39460880348766403,0.014679,0.003598,0,0,0,-0.0539,12.1418,0.00516,0,0,Within synthetic screening pattern
LOT-022,LOT022-P034,11.1595,11.4156,11.7265,12.0006,10.729260000000002,3.5884653040799837,0.11989526539683329,0.19126282180286056,0.2779015304582057,0.35428515877094335,0.010671,0.004063,0,0,0,-0.0959,11.9339,0.00461,0,0,Within synthetic screening pattern
LOT-022,LOT022-P035,11.2292,11.3603,11.6122,11.8666,10.729260000000002,3.5884653040799837,0.13931861050226152,0.17585233422280105,0.2460494738505957,0.31694329013210043,0.005462,0.003516,0,0,0,-0.0993,11.859,0.003749,0,0,Within synthetic screening pattern
LOT-022,LOT022-P036,10.2508,10.4021,10.6501,10.9157,10.729260000000002,3.5884653040799837,-0.1333327646935882,-0.09116989361107361,-0.022059569563066136,0.05195535812705796,0.006304,0.003567,0,0,0,-0.1585,10.8631,0.003645,0,0,Within synthetic screening pattern
LOT-022,LOT022-P037,10.2644,10.3816,10.5977,10.8111,10.729260000000002,3.5884653040799837,-0.12954284369740707,-0.09688264217149364,-0.036661912224822714,0.022806406935841947,0.004883,0.002983,0,0,0,-0.1516,10.8636,0.003567,0,0,Within synthetic screening pattern
LOT-022,LOT022-P038,12.0165,12.2545,12.463,12.7118,10.729260000000002,3.5884653040799837,0.3587160222885375,0.425039639721706,0.4831424726410993,0.5524757332182944,0.009917,0.003176,0,0,1,0.0675,13.0273,0.006017,0,1,Dynamic lot-relative outlier
LOT-022,LOT022-P039,9.0074,9.2291,9.5553,9.789,10.729260000000002,3.5884653040799837,-0.47983186518267157,-0.41805057953169045,-0.3271482097556417,-0.2620228761668541,0.009238,0.003888,0,0,0,-0.0288,9.7637,0.004502,0,0,Within synthetic screening pattern
LOT-022,LOT022-P040,10.3685,10.6828,10.9882,11.1638,10.729260000000002,3.5884653040799837,-0.10053322783693316,-0.012947038932542497,0.07215898108464128,0.12109354924121425,0.013096,0.00334,0,0,0,-0.1392,11.0974,0.004339,0,0,Within synthetic screening pattern
LOT-022,LOT022-P041,9.8679,11.6957,17.4254,24.0281,10.729260000000002,3.5884653040799837,-0.24003576097577403,0.2693184740845017,1.866017763188814,3.7059965397685724,0.076158,0.085642,0,1,1,0.063,23.3176,0.080058,1,1,Dynamic lot outlier + projected drift above safety slope
LOT-022,LOT022-P042,8.7379,8.9096,9.1336,9.3288,10.729260000000002,3.5884653040799837,-0.5549336084525833,-0.5070858558757975,-0.44466362770340345,-0.39026711458174584,0.007154,0.002911,0,0,1,0.0205,9.3471,0.003626,0,1,Dynamic lot-relative outlier
LOT-022,LOT022-P043,9.9943,11.6021,15.2476,23.0481,10.729260000000002,3.5884653040799837,-0.20481178936420877,0.24323490016960841,1.2591287966091727,3.4328992915143495,0.066992,0.079486,0,1,1,0.0015,23.3444,0.079465,1,1,Dynamic lot outlier + projected drift above safety slope
LOT-022,LOT022-P044,11.288,11.4011,11.6865,11.8843,10.729260000000002,3.5884653040799837,0.15570444539751488,0.187222097211344,0.2667547039988499,0.3218757608403654,0.004712,0.003356,0,0,0,-0.0872,11.8515,0.003354,0,0,Within synthetic screening pattern
LOT-022,LOT022-P045,8.5742,8.7466,9.0552,9.274,10.729260000000002,3.5884653040799837,-0.6005519957374982,-0.552509173697673,-0.46651140756374143,-0.40553826683106375,0.007183,0.003662,0,0,1,0.0387,9.2779,0.004189,0,1,Dynamic lot-relative outlier
LOT-022,LOT022-P046,10.5116,10.6485,10.957,11.2851,10.729260000000002,3.5884653040799837,-0.060655456178586684,-0.02250544262144033,0.0634644564463435,0.15489630047921146,0.005704,0.004421,0,0,0,-0.1558,11.141,0.003746,0,0,Within synthetic screening pattern
LOT-022,LOT022-P047,10.4276,10.563,10.8584,10.9452,10.729260000000002,3.5884653040799837,-0.08406379174323433,-0.04633178417831385,0.03598752922403047,0.060176142640833215,0.005642,0.002654,0,0,0,-0.1592,10.9983,0.003397,0,0,Within synthetic screening pattern
LOT-022,LOT022-P048,9.638,9.7653,9.9985,10.1864,10.729260000000002,3.5884653040799837,-0.3041021460509232,-0.26862737084402255,-0.20364137258597662,-0.15127915529315122,0.005304,0.002924,0,0,0,-0.1262,10.206,0.003381,0,0,Within synthetic screening pattern
LOT-022,LOT022-P049,10.3204,10.5102,10.8803,11.0456,10.729260000000002,3.5884653040799837,-0.11393728665430879,-0.06104559510466423,0.04209041671052806,0.08815467705381709,0.007908,0.003718,0,0,0,-0.1568,10.98,0.003926,0,0,Within synthetic screening pattern
LOT-022,LOT022-P050,10.5124,10.7174,11.0038,11.4295,10.729260000000002,3.5884653040799837,-0.06043251964939959,-0.0033050340451996896,0.07650624340378992,0.19513634399748717,0.008542,0.004945,0,0,0,-0.1579,11.3493,0.004982,0,0,Within synthetic screening pattern
LOT-022,LOT022-P051,10.252,10.4779,10.7956,10.951,10.729260000000002,3.5884653040799837,-0.1329983598998073,-0.07004665747059406,0.01848701168284163,0.06179243247744003,0.009412,0.003285,0,0,0,-0.1565,10.9361,0.004072,0,0,Within synthetic screening pattern
LOT-022,LOT022-P052,10.239,10.4773,10.6642,11.0073,10.729260000000002,3.5884653040799837,-0.136621078499098,-0.07021385986748452,-0.018130313236143367,0.07748159071898378,0.009929,0.003681,0,0,0,-0.1572,10.9715,0.00436,0,0,Within synthetic screening pattern
LOT-022,LOT022-P053,10.4413,10.6511,10.998,11.2228,10.729260000000002,3.5884653040799837,-0.08024600368090487,-0.02178089890158239,0.07488995356718309,0.13753511826876424,0.008742,0.00397,0,0,0,-0.159,11.1458,0.004193,0,0,Within synthetic screening pattern
LOT-022,LOT022-P054,11.063,11.2761,11.5873,11.6876,10.729260000000002,3.5884653040799837,0.09300354656363707,0.15238826452585627,0.23911057437964686,0.26706124172648193,0.008879,0.002858,0,0,0,-0.1216,11.6994,0.003788,0,0,Within synthetic screening pattern
LOT-022,LOT022-P055,10.7425,10.8989,11.1026,11.3435,10.729260000000002,3.5884653040799837,0.0036895995580462806,0.047273691014128434,0.10403890475839961,0.17117066710987153,0.006517,0.003088,0,0,0,-0.1476,11.3224,0.003452,0,0,Within synthetic screening pattern
LOT-022,LOT022-P056,10.2471,10.5176,10.7171,10.9969,10.729260000000002,3.5884653040799837,-0.1343638461410787,-0.05898343220968321,-0.0033886352436446653,0.07458341583955103,0.011271,0.003328,0,0,0,-0.1509,10.955,0.004214,0,0,Within synthetic screening pattern
LOT-022,LOT022-P057,9.667,9.7498,9.9084,10.2031,10.729260000000002,3.5884653040799837,-0.2960206968678901,-0.27294676609702284,-0.22874959918567608,-0.14662535524637052,0.00345,0.003148,0,0,0,-0.1087,10.2193,0.003288,0,0,Within synthetic screening pattern
LOT-022,LOT022-P058,9.7024,9.8805,10.1713,10.3735,10.729260000000002,3.5884653040799837,-0.28615575545135974,-0.23652451064107713,-0.15548708228155825,-0.09913987452951344,0.007421,0.003424,0,0,0,-0.1371,10.3598,0.003913,0,0,Within synthetic screening pattern
LOT-022,LOT022-P059,10.7023,10.8915,11.1284,11.3103,10.729260000000002,3.5884653040799837,-0.007512961033606701,0.04521152811914791,0.11122860782468386,0.16191880114860577,0.007883,0.002908,0,0,0,-0.1483,11.3131,0.003636,0,0,Within synthetic screening pattern
LOT-022,LOT022-P060,9.5811,9.6937,9.8881,9.9347,10.729260000000002,3.5884653040799837,-0.31995850668935744,-0.28858019020626996,-0.23440661361379947,-0.22142056078864972,0.004692,0.001674,0,0,0,-0.1095,10.044,0.002755,0,0,Within synthetic screening pattern
LOT-022,LOT022-P061,9.5816,9.7931,10.0229,10.052,10.729260000000002,3.5884653040799837,-0.3198191713586153,-0.26088032645476983,-0.19684180844576943,-0.18873249219658797,0.008813,0.001798,0,0,0,-0.125,10.1809,0.003567,0,0,Within synthetic screening pattern
LOT-022,LOT022-P062,10.5803,10.8065,11.0515,11.25,10.729260000000002,3.5884653040799837,-0.04151078173464269,0.021524521893016013,0.08979883395657225,0.14511496026112655,0.009425,0.00308,0,0,0,-0.1532,11.2795,0.004162,0,0,Within synthetic screening pattern
LOT-022,LOT022-P063,10.2484,10.4834,10.6733,10.8599,10.729260000000002,3.5884653040799837,-0.13400157428114948,-0.06851396883243271,-0.01559441021663983,0.03640553521625634,0.009792,0.002615,0,0,0,-0.1579,10.9182,0.003987,0,0,Within synthetic screening pattern
LOT-022,LOT022-P064,10.6084,10.7268,10.9259,11.2846,10.729260000000002,3.5884653040799837,-0.03368013614694498,-0.000685529827250682,0.054797798874194066,0.15475696514846934,0.004933,0.003874,0,0,0,-0.1512,11.2493,0.003815,0,0,Within synthetic screening pattern
LOT-022,LOT022-P065,10.6533,12.0163,17.3678,24.7263,10.729260000000002,3.5884653040799837,-0.02116782344631775,0.35866028815624035,1.849966333087341,3.9005643956166325,0.056792,0.088264,0,1,1,0.0588,24.2573,0.080976,1,1,Dynamic lot outlier + projected drift above safety slope
LOT-022,LOT022-P066,9.8828,10.862,15.056,22.1147,10.729260000000002,3.5884653040799837,-0.23588356811966416,0.036990743605372654,1.2057354978688568,3.1727880960852746,0.0408,0.078144,0,1,0,-0.0136,20.485,0.063108,1,1,Projected 168h drift above safety slope
LOT-022,LOT022-P067,11.6353,11.8028,11.972,12.1566,10.729260000000002,3.5884653040799837,0.2524867661308742,0.29916410192942733,0.34631517785250354,0.3977577819624317,0.006979,0.002457,0,0,0,-0.0229,12.1755,0.003215,0,0,Within synthetic screening pattern
LOT-022,LOT022-P068,10.4722,10.6529,10.9464,11.2429,10.729260000000002,3.5884653040799837,-0.07163508024105207,-0.021279291710911048,0.060510547434614106,0.14313639856459098,0.007529,0.004097,0,0,0,-0.1592,11.1841,0.004238,0,0,Within synthetic screening pattern
LOT-022,LOT022-P069,10.8997,10.9947,11.208,11.2238,10.729260000000002,3.5884653040799837,0.04749662754331553,0.07397034038428638,0.13341079247880272,0.1378137889302485,0.003958,0.001591,0,0,0,-0.1283,11.4363,0.003194,0,0,Within synthetic screening pattern
LOT-022,LOT022-P070,10.3396,10.5034,10.7226,10.8953,10.729260000000002,3.5884653040799837,-0.10858680995381748,-0.0629405556027548,-0.001855946605483312,0.046270476632786744,0.006825,0.002722,0,0,0,-0.162,10.9234,0.003475,0,0,Within synthetic screening pattern
LOT-022,LOT022-P071,9.8494,10.1245,10.3433,10.5706,10.729260000000002,3.5884653040799837,-0.2451911682132266,-0.16852886923900515,-0.10755572850632746,-0.044213887151036184,0.011463,0.003098,0,0,0,-0.1361,10.5446,0.004138,0,0,Within synthetic screening pattern
LOT-022,LOT022-P072,10.0536,10.3098,10.4538,10.5444,10.729260000000002,3.5884653040799837,-0.1882866191382138,-0.11689119566603819,-0.07676262041235629,-0.05151505848191472,0.010675,0.001629,0,0,0,-0.1472,10.6385,0.003482,0,0,Within synthetic screening pattern
LOT-022,LOT022-P073,10.3737,10.4888,10.7422,10.9919,10.729260000000002,3.5884653040799837,-0.09908414039721679,-0.06700914726041969,0.003605998359601305,0.0731900625321313,0.004796,0.003494,0,0,0,-0.1539,10.9816,0.003618,0,0,Within synthetic screening pattern
LOT-022,LOT022-P074,10.6349,10.9022,11.1132,11.1139,10.729260000000002,3.5884653040799837,-0.026295363617621473,0.04819330419702564,0.10699281377012901,0.10718788323316729,0.011138,0.00147,0,0,0,-0.1442,11.2032,0.003383,0,0,Within synthetic screening pattern
LOT-022,LOT022-P075,10.494,10.6475,10.8234,11.0377,10.729260000000002,3.5884653040799837,-0.06556005982070331,-0.022784113282924078,0.02623405607209387,0.08595317882809396,0.006396,0.00271,0,0,0,-0.1601,11.1493,0.003901,0,0,Within synthetic screening pattern
LOT-022,LOT022-P076,11.7339,11.9305,12.3454,12.5282,10.729260000000002,3.5884653040799837,0.2799636933531867,0.33475034540092186,0.45037080285059256,0.5013117997698499,0.008192,0.004151,0,0,1,0.013,12.4635,0.004343,0,1,Dynamic lot-relative outlier
LOT-022,LOT022-P077,11.2585,11.3806,11.621,11.7685,10.729260000000002,3.5884653040799837,0.14748366088373963,0.18150934865092394,0.24850177567165424,0.2896056982405295,0.005087,0.002694,0,0,0,-0.0972,11.8109,0.003288,0,0,Within synthetic screening pattern
LOT-022,LOT022-P078,10.3621,10.5459,10.7426,10.9255,10.729260000000002,3.5884653040799837,-0.10231672007042994,-0.05109705248968885,0.003717466624194606,0.05468633060960027,0.007658,0.002636,0,0,0,-0.163,10.9414,0.003448,0,0,Within synthetic screening pattern
LOT-022,LOT022-P079,11.0418,11.2763,11.4809,11.7618,10.729260000000002,3.5884653040799837,0.08709572854017826,0.15244399865815342,0.2094600159977595,0.28773860480858726,0.009771,0.003372,0,0,0,-0.1255,11.7349,0.004126,0,0,Within synthetic screening pattern
LOT-022,LOT022-P080,10.5681,10.9647,11.205,11.4117,10.729260000000002,3.5884653040799837,-0.04491056380474629,0.0656102205397695,0.13257478049435098,0.1901760062230734,0.016525,0.003104,0,0,0,-0.1189,11.4147,0.005039,0,0,Within synthetic screening pattern
LOT-022,LOT022-P081,9.8772,10.0672,10.3049,10.4048,10.729260000000002,3.5884653040799837,-0.23744412382397384,-0.18449669814203262,-0.1182566819073091,-0.09041748282506734,0.007917,0.002344,0,0,0,-0.1498,10.5508,0.00401,0,0,Within synthetic screening pattern
LOT-022,LOT022-P082,11.1815,11.3507,11.5306,11.8172,10.729260000000002,3.5884653040799837,0.1260260199494792,0.1731770958725554,0.22330994787350933,0.30317695945479556,0.00705,0.00324,0,0,0,-0.1097,11.8507,0.003983,0,0,Within synthetic screening pattern
LOT-022,LOT022-P083,11.386,11.7144,12.0433,12.3733,10.729260000000002,3.5884653040799837,0.18301417022293698,0.2745296154542504,0.366184396016306,0.4581457143059936,0.013683,0.004576,0,0,0,-0.0438,12.2715,0.005271,0,0,Within synthetic screening pattern
LOT-022,LOT022-P084,9.6178,9.7541,10.0769,10.2291,10.729260000000002,3.5884653040799837,-0.3097312934128978,-0.2717484822526424,-0.18179359272563866,-0.13937991804778863,0.005679,0.003299,0,0,0,-0.1286,10.1888,0.003399,0,0,Within synthetic screening pattern
LOT-022,LOT022-P085,9.6745,11.3148,15.4001,23.0907,10.729260000000002,3.5884653040799837,-0.2939306669067608,0.16317281912528336,1.3016260724854676,3.4447706616935627,0.068346,0.081777,0,1,1,0.0001,23.567,0.082693,1,1,Dynamic lot outlier + projected drift above safety slope
LOT-022,LOT022-P086,11.9206,12.1046,12.3645,12.5683,10.729260000000002,3.5884653040799837,0.3319915058522312,0.38326690756526893,0.45569341248493506,0.5124864932953546,0.007667,0.00322,0,0,1,0.0415,12.5803,0.003927,0,1,Dynamic lot-relative outlier
LOT-022,LOT022-P087,9.5445,9.7361,10.09,10.3052,10.729260000000002,3.5884653040799837,-0.33015785289966826,-0.27676455415935236,-0.17814300706019964,-0.11817308070886412,0.007983,0.003952,0,0,0,-0.1251,10.2136,0.003983,0,0,Within synthetic screening pattern
LOT-022,LOT022-P088,9.751,11.1883,15.1517,23.8655,10.729260000000002,3.5884653040799837,-0.27261236130324246,0.12792098044756978,1.2324042801728663,3.6606846902112906,0.059888,0.088036,0,1,0,-0.0136,23.6629,0.082809,1,1,Projected 168h drift above safety slope
LOT-022,LOT022-P089,11.1625,11.3515,11.7035,11.9827,10.729260000000002,3.5884653040799837,0.12073127738128503,0.1734000324017425,0.271492105244076,0.3492969539303813,0.007875,0.004383,0,0,0,-0.1038,11.9095,0.004446,0,0,Within synthetic screening pattern
LOT-022,LOT022-P090,10.542,10.7843,11.0683,11.342,10.729260000000002,3.5884653040799837,-0.05218386806947601,0.015338033208073455,0.09448050106950177,0.17075266111764567,0.010096,0.003873,0,0,0,-0.1507,11.2582,0.004263,0,0,Within synthetic screening pattern
LOT-022,LOT022-P091,10.9949,11.267,11.5651,11.6723,10.729260000000002,3.5884653040799837,0.07402607451658304,0.14985236150635273,0.2329240856947038,0.26279758060577824,0.011338,0.002815,0,0,0,-0.1165,11.6698,0.004017,0,0,Within synthetic screening pattern
LOT-022,LOT022-P092,9.5534,9.8472,10.0323,10.0985,10.729260000000002,3.5884653040799837,-0.32767768401246133,-0.2458042436684907,-0.1942223042278209,-0.17577430643758654,0.012242,0.001745,0,0,0,-0.1073,10.7305,0.007007,0,0,Within synthetic screening pattern
LOT-022,LOT022-P093,10.3026,10.539,10.6566,10.801,10.729260000000002,3.5884653040799837,-0.11889762442872207,-0.05301988005392775,-0.020248210263421034,0.019991833254854662,0.00985,0.001819,0,0,0,-0.1574,10.8616,0.003327,0,0,Within synthetic screening pattern
LOT-022,LOT022-P094,10.3876,10.7111,11.1356,11.2246,10.729260000000002,3.5884653040799837,-0.09521061820259016,-0.005060659212548139,0.11323503658736822,0.1380367254594356,0.013479,0.003566,0,0,0,-0.1362,11.2346,0.005042,0,0,Within synthetic screening pattern
LOT-022,LOT022-P095,10.412,10.6131,10.7284,10.8614,10.729260000000002,3.5884653040799837,-0.08841105406238298,-0.03237038403797073,-0.00023965676887648807,0.03682354120848221,0.008379,0.001724,0,0,0,-0.1605,11.0044,0.003526,0,0,Within synthetic screening pattern
LOT-022,LOT022-P096,11.0624,11.1667,11.3608,11.6674,10.729260000000002,3.5884653040799837,0.09283634416674662,0.12190169415951767,0.17599166955354267,0.2614320943645074,0.004346,0.003477,0,0,0,-0.1183,11.6459,0.003473,0,0,Within synthetic screening pattern
LOT-022,LOT022-P097,9.5865,9.7661,9.9022,10.2577,10.729260000000002,3.5884653040799837,-0.3184536851173444,-0.26840443431483546,-0.2304773572868762,-0.1314099371293493,0.007483,0.003414,0,0,0,-0.1204,10.2199,0.00377,0,0,Within synthetic screening pattern
LOT-022,LOT022-P098,10.645,10.7985,11.0902,11.3295,10.729260000000002,3.5884653040799837,-0.02348078993663419,0.019295156601145044,0.10058338855599885,0.1672692778490966,0.006396,0.003687,0,0,0,-0.1546,11.3196,0.004015,0,0,Within synthetic screening pattern
LOT-022,LOT022-P099,9.8602,11.1816,15.4049,23.1716,10.729260000000002,3.5884653040799837,-0.24218152506920002,0.12605388701562753,1.3029636916605902,3.467315118207611,0.055058,0.083264,0,1,0,-0.0167,23.3738,0.080438,1,1,Projected 168h drift above safety slope
LOT-022,LOT022-P100,11.017,11.1491,11.3579,11.552,10.729260000000002,3.5884653040799837,0.08018469613537726,0.11699709051740104,0.17518352463523976,0.22927350002926478,0.005504,0.002798,0,0,0,-0.1276,11.5857,0.003385,0,0,Within synthetic screening pattern
LOT-023,LOT023-P001,10.2219,10.3605,10.6242,10.8385,9.517881632653062,3.3292492537627436,0.21146460168197115,0.25309560898590117,0.3323026553498717,0.3966715216213881,0.005775,0.003319,0,0,0,-0.0735,10.8366,0.003659,0,0,Within synthetic screening pattern
LOT-023,LOT023-P002,41.776,56.0029,81.4335,121.2915,9.517881632653062,3.3292492537627436,9.689307080534316,13.962612836755676,21.60115175698165,33.573220221051194,0.592787,0.453393,1,1,1,0.2749,115.204,0.437071,1,1,Exceeds static 50 µA datasheet limit
LOT-023,LOT023-P003,9.3661,9.548,9.7887,10.0404,9.517881632653062,3.3292492537627436,-0.045590348178802566,0.009046594307379809,0.0813451762558354,0.15694780640301537,0.007579,0.003419,0,0,0,-0.1369,9.9971,0.003756,0,0,Within synthetic screening pattern
LOT-023,LOT023-P004,8.7222,8.7586,8.9609,9.2234,9.517881632653062,3.3292492537627436,-0.23899731501141738,-0.22806391915382004,-0.16729946909909374,-0.08845286435680244,0.001517,0.003228,0,0,0,-0.0642,9.2655,0.003234,0,0,Within synthetic screening pattern
LOT-023,LOT023-P005,9.261,9.4594,9.7273,9.9331,9.517881632653062,3.3292492537627436,-0.07715902687752582,-0.017566012093256356,0.0629025799465906,0.12471831806454714,0.008267,0.00329,0,0,0,-0.1412,9.9066,0.003843,0,0,Within synthetic screening pattern
LOT-023,LOT023-P006,8.8764,9.0564,9.3038,9.427,9.517881632653062,3.3292492537627436,-0.19268056662566002,-0.13861432337380308,-0.06430327570430602,-0.027297935878590886,0.0075,0.002574,0,0,0,-0.1353,9.4786,0.003585,0,0,Within synthetic screening pattern
LOT-023,LOT023-P007,8.8627,9.1158,9.4198,9.6534,9.517881632653062,3.3292492537627436,-0.1967956084731625,-0.12077246310069022,-0.02946058560866493,0.040705383411522605,0.010546,0.003733,0,0,0,-0.128,9.5696,0.004208,0,0,Within synthetic screening pattern
LOT-023,LOT023-P008,8.3986,10.1012,15.2029,22.9692,9.517881632653062,3.3292492537627436,-0.33619640565753395,0.17521018190142054,1.7075976996680815,4.040345838373066,0.070942,0.089361,0,1,1,0.0711,22.0501,0.081259,1,1,Dynamic lot outlier + projected drift above safety slope
LOT-023,LOT023-P009,9.4711,9.6359,10.0124,10.1023,9.517881632653062,3.3292492537627436,-0.014051706281885836,0.03544894309536982,0.1485375018971708,0.17554058672129275,0.006867,0.003239,0,0,0,-0.1341,10.055,0.003476,0,0,Within synthetic screening pattern
LOT-023,LOT023-P010,9.2405,9.3641,9.508,9.7806,9.517881632653062,3.3292492537627436,-0.08331657124787573,-0.04619108421493398,-0.002968126415255365,0.07891219530950164,0.00515,0.002892,0,0,0,-0.1357,9.7785,0.003202,0,0,Within synthetic screening pattern
LOT-023,LOT023-P011,8.7846,9.0122,9.1922,9.3852,9.517881632653062,3.3292492537627436,-0.2202543506841074,-0.15189058977231465,-0.0978243465204577,-0.039853319033744436,0.009483,0.00259,0,0,0,-0.1222,9.6018,0.004864,0,0,Within synthetic screening pattern
LOT-023,LOT023-P012,9.7832,10.0519,10.2762,10.5763,9.517881632653062,3.3292492537627436,0.07969315215647323,0.16040203861077285,0.22777458506294787,0.3179150272845163,0.011196,0.003642,0,0,0,-0.1081,10.5509,0.00457,0,0,Within synthetic screening pattern
LOT-023,LOT023-P013,8.3575,8.5176,8.7444,8.8843,9.517881632653062,3.3292492537627436,-0.34854153120004133,-0.3004526115076952,-0.2323291450103551,-0.19030765928293983,0.006671,0.002547,0,0,0,-0.0437,8.9191,0.003343,0,0,Within synthetic screening pattern
LOT-023,LOT023-P014,9.2591,9.4824,9.6885,9.6562,9.517881632653062,3.3292492537627436,-0.07772972611185071,-0.010657547677741385,0.051248300845634705,0.04154641386210722,0.009304,0.001207,0,0,0,-0.1409,9.9416,0.004062,0,0,Within synthetic screening pattern
LOT-023,LOT023-P015,53.8807,67.8556,90.6672,122.6686,9.517881632653062,3.3292492537627436,13.325171828816279,17.52278484448504,24.374659925396497,33.98685701872971,0.582287,0.380646,1,1,1,0.307,120.7313,0.39792,1,1,Exceeds static 50 µA datasheet limit
LOT-023,LOT023-P016,8.7778,8.9971,9.1744,9.3076,9.517881632653062,3.3292492537627436,-0.22229685320695539,-0.15642614684510942,-0.10317089724203003,-0.06316187723565571,0.009138,0.002156,0,0,0,-0.1211,9.6007,0.004898,0,0,Within synthetic screening pattern
LOT-023,LOT023-P017,8.497,8.7129,8.9526,9.0907,9.517881632653062,3.3292492537627436,-0.30664019267985215,-0.24179073757943043,-0.16979252364904054,-0.12831170035414366,0.008996,0.002624,0,0,0,-0.0751,9.149,0.003881,0,0,Within synthetic screening pattern
LOT-023,LOT023-P018,8.3837,8.6067,8.8335,9.1479,9.517881632653062,3.3292492537627436,-0.34067188912671564,-0.2736898210980259,-0.20556635460068579,-0.11113064972077578,0.009292,0.003758,0,0,0,-0.0527,9.1038,0.004286,0,0,Within synthetic screening pattern
LOT-023,LOT023-P019,9.1689,9.3015,9.571,9.5918,9.517881632653062,3.3292492537627436,-0.10482292134139222,-0.06499412214585752,0.01595505872289478,0.02220271349866477,0.005525,0.002016,0,0,0,-0.1389,9.7397,0.003398,0,0,Within synthetic screening pattern
LOT-023,LOT023-P020,8.741,8.865,9.1316,9.4774,9.517881632653062,3.3292492537627436,-0.23335039627177934,-0.196104762031611,-0.11602664841524929,-0.012159387768070982,0.005167,0.004253,0,0,0,-0.1141,9.417,0.004024,0,0,Within synthetic screening pattern
LOT-023,LOT023-P021,9.1333,9.2502,9.414,9.6341,9.517881632653062,3.3292492537627436,-0.11551602278453743,-0.08040300147263715,-0.031202720113447196,0.03490828066285144,0.004871,0.002666,0,0,0,-0.1296,9.5984,0.002768,0,0,Within synthetic screening pattern
LOT-023,LOT023-P022,9.806,10.191,10.3541,10.6265,9.517881632653062,3.3292492537627436,0.08654154296837463,0.20218322992373597,0.25117325367027976,0.33299350179142323,0.016042,0.003024,0,0,0,-0.0792,10.8243,0.006061,0,0,Within synthetic screening pattern
LOT-023,LOT023-P023,9.5577,9.7285,10.0485,10.2698,9.517881632653062,3.3292492537627436,0.011960164082618917,0.06326302156826988,0.15938078734934913,0.22585222974732652,0.007117,0.003759,0,0,0,-0.1299,10.215,0.003912,0,0,Within synthetic screening pattern
LOT-023,LOT023-P024,9.147,9.3613,9.6067,9.8188,9.517881632653062,3.3292492537627436,-0.11140098093703496,-0.0470321146655186,0.026678196967846513,0.0903862535996179,0.008929,0.003177,0,0,0,-0.1378,9.7808,0.003773,0,0,Within synthetic screening pattern
LOT-023,LOT023-P025,10.0399,10.2221,10.4625,10.6971,9.517881632653062,3.3292492537627436,0.15679762239398223,0.21152467528558416,0.2837331468286202,0.354199483866874,0.007592,0.003299,0,0,0,-0.0943,10.6639,0.003714,0,0,Within synthetic screening pattern
LOT-023,LOT023-P026,9.5071,9.6365,9.6452,9.7135,9.517881632653062,3.3292492537627436,-0.0032384576315145535,0.03562916390620946,0.038242365663382856,0.05875750129728162,0.005392,0.000535,0,0,0,-0.1308,9.8336,0.001943,0,0,Within synthetic screening pattern
LOT-023,LOT023-P027,9.0784,9.3228,9.5501,9.7359,9.517881632653062,3.3292492537627436,-0.1320062269763538,-0.05859628336105441,0.009677367145318272,0.0654857449019575,0.010183,0.002869,0,0,0,-0.1333,9.773,0.004135,0,0,Within synthetic screening pattern
LOT-023,LOT023-P028,9.0451,9.1928,9.2935,9.4225,9.517881632653062,3.3292492537627436,-0.14200848197794752,-0.09764412570961806,-0.06739706629038476,-0.028649591959887363,0.006154,0.001595,0,0,0,-0.1349,9.4785,0.00258,0,0,Within synthetic screening pattern
LOT-023,LOT023-P029,50.2369,61.2925,80.5359,110.4638,9.517881632653062,3.3292492537627436,12.230690844587855,15.551439505116912,21.331541423965724,30.32092543183935,0.46065,0.341467,1,1,1,0.292,110.784,0.360399,1,1,Exceeds static 50 µA datasheet limit
LOT-023,LOT023-P030,8.9941,9.2427,9.373,9.5336,9.517881632653062,3.3292492537627436,-0.15732725089930708,-0.08265576160813128,-0.04351780885414808,0.004721294847231189,0.010358,0.00202,0,0,0,-0.1333,9.6241,0.00375,0,0,Within synthetic screening pattern
LOT-023,LOT023-P031,9.6094,9.8066,10.2159,10.2654,9.517881632653062,3.3292492537627436,0.027489190616624613,0.08672176377921426,0.20966239357357583,0.22453061046783654,0.008217,0.003186,0,0,0,-0.1249,10.2252,0.003665,0,0,Within synthetic screening pattern
LOT-023,LOT023-P032,9.2276,9.3926,9.6053,9.9089,9.517881632653062,3.3292492537627436,-0.08719131868092551,-0.03763059570005683,0.026257681742554204,0.11744941202735289,0.006875,0.003585,0,0,0,-0.1428,9.85,0.003705,0,0,Within synthetic screening pattern
LOT-023,LOT023-P033,8.5499,8.7358,9.0561,9.1824,9.517881632653062,3.3292492537627436,-0.2907507245241677,-0.23491230996572196,-0.13870443377922262,-0.10076795309750332,0.007746,0.003101,0,0,0,-0.0909,9.2603,0.004229,0,0,Within synthetic screening pattern
LOT-023,LOT023-P034,9.249,9.5808,9.8144,9.9976,9.517881632653062,3.3292492537627436,-0.08076344309431589,0.018898665299940404,0.08906463432012794,0.1440920552297961,0.013825,0.002894,0,0,0,-0.1158,10.0481,0.004757,0,0,Within synthetic screening pattern
LOT-023,LOT023-P035,9.3123,9.4407,9.6898,9.8727,9.517881632653062,3.3292492537627436,-0.06175014755074619,-0.02318289403108842,0.05163877926912049,0.10657608977336858,0.00535,0.003,0,0,0,-0.1366,9.8848,0.003408,0,0,Within synthetic screening pattern
LOT-023,LOT023-P036,7.8962,8.1292,8.4603,8.6339,9.517881632653062,3.3292492537627436,-0.48710129793382817,-0.41711554972447973,-0.31766369894286955,-0.265519811006634,0.009708,0.003505,0,0,1,0.0548,8.6469,0.004468,0,1,Dynamic lot-relative outlier
LOT-023,LOT023-P037,8.5762,9.5411,14.3095,19.4976,9.517881632653062,3.3292492537627436,-0.282851045649035,0.006974054982725317,1.4392489123280312,2.9975882268555836,0.040204,0.069142,0,1,1,0.0443,17.5444,0.053382,1,1,Dynamic lot outlier + projected drift above safety slope
LOT-023,LOT023-P038,9.0486,9.2266,9.3472,9.6609,9.517881632653062,3.3292492537627436,-0.14095719391471676,-0.08749168669899175,-0.05126730372024713,0.042958143547016735,0.007417,0.003016,0,0,0,-0.1357,9.7253,0.004028,0,0,Within synthetic screening pattern
LOT-023,LOT023-P039,9.0396,9.2241,9.4191,9.6805,9.517881632653062,3.3292492537627436,-0.1436605060773097,-0.0882426067441563,-0.029670843221311083,0.04884535670110799,0.007687,0.003169,0,0,0,-0.1393,9.7367,0.004149,0,0,Within synthetic screening pattern
LOT-023,LOT023-P040,9.4663,9.6201,9.8613,10.0257,9.517881632653062,3.3292492537627436,-0.015493472768601866,0.030703128409929427,0.1031518943674176,0.15253239653744718,0.006408,0.002817,0,0,0,-0.1377,10.022,0.003308,0,0,Within synthetic screening pattern
LOT-023,LOT023-P041,9.1846,9.3698,9.6713,9.8216,9.517881632653062,3.3292492537627436,-0.10010714345775834,-0.04447898651195876,0.046081970934901996,0.09122728405020251,0.007717,0.003138,0,0,0,-0.1398,9.7938,0.003626,0,0,Within synthetic screening pattern
LOT-023,LOT023-P042,9.3118,9.4777,9.7691,10.0232,9.517881632653062,3.3292492537627436,-0.06190033155977931,-0.012069277362650897,0.07545796310174416,0.15178147649228213,0.006913,0.003788,0,0,0,-0.1409,9.9582,0.003848,0,0,Within synthetic screening pattern
LOT-023,LOT023-P043,8.8005,9.0874,9.4476,9.689,9.517881632653062,3.3292492537627436,-0.21547849919685996,-0.12930291481376086,-0.021110354706433927,0.051398484854667824,0.011954,0.004178,0,0,0,-0.1099,9.6244,0.004904,0,0,Within synthetic screening pattern
LOT-023,LOT023-P044,9.1824,9.3661,9.6008,9.6807,9.517881632653062,3.3292492537627436,-0.10076795309750332,-0.045590348178802566,0.024906025661257727,0.04890543030472102,0.007654,0.002185,0,0,0,-0.1418,9.746,0.003355,0,0,Within synthetic screening pattern
LOT-023,LOT023-P045,9.6813,9.8287,10.132,10.3379,9.517881632653062,3.3292492537627436,0.04908565111556066,0.09335989697847004,0.18446151685784917,0.24630729177761224,0.006142,0.003536,0,0,0,-0.1253,10.2291,0.003261,0,0,Within synthetic screening pattern
LOT-023,LOT023-P046,9.3593,9.5337,9.871,9.9833,9.517881632653062,3.3292492537627436,-0.04763285070165054,0.0047513316490377065,0.10606546414265672,0.139796792571454,0.007267,0.003122,0,0,0,-0.137,9.9852,0.003726,0,0,Within synthetic screening pattern
LOT-023,LOT023-P047,8.5345,8.6914,8.9691,9.2499,9.517881632653062,3.3292492537627436,-0.295376392002382,-0.24824864996784657,-0.16483645135095398,-0.0804931118780567,0.006538,0.003878,0,0,0,-0.0843,9.2085,0.004012,0,0,Within synthetic screening pattern
LOT-023,LOT023-P048,9.5661,9.6535,9.6825,9.9301,9.517881632653062,3.3292492537627436,0.014483255434372235,0.04073542021332913,0.0494460927372394,0.1238172140103495,0.003642,0.001921,0,0,0,-0.1149,10.0423,0.002835,0,0,Within synthetic screening pattern
LOT-023,LOT023-P049,9.0952,9.2162,9.5027,9.7917,9.517881632653062,3.3292492537627436,-0.12696004427284718,-0.09061551408687649,-0.00456007691100398,0.08224628031003306,0.005042,0.003997,0,0,0,-0.1351,9.7725,0.004032,0,0,Within synthetic screening pattern
LOT-023,LOT023-P050,9.7883,10.0368,10.2757,10.5967,9.517881632653062,3.3292492537627436,0.0812250290486088,0.15586648153797808,0.2276244010539153,0.3240425348530603,0.010354,0.003888,0,0,0,-0.1131,10.5293,0.004411,0,0,Within synthetic screening pattern
LOT-023,LOT023-P051,8.9314,9.1204,9.4396,9.6116,9.517881632653062,3.3292492537627436,-0.17616032563203712,-0.11939077021758722,-0.02351329885096064,0.028150000256369056,0.007875,0.003411,0,0,0,-0.1376,9.5953,0.003952,0,0,Within synthetic screening pattern
LOT-023,LOT023-P052,8.7515,10.23,13.8417,18.8392,9.517881632653062,3.3292492537627436,-0.23019653208208757,0.2138975826283049,1.298736753476816,2.799825923761014,0.061604,0.059786,0,1,1,0.0321,19.6484,0.064862,1,1,Dynamic lot outlier + projected drift above safety slope
LOT-023,LOT023-P053,9.4256,9.6659,9.8944,10.0206,9.517881632653062,3.3292492537627436,-0.027718451103883192,0.04445998363734634,0.11309407576539776,0.15100051964531108,0.010013,0.002463,0,0,0,-0.1339,10.059,0.00377,0,0,Within synthetic screening pattern
LOT-023,LOT023-P054,8.1986,9.8283,13.3458,19.629,9.517881632653062,3.3292492537627436,-0.3962700092707082,0.09323974977124398,1.14978425331795,3.0370565844294397,0.067904,0.06806,0,1,1,0.0666,19.6657,0.068257,1,1,Dynamic lot outlier + projected drift above safety slope
LOT-023,LOT023-P055,10.0602,10.2439,10.5318,10.9204,9.517881632653062,3.3292492537627436,0.16289509316071965,0.2180726980794204,0.3045486504805852,0.42127166230098334,0.007654,0.004698,0,0,0,-0.0909,10.7038,0.003831,0,0,Within synthetic screening pattern
LOT-023,LOT023-P056,9.1207,9.3284,9.7045,9.7726,9.517881632653062,3.3292492537627436,-0.11930065981216767,-0.05691422245988571,0.05605418913468867,0.07650925116497492,0.008654,0.003085,0,0,0,-0.1304,9.7403,0.003688,0,0,Within synthetic screening pattern
LOT-023,LOT023-P057,9.6163,10.8289,16.0182,20.6681,9.517881632653062,3.3292492537627436,0.0295617299412791,0.393787988647956,1.9524877447971876,3.349168992001687,0.050525,0.068328,0,1,1,0.0476,21.5721,0.071165,1,1,Dynamic lot outlier + projected drift above safety slope
LOT-023,LOT023-P058,9.2965,11.0599,16.1867,25.0939,9.517881632653062,3.3292492537627436,-0.06649596223618712,0.4631730008211725,2.0030997558412866,4.678537766357626,0.073475,0.097458,0,1,1,0.0616,24.2943,0.089273,1,1,Dynamic lot outlier + projected drift above safety slope
LOT-023,LOT023-P059,9.5368,9.6714,9.847,9.9541,9.517881632653062,3.3292492537627436,0.005682472505041875,0.04611200773670852,0.09885663170907551,0.1310260464439307,0.005608,0.001963,0,0,0,-0.1316,10.0606,0.003118,0,0,Within synthetic screening pattern
LOT-023,LOT023-P060,8.9761,9.1284,9.4173,9.4662,9.517881632653062,3.3292492537627436,-0.16273387522449245,-0.1169878260730605,-0.030211505653829993,-0.015523509570408383,0.006346,0.002346,0,0,0,-0.1369,9.6271,0.003875,0,0,Within synthetic screening pattern
LOT-023,LOT023-P061,9.1563,9.3176,9.5415,9.7279,9.517881632653062,3.3292492537627436,-0.10860755836902246,-0.06015819705499704,0.007094202189951386,0.06308280075743024,0.006721,0.002849,0,0,0,-0.1407,9.776,0.003689,0,0,Within synthetic screening pattern
LOT-023,LOT023-P062,9.2349,9.4161,9.7279,9.7475,9.517881632653062,3.3292492537627436,-0.08499863214904496,-0.030571947275508733,0.06308280075743024,0.0689700139115215,0.00755,0.002301,0,0,0,-0.1418,9.7795,0.003242,0,0,Within synthetic screening pattern
LOT-023,LOT023-P063,9.4819,9.6261,9.9755,10.163,9.517881632653062,3.3292492537627436,-0.010807731686774505,0.03250533651832419,0.13745392203054033,0.1937729254178914,0.006008,0.003728,0,0,0,-0.1345,10.0987,0.003671,0,0,Within synthetic screening pattern
LOT-023,LOT023-P064,8.7486,8.9621,9.1223,9.333,9.517881632653062,3.3292492537627436,-0.23106759933447868,-0.166939027477415,-0.11882007098326233,-0.055532529576782716,0.008896,0.002576,0,0,0,-0.1218,9.345,0.00355,0,0,Within synthetic screening pattern
LOT-023,LOT023-P065,9.8582,9.9935,10.428,10.6552,9.517881632653062,3.3292492537627436,0.10222075351141344,0.1428605463557257,0.2733704502053478,0.34161406390991395,0.005637,0.004595,0,0,0,-0.1054,10.515,0.00391,0,0,Within synthetic screening pattern
LOT-023,LOT023-P066,9.0329,9.0689,9.2131,9.4804,9.517881632653062,3.3292492537627436,-0.14567297179835118,-0.1348597231479799,-0.09154665494288065,-0.011258283713873331,0.0015,0.002858,0,0,0,-0.0873,9.3488,0.00188,0,0,Within synthetic screening pattern
LOT-023,LOT023-P067,8.8427,9.0157,9.3013,9.6201,9.517881632653062,3.3292492537627436,-0.20280296883447982,-0.15083930170908388,-0.06505419574947109,0.030703128409929427,0.007208,0.004197,0,0,0,-0.133,9.5605,0.004273,0,0,Within synthetic screening pattern
LOT-023,LOT023-P068,8.0417,8.161,8.2958,8.5603,9.517881632653062,3.3292492537627436,-0.44339775130524367,-0.40756384674998536,-0.36707423791470567,-0.2876268971362824,0.004971,0.002773,0,0,1,0.046,8.6943,0.003885,0,1,Dynamic lot-relative outlier
LOT-023,LOT023-P069,10.1383,10.2809,10.4832,10.613,9.517881632653062,3.3292492537627436,0.18635383537166403,0.22918631474785792,0.2899507648025837,0.3289385335475338,0.005942,0.002306,0,0,0,-0.0836,10.716,0.003439,0,0,Within synthetic screening pattern
LOT-023,LOT023-P070,8.6586,8.8561,9.0769,9.1512,9.517881632653062,3.3292492537627436,-0.25810072096040715,-0.19877803739239744,-0.13245677900345262,-0.11013943526115857,0.008229,0.002049,0,0,0,-0.1052,9.2577,0.003566,0,0,Within synthetic screening pattern
LOT-023,LOT023-P071,9.8006,10.0443,10.1366,10.3612,9.517881632653062,3.3292492537627436,0.08491955567081896,0.15811924167347222,0.18584320974095217,0.2533058665985473,0.010154,0.002201,0,0,0,-0.1151,10.4258,0.003721,0,0,Within synthetic screening pattern
LOT-023,LOT023-P072,9.7834,9.9822,10.1026,10.4117,9.517881632653062,3.3292492537627436,0.07975322576008625,0.1394663877515818,0.17563069712671284,0.26847445151087374,0.008283,0.002983,0,0,0,-0.1207,10.3677,0.003478,0,0,Within synthetic screening pattern
LOT-023,LOT023-P073,9.0764,9.1408,9.4143,9.5851,9.517881632653062,3.3292492537627436,-0.13260696301248576,-0.11326326264904331,-0.031112609708027112,0.02019024777762385,0.002683,0.003085,0,0,0,-0.107,9.5466,0.002799,0,0,Within synthetic screening pattern
LOT-023,LOT023-P074,8.4532,8.6363,8.8791,9.0567,9.517881632653062,3.3292492537627436,-0.3197963118711371,-0.26479892776327596,-0.19186957297688245,-0.13852421296838352,0.007629,0.002919,0,0,0,-0.0686,9.0731,0.00369,0,0,Within synthetic screening pattern
LOT-023,LOT023-P075,9.6298,9.7777,9.9922,10.2395,9.517881632653062,3.3292492537627436,0.033616698185168,0.0780411280571105,0.14247006793224046,0.21675107879993044,0.006162,0.003207,0,0,0,-0.1262,10.2043,0.00342,0,0,Within synthetic screening pattern
LOT-023,LOT023-P076,9.1075,9.2095,9.3126,9.5249,9.517881632653062,3.3292492537627436,-0.12326551765063702,-0.09262797980791794,-0.06166003714532664,0.0021080930900583203,0.00425,0.00219,0,0,0,-0.1203,9.6688,0.003341,0,0,Within synthetic screening pattern
LOT-023,LOT023-P077,10.1699,10.3149,10.5606,10.7069,9.517881632653062,3.3292492537627436,0.19584546474254588,0.23939882736209728,0.31319924940088245,0.35714309044391906,0.006042,0.002722,0,0,0,-0.0816,10.7718,0.003583,0,0,Within synthetic screening pattern
LOT-023,LOT023-P078,9.8736,10.0867,10.2678,10.4127,9.517881632653062,3.3292492537627436,0.10684642098962777,0.1708548456394654,0.22525149371119457,0.26877481952893945,0.008879,0.002264,0,0,0,-0.1089,10.5012,0.003736,0,0,Within synthetic screening pattern
LOT-023,LOT023-P079,9.2752,9.4279,9.7616,10.0724,9.517881632653062,3.3292492537627436,-0.07289380102099023,-0.027027604662331697,0.07320520296625002,0.1665595829811233,0.006362,0.004476,0,0,0,-0.1416,9.981,0.004201,0,0,Within synthetic screening pattern
LOT-023,LOT023-P080,10.0746,10.2581,10.4784,10.7234,9.517881632653062,3.3292492537627436,0.16722039262086827,0.222337923935956,0.2885089983158677,0.36209916274200615,0.007646,0.003231,0,0,0,-0.0904,10.7294,0.003898,0,0,Within synthetic screening pattern
LOT-023,LOT023-P081,9.819,10.0551,10.2822,10.4602,9.517881632653062,3.3292492537627436,0.09044632720323147,0.16136321626858355,0.2295767931713432,0.28304230038706873,0.009837,0.002813,0,0,0,-0.1144,10.4963,0.004032,0,0,Within synthetic screening pattern
LOT-023,LOT023-P082,9.1385,9.3376,9.625,9.6973,9.517881632653062,3.3292492537627436,-0.11395410909059481,-0.05415083669367972,0.032174931698451974,0.05389153940461462,0.008296,0.002498,0,0,0,-0.1356,9.7702,0.00376,0,0,Within synthetic screening pattern
LOT-023,LOT023-P083,9.3444,9.4802,9.6959,10.0054,9.517881632653062,3.3292492537627436,-0.05210833417083175,-0.011318357317486365,0.05347102417932231,0.1464349257707098,0.005658,0.003647,0,0,0,-0.1349,9.9637,0.003686,0,0,Within synthetic screening pattern
LOT-023,LOT023-P084,9.5762,11.3501,15.7383,23.9917,9.517881632653062,3.3292492537627436,0.01751697241683741,0.5503397996638882,1.86841473654055,4.347472136845422,0.073912,0.087789,0,1,1,0.0641,23.7144,0.084156,1,1,Dynamic lot outlier + projected drift above safety slope
LOT-023,LOT023-P085,9.49,9.6297,9.9604,10.1953,9.517881632653062,3.3292492537627436,-0.00837475074044074,0.033586661383361485,0.13291836495774556,0.20347481240141888,0.005821,0.003928,0,0,0,-0.1346,10.103,0.003649,0,0,Within synthetic screening pattern
LOT-023,LOT023-P086,9.0041,9.1653,9.4141,9.5806,9.517881632653062,3.3292492537627436,-0.1543235707186484,-0.1059042462064295,-0.031172683311640678,0.018838591696327373,0.006717,0.002884,0,0,0,-0.1399,9.6053,0.003579,0,0,Within synthetic screening pattern
LOT-023,LOT023-P087,8.9406,9.0909,9.4453,9.5854,9.517881632653062,3.3292492537627436,-0.17339693986583113,-0.12825162675053062,-0.021801201147985425,0.0202803581830434,0.006262,0.003434,0,0,0,-0.1346,9.5914,0.003874,0,0,Within synthetic screening pattern
LOT-023,LOT023-P088,8.8943,9.0816,9.3143,9.3606,9.517881632653062,3.3292492537627436,-0.18730397910228117,-0.13104504931854313,-0.061149411514614775,-0.04724237227816475,0.007804,0.001937,0,0,0,-0.1376,9.4424,0.003262,0,0,Within synthetic screening pattern
LOT-023,LOT023-P089,9.058,9.2192,9.5138,9.9147,9.517881632653062,3.3292492537627436,-0.13813373454489775,-0.08971441003267883,-0.0012259919104730967,0.11919154653213516,0.006717,0.00483,0,0,0,-0.1401,9.8362,0.004632,0,0,Within synthetic screening pattern
LOT-023,LOT023-P090,8.8518,8.9146,9.3764,9.6575,9.517881632653062,3.3292492537627436,-0.20006961987008035,-0.18120650833554378,-0.04249655759272382,0.04193689228559302,0.002617,0.005159,0,0,0,-0.0981,9.3357,0.00288,0,0,Within synthetic screening pattern
LOT-023,LOT023-P091,8.7122,8.7968,8.8686,9.0937,9.517881632653062,3.3292492537627436,-0.24200099519207657,-0.21658986086370377,-0.1950234371665737,-0.127410596299946,0.003525,0.002062,0,0,0,-0.0798,9.1564,0.002644,0,0,Within synthetic screening pattern
LOT-023,LOT023-P092,9.3192,9.5706,9.8362,10.0642,9.517881632653062,3.3292492537627436,-0.0596776082260917,0.015834911515668713,0.09561265711396418,0.16409656523298302,0.010475,0.003428,0,0,0,-0.1343,10.0189,0.004165,0,0,Within synthetic screening pattern
LOT-023,LOT023-P093,8.7683,9.0219,9.2785,9.3897,9.517881632653062,3.3292492537627436,-0.22515034937858092,-0.14897701999707552,-0.07190258656137302,-0.03850166295244796,0.010567,0.002554,0,0,0,-0.1145,9.6157,0.005044,0,0,Within synthetic screening pattern
LOT-023,LOT023-P094,8.994,9.2012,9.3933,9.6115,9.517881632653062,3.3292492537627436,-0.1573572877011136,-0.09512103435786474,-0.03742033808741067,0.02811996345456254,0.008633,0.002849,0,0,0,-0.1394,9.6125,0.003682,0,0,Within synthetic screening pattern
LOT-023,LOT023-P095,8.5682,8.5873,8.865,9.0207,9.517881632653062,3.3292492537627436,-0.28525398979356226,-0.27951696064850357,-0.196104762031611,-0.1493374616187548,0.000796,0.00301,0,0,0,-0.0365,9.166,0.003558,0,0,Within synthetic screening pattern
LOT-023,LOT023-P096,8.5728,8.7176,8.9611,9.2485,9.517881632653062,3.3292492537627436,-0.28387229691045873,-0.2403790078945209,-0.1672393954954807,-0.08091362710334901,0.006033,0.003687,0,0,0,-0.0862,9.2156,0.003826,0,0,Within synthetic screening pattern
LOT-023,LOT023-P097,10.1416,10.3815,10.5366,10.7337,9.517881632653062,3.3292492537627436,0.18734504983128178,0.2594033373652847,0.3059904169673012,0.36519295332808493,0.009996,0.002446,0,0,0,-0.0807,10.7948,0.003888,0,0,Within synthetic screening pattern
LOT-023,LOT023-P098,9.4951,9.6828,9.8535,10.1172,9.517881632653062,3.3292492537627436,-0.0068428738483046255,0.04953620314265948,0.10080902382650393,0.1800160701904745,0.007821,0.003017,0,0,0,-0.1347,10.1539,0.003921,0,0,Within synthetic screening pattern
LOT-023,LOT023-P099,9.0191,9.257,9.6124,9.8708,9.517881632653062,3.3292492537627436,-0.14981805044766014,-0.07836049894978918,0.028390294670821728,0.10600539053904315,0.009912,0.004262,0,0,0,-0.133,9.5891,0.003393,0,0,Within synthetic screening pattern
LOT-023,LOT023-P100,9.956,11.7677,15.5859,20.4203,9.517881632653062,3.3292492537627436,0.1315967456782556,0.6757734840081967,1.822638650587311,3.2747377971249647,0.075487,0.060088,0,1,1,0.0799,25.2243,0.090883,1,1,Dynamic lot outlier + projected drift above safety slope
LOT-024,LOT024-P001,10.5484,10.7635,11.0538,11.3298,12.088411999999998,5.9318156297127995,-0.25961899292452556,-0.22335690835760955,-0.17441742370035365,-0.1278886680496385,0.008962,0.003933,0,0,0,-0.1144,11.2404,0.004119,0,0,Within synthetic screening pattern
LOT-024,LOT024-P002,11.6163,11.8362,12.0209,12.2084,12.088411999999998,5.9318156297127995,-0.07958979669482001,-0.04251851637745687,-0.011381338230039971,0.020227870771804577,0.009162,0.002585,0,0,0,-0.088,12.2014,0.003483,0,0,Within synthetic screening pattern
LOT-024,LOT024-P003,10.733,10.8729,11.1397,11.3744,12.088411999999998,5.9318156297127995,-0.22849867302190957,-0.20491398854533346,-0.1599361914163088,-0.1203698908683999,0.005829,0.003483,0,0,0,-0.1186,11.3381,0.003602,0,0,Within synthetic screening pattern
LOT-024,LOT024-P004,11.4633,11.6696,11.8416,11.895,12.088411999999998,5.9318156297127995,-0.10538291124032524,-0.07060435221589564,-0.041608171158203776,-0.03260586843447847,0.008596,0.001565,0,0,0,-0.0978,12.0071,0.003237,0,0,Within synthetic screening pattern
LOT-024,LOT024-P005,11.0989,11.2772,11.5307,11.7826,12.088411999999998,5.9318156297127995,-0.16681435529511002,-0.13675610481495595,-0.09402045424446231,-0.05155453559078407,0.007429,0.00351,0,0,0,-0.1157,11.7515,0.003885,0,0,Within synthetic screening pattern
LOT-024,LOT024-P006,9.284,9.568,9.7412,10.0123,12.088411999999998,5.9318156297127995,-0.47277464018816423,-0.4248972249533705,-0.39569874495806673,-0.34999604330259965,0.011833,0.003085,0,0,0,-0.0176,10.0195,0.004378,0,0,Within synthetic screening pattern
LOT-024,LOT024-P007,47.3115,58.3921,80.6078,107.8478,12.088411999999998,5.9318156297127995,5.937994401505935,7.80598907492374,11.551166165175887,16.143352048963866,0.461692,0.343442,1,1,1,0.2809,110.2372,0.374558,1,1,Exceeds static 50 µA datasheet limit
LOT-024,LOT024-P008,9.9455,10.173,10.445,10.6629,12.088411999999998,5.9318156297127995,-0.36125735082965693,-0.3229048439074187,-0.27705041804874286,-0.2403163026273992,0.009479,0.003402,0,0,0,-0.0889,10.6133,0.003975,0,0,Within synthetic screening pattern
LOT-024,LOT024-P009,9.9678,10.0995,10.3511,10.4947,12.088411999999998,5.9318156297127995,-0.3574979622390373,-0.3352956538361416,-0.29288030991686653,-0.268671870382654,0.005488,0.002744,0,0,0,-0.088,10.5029,0.003185,0,0,Within synthetic screening pattern
LOT-024,LOT024-P010,12.2889,13.6729,18.0012,24.3477,12.088411999999998,5.9318156297127995,0.03379875783659662,0.2671168658822119,0.996792275603192,2.066700781897626,0.057667,0.074131,0,1,1,0.1053,16.2162,0.023377,1,1,Dynamic lot outlier + projected drift above safety slope
LOT-024,LOT024-P011,11.9036,12.1081,12.2595,12.4992,12.088411999999998,5.9318156297127995,-0.03115605938159365,0.0033190512364180444,0.028842433865107264,0.06925164665306549,0.008521,0.002716,0,0,0,-0.0679,12.5785,0.004017,0,0,Within synthetic screening pattern
LOT-024,LOT024-P012,41.0205,58.0181,80.6978,116.3208,12.088411999999998,5.9318156297127995,4.877442221076046,7.742939239368061,11.566338585496773,17.57175113095122,0.708233,0.40488,1,1,1,0.2814,114.5667,0.437775,1,1,Exceeds static 50 µA datasheet limit
LOT-024,LOT024-P013,11.1089,11.3389,11.6561,11.9067,12.088411999999998,5.9318156297127995,-0.1651285308150117,-0.12635456777274898,-0.07288021526402853,-0.030633453792763173,0.009583,0.003943,0,0,0,-0.1147,11.9191,0.004823,0,0,Within synthetic screening pattern
LOT-024,LOT024-P014,10.1629,10.3445,10.742,10.7912,12.088411999999998,5.9318156297127995,-0.324607526632318,-0.29399295407373155,-0.226981430989821,-0.21868717454773715,0.007567,0.003102,0,0,0,-0.1013,10.7883,0.003723,0,0,Within synthetic screening pattern
LOT-024,LOT024-P015,11.7178,11.8722,12.1486,12.3657,12.088411999999998,5.9318156297127995,-0.06247867822182154,-0.03644954824910279,0.010146640380816425,0.04674588984375221,0.006433,0.003427,0,0,0,-0.0857,12.2969,0.003447,0,0,Within synthetic screening pattern
LOT-024,LOT024-P016,10.6706,10.8534,11.1089,11.3495,12.088411999999998,5.9318156297127995,-0.23901821777772347,-0.20820134628152512,-0.1651285308150117,-0.12456759382384466,0.007617,0.003445,0,0,0,-0.1205,11.329,0.003919,0,0,Within synthetic screening pattern
LOT-024,LOT024-P017,10.6549,10.7865,10.8529,11.0543,12.088411999999998,5.9318156297127995,-0.24166496221147804,-0.2194795120533833,-0.20828563750553014,-0.17433313247634893,0.005483,0.00186,0,0,0,-0.1086,11.1766,0.003105,0,0,Within synthetic screening pattern
LOT-024,LOT024-P018,11.2391,11.5008,11.8182,12.0157,12.088411999999998,5.9318156297127995,-0.14317909608413076,-0.09906106943995638,-0.045553000441634066,-0.01225796695969088,0.010904,0.003576,0,0,0,-0.0995,12.0122,0.004602,0,0,Within synthetic screening pattern
LOT-024,LOT024-P019,11.075,11.2528,11.449,11.6164,12.088411999999998,5.9318156297127995,-0.17084347580254533,-0.14086951654639598,-0.10779364024686598,-0.07957293845001906,0.007408,0.002525,0,0,0,-0.1176,11.6131,0.003203,0,0,Within synthetic screening pattern
LOT-024,LOT024-P020,10.7161,10.8307,11.0889,11.2831,12.088411999999998,5.9318156297127995,-0.23134771639327578,-0.2120281678513485,-0.16850017977520837,-0.13576146837169814,0.004775,0.003142,0,0,0,-0.1138,11.3457,0.003748,0,0,Within synthetic screening pattern
LOT-024,LOT024-P021,12.3231,12.5668,12.9132,13.1926,12.088411999999998,5.9318156297127995,0.039564277558533104,0.0806478201385306,0.1390447801291382,0.18614671610308695,0.010154,0.004346,0,0,0,-0.0051,14.0013,0.009989,0,0,Within synthetic screening pattern
LOT-024,LOT024-P022,10.8428,11.0222,11.1558,11.3033,12.088411999999998,5.9318156297127995,-0.20998832023042943,-0.1797446290574647,-0.15722201400335045,-0.13235610292189928,0.007475,0.001952,0,0,0,-0.1167,11.4005,0.00332,0,0,Within synthetic screening pattern
LOT-024,LOT024-P023,11.6701,11.8765,12.1575,12.2226,12.088411999999998,5.9318156297127995,-0.07052006099189093,-0.03572464372266038,0.011647024168104076,0.02262174153354438,0.0086,0.002403,0,0,0,-0.0884,12.2825,0.003645,0,0,Within synthetic screening pattern
LOT-024,LOT024-P024,10.3193,10.4968,10.864,11.1043,12.088411999999998,5.9318156297127995,-0.2982412317635795,-0.2683178472418332,-0.2064143723326208,-0.16590401007585692,0.007396,0.004219,0,0,0,-0.1022,11.0241,0.004195,0,0,Within synthetic screening pattern
LOT-024,LOT024-P025,10.7451,10.9828,11.2189,11.4344,12.088411999999998,5.9318156297127995,-0.2264588254009905,-0.18638677750905236,-0.14658446153392965,-0.11025494398780956,0.009904,0.003136,0,0,0,-0.1144,11.4525,0.004211,0,0,Within synthetic screening pattern
LOT-024,LOT024-P026,11.2856,11.5068,11.7351,12.0061,12.088411999999998,5.9318156297127995,-0.13534001225167333,-0.09804957475189732,-0.05956220187125156,-0.013876358460585441,0.009217,0.003467,0,0,0,-0.1051,11.9949,0.004222,0,0,Within synthetic screening pattern
LOT-024,LOT024-P027,10.9742,11.1263,11.3242,11.6063,12.088411999999998,5.9318156297127995,-0.18783658656193689,-0.16219519621964046,-0.1288327297584938,-0.08127562117491864,0.006338,0.003333,0,0,0,-0.1164,11.5814,0.003614,0,0,Within synthetic screening pattern
LOT-024,LOT024-P028,11.3091,11.4871,11.6936,11.8419,12.088411999999998,5.9318156297127995,-0.1313783247234421,-0.10137064897769117,-0.06655837346365968,-0.04155759642380064,0.007417,0.002464,0,0,0,-0.1046,11.9971,0.004095,0,0,Within synthetic screening pattern
LOT-024,LOT024-P029,10.9576,12.1508,16.0575,22.4416,12.088411999999998,5.9318156297127995,-0.19063505519890026,0.010517521766438102,0.6691185714064707,1.745365777746075,0.049717,0.071464,0,1,1,0.0174,16.826,0.034931,1,1,Dynamic lot outlier + projected drift above safety slope
LOT-024,LOT024-P030,11.1241,11.4106,11.7595,12.079,12.088411999999998,5.9318156297127995,-0.16256607760526212,-0.11426720625044363,-0.05544879013981153,-0.0015866980006681755,0.011938,0.004642,0,0,0,-0.1018,12.1714,0.006234,0,0,Within synthetic screening pattern
LOT-024,LOT024-P031,10.7541,10.9099,11.0782,11.3185,12.088411999999998,5.9318156297127995,-0.22494158336890221,-0.19867643796896933,-0.17030401196891362,-0.1297936497121497,0.006492,0.002837,0,0,0,-0.1191,11.3224,0.003383,0,0,Within synthetic screening pattern
LOT-024,LOT024-P032,12.5735,12.6737,12.7574,13.0314,12.088411999999998,5.9318156297127995,0.08177732254019628,0.09866928383078216,0.11277963472920562,0.15897122548390097,0.004175,0.002484,0,0,1,0.0078,14.0594,0.008845,0,1,Dynamic lot-relative outlier
LOT-024,LOT024-P033,10.9123,11.1356,11.3698,11.5394,12.088411999999998,5.9318156297127995,-0.19827184009374577,-0.16062737945314903,-0.12114537012924514,-0.09255378694677655,0.009304,0.002804,0,0,0,-0.1131,11.5342,0.003702,0,0,Within synthetic screening pattern
LOT-024,LOT024-P034,11.147,11.2772,11.4875,11.6824,12.088411999999998,5.9318156297127995,-0.15870553954583685,-0.13675610481495595,-0.10130321599848709,-0.06844649688136996,0.005425,0.002814,0,0,0,-0.11,11.7335,0.003491,0,0,Within synthetic screening pattern
LOT-024,LOT024-P035,11.2003,11.4118,11.7148,11.9598,12.088411999999998,5.9318156297127995,-0.1497200950669125,-0.114064907312832,-0.06298442556585107,-0.021681725803440997,0.008812,0.003806,0,0,0,-0.1104,11.8915,0.004114,0,0,Within synthetic screening pattern
LOT-024,LOT024-P036,10.8704,11.0142,11.2137,11.2516,12.088411999999998,5.9318156297127995,-0.20533544466535797,-0.18109328864154323,-0.14746109026358084,-0.14107181548400793,0.005992,0.001649,0,0,0,-0.1154,11.3365,0.002774,0,0,Within synthetic screening pattern
LOT-024,LOT024-P037,10.3743,10.4571,10.5681,10.7476,12.088411999999998,5.9318156297127995,-0.2889691971230384,-0.2750105704278238,-0.256297918698732,-0.226037369280966,0.00345,0.002017,0,0,0,-0.0822,10.795,0.002504,0,0,Within synthetic screening pattern
LOT-024,LOT024-P038,11.9473,12.1373,12.501,12.6654,12.088411999999998,5.9318156297127995,-0.023789006403563847,0.00824165871830521,0.06955509505948308,0.09727004951230048,0.007917,0.003667,0,0,0,-0.0551,12.6359,0.004099,0,0,Within synthetic screening pattern
LOT-024,LOT024-P039,10.4045,10.5658,10.7643,11.1404,12.088411999999998,5.9318156297127995,-0.2838780071931412,-0.25668565832915463,-0.22322204239920168,-0.1598181837027019,0.006721,0.00399,0,0,0,-0.1029,11.0932,0.004099,0,0,Within synthetic screening pattern
LOT-024,LOT024-P040,11.9923,12.2617,12.5274,12.7246,12.088411999999998,5.9318156297127995,-0.016202796243121168,0.02921331525072894,0.0740056716869429,0.10725013043448296,0.011225,0.003215,0,0,0,-0.0426,13.1429,0.006849,0,0,Within synthetic screening pattern
LOT-024,LOT024-P041,11.8075,11.9054,12.2431,12.4145,12.088411999999998,5.9318156297127995,-0.04735683263533932,-0.03085261097517605,0.026077681717746083,0.05497271330663228,0.004079,0.003535,0,0,0,-0.0678,12.4006,0.00353,0,0,Within synthetic screening pattern
LOT-024,LOT024-P042,12.2195,12.3269,12.5409,12.7851,12.088411999999998,5.9318156297127995,0.022099135944713903,0.04020489086097049,0.0762815347350758,0.11744936853907802,0.004475,0.003182,0,0,0,-0.0206,13.2038,0.005859,0,0,Within synthetic screening pattern
LOT-024,LOT024-P043,11.008,11.232,11.3414,11.5268,12.088411999999998,5.9318156297127995,-0.1821384998192045,-0.14437603146500083,-0.12593311165272444,-0.09467792579170065,0.009333,0.002047,0,0,0,-0.1108,11.5872,0.003448,0,0,Within synthetic screening pattern
LOT-024,LOT024-P044,11.3466,12.5233,17.7525,24.2171,12.088411999999998,5.9318156297127995,-0.12505648292307325,0.07331448365010268,0.9548658207831454,2.044683914187541,0.049029,0.081207,0,1,1,0.0534,22.4332,0.065992,1,1,Dynamic lot outlier + projected drift above safety slope
LOT-024,LOT024-P045,11.2802,11.44,11.7516,11.8617,12.088411999999998,5.9318156297127995,-0.13625035747092643,-0.10931088227895458,-0.056780591479089135,-0.038219663953205855,0.006658,0.002928,0,0,0,-0.1099,11.8404,0.003335,0,0,Within synthetic screening pattern
LOT-024,LOT024-P046,10.5518,10.6692,10.9044,11.1249,12.088411999999998,5.9318156297127995,-0.2590458126012922,-0.2392542332049373,-0.19960364143302337,-0.16243121164685428,0.004892,0.003165,0,0,0,-0.1056,11.1092,0.003318,0,0,Within synthetic screening pattern
LOT-024,LOT024-P047,10.5625,10.8223,11.2083,11.3379,12.088411999999998,5.9318156297127995,-0.257241980407587,-0.21344426041463113,-0.14837143548283396,-0.12652315022075902,0.010825,0.003581,0,0,0,-0.1082,11.2544,0.004118,0,0,Within synthetic screening pattern
LOT-024,LOT024-P048,10.6612,10.8682,11.1116,11.3068,12.088411999999998,5.9318156297127995,-0.24060289278901614,-0.20570632605097966,-0.16467335820538528,-0.13176606435386473,0.008625,0.003046,0,0,0,-0.1212,11.3123,0.003876,0,0,Within synthetic screening pattern
LOT-024,LOT024-P049,9.9965,10.0998,10.5146,10.8081,12.088411999999998,5.9318156297127995,-0.3526596459811552,-0.3352450791017388,-0.26531707966725826,-0.21583813117637093,0.004304,0.004919,0,0,0,-0.081,10.6689,0.004002,0,0,Within synthetic screening pattern
LOT-024,LOT024-P050,10.5771,10.8344,11.0553,11.2039,12.088411999999998,5.9318156297127995,-0.2547806766666434,-0.21140441279371205,-0.1741645500283389,-0.149113198254077,0.010721,0.002566,0,0,0,-0.1082,11.2634,0.004085,0,0,Within synthetic screening pattern
LOT-024,LOT024-P051,11.777,11.9745,12.2139,12.5103,12.088411999999998,5.9318156297127995,-0.052498597299639356,-0.01920356381769617,0.02115507423585892,0.07112291182597481,0.008229,0.003721,0,0,0,-0.0782,12.495,0.004274,0,0,Within synthetic screening pattern
LOT-024,LOT024-P052,11.8639,12.916,17.6099,25.6621,12.088411999999998,5.9318156297127995,-0.03784878256758448,0.13951681098356583,0.9308259636969424,2.2882855515617564,0.043838,0.088515,0,1,1,0.0767,21.9062,0.059776,1,1,Dynamic lot outlier + projected drift above safety slope
LOT-024,LOT024-P053,11.1595,11.3405,11.584,11.8039,12.088411999999998,5.9318156297127995,-0.15659825894571403,-0.12608483585593325,-0.08503500976553795,-0.047963729448174515,0.007542,0.003218,0,0,0,-0.1135,11.8375,0.004036,0,0,Within synthetic screening pattern
LOT-024,LOT024-P054,11.0922,11.2508,11.5349,11.5469,12.088411999999998,5.9318156297127995,-0.167943857696776,-0.14120668144241577,-0.09331240796282085,-0.09128941858670271,0.006608,0.002056,0,0,0,-0.1156,11.6409,0.003266,0,0,Within synthetic screening pattern
LOT-024,LOT024-P055,9.7699,9.9678,10.2167,10.4157,12.088411999999998,5.9318156297127995,-0.3908604287001843,-0.3574979622390373,-0.3155377909293889,-0.28198988377543127,0.008246,0.00311,0,0,0,-0.0768,10.4341,0.003954,0,0,Within synthetic screening pattern
LOT-024,LOT024-P056,12.1957,12.3373,12.5482,12.7625,12.088411999999998,5.9318156297127995,0.018086873682079837,0.041958148320272906,0.07751218660554744,0.11363940521405559,0.0059,0.002953,0,0,0,-0.0278,13.1946,0.005946,0,0,Within synthetic screening pattern
LOT-024,LOT024-P057,10.4459,10.6593,10.8199,11.0842,12.088411999999998,5.9318156297127995,-0.27689869384553406,-0.2409231994402347,-0.2138488582898547,-0.16929251728085484,0.008892,0.002951,0,0,0,-0.1064,11.1397,0.00413,0,0,Within synthetic screening pattern
LOT-024,LOT024-P058,47.5962,62.9122,85.2318,114.0511,12.088411999999998,5.9318156297127995,5.985989824454336,8.567998598173007,12.33069140477338,17.189119548703292,0.638167,0.355131,1,1,1,0.2861,112.8022,0.388131,1,1,Exceeds static 50 µA datasheet limit
LOT-024,LOT024-P059,11.1241,11.1709,11.5333,11.7748,12.088411999999998,5.9318156297127995,-0.16256607760526212,-0.15467641903840185,-0.09358213987963655,-0.052869478685260735,0.00195,0.004194,0,0,0,-0.0782,11.7709,0.00385,0,0,Within synthetic screening pattern
LOT-024,LOT024-P060,10.3324,11.5116,16.0208,25.0195,12.088411999999998,5.9318156297127995,-0.2960328016946506,-0.09724037900145019,0.6629315955645098,2.1799544704706353,0.049133,0.093805,0,1,1,0.0198,23.7466,0.079846,1,1,Dynamic lot outlier + projected drift above safety slope
LOT-024,LOT024-P061,11.577,11.7276,11.9885,12.2311,12.088411999999998,5.9318156297127995,-0.08621508690160676,-0.06082657023132509,-0.016843409545558557,0.024054692341627954,0.006275,0.003497,0,0,0,-0.0936,12.2354,0.003919,0,0,Within synthetic screening pattern
LOT-024,LOT024-P062,10.0566,10.2373,10.3743,10.6039,12.088411999999998,5.9318156297127995,-0.3425278408557639,-0.3120649925003863,-0.2889691971230384,-0.2502626670599798,0.007529,0.002546,0,0,0,-0.0913,10.6805,0.003714,0,0,Within synthetic screening pattern
LOT-024,LOT024-P063,10.8967,12.2974,17.9502,23.4663,12.088411999999998,5.9318156297127995,-0.2009017262826994,0.03523170864468019,0.98819457075469,1.9181122122217553,0.058363,0.077562,0,1,1,0.0474,21.0057,0.060173,1,1,Dynamic lot outlier + projected drift above safety slope
LOT-024,LOT024-P064,11.0716,11.2818,11.6937,11.9472,12.088411999999998,5.9318156297127995,-0.17141665612577864,-0.13598062555411072,-0.06654151521885875,-0.023805864648364792,0.008758,0.004621,0,0,0,-0.1145,11.6809,0.003627,0,0,Within synthetic screening pattern
LOT-024,LOT024-P065,11.9269,12.1999,12.4777,12.5813,12.088411999999998,5.9318156297127995,-0.027228088342964606,0.018794919963721003,0.06562712402085404,0.08309226563467324,0.011375,0.002649,0,0,0,-0.0463,12.6142,0.004091,0,0,Within synthetic screening pattern
LOT-024,LOT024-P066,11.1932,11.2507,11.4592,11.5851,12.088411999999998,5.9318156297127995,-0.15091703044778254,-0.14122353968721674,-0.10607409927716575,-0.08484956907272696,0.002396,0.002322,0,0,0,-0.0835,11.7574,0.003358,0,0,Within synthetic screening pattern
LOT-024,LOT024-P067,10.6645,12.1163,17.8338,26.494,12.088411999999998,5.9318156297127995,-0.2400465707105835,0.004701427310098785,0.9685715738063451,2.4285292900611406,0.060492,0.099845,0,1,1,0.0438,24.9835,0.085232,1,1,Dynamic lot outlier + projected drift above safety slope
LOT-024,LOT024-P068,11.6906,11.8017,11.9913,12.1822,12.088411999999998,5.9318156297127995,-0.06706412080768921,-0.04833461083379619,-0.016371378691130912,0.015811010633946944,0.004629,0.002642,0,0,0,-0.0782,12.1986,0.003024,0,0,Within synthetic screening pattern
LOT-024,LOT024-P069,11.0577,11.3152,11.5995,11.7392,12.088411999999998,5.9318156297127995,-0.17375995215311532,-0.13034997179058208,-0.08242198182138527,-0.05887101383441104,0.010729,0.002944,0,0,0,-0.1086,11.8075,0.004463,0,0,Within synthetic screening pattern
LOT-024,LOT024-P070,11.4444,11.5711,11.8855,12.0305,12.088411999999998,5.9318156297127995,-0.10856911950771123,-0.08720972334486488,-0.034207401690571786,-0.009762946729145409,0.005279,0.00319,0,0,0,-0.0906,11.9922,0.003261,0,0,Within synthetic screening pattern
LOT-024,LOT024-P071,11.2096,11.3773,11.4583,11.6014,12.088411999999998,5.9318156297127995,-0.14815227830042108,-0.11988100176917131,-0.10622582348037456,-0.08210167517016673,0.006987,0.001556,0,0,0,-0.1104,11.8178,0.00362,0,0,Within synthetic screening pattern
LOT-024,LOT024-P072,10.8599,11.0261,11.224,11.5064,12.088411999999998,5.9318156297127995,-0.20710556036946134,-0.17908715751022633,-0.14572469104907937,-0.0981170077311014,0.006925,0.003335,0,0,0,-0.1159,11.3974,0.003199,0,0,Within synthetic screening pattern
LOT-024,LOT024-P073,11.8015,11.9193,12.0785,12.25,12.088411999999998,5.9318156297127995,-0.04836832732339808,-0.02850931494783938,-0.0016709892246731973,0.027240900609013945,0.004908,0.002297,0,0,0,-0.0764,12.3505,0.003268,0,0,Within synthetic screening pattern
LOT-024,LOT024-P074,11.249,11.3609,11.6901,11.9895,12.088411999999998,5.9318156297127995,-0.14151012984883338,-0.1226457539165325,-0.06714841203169424,-0.016674827097548812,0.004663,0.004365,0,0,0,-0.1027,11.9005,0.003878,0,0,Within synthetic screening pattern
LOT-024,LOT024-P075,10.1767,10.427,10.7381,10.8837,12.088411999999998,5.9318156297127995,-0.32228108884978224,-0.28008490211292003,-0.22763890253705962,-0.20309329810682727,0.010429,0.003172,0,0,0,-0.0958,10.8454,0.00398,0,0,Within synthetic screening pattern
LOT-024,LOT024-P076,10.3261,11.3153,15.6793,23.981,12.088411999999998,5.9318156297127995,-0.2970948711171125,-0.13033311354578114,0.6053606895691499,2.004881598212419,0.041217,0.087956,0,1,1,0.015,22.7765,0.07411,1,1,Dynamic lot outlier + projected drift above safety slope
LOT-024,LOT024-P077,10.9429,11.1511,11.1823,11.3251,12.088411999999998,5.9318156297127995,-0.19311321718464478,-0.15801435150899665,-0.1527545791310897,-0.1286810055552847,0.008675,0.001208,0,0,0,-0.1111,11.414,0.002804,0,0,Within synthetic screening pattern
LOT-024,LOT024-P078,12.0295,12.2469,12.4628,12.5737,12.088411999999998,5.9318156297127995,-0.009931529177155153,0.02671829502018347,0.06311524554550732,0.08181103902979846,0.009058,0.002269,0,0,0,-0.0489,12.8567,0.004924,0,0,Within synthetic screening pattern
LOT-024,LOT024-P079,11.5928,11.6148,11.9406,12.2342,12.088411999999998,5.9318156297127995,-0.08355148422305124,-0.07984267036683478,-0.024918508805229823,0.02457729793045843,0.000917,0.004301,0,0,0,-0.0566,12.1594,0.003373,0,0,Within synthetic screening pattern
LOT-024,LOT024-P080,10.3377,10.5255,10.643,10.7767,12.088411999999998,5.9318156297127995,-0.2951393147201985,-0.2634795309839511,-0.24367109334279494,-0.22113162004387976,0.007825,0.001744,0,0,0,-0.0964,10.8489,0.003043,0,0,Within synthetic screening pattern
LOT-024,LOT024-P081,11.1278,11.2193,11.5956,11.762,12.088411999999998,5.9318156297127995,-0.1619423225476257,-0.14651702855472556,-0.08307945336862389,-0.05502733401978672,0.003812,0.003769,0,0,0,-0.0985,11.7899,0.003941,0,0,Within synthetic screening pattern
LOT-024,LOT024-P082,11.449,12.4432,16.4553,22.9945,12.088411999999998,5.9318156297127995,-0.10779364024686598,0.05981102956451442,0.7361806692247841,1.8385750132507137,0.041425,0.073273,0,1,1,0.0371,21.1469,0.057726,1,1,Dynamic lot outlier + projected drift above safety slope
LOT-024,LOT024-P083,9.9306,10.0614,10.2365,10.4435,12.088411999999998,5.9318156297127995,-0.3637692293050033,-0.34171864510531647,-0.3121998584587941,-0.2773032917207576,0.00545,0.002653,0,0,0,-0.0826,10.5181,0.003497,0,0,Within synthetic screening pattern
LOT-024,LOT024-P084,11.4985,13.1177,17.8021,22.557,12.088411999999998,5.9318156297127995,-0.09944880907037901,0.17351989074714988,0.9632275102044331,1.7648201922464097,0.067467,0.065551,0,1,1,0.0796,22.8404,0.067511,1,1,Dynamic lot outlier + projected drift above safety slope
LOT-024,LOT024-P085,12.1779,12.3854,12.6061,12.75,12.088411999999998,5.9318156297127995,0.015086106107504535,0.05006696406954606,0.08727311034531705,0.11153212461393273,0.008646,0.002532,0,0,0,-0.0322,13.3034,0.006699,0,0,Within synthetic screening pattern
LOT-024,LOT024-P086,11.2217,11.2602,11.497,11.6063,12.088411999999998,5.9318156297127995,-0.146112430679502,-0.1396220064311234,-0.09970168274239377,-0.08127562117491864,0.001604,0.002403,0,0,0,-0.0755,11.68,0.002728,0,0,Within synthetic screening pattern
LOT-024,LOT024-P087,10.8335,11.0179,11.251,11.4179,12.088411999999998,5.9318156297127995,-0.21155613699692086,-0.18046953358390708,-0.1411729649528139,-0.113036554379972,0.007683,0.002778,0,0,0,-0.1179,11.3998,0.003371,0,0,Within synthetic screening pattern
LOT-024,LOT024-P088,10.2766,11.9593,16.7112,25.3184,12.088411999999998,5.9318156297127995,-0.3054397022935995,-0.02176601702744572,0.7793209176705016,2.2303437641807755,0.070113,0.092772,0,1,1,0.0427,24.9429,0.087299,1,1,Dynamic lot outlier + projected drift above safety slope
LOT-024,LOT024-P089,10.9561,11.1302,11.437,11.6908,12.088411999999998,5.9318156297127995,-0.19088792887091502,-0.16153772467240213,-0.10981662962298411,-0.06703040431808732,0.007254,0.003893,0,0,0,-0.117,11.6464,0.004109,0,0,Within synthetic screening pattern
LOT-024,LOT024-P090,11.7019,13.4287,18.7134,24.7765,12.088411999999998,5.9318156297127995,-0.065159139145178,0.22594903207820938,1.116856695075798,2.138988935604244,0.07195,0.078804,0,1,1,0.0962,23.8331,0.07221,1,1,Dynamic lot outlier + projected drift above safety slope
LOT-024,LOT024-P091,11.1312,11.4336,11.5679,11.7875,12.088411999999998,5.9318156297127995,-0.1613691422243924,-0.11038980994621742,-0.0877491871784963,-0.050728481595535994,0.0126,0.002458,0,0,0,-0.0942,12.0206,0.005294,0,0,Within synthetic screening pattern
LOT-024,LOT024-P092,10.0184,11.275,16.6641,24.2704,12.088411999999998,5.9318156297127995,-0.3489676903697396,-0.13712698620057764,0.7713806843692382,2.053669358666465,0.052358,0.090246,0,1,1,0.0302,23.8988,0.082621,1,1,Dynamic lot outlier + projected drift above safety slope
LOT-024,LOT024-P093,11.6983,11.8931,12.1535,12.4226,12.088411999999998,5.9318156297127995,-0.0657660359580135,-0.032926175085697014,0.010972694376064502,0.05633823113551178,0.008117,0.003677,0,0,0,-0.0886,12.4177,0.004282,0,0,Within synthetic screening pattern
LOT-024,LOT024-P094,10.9925,11.132,11.4356,11.6442,12.088411999999998,5.9318156297127995,-0.18475152776335685,-0.16123427626598452,-0.11005264505019763,-0.07488634639534572,0.005812,0.003557,0,0,0,-0.1151,11.6165,0.003714,0,0,Within synthetic screening pattern
LOT-024,LOT024-P095,11.5827,11.7698,12.0006,12.2384,12.088411999999998,5.9318156297127995,-0.08525416694795053,-0.053712390925310056,-0.014803561924639483,0.025285344212099894,0.007796,0.003254,0,0,0,-0.0943,12.219,0.003787,0,0,Within synthetic screening pattern
LOT-024,LOT024-P096,10.1677,10.3923,10.6177,10.8581,12.088411999999998,5.9318156297127995,-0.3237983308818709,-0.28593471305886126,-0.24793622927744408,-0.20740900877587892,0.009358,0.003235,0,0,0,-0.1004,10.8101,0.003824,0,0,Within synthetic screening pattern
LOT-024,LOT024-P097,10.1262,10.3074,10.6812,10.9717,12.088411999999998,5.9318156297127995,-0.330794502474279,-0.3002473628948966,-0.23723124382881916,-0.1882580426819614,0.00755,0.004613,0,0,0,-0.1002,10.833,0.004207,0,0,Within synthetic screening pattern
LOT-024,LOT024-P098,10.6245,10.8444,11.0489,11.1888,12.088411999999998,5.9318156297127995,-0.24678986863097715,-0.2097185883136137,-0.17524347769560203,-0.15165879321902562,0.009163,0.002392,0,0,0,-0.1176,11.2094,0.003482,0,0,Within synthetic screening pattern
LOT-024,LOT024-P099,11.9145,12.176,12.4339,12.7425,12.088411999999998,5.9318156297127995,-0.02931851069828651,0.014765799456285991,0.05824321279802299,0.1102677562538589,0.010896,0.003934,0,0,0,-0.0506,12.6928,0.004633,0,0,Within synthetic screening pattern
LOT-024,LOT024-P100,11.685,11.8815,12.1485,12.4585,12.088411999999998,5.9318156297127995,-0.06800818251654421,-0.03488173148261106,0.01012978213601548,0.06239034101906522,0.008188,0.004007,0,0,0,-0.0882,12.4138,0.004338,0,0,Within synthetic screening pattern
LOT-025,LOT025-P001,9.0785,10.4846,15.4508,23.0981,10.394502,3.3892714709855216,-0.38828462437012645,0.026583294012091252,1.4918539406729039,3.748179545000002,0.058588,0.087594,0,1,1,0.0464,22.7903,0.081618,1,1,Dynamic lot outlier + projected drift above safety slope
LOT-025,LOT025-P002,9.8897,10.0535,10.0966,10.3964,10.394502,3.3892714709855216,-0.148941152787981,-0.1006121825646631,-0.08789558539357008,0.0005600023533814855,0.006825,0.002381,0,0,0,-0.157,10.4693,0.00345,0,0,Within synthetic screening pattern
LOT-025,LOT025-P003,10.1505,10.2155,10.609,10.7725,10.394502,3.3892714709855216,-0.07199246271324791,-0.05281429992621663,0.06328734709988566,0.11152780272572517,0.002708,0.003868,0,0,0,-0.135,10.7831,0.003765,0,0,Within synthetic screening pattern
LOT-025,LOT025-P004,9.9527,10.124,10.5009,10.6852,10.394502,3.3892714709855216,-0.13035308731747397,-0.07981125215719087,0.03139258714176187,0.08577005485945112,0.007138,0.003897,0,0,0,-0.1628,10.5999,0.003852,0,0,Within synthetic screening pattern
LOT-025,LOT025-P005,9.8642,10.0454,10.2094,10.4051,10.394502,3.3892714709855216,-0.15646489357366214,-0.1030020766965851,-0.054614096741614916,0.0031269256802607883,0.00755,0.002498,0,0,0,-0.161,10.4598,0.003545,0,0,Within synthetic screening pattern
LOT-025,LOT025-P006,9.9614,10.0823,10.3081,10.5186,10.394502,3.3892714709855216,-0.12778616399059467,-0.092114781206717,-0.025492794171154413,0.0366149483929994,0.005038,0.00303,0,0,0,-0.1605,10.4865,0.003126,0,0,Within synthetic screening pattern
LOT-025,LOT025-P007,10.6189,10.7597,10.9819,11.0046,10.394502,3.3892714709855216,0.0662083288166796,0.10775117989997128,0.17331099176579048,0.1800085963083383,0.005867,0.001701,0,0,0,-0.1368,11.0967,0.002844,0,0,Within synthetic screening pattern
LOT-025,LOT025-P008,10.1049,10.2919,10.5291,10.6302,10.394502,3.3892714709855216,-0.08544668152999531,-0.0302725824349989,0.03971295930475066,0.06954237865504044,0.007792,0.002349,0,0,0,-0.165,10.7286,0.003712,0,0,Within synthetic screening pattern
LOT-025,LOT025-P009,10.1726,11.4396,15.4925,23.8085,10.394502,3.3892714709855216,-0.0654718873656574,0.30835476265231443,1.50415746972243,3.9577821118293364,0.052792,0.085895,0,1,0,-0.0016,22.742,0.074818,1,1,Projected 168h drift above safety slope
LOT-025,LOT025-P010,9.8435,10.0421,10.2307,10.3701,10.394502,3.3892714709855216,-0.16257240079968574,-0.1039757372688501,-0.04832956032063399,-0.007199777358909212,0.008275,0.002278,0,0,0,-0.1604,10.4189,0.003425,0,0,Within synthetic screening pattern
LOT-025,LOT025-P011,10.1585,10.3789,10.5014,10.6507,10.394502,3.3892714709855216,-0.06963207344715153,-0.004603349166203777,0.03154011147089306,0.07559087614941179,0.009183,0.001888,0,0,0,-0.1619,10.7647,0.003608,0,0,Within synthetic screening pattern
LOT-025,LOT025-P012,9.7129,9.8509,10.1186,10.2031,10.394502,3.3892714709855216,-0.20110575556870508,-0.1603890407285472,-0.0814045149118057,-0.056472903288665985,0.00575,0.002446,0,0,0,-0.1497,10.2593,0.003252,0,0,Within synthetic screening pattern
LOT-025,LOT025-P013,9.7814,9.9539,10.2964,10.4645,10.394502,3.3892714709855216,-0.18089492247775707,-0.12999902892755932,-0.02894486347281979,0.020652815981024444,0.007188,0.003546,0,0,0,-0.1554,10.4579,0.004027,0,0,Within synthetic screening pattern
LOT-025,LOT025-P014,9.0935,10.8749,15.3892,23.934,10.394502,3.3892714709855216,-0.3838588944961961,0.1417407853317552,1.4736789433239643,3.99481071844122,0.074225,0.090688,0,1,1,0.0479,23.3773,0.085023,1,1,Dynamic lot outlier + projected drift above safety slope
LOT-025,LOT025-P015,9.3635,9.5743,9.8626,10.0909,10.394502,3.3892714709855216,-0.30419575676545246,-0.24199949960382028,-0.1569369714268813,-0.08957736274566383,0.008783,0.003588,0,0,0,-0.1316,10.0669,0.004187,0,0,Within synthetic screening pattern
LOT-025,LOT025-P016,9.6658,9.8908,10.268,10.4543,10.394502,3.3892714709855216,-0.21500254737284552,-0.1486165992638925,-0.037324245367460845,0.017643319666752103,0.009375,0.003913,0,0,0,-0.151,10.3651,0.004162,0,0,Within synthetic screening pattern
LOT-025,LOT025-P017,9.6071,9.8567,10.0092,10.256,10.394502,3.3892714709855216,-0.2323219036128257,-0.15867775851062732,-0.11368283812567026,-0.040864829266605146,0.0104,0.002773,0,0,0,-0.1458,10.2671,0.003929,0,0,Within synthetic screening pattern
LOT-025,LOT025-P018,9.1919,9.404,9.5191,9.7896,10.394502,3.3892714709855216,-0.354826106523214,-0.292246286105841,-0.2582861855398832,-0.17847552348000842,0.008837,0.002678,0,0,0,-0.1039,9.7916,0.00357,0,0,Within synthetic screening pattern
LOT-025,LOT025-P019,10.3836,10.6227,10.8694,11.1025,10.394502,3.3892714709855216,-0.0032166204723723993,0.06732951371807526,0.14011801771131424,0.20889385995218923,0.009963,0.003332,0,0,0,-0.1505,11.1145,0.004351,0,0,Within synthetic screening pattern
LOT-025,LOT025-P020,10.1772,10.3669,10.7152,10.8557,10.394502,3.3892714709855216,-0.06411466353765216,-0.008143933065348077,0.09462151460731134,0.13607585109312464,0.007904,0.003394,0,0,0,-0.1577,10.8108,0.003771,0,0,Within synthetic screening pattern
LOT-025,LOT025-P021,9.6516,9.9165,10.1009,10.3955,10.394502,3.3892714709855216,-0.2191922383201663,-0.14103384874655914,-0.08662687616304375,0.0002944585609457679,0.011037,0.003326,0,0,0,-0.1445,10.3404,0.0041,0,0,Within synthetic screening pattern
LOT-025,LOT025-P022,10.3775,10.6,10.9047,11.2437,10.394502,3.3892714709855216,-0.005016417287770682,0.06063190917552743,0.15053323534796317,0.25055473049878596,0.009271,0.00447,0,0,0,-0.1523,11.1371,0.004521,0,0,Within synthetic screening pattern
LOT-025,LOT025-P023,9.7513,9.9065,10.2235,10.3665,10.394502,3.3892714709855216,-0.1897758870914434,-0.1439843353291792,-0.05045391066012078,-0.008261952528652607,0.006467,0.003194,0,0,0,-0.1537,10.3601,0.003624,0,0,Within synthetic screening pattern
LOT-025,LOT025-P024,10.4943,10.5539,10.8628,10.9448,10.394502,3.3892714709855216,0.029445265997232926,0.04703016602964885,0.13817069656678477,0.1623646865442701,0.002483,0.002715,0,0,0,-0.1262,10.9772,0.002874,0,0,Within synthetic screening pattern
LOT-025,LOT025-P025,9.0316,9.1577,9.3228,9.1442,10.394502,3.3892714709855216,-0.40212240644261515,-0.36491677063577493,-0.31620423715671625,-0.36889992752231227,0.005254,-9.4e-05,0,0,0,-0.0645,9.3057,0.001632,0,0,Within synthetic screening pattern
LOT-025,LOT025-P026,10.3248,10.4937,10.7477,11.0184,10.394502,3.3892714709855216,-0.020565481578178734,0.029268236802275607,0.10421059600082698,0.18408026779235404,0.007038,0.003644,0,0,0,-0.1587,10.9787,0.003892,0,0,Within synthetic screening pattern
LOT-025,LOT025-P027,10.5212,10.6494,10.8081,10.8662,10.394502,3.3892714709855216,0.03738207490448094,0.07520731289367101,0.12203153495985249,0.13917386200487536,0.005342,0.001506,0,0,0,-0.146,10.9719,0.002683,0,0,Within synthetic screening pattern
LOT-025,LOT025-P028,10.7832,10.9046,11.0911,11.3634,10.394502,3.3892714709855216,0.11468482336912869,0.15050373048213703,0.20553030524800275,0.285872054892749,0.005058,0.003186,0,0,0,-0.118,11.341,0.00332,0,0,Within synthetic screening pattern
LOT-025,LOT025-P029,10.1391,10.3803,10.6074,10.8154,10.394502,3.3892714709855216,-0.07535601741743489,-0.004190281044636872,0.06281526924666649,0.12418539016516542,0.01005,0.003022,0,0,0,-0.1596,10.7907,0.003879,0,0,Within synthetic screening pattern
LOT-025,LOT025-P030,9.8215,10.091,10.1877,10.2661,10.394502,3.3892714709855216,-0.1690634712814501,-0.0895478578798377,-0.06101665262590089,-0.037884837818158934,0.011229,0.001216,0,0,0,-0.1507,10.5148,0.004127,0,0,Within synthetic screening pattern
LOT-025,LOT025-P031,9.9894,10.1178,10.3976,10.6112,10.394502,3.3892714709855216,-0.11952480155925814,-0.08164055383841529,0.0009140607432961251,0.06393645414806215,0.00535,0.003426,0,0,0,-0.1602,10.5616,0.003406,0,0,Within synthetic screening pattern
LOT-025,LOT025-P032,9.9824,10.1142,10.333,10.4507,10.394502,3.3892714709855216,-0.12159014216709214,-0.08270272900815868,-0.018146082580430094,0.016581144497008708,0.005492,0.002337,0,0,0,-0.1613,10.4993,0.003077,0,0,Within synthetic screening pattern
LOT-025,LOT025-P033,9.5965,9.745,9.9811,10.1102,10.394502,3.3892714709855216,-0.23544941939040312,-0.1916346936384945,-0.12197370542283291,-0.0838829236412066,0.006187,0.002536,0,0,0,-0.1473,10.1542,0.00332,0,0,Within synthetic screening pattern
LOT-025,LOT025-P034,11.1339,11.2581,11.497,11.7559,10.394502,3.3892714709855216,0.21815838782161687,0.254803431177759,0.3252905556365539,0.40167865326058944,0.005175,0.003457,0,0,0,-0.0688,11.7706,0.00379,0,0,Within synthetic screening pattern
LOT-025,LOT025-P035,9.6621,9.8793,10.1157,10.354,10.394502,3.3892714709855216,-0.21609422740841505,-0.15200965883390563,-0.08226015602076564,-0.011950060756928095,0.00905,0.003297,0,0,0,-0.1536,10.3577,0.00414,0,0,Within synthetic screening pattern
LOT-025,LOT025-P036,11.1991,11.4748,11.8143,12.1029,10.394502,3.3892714709855216,0.2373955603402999,0.31874047542313727,0.4189094949030907,0.504060537677508,0.011488,0.004362,0,0,0,-0.0273,12.0494,0.005061,0,0,Within synthetic screening pattern
LOT-025,LOT025-P037,10.4163,10.6464,11.0125,11.0542,10.394502,3.3892714709855216,0.006431470652795503,0.07432216691888494,0.18233948070860803,0.19464300975813414,0.009588,0.002832,0,0,0,-0.1475,11.0771,0.003933,0,0,Within synthetic screening pattern
LOT-025,LOT025-P038,9.7922,10.0641,10.3387,10.5108,10.394502,3.3892714709855216,-0.17770839696852742,-0.09748466678708571,-0.016464305228336865,0.03431356885855582,0.011329,0.003102,0,0,0,-0.1528,10.5557,0.004545,0,0,Within synthetic screening pattern
LOT-025,LOT025-P039,9.4211,9.5707,9.8259,9.9348,10.394502,3.3892714709855216,-0.2872009540495608,-0.24306167477356314,-0.16776525718509713,-0.13563445830036427,0.006233,0.002528,0,0,0,-0.1353,9.9825,0.003342,0,0,Within synthetic screening pattern
LOT-025,LOT025-P040,10.5042,10.7072,10.9871,11.1835,10.394502,3.3892714709855216,0.03236624771402687,0.0922611253412155,0.17484524478875305,0.23279280127141272,0.008458,0.003308,0,0,0,-0.1468,11.1237,0.003687,0,0,Within synthetic screening pattern
LOT-025,LOT025-P041,9.546,9.6865,10.0016,10.0967,10.394502,3.3892714709855216,-0.2503493766326352,-0.20889504014682192,-0.11592520792846157,-0.08786608052774394,0.005854,0.002849,0,0,0,-0.1442,10.1173,0.003401,0,0,Within synthetic screening pattern
LOT-025,LOT025-P042,10.2118,10.3434,10.6041,10.7544,10.394502,3.3892714709855216,-0.05390597996178616,-0.015077576534504965,0.06184160867440201,0.10618742201118259,0.005483,0.002854,0,0,0,-0.1575,10.8093,0.003557,0,0,Within synthetic screening pattern
LOT-025,LOT025-P043,10.366,10.6388,10.812,11.1641,10.394502,3.3892714709855216,-0.008409476857783794,0.07207979711609362,0.12318222472707428,0.22706885730112936,0.011367,0.003648,0,0,0,-0.1451,11.1386,0.004599,0,0,Within synthetic screening pattern
LOT-025,LOT025-P044,10.1302,10.28,10.5361,10.9076,10.394502,3.3892714709855216,-0.07798195047596646,-0.03378366146831707,0.041778299912584665,0.1513888764569231,0.006242,0.004358,0,0,0,-0.1639,10.8154,0.004079,0,0,Within synthetic screening pattern
LOT-025,LOT025-P045,10.6382,10.8031,11.2244,11.3568,10.394502,3.3892714709855216,0.0719027679211363,0.12055629166854272,0.24486029139432874,0.2839247337482195,0.006871,0.003845,0,0,0,-0.1322,11.3567,0.004277,0,0,Within synthetic screening pattern
LOT-025,LOT025-P046,10.9772,11.1435,11.3731,11.5944,10.394502,3.3892714709855216,0.1719242630719591,0.2209908549409319,0.2887340268778907,0.35402829495127414,0.006929,0.003131,0,0,0,-0.0992,11.5317,0.003301,0,0,Within synthetic screening pattern
LOT-025,LOT025-P047,10.6323,10.8805,10.9852,11.2837,10.394502,3.3892714709855216,0.07016198083739081,0.1433930578180223,0.17428465233805548,0.2623566768292663,0.010342,0.0028,0,0,0,-0.1304,11.2666,0.003776,0,0,Within synthetic screening pattern
LOT-025,LOT025-P048,10.0011,10.1808,10.4848,10.6437,10.394502,3.3892714709855216,-0.11607273225759276,-0.06305248836790876,0.026642303743743517,0.07352553554157779,0.007488,0.003215,0,0,0,-0.1646,10.6704,0.003984,0,0,Within synthetic screening pattern
LOT-025,LOT025-P049,43.5174,60.5033,80.9645,105.8046,10.394502,3.3892714709855216,9.772866612649542,14.784533617022284,20.821583223452997,28.150621399547244,0.707746,0.314592,1,1,1,0.2814,107.9931,0.383784,1,1,Exceeds static 50 µA datasheet limit
LOT-025,LOT025-P050,10.3429,10.4711,10.694,10.7605,10.394502,3.3892714709855216,-0.015225100863636152,0.022600137125553914,0.08836648305215708,0.10798721882658087,0.005342,0.00201,0,0,0,-0.1547,10.8631,0.003096,0,0,Within synthetic screening pattern
LOT-025,LOT025-P051,9.0587,9.2027,9.2894,9.4354,10.394502,3.3892714709855216,-0.39412658780371435,-0.35163958101398435,-0.3260588623426676,-0.28298175823641386,0.006,0.001616,0,0,0,-0.0694,9.4955,0.0026,0,0,Within synthetic screening pattern
LOT-025,LOT025-P052,10.6396,10.8902,11.2665,11.5022,10.394502,3.3892714709855216,0.0723158360427032,0.14625502980316396,0.2572818399071599,0.32682480865951646,0.010442,0.00425,0,0,0,-0.1243,11.313,0.004008,0,0,Within synthetic screening pattern
LOT-025,LOT025-P053,10.5475,10.728,10.9901,11.3672,10.394502,3.3892714709855216,0.04514185461677164,0.09839813743306523,0.1757303907635391,0.28699323979414465,0.007521,0.004439,0,0,0,-0.1436,11.3135,0.00456,0,0,Within synthetic screening pattern
LOT-025,LOT025-P054,10.4862,10.6629,10.9444,11.2088,10.394502,3.3892714709855216,0.027055371865310422,0.07919046978020834,0.16224666708096505,0.24025753232544156,0.007363,0.003791,0,0,0,-0.1481,11.1564,0.003989,0,0,Within synthetic screening pattern
LOT-025,LOT025-P055,11.0587,12.5841,18.3212,25.8629,10.394502,3.3892714709855216,0.19597072872031326,0.6460379520331889,2.3387616093481887,4.563930075362818,0.063558,0.092214,0,1,1,0.1307,24.5249,0.080156,1,1,Dynamic lot outlier + projected drift above safety slope
LOT-025,LOT025-P056,10.2705,10.4174,10.6509,10.9713,10.394502,3.3892714709855216,-0.03658662372180596,0.00675602417688401,0.07564988588106406,0.17018347598821307,0.006121,0.003847,0,0,0,-0.1576,10.8882,0.003677,0,0,Within synthetic screening pattern
LOT-025,LOT025-P057,10.1931,12.0269,17.0751,23.1288,10.394502,3.3892714709855216,-0.059423389871286064,0.48163683964959486,1.971101476287893,3.7572375388086456,0.076408,0.077097,0,1,1,0.0716,23.3849,0.078523,1,1,Dynamic lot outlier + projected drift above safety slope
LOT-025,LOT025-P058,9.5706,9.885,10.1429,10.4697,10.394502,3.3892714709855216,-0.24309117963938928,-0.1503278814818124,-0.07423483251603923,0.02218706900398701,0.0131,0.00406,0,0,0,-0.1277,10.8425,0.007571,0,0,Within synthetic screening pattern
LOT-025,LOT025-P059,10.2811,10.4039,10.6266,10.7882,10.394502,3.3892714709855216,-0.033459107944228565,0.002772867290346673,0.06848020348529706,0.11616006666043847,0.005117,0.002669,0,0,0,-0.1566,10.8492,0.003382,0,0,Within synthetic screening pattern
LOT-025,LOT025-P060,10.9017,10.9758,11.1894,11.4727,10.394502,3.3892714709855216,0.14964808937317708,0.1715111949503922,0.23453358835515822,0.31812087324078686,0.003087,0.003451,0,0,0,-0.096,11.4571,0.003306,0,0,Within synthetic screening pattern
LOT-025,LOT025-P061,9.5355,9.6804,9.8577,10.0547,10.394502,3.3892714709855216,-0.25344738754438595,-0.2106948369622202,-0.15838270985236547,-0.10025812417474847,0.006037,0.002599,0,0,0,-0.1413,10.1246,0.003507,0,0,Within synthetic screening pattern
LOT-025,LOT025-P062,9.2428,9.3788,9.4506,9.7603,10.394502,3.3892714709855216,-0.3398081298176774,-0.2996815122940437,-0.2784970186308312,-0.1871204491670852,0.005667,0.002649,0,0,0,-0.0977,9.808,0.003364,0,0,Within synthetic screening pattern
LOT-025,LOT025-P063,10.2784,10.4076,10.6405,10.8904,10.394502,3.3892714709855216,-0.03425573932153624,0.0038645473259162,0.07258137983513892,0.14631403953481623,0.005383,0.003353,0,0,0,-0.1569,10.8638,0.003485,0,0,Within synthetic screening pattern
LOT-025,LOT025-P064,9.8999,10.2146,10.3708,10.6225,10.394502,3.3892714709855216,-0.14593165647370815,-0.05307984371865235,-0.006993243298126284,0.067270503986423,0.013113,0.002833,0,0,0,-0.1412,10.6555,0.004498,0,0,Within synthetic screening pattern
LOT-025,LOT025-P065,9.5432,9.7743,10.0944,10.2508,10.394502,3.3892714709855216,-0.2511755128757685,-0.1829897679514172,-0.08854469244174656,-0.04239908228956771,0.009629,0.003309,0,0,0,-0.1461,10.2317,0.004098,0,0,Within synthetic screening pattern
LOT-025,LOT025-P066,10.481,10.7068,10.8768,11.1235,10.394502,3.3892714709855216,0.025521118842347857,0.09214310587791044,0.14230137778245278,0.21508988177569174,0.009408,0.002894,0,0,0,-0.1458,11.143,0.00394,0,0,Within synthetic screening pattern
LOT-025,LOT025-P067,9.3366,9.6004,10.0076,10.0412,10.394502,3.3892714709855216,-0.3121325656727005,-0.23429872962318132,-0.11415491597888942,-0.1042412810612858,0.010992,0.003061,0,0,0,-0.1221,10.0521,0.004259,0,0,Within synthetic screening pattern
LOT-025,LOT025-P068,9.9476,10.0343,10.3281,10.4661,10.394502,3.3892714709855216,-0.1318578354746104,-0.10627711680329367,-0.01959182100591426,0.021124893834244138,0.003613,0.002999,0,0,0,-0.1496,10.4649,0.003079,0,0,Within synthetic screening pattern
LOT-025,LOT025-P069,10.7749,11.7925,15.7542,21.743,10.394502,3.3892714709855216,0.11223591950555392,0.4124774341529791,1.5813717035895993,3.348359108189147,0.0424,0.069101,0,1,1,0.0522,20.377,0.057155,1,1,Dynamic lot outlier + projected drift above safety slope
LOT-025,LOT025-P070,10.1697,10.2478,10.4834,10.6633,10.394502,3.3892714709855216,-0.06632752847461681,-0.04328422826435378,0.026229235622176612,0.07930848924351287,0.003254,0.002885,0,0,0,-0.1479,10.7472,0.003437,0,0,Within synthetic screening pattern
LOT-025,LOT025-P071,11.2839,11.3735,11.3852,11.5907,10.394502,3.3892714709855216,0.2624156865609185,0.2888520463411952,0.2923041156428606,0.3529366149157046,0.003733,0.001508,0,0,0,-0.0409,11.706,0.002513,0,0,Within synthetic screening pattern
LOT-025,LOT025-P072,10.2857,10.4051,10.63,10.8739,10.394502,3.3892714709855216,-0.03210188411622332,0.0031269256802607883,0.06948336892338818,0.14144573667349336,0.004975,0.003256,0,0,0,-0.1543,10.8515,0.003368,0,0,Within synthetic screening pattern
LOT-025,LOT025-P073,10.708,10.9498,11.3116,11.548,10.394502,3.3892714709855216,0.09249716426782509,0.1638399298355799,0.27058853439477665,0.3403380372079166,0.010075,0.004154,0,0,0,-0.1197,11.4522,0.00443,0,0,Within synthetic screening pattern
LOT-025,LOT025-P074,9.6147,9.7337,10.0078,10.201,10.394502,3.3892714709855216,-0.23007953381003493,-0.19496874347685483,-0.11409590624723716,-0.05709250547101582,0.004958,0.003245,0,0,0,-0.1428,10.1842,0.00339,0,0,Within synthetic screening pattern
LOT-025,LOT025-P075,9.4761,9.6374,9.9166,10.0968,10.394502,3.3892714709855216,-0.2709732778451496,-0.2233819292674871,-0.14100434388073246,-0.08783657566191781,0.006721,0.00319,0,0,0,-0.141,10.094,0.003678,0,0,Within synthetic screening pattern
LOT-025,LOT025-P076,9.428,9.6932,9.8982,10.0271,10.394502,3.3892714709855216,-0.2851651183075524,-0.20691821413646683,-0.14643323919275397,-0.10840146714277994,0.01105,0.002319,0,0,0,-0.1305,10.0811,0.003887,0,0,Within synthetic screening pattern
LOT-025,LOT025-P077,10.713,10.8299,11.1659,11.3514,10.394502,3.3892714709855216,0.09397240755913486,0.1284635957099646,0.22759994488600133,0.28233147099360467,0.004871,0.003622,0,0,0,-0.1247,11.3488,0.003785,0,0,Within synthetic screening pattern
LOT-025,LOT025-P078,10.2241,10.4612,10.8214,10.9658,10.394502,3.3892714709855216,-0.050276881465163466,0.01967915540875997,0.12595568211473757,0.16856070836777212,0.009879,0.003504,0,0,0,-0.1545,10.9163,0.00412,0,0,Within synthetic screening pattern
LOT-025,LOT025-P079,10.7722,10.9952,11.3007,11.59,10.394502,3.3892714709855216,0.11143928812824624,0.17723513892067555,0.26737250401972085,0.35273008085492114,0.009292,0.004131,0,0,0,-0.1144,11.4924,0.004287,0,0,Within synthetic screening pattern
LOT-025,LOT025-P080,10.4559,10.6684,10.9051,11.1189,10.394502,3.3892714709855216,0.018115397519971273,0.08081323740064932,0.15065125481126768,0.2137326579476865,0.008854,0.003128,0,0,0,-0.1499,11.1262,0.00399,0,0,Within synthetic screening pattern
LOT-025,LOT025-P081,9.9358,10.1193,10.5292,10.6294,10.394502,3.3892714709855216,-0.13533940964210192,-0.08119798085102224,0.039742464170576794,0.06930633972843087,0.007646,0.003542,0,0,0,-0.1608,10.5863,0.003872,0,0,Within synthetic screening pattern
LOT-025,LOT025-P082,10.3271,11.9163,16.8241,24.8901,10.394502,3.3892714709855216,-0.01988686966417611,0.44900445804581623,1.897044263064128,4.276906740605531,0.066217,0.090096,0,1,1,0.0484,25.0935,0.087895,1,1,Dynamic lot outlier + projected drift above safety slope
LOT-025,LOT025-P083,9.9756,10.2513,10.5007,10.7098,10.394502,3.3892714709855216,-0.12359647304327388,-0.042251557960436524,0.03133357741010961,0.09302825185269652,0.011488,0.003184,0,0,0,-0.1555,10.6853,0.004224,0,0,Within synthetic screening pattern
LOT-025,LOT025-P084,10.0472,10.1872,10.5037,10.6719,10.394502,3.3892714709855216,-0.10247098911171365,-0.061164176955031554,0.03221872338489568,0.08184590770456657,0.005833,0.003366,0,0,0,-0.1616,10.6903,0.003828,0,0,Within synthetic screening pattern
LOT-025,LOT025-P085,11.1481,11.4491,11.7041,11.9904,10.394502,3.3892714709855216,0.22234807876893714,0.31115772490580335,0.3863951327626171,0.47086756362303134,0.012542,0.003759,0,0,0,-0.0387,12.3513,0.007162,0,0,Within synthetic screening pattern
LOT-025,LOT025-P086,9.0375,9.0838,9.3502,9.5385,10.394502,3.3892714709855216,-0.4003816193588691,-0.38672086648133774,-0.30811990392033756,-0.2525622415695999,0.001929,0.003158,0,0,0,-0.0312,9.5201,0.002873,0,0,Within synthetic screening pattern
LOT-025,LOT025-P087,9.3671,9.464,9.792,9.8975,10.394502,3.3892714709855216,-0.3031335815957091,-0.27454336661012,-0.17776740670017968,-0.14663977325353691,0.004037,0.00301,0,0,0,-0.1143,9.9223,0.003305,0,0,Within synthetic screening pattern
LOT-025,LOT025-P088,10.2888,10.4684,10.833,11.0457,10.394502,3.3892714709855216,-0.03118723327561111,0.02180350574824676,0.1293782465505768,0.1921350961629071,0.007483,0.004009,0,0,0,-0.1574,10.9753,0.004086,0,0,Within synthetic screening pattern
LOT-025,LOT025-P089,9.4849,9.6567,10.1539,10.3752,10.394502,3.3892714709855216,-0.2683768496524442,-0.21768749016302988,-0.07098929727515678,-0.0056950292017733046,0.007158,0.00499,0,0,0,-0.1392,10.2694,0.00467,0,0,Within synthetic screening pattern
LOT-025,LOT025-P090,9.9917,10.1664,10.3871,10.644,10.394502,3.3892714709855216,-0.11884618964525552,-0.06730118904688182,-0.002183950168455137,0.07361405013905618,0.007279,0.003317,0,0,0,-0.1648,10.6053,0.003652,0,0,Within synthetic screening pattern
LOT-025,LOT025-P091,10.1429,10.2764,10.5838,10.8286,10.394502,3.3892714709855216,-0.07423483251603923,-0.03484583663805994,0.05585212091168294,0.12808003245422384,0.005563,0.003835,0,0,0,-0.1585,10.79,0.003852,0,0,Within synthetic screening pattern
LOT-025,LOT025-P092,10.3239,10.4255,10.5802,10.7469,10.394502,3.3892714709855216,-0.020831025370614452,0.009145918308805994,0.054789945741939544,0.1039745570742174,0.004233,0.002232,0,0,0,-0.1485,10.7788,0.002708,0,0,Within synthetic screening pattern
LOT-025,LOT025-P093,10.6361,10.7293,10.9626,11.0058,10.394502,3.3892714709855216,0.07128316573878646,0.098781700688806,0.16761655266133377,0.18036265469825294,0.003883,0.00192,0,0,0,-0.1277,11.0887,0.002694,0,0,Within synthetic screening pattern
LOT-025,LOT025-P094,9.9802,10.269,10.508,10.6834,10.394502,3.3892714709855216,-0.12223924921526863,-0.037029196709199,0.03348743261542201,0.08523896727457969,0.012033,0.002878,0,0,0,-0.1522,10.615,0.003779,0,0,Within synthetic screening pattern
LOT-025,LOT025-P095,8.6859,8.8332,9.0285,9.1508,10.394502,3.3892714709855216,-0.504120727603793,-0.4606600602417985,-0.40303705728322736,-0.36695260637778276,0.006137,0.002206,0,0,1,0.0112,9.2211,0.003186,0,1,Dynamic lot-relative outlier
LOT-025,LOT025-P096,9.6523,9.7239,10.2583,10.3984,10.394502,3.3892714709855216,-0.21898570425938285,-0.19786022032782263,-0.04018621735260252,0.0011500996699057102,0.002983,0.004684,0,0,0,-0.1247,10.3027,0.003871,0,0,Within synthetic screening pattern
LOT-025,LOT025-P097,9.7076,9.8635,10.0057,10.1879,10.394502,3.3892714709855216,-0.2026695134574938,-0.15667142763444558,-0.11471550842958751,-0.060957642894248106,0.006496,0.002253,0,0,0,-0.1517,10.2671,0.00333,0,0,Within synthetic screening pattern
LOT-025,LOT025-P098,9.4853,9.5963,9.8032,9.9418,10.394502,3.3892714709855216,-0.2682588301891391,-0.2355084291220559,-0.17446286172764497,-0.13356911769252977,0.004625,0.002399,0,0,0,-0.1313,9.9628,0.002842,0,0,Within synthetic screening pattern
LOT-025,LOT025-P099,9.8951,10.1156,10.2938,10.5634,10.394502,3.3892714709855216,-0.14734789003336618,-0.08228966088659177,-0.029711989984301336,0.04983312828313773,0.009188,0.00311,0,0,0,-0.1626,10.5335,0.0038,0,0,Within synthetic screening pattern
LOT-025,LOT025-P100,10.4295,10.6408,10.8197,10.9565,10.394502,3.3892714709855216,0.010326112941854442,0.07266989443261784,0.12545409939569174,0.1658167558459355,0.008804,0.002192,0,0,0,-0.1514,11.1187,0.004102,0,0,Within synthetic screening pattern
LOT-026,LOT026-P001,8.6114,8.7922,9.0872,9.3511,9.964349494949495,4.104183613179181,-0.32965130765713335,-0.2855986976765705,-0.21372082187863875,-0.1494205797665225,0.007533,0.003881,0,0,0,-0.0829,9.2977,0.004085,0,0,Within synthetic screening pattern
LOT-026,LOT026-P002,10.0465,10.1937,10.5987,10.7859,9.964349494949495,4.104183613179181,0.020016284063584945,0.05588212581767152,0.15456192140466243,0.20017391580931623,0.006133,0.004113,0,0,0,-0.1461,10.7168,0.00399,0,0,Within synthetic screening pattern
LOT-026,LOT026-P003,8.2026,8.4945,8.6663,8.8377,9.964349494949495,4.104183613179181,-0.42925698774592813,-0.3581344387784153,-0.3162747131442301,-0.27451244903655037,0.012163,0.002383,0,0,1,0.0257,9.752,0.009223,0,1,Dynamic lot-relative outlier
LOT-026,LOT026-P004,9.6115,9.8976,10.1905,10.2977,9.964349494949495,4.104183613179181,-0.0859731260113315,-0.016263769178150627,0.05510243360562624,0.081222122709146,0.011921,0.002778,0,0,0,-0.1448,10.3463,0.004374,0,0,Within synthetic screening pattern
LOT-026,LOT026-P005,9.054,9.1299,9.3301,9.4216,9.964349494949495,4.104183613179181,-0.22181012857860913,-0.20331680392415846,-0.1545373099080704,-0.13224298571989837,0.003162,0.002026,0,0,0,-0.1099,9.4369,0.002279,0,0,Within synthetic screening pattern
LOT-026,LOT026-P006,9.2928,9.4739,9.7441,9.9843,9.964349494949495,4.104183613179181,-0.16362559725472417,-0.11949989112928182,-0.053664629974701825,0.00486101669195306,0.007546,0.003544,0,0,0,-0.1542,9.9432,0.003871,0,0,Within synthetic screening pattern
LOT-026,LOT026-P007,9.038,9.1698,9.3582,9.6076,9.964349494949495,4.104183613179181,-0.22570858963883594,-0.19359501665521758,-0.147690637671047,-0.08692337589476173,0.005492,0.00304,0,0,0,-0.1304,9.5935,0.003307,0,0,Within synthetic screening pattern
LOT-026,LOT026-P008,10.6204,10.841,10.9291,11.0571,9.964349494949495,4.104183613179181,0.15984920921759527,0.21359924108547218,0.2350651422983462,0.2662528307801607,0.009192,0.001501,0,0,0,-0.1055,11.2298,0.003627,0,0,Within synthetic screening pattern
LOT-026,LOT026-P009,8.7144,8.8184,8.8933,9.1526,9.964349494949495,4.104183613179181,-0.3045549645819233,-0.27921496769044885,-0.2609652968522622,-0.1977858622949616,0.004333,0.002321,0,0,0,-0.07,9.2184,0.003,0,0,Within synthetic screening pattern
LOT-026,LOT026-P010,9.5184,9.6388,9.8402,10.0261,9.964349494949495,4.104183613179181,-0.10865729630552617,-0.07932137682731943,-0.0302494982317146,0.015045746211795663,0.005017,0.00269,0,0,0,-0.1512,9.9963,0.002845,0,0,Within synthetic screening pattern
LOT-026,LOT026-P011,8.5268,8.5768,8.9413,9.3366,9.964349494949495,4.104183613179181,-0.3502644205130826,-0.33808172969987366,-0.24926991367158177,-0.15295356010235306,0.002083,0.005276,0,0,0,-0.0154,9.2072,0.00405,0,0,Within synthetic screening pattern
LOT-026,LOT026-P012,9.5346,9.696,9.9656,10.2014,9.964349494949495,4.104183613179181,-0.10471010448204665,-0.06538437853700863,0.0003046903278132098,0.05775826020290563,0.006725,0.00351,0,0,0,-0.1595,10.1646,0.00375,0,0,Within synthetic screening pattern
LOT-026,LOT026-P013,53.463,64.8095,93.7456,121.9869,9.964349494949495,4.104183613179181,10.59861219789716,13.363230224138626,20.413621416940433,27.294721938201892,0.472771,0.397065,1,1,1,0.29,119.5004,0.39308,1,1,Exceeds static 50 µA datasheet limit
LOT-026,LOT026-P014,8.8419,9.0574,9.4635,9.7347,9.964349494949495,4.104183613179181,-0.27348910300824064,-0.22098170560331115,-0.1220338908184294,-0.05595497584758493,0.008979,0.004703,0,0,0,-0.1224,9.5323,0.00411,0,0,Within synthetic screening pattern
LOT-026,LOT026-P015,49.9744,63.2227,88.36,112.7747,9.964349494949495,4.104183613179181,9.748601494477958,12.976600348490633,19.101399424068088,25.050134252013056,0.552013,0.344111,1,1,1,0.2789,112.5332,0.372374,1,1,Exceeds static 50 µA datasheet limit
LOT-026,LOT026-P016,9.5787,9.7827,10.1076,10.2873,9.964349494949495,4.104183613179181,-0.09396497118479645,-0.0442595926669045,0.03490353223732599,0.07868812301999843,0.0085,0.003504,0,0,0,-0.1574,10.2648,0.004084,0,0,Within synthetic screening pattern
LOT-026,LOT026-P017,10.6865,10.953,11.31,11.4125,9.964349494949495,4.104183613179181,0.1759547264726574,0.24088846850705986,0.32787288091337075,0.35284739708044854,0.011104,0.003191,0,0,0,-0.0854,11.4299,0.004425,0,0,Within synthetic screening pattern
LOT-026,LOT026-P018,10.437,12.0268,15.6099,22.1584,9.964349494949495,4.104183613179181,0.11516309931474532,0.5025239364115316,1.3755599254676987,2.971126941273652,0.066242,0.070358,0,1,1,0.0465,22.9361,0.074399,1,1,Dynamic lot outlier + projected drift above safety slope
LOT-026,LOT026-P019,10.5119,10.6869,10.8648,11.0918,9.964349494949495,4.104183613179181,0.13341277015293238,0.17605218799916283,0.2193982019125599,0.2747076182045274,0.007292,0.002812,0,0,0,-0.1172,11.1104,0.003562,0,0,Within synthetic screening pattern
LOT-026,LOT026-P020,8.9594,9.0506,9.3749,9.6503,9.964349494949495,4.104183613179181,-0.2448597795972001,-0.22263855155390758,-0.14362161893943523,-0.07651935794028146,0.0038,0.004165,0,0,0,-0.1151,9.6457,0.004085,0,0,Within synthetic screening pattern
LOT-026,LOT026-P021,9.1714,9.4801,9.6603,9.8979,9.964349494949495,4.104183613179181,-0.19320517054919495,-0.11798923746844399,-0.07408281977763975,-0.016190673033271548,0.012862,0.002901,0,0,0,-0.1263,9.8467,0.00402,0,0,Within synthetic screening pattern
LOT-026,LOT026-P022,9.0519,9.2632,9.5297,9.5305,9.964349494949495,4.104183613179181,-0.22232180159276402,-0.17083775021614384,-0.10590400818174092,-0.1057090851287296,0.008804,0.001856,0,0,0,-0.1393,9.6054,0.003295,0,0,Within synthetic screening pattern
LOT-026,LOT026-P023,9.8432,10.06,10.3592,10.5957,9.964349494949495,4.104183613179181,-0.029518536782922045,0.023305610583151438,0.0962068324093925,0.15383095995587032,0.009033,0.00372,0,0,0,-0.1572,10.5029,0.003927,0,0,Within synthetic screening pattern
LOT-026,LOT026-P024,10.2583,10.416,10.672,10.7985,9.964349494949495,4.104183613179181,0.07162216234833736,0.11004636917319788,0.17242174613682684,0.20324395389424507,0.006571,0.002656,0,0,0,-0.139,10.8452,0.003493,0,0,Within synthetic screening pattern
LOT-026,LOT026-P025,10.1247,10.2704,10.4368,10.5003,9.964349494949495,4.104183613179181,0.03907001249544364,0.07457037352513393,0.1151143685514926,0.1305863858842676,0.006071,0.001597,0,0,0,-0.1448,10.6417,0.003077,0,0,Within synthetic screening pattern
LOT-026,LOT026-P026,9.6191,9.7909,9.9869,10.1276,9.964349494949495,4.104183613179181,-0.08412135700772376,-0.04226163137353815,0.0054945166142401705,0.0397766085626094,0.007158,0.002338,0,0,0,-0.1585,10.1649,0.003249,0,0,Within synthetic screening pattern
LOT-026,LOT026-P027,9.4199,9.6636,9.7681,9.9447,9.964349494949495,4.104183613179181,-0.13265719720754737,-0.07327876218396769,-0.04781693838436139,-0.004787674432108308,0.010154,0.001952,0,0,0,-0.1521,10.0949,0.004018,0,0,Within synthetic screening pattern
LOT-026,LOT026-P028,10.0048,10.2447,10.3648,10.6198,9.964349494949495,4.104183613179181,0.009855919925368701,0.06830847044714451,0.09757129378047216,0.15970301692783667,0.009996,0.002605,0,0,0,-0.1493,10.6666,0.003939,0,0,Within synthetic screening pattern
LOT-026,LOT026-P029,9.2946,9.5441,9.8133,9.8888,9.964349494949495,4.104183613179181,-0.16318702038544838,-0.10239539322753674,-0.03680378588922079,-0.01840792276127557,0.010396,0.002394,0,0,0,-0.1507,9.9481,0.00389,0,0,Within synthetic screening pattern
LOT-026,LOT026-P030,8.4347,8.6356,8.9489,9.1828,9.964349494949495,4.104183613179181,-0.3727049369910132,-0.3237548853035402,-0.24741814466797402,-0.19042751704378333,0.008371,0.0038,0,0,0,-0.0464,9.0813,0.003849,0,0,Within synthetic screening pattern
LOT-026,LOT026-P031,9.3667,9.5823,9.8029,10.0752,9.964349494949495,4.104183613179181,-0.14561958023280158,-0.0930878174462453,-0.039337785578368374,0.02700914859036693,0.008983,0.003423,0,0,0,-0.1537,10.0623,0.00414,0,0,Within synthetic screening pattern
LOT-026,LOT026-P032,9.2953,9.5763,9.9841,10.1722,9.964349494949495,4.104183613179181,-0.16301646271406386,-0.0945497403438304,0.004812285928700338,0.05064356876799184,0.011708,0.004138,0,0,0,-0.1436,10.0785,0.004662,0,0,Within synthetic screening pattern
LOT-026,LOT026-P033,10.3303,11.6924,15.2474,20.4453,9.964349494949495,4.104183613179181,0.0891652371193578,0.42104610025279116,1.2872354170719353,2.5537235886314926,0.056754,0.060784,0,1,1,0.0238,21.6877,0.067604,1,1,Dynamic lot outlier + projected drift above safety slope
LOT-026,LOT026-P034,9.2862,9.5214,9.9486,10.0815,9.964349494949495,4.104183613179181,-0.1652337124420679,-0.10792633485673363,-0.0038374245486776414,0.02854416763283112,0.0098,0.00389,0,0,0,-0.1509,9.9775,0.004115,0,0,Within synthetic screening pattern
LOT-026,LOT026-P035,9.5504,9.6867,9.7813,10.0455,9.964349494949495,4.104183613179181,-0.10086037418507256,-0.06765035902826537,-0.04460070800967442,0.019772630247320903,0.005679,0.002492,0,0,0,-0.1493,10.1117,0.003341,0,0,Within synthetic screening pattern
LOT-026,LOT026-P036,9.4346,9.6283,9.8304,10.0039,9.964349494949495,4.104183613179181,-0.12907548610846412,-0.08187974189809337,-0.03263730563110358,0.009636631490731021,0.008071,0.002608,0,0,0,-0.1559,10.0241,0.003509,0,0,Within synthetic screening pattern
LOT-026,LOT026-P037,9.9796,10.1703,10.2876,10.4977,9.964349494949495,4.104183613179181,0.003715843755511507,0.05018062651708968,0.07876121916487751,0.12995288596198093,0.007946,0.002274,0,0,0,-0.153,10.559,0.003449,0,0,Within synthetic screening pattern
LOT-026,LOT026-P038,10.1033,10.2795,10.5759,10.8472,9.964349494949495,4.104183613179181,0.03385582082739032,0.07678762325313795,0.1490066143938396,0.21510989474631045,0.007342,0.003942,0,0,0,-0.148,10.7678,0.003955,0,0,Within synthetic screening pattern
LOT-026,LOT026-P039,9.3539,9.4355,9.7027,9.974,9.964349494949495,4.104183613179181,-0.14873834908098313,-0.12885619767382642,-0.06375189796803855,0.0023513823844322746,0.0034,0.00374,0,0,0,-0.133,9.9367,0.003469,0,0,Within synthetic screening pattern
LOT-026,LOT026-P040,10.3443,11.8624,17.571,26.3037,9.964349494949495,4.104183613179181,0.09257639054705652,0.462467249017701,1.8533894245433735,3.981145105833538,0.063254,0.100287,0,1,1,0.0702,25.7528,0.091717,1,1,Dynamic lot outlier + projected drift above safety slope
LOT-026,LOT026-P041,9.1529,9.4321,9.5151,9.6407,9.964349494949495,4.104183613179181,-0.19771276615008207,-0.12968462064912442,-0.10946135389919781,-0.07885843457641728,0.011633,0.001449,0,0,0,-0.1313,9.7129,0.003333,0,0,Within synthetic screening pattern
LOT-026,LOT026-P042,9.8679,10.0716,10.3063,10.6362,9.964349494949495,4.104183613179181,-0.023500287521196653,0.02613199485181578,0.0833175455290178,0.16369893951456935,0.008487,0.003921,0,0,0,-0.1582,10.5338,0.003964,0,0,Within synthetic screening pattern
LOT-026,LOT026-P043,9.1711,10.5692,14.3249,22.1279,9.964349494949495,4.104183613179181,-0.19327826669407447,0.14737413382486955,1.0624647715682332,2.9636954998775944,0.058254,0.080269,0,1,0,-0.0067,22.3543,0.078471,1,1,Projected 168h drift above safety slope
LOT-026,LOT026-P044,10.3333,10.5226,10.7963,11.0193,9.964349494949495,4.104183613179181,0.08989619856815034,0.13601986598695903,0.20270791549846381,0.2570427165253747,0.007888,0.003449,0,0,0,-0.1366,10.8592,0.00313,0,0,Within synthetic screening pattern
LOT-026,LOT026-P045,8.5018,8.6719,8.8527,9.1765,9.964349494949495,4.104183613179181,-0.35635576591968704,-0.31491025177315046,-0.2708576417925876,-0.19196253608624753,0.007088,0.003504,0,0,0,-0.0484,9.1388,0.003792,0,0,Within synthetic screening pattern
LOT-026,LOT026-P046,9.3465,9.5385,9.7826,9.9879,9.964349494949495,4.104183613179181,-0.1505413873213377,-0.10375985459861597,-0.04428395804853086,0.005738170430504211,0.008,0.003121,0,0,0,-0.1541,9.967,0.003693,0,0,Within synthetic screening pattern
LOT-026,LOT026-P047,9.4376,9.6525,9.8548,10.0928,9.964349494949495,4.104183613179181,-0.12834452465967155,-0.07598331954450022,-0.026692152514257706,0.031297455756616376,0.008954,0.003058,0,0,0,-0.1548,10.077,0.003806,0,0,Within synthetic screening pattern
LOT-026,LOT026-P048,8.8134,9.0044,9.3233,9.5009,9.964349494949495,4.104183613179181,-0.2804332367717699,-0.2338953578653122,-0.15619415585866683,-0.11292123809014927,0.007958,0.003448,0,0,0,-0.1155,9.5425,0.00434,0,0,Within synthetic screening pattern
LOT-026,LOT026-P049,8.4513,8.5595,8.7999,8.9763,9.964349494949495,4.104183613179181,-0.3686602836410278,-0.342296940721244,-0.2837225632913364,-0.2407420301023356,0.004508,0.002894,0,0,0,-0.0213,9.0087,0.003318,0,0,Within synthetic screening pattern
LOT-026,LOT026-P050,10.7602,10.9825,11.178,11.3688,9.964349494949495,4.104183613179181,0.19391201273132683,0.24807625608685316,0.2957105771664997,0.3421997253097042,0.009263,0.002683,0,0,0,-0.0904,11.4559,0.004141,0,0,Within synthetic screening pattern
LOT-026,LOT026-P051,9.2007,9.3238,9.4997,9.7425,9.964349494949495,4.104183613179181,-0.1860661137326548,-0.15607232895053458,-0.11321362266966603,-0.054054476080724466,0.005129,0.002908,0,0,0,-0.1385,9.7216,0.003101,0,0,Within synthetic screening pattern
LOT-026,LOT026-P052,10.1323,10.3246,10.5336,10.5782,9.964349494949495,4.104183613179181,0.04092178149905139,0.0877764103666522,0.1387000579658648,0.1495670181712472,0.008012,0.001761,0,0,0,-0.1449,10.7271,0.00354,0,0,Within synthetic screening pattern
LOT-026,LOT026-P053,10.6156,10.8343,11.2185,11.3566,9.964349494949495,4.104183613179181,0.15867967089952736,0.21196676051650257,0.30557855672519874,0.3392271487512813,0.009113,0.003627,0,0,0,-0.1026,11.3049,0.004103,0,0,Within synthetic screening pattern
LOT-026,LOT026-P054,9.0623,9.2402,9.5379,9.7993,9.964349494949495,4.104183613179181,-0.21978780190361644,-0.17644178799021978,-0.10390604688837457,-0.04021493931691909,0.007412,0.003883,0,0,0,-0.1402,9.7695,0.00421,0,0,Within synthetic screening pattern
LOT-026,LOT026-P055,9.1003,9.3687,9.5347,9.7736,9.964349494949495,4.104183613179181,-0.2105289568855777,-0.14513227260027306,-0.10468573910041985,-0.04647684239490852,0.011183,0.002812,0,0,0,-0.1332,9.8917,0.004711,0,0,Within synthetic screening pattern
LOT-026,LOT026-P056,10.3178,10.5788,10.877,11.1049,9.964349494949495,4.104183613179181,0.08611956441605577,0.14971321046100539,0.22237077847098283,0.27789948319758845,0.010875,0.003653,0,0,0,-0.1271,11.0311,0.004246,0,0,Within synthetic screening pattern
LOT-026,LOT026-P057,10.0642,10.2565,10.5579,10.7646,9.964349494949495,4.104183613179181,0.024328956611460752,0.071183585479062,0.1446208457010843,0.1949840895228893,0.008013,0.003528,0,0,0,-0.148,10.7281,0.003952,0,0,Within synthetic screening pattern
LOT-026,LOT026-P058,8.8655,9.0931,9.1109,9.4108,9.964349494949495,4.104183613179181,-0.26773887294440607,-0.21228326436268,-0.2079462264331774,-0.1348744469355514,0.009483,0.002206,0,0,0,-0.1124,9.4921,0.00373,0,0,Within synthetic screening pattern
LOT-026,LOT026-P059,9.2271,9.3717,9.6598,9.8342,9.964349494949495,4.104183613179181,-0.1796336529832804,-0.14440131115148053,-0.07420464668577156,-0.031711421129299706,0.006025,0.003212,0,0,0,-0.147,9.8253,0.003561,0,0,Within synthetic screening pattern
LOT-026,LOT026-P060,9.6543,9.8783,10.0679,10.1328,9.964349494949495,4.104183613179181,-0.07554474267522486,-0.02096628783204951,0.025230475731638266,0.04104360840718319,0.009333,0.001767,0,0,0,-0.1569,10.3584,0.004191,0,0,Within synthetic screening pattern
LOT-026,LOT026-P061,9.3699,9.598,9.9418,10.114,9.964349494949495,4.104183613179181,-0.1448398880207563,-0.08926245253089757,-0.005494270499274069,0.03646291666141698,0.009504,0.003583,0,0,0,-0.1531,10.0707,0.004171,0,0,Within synthetic screening pattern
LOT-026,LOT026-P062,9.6527,9.7147,10.0352,10.3085,9.964349494949495,4.104183613179181,-0.0759345887812475,-0.06082805217286834,0.017262995939799686,0.08385358392479902,0.002583,0.004124,0,0,0,-0.1269,10.2744,0.003701,0,0,Within synthetic screening pattern
LOT-026,LOT026-P063,9.7665,10.033,10.3179,10.6454,9.964349494949495,4.104183613179181,-0.048206784490384035,0.016726957544018452,0.08614392979768214,0.16594055462419974,0.011104,0.004253,0,0,0,-0.1482,10.5798,0.004841,0,0,Within synthetic screening pattern
LOT-026,LOT026-P064,9.7146,9.935,10.2689,10.4863,9.964349494949495,4.104183613179181,-0.0608524175544947,-0.007151116449870496,0.07420489280073767,0.1271752324565693,0.009183,0.003828,0,0,0,-0.1552,10.4098,0.004138,0,0,Within synthetic screening pattern
LOT-026,LOT026-P065,9.6563,10.0019,10.3721,10.7107,9.964349494949495,4.104183613179181,-0.07505743504269635,0.009149323858202508,0.0993499666392004,0.18185114882625011,0.0144,0.004922,0,0,0,-0.1312,10.5392,0.005255,0,0,Within synthetic screening pattern
LOT-026,LOT026-P066,9.4312,9.6133,9.81,10.0488,9.964349494949495,4.104183613179181,-0.1299039090837621,-0.08553454914205572,-0.03760784348289243,0.02057668784099254,0.007588,0.003024,0,0,0,-0.155,10.0182,0.003494,0,0,Within synthetic screening pattern
LOT-026,LOT026-P067,9.5675,10.5919,14.2994,19.7924,9.964349494949495,4.104183613179181,-0.0966938939269549,0.15290507545406642,1.0562515992534969,2.394642011992613,0.042683,0.063892,0,1,0,-0.0184,18.9722,0.05598,1,1,Projected 168h drift above safety slope
LOT-026,LOT026-P068,10.0118,11.3989,17.1122,25.1142,9.964349494949495,4.104183613179181,0.01156149663921785,0.3495337051792557,1.74160105364137,3.6913188913873016,0.057796,0.095245,0,1,1,0.0291,24.4174,0.085748,1,1,Dynamic lot outlier + projected drift above safety slope
LOT-026,LOT026-P069,8.2244,9.8836,15.6983,23.8374,9.964349494949495,4.104183613179181,-0.42394533455136935,-0.019674922605849358,1.3970989228254518,3.380221698781202,0.069133,0.096901,0,1,1,0.0866,22.37,0.0842,1,1,Dynamic lot outlier + projected drift above safety slope
LOT-026,LOT026-P070,8.646,8.885,9.2047,9.4159,9.964349494949495,4.104183613179181,-0.3212208856143926,-0.2629876235272549,-0.1850914984675978,-0.13363181247260394,0.009958,0.003687,0,0,0,-0.0885,9.3877,0.004415,0,0,Within synthetic screening pattern
LOT-026,LOT026-P071,10.2566,11.3831,15.9644,24.6442,9.964349494949495,4.104183613179181,0.07120795086068836,0.34568397488228203,1.4619352033333488,3.5768015977431395,0.046938,0.092091,0,1,1,0.0169,22.8044,0.074689,1,1,Dynamic lot outlier + projected drift above safety slope
LOT-026,LOT026-P072,9.3394,9.4098,9.6827,9.9242,9.964349494949495,4.104183613179181,-0.15227132941681365,-0.13511810075181543,-0.06862497429332196,-0.009782577665523517,0.002933,0.003572,0,0,0,-0.1259,9.9308,0.00352,0,0,Within synthetic screening pattern
LOT-026,LOT026-P073,10.4235,12.0342,16.7613,24.9151,9.964349494949495,4.104183613179181,0.11187377279517925,0.5043269746518866,1.65610292951427,3.642807416569104,0.067112,0.089451,0,1,1,0.0589,24.1175,0.081512,1,1,Dynamic lot outlier + projected drift above safety slope
LOT-026,LOT026-P074,9.6483,9.8925,10.0579,10.1328,9.964349494949495,4.104183613179181,-0.07700666557280954,-0.017506403641098057,0.022793937568996562,0.04104360840718319,0.010175,0.001669,0,0,0,-0.1561,10.2811,0.003767,0,0,Within synthetic screening pattern
LOT-026,LOT026-P075,9.5791,9.808,10.2078,10.3771,9.964349494949495,4.104183613179181,-0.09386750965829058,-0.038095151115420944,0.05931764462699661,0.10056823572052147,0.009537,0.003952,0,0,0,-0.1536,10.2946,0.004259,0,0,Within synthetic screening pattern
LOT-026,LOT026-P076,10.0778,10.2475,10.4503,10.7076,9.964349494949495,4.104183613179181,0.02764264851265361,0.06899070113268434,0.11840369507105909,0.18109582199583119,0.007071,0.003195,0,0,0,-0.1483,10.7141,0.003788,0,0,Within synthetic screening pattern
LOT-026,LOT026-P077,9.49,9.6561,9.7745,10.175,9.964349494949495,4.104183613179181,-0.11557706468742865,-0.07510616580594907,-0.04625755396027084,0.05132579945353167,0.006921,0.003603,0,0,0,-0.1556,10.211,0.004292,0,0,Within synthetic screening pattern
LOT-026,LOT026-P078,9.1858,9.3661,9.5857,9.7299,9.964349494949495,4.104183613179181,-0.18969655559499077,-0.14576577252256018,-0.0922593944709473,-0.05712451416565285,0.007512,0.002526,0,0,0,-0.148,9.7636,0.003439,0,0,Within synthetic screening pattern
LOT-026,LOT026-P079,9.0871,9.305,9.5232,9.7848,9.964349494949495,4.104183613179181,-0.21374518726026512,-0.16065302069630122,-0.10748775798745827,-0.04374791965274962,0.009079,0.003332,0,0,0,-0.1392,9.781,0.00413,0,0,Within synthetic screening pattern
LOT-026,LOT026-P080,9.4269,9.6357,9.7773,10.0059,9.964349494949495,4.104183613179181,-0.1309516204936982,-0.08007670365773835,-0.04557532327473101,0.010123939123259536,0.0087,0.002571,0,0,0,-0.1561,10.0133,0.00349,0,0,Within synthetic screening pattern
LOT-026,LOT026-P081,10.3051,10.586,10.6913,10.9385,9.964349494949495,4.104183613179181,0.0830251609495006,0.1514675179381077,0.1771242647907253,0.23735548817122934,0.011704,0.002448,0,0,0,-0.1244,10.9872,0.00406,0,0,Within synthetic screening pattern
LOT-026,LOT026-P082,8.7346,8.9483,9.14,9.3168,9.964349494949495,4.104183613179181,-0.29963315749338676,-0.2475643369577326,-0.20085590037988998,-0.15777790566438374,0.008904,0.002559,0,0,0,-0.1053,9.3358,0.003579,0,0,Within synthetic screening pattern
LOT-026,LOT026-P083,9.6985,9.9726,10.1433,10.4401,9.964349494949495,4.104183613179181,-0.0647752439963483,0.0020102670416623585,0.04360197347795713,0.11591842614516423,0.011421,0.003247,0,0,0,-0.1502,10.391,0.004122,0,0,Within synthetic screening pattern
LOT-026,LOT026-P084,9.8109,10.0081,10.2249,10.3777,9.964349494949495,4.104183613179181,-0.03738855504825475,0.010659977519040771,0.06348412488511382,0.10071442801028006,0.008217,0.002567,0,0,0,-0.1571,10.406,0.003542,0,0,Within synthetic screening pattern
LOT-026,LOT026-P085,10.7173,10.923,11.2485,11.4296,9.964349494949495,4.104183613179181,0.1834592640135938,0.23357885401913475,0.31288817121312384,0.3570138773385662,0.008571,0.003518,0,0,0,-0.0947,11.2977,0.003455,0,0,Within synthetic screening pattern
LOT-026,LOT026-P086,9.6201,9.6726,10.0035,10.1969,9.964349494949495,4.104183613179181,-0.08387770319145929,-0.07108587783759046,0.00953916996422558,0.056661818029716794,0.002187,0.003641,0,0,0,-0.1231,10.1325,0.00305,0,0,Within synthetic screening pattern
LOT-026,LOT026-P087,9.6178,9.9027,10.3594,10.5918,9.964349494949495,4.104183613179181,-0.08443810696886689,-0.015021134715203633,0.09625556317264565,0.15288071007243964,0.011871,0.004785,0,0,0,-0.1428,10.4367,0.004874,0,0,Within synthetic screening pattern
LOT-026,LOT026-P088,9.0137,9.1598,9.4855,9.6304,9.964349494949495,4.104183613179181,-0.23162937737405548,-0.1960315548178593,-0.11667350686061748,-0.08136806888393851,0.006088,0.003268,0,0,0,-0.1357,9.6006,0.003493,0,0,Within synthetic screening pattern
LOT-026,LOT026-P089,9.776,9.9496,10.2594,10.5565,9.964349494949495,4.104183613179181,-0.04589207323587457,-0.003593770732413601,0.07189018154622775,0.14427973035831437,0.007233,0.004215,0,0,0,-0.1576,10.4917,0.00426,0,0,Within synthetic screening pattern
LOT-026,LOT026-P090,8.8405,9.0128,9.2092,9.4683,9.964349494949495,4.104183613179181,-0.27383021835101057,-0.23184866580869315,-0.18399505629440938,-0.12086435250036148,0.007179,0.003163,0,0,0,-0.1207,9.5601,0.004283,0,0,Within synthetic screening pattern
LOT-026,LOT026-P091,10.142,10.3335,10.5312,10.6989,9.964349494949495,4.104183613179181,0.043285223516813576,0.0899449293314035,0.13811528880683083,0.17897603379433305,0.007979,0.002537,0,0,0,-0.1446,10.8012,0.003924,0,0,Within synthetic screening pattern
LOT-026,LOT026-P092,9.8491,10.0635,10.3413,10.4967,9.964349494949495,4.104183613179181,-0.028080979266963298,0.024158398940075796,0.09184542909826397,0.1297092321457169,0.008933,0.003008,0,0,0,-0.158,10.5111,0.00394,0,0,Within synthetic screening pattern
LOT-026,LOT026-P093,10.1167,11.5902,16.2177,23.1855,9.964349494949495,4.104183613179181,0.037120781965330016,0.39614468023059246,1.5236527149930648,3.2213837759585866,0.061396,0.080523,0,1,1,0.0171,22.9283,0.07626,1,1,Dynamic lot outlier + projected drift above safety slope
LOT-026,LOT026-P094,9.3469,9.513,9.7388,9.8491,9.964349494949495,4.104183613179181,-0.15044392579483226,-0.10997302691335269,-0.054955995200901976,-0.028080979266963298,0.006921,0.002334,0,0,0,-0.1544,9.9087,0.003344,0,0,Within synthetic screening pattern
LOT-026,LOT026-P095,9.8593,10.0017,10.1414,10.3256,9.964349494949495,4.104183613179181,-0.025595710341068875,0.009100593094949786,0.04313903122705541,0.08802006418291625,0.005933,0.002249,0,0,0,-0.158,10.4356,0.00343,0,0,Within synthetic screening pattern
LOT-026,LOT026-P096,9.7832,9.9501,10.2531,10.401,9.964349494949495,4.104183613179181,-0.04413776575877226,-0.0034719438242813644,0.07035516250376357,0.1063915619292351,0.006954,0.003131,0,0,0,-0.1574,10.4679,0.004076,0,0,Within synthetic screening pattern
LOT-026,LOT026-P097,9.6198,9.8608,10.1551,10.3108,9.964349494949495,4.104183613179181,-0.0839507993363388,-0.025230229616672598,0.04647708850987419,0.08441398770220662,0.010042,0.003125,0,0,0,-0.1552,10.284,0.003954,0,0,Within synthetic screening pattern
LOT-026,LOT026-P098,9.9813,10.2447,10.502,10.6006,9.964349494949495,4.104183613179181,0.004130055243160505,0.06830847044714451,0.13100059737191705,0.1550248636555646,0.010975,0.002472,0,0,0,-0.1468,10.6559,0.004015,0,0,Within synthetic screening pattern
LOT-026,LOT026-P099,9.2608,9.4419,9.6141,9.8758,9.964349494949495,4.104183613179181,-0.1714225193751778,-0.12729681324973544,-0.0853396260890444,-0.021575422372709825,0.007546,0.003013,0,0,0,-0.1493,9.8981,0.003793,0,0,Within synthetic screening pattern
LOT-026,LOT026-P100,9.7171,11.1007,14.8344,22.4986,9.964349494949495,4.104183613179181,-0.06024328301383438,0.27687613716927867,1.1866063909548308,3.0540179695667242,0.05765,0.079152,0,1,0,-0.0094,22.9665,0.078865,1,1,Projected 168h drift above safety slope
LOT-027,LOT027-P001,10.7704,11.0276,11.1932,11.4153,11.108336,3.432211305523251,-0.09846013835342221,-0.023523027230309607,0.024725750382394315,0.08943621842455388,0.010717,0.002692,0,0,0,-0.1454,11.6509,0.005241,0,0,Within synthetic screening pattern
LOT-027,LOT027-P002,10.9413,11.0853,11.2948,11.5421,11.108336,3.432211305523251,-0.04866716677122954,-0.0067117079775738005,0.054327657420140646,0.1263803307511894,0.006,0.003172,0,0,0,-0.1479,11.4341,0.002933,0,0,Within synthetic screening pattern
LOT-027,LOT027-P003,9.7982,10.0559,10.2711,10.5053,11.108336,3.432211305523251,-0.3817177566811452,-0.3066349668816656,-0.24393486457336863,-0.17569897256313152,0.010737,0.003121,0,0,0,-0.0907,10.5079,0.004224,0,0,Within synthetic screening pattern
LOT-027,LOT027-P004,10.9018,11.1259,11.3347,11.4031,11.108336,3.432211305523251,-0.06017578220421158,0.0051174005434151005,0.0659528157942159,0.0858816587212025,0.009337,0.001925,0,0,0,-0.1465,11.4875,0.003486,0,0,Within synthetic screening pattern
LOT-027,LOT027-P005,9.591,9.6821,10.0132,10.1545,11.108336,3.432211305523251,-0.4420870001675721,-0.41554434533352996,-0.3190759258433954,-0.2779071319021204,0.003796,0.003281,0,0,0,-0.0441,10.1101,0.00309,0,0,Within synthetic screening pattern
LOT-027,LOT027-P006,11.0493,11.214,11.562,11.6897,11.108336,3.432211305523251,-0.017200572675987607,0.030785983319256062,0.13217834207059037,0.16938467601468668,0.006862,0.003303,0,0,0,-0.1383,11.639,0.00351,0,0,Within synthetic screening pattern
LOT-027,LOT027-P007,10.7353,11.0249,11.244,11.3623,11.108336,3.432211305523251,-0.10868678143437575,-0.024309692082690373,0.03952670390126748,0.07399427872966646,0.012067,0.002343,0,0,0,-0.1355,11.6098,0.005205,0,0,Within synthetic screening pattern
LOT-027,LOT027-P008,10.9553,11.133,11.4785,11.648,11.108336,3.432211305523251,-0.04458816383295765,0.00718603774782435,0.10785000311732504,0.1572350744056904,0.007404,0.003576,0,0,0,-0.1492,11.6336,0.004038,0,0,Within synthetic screening pattern
LOT-027,LOT027-P009,11.2405,11.4362,11.8061,11.7826,11.108336,3.432211305523251,0.03850695316669977,0.09552558709668842,0.20329867187289186,0.19645177408364936,0.008154,0.002406,0,0,0,-0.1222,11.8167,0.00343,0,0,Within synthetic screening pattern
LOT-027,LOT027-P010,10.466,10.5668,10.9151,11.1685,11.108336,3.432211305523251,-0.18714931652556696,-0.15778049537000757,-0.056300729412852815,0.017529223769871635,0.0042,0.004178,0,0,0,-0.1362,11.119,0.003887,0,0,Within synthetic screening pattern
LOT-027,LOT027-P011,9.8314,9.9769,10.1995,10.1995,11.108336,3.432211305523251,-0.37204469257038547,-0.3296521977476291,-0.26479605102910303,-0.26479605102910303,0.006063,0.001546,0,0,0,-0.0915,10.3109,0.002854,0,0,Within synthetic screening pattern
LOT-027,LOT027-P012,11.4045,11.5632,11.7199,11.7954,11.108336,3.432211305523251,0.08628955901502978,0.13252797089387106,0.17818366806724523,0.20018114819864108,0.006612,0.001613,0,0,0,-0.106,11.8729,0.002788,0,0,Within synthetic screening pattern
LOT-027,LOT027-P013,11.9613,12.1155,12.3441,12.5614,11.108336,3.432211305523251,0.24851733301716492,0.2934446368087049,0.3600489276436329,0.4233608803926707,0.006425,0.003097,0,0,1,0.0065,12.5777,0.003669,0,1,Dynamic lot-relative outlier
LOT-027,LOT027-P014,11.4375,11.5886,11.7793,12.0629,11.108336,3.432211305523251,0.0959043516552424,0.1399284476533074,0.19549029481962774,0.27811924005491123,0.006296,0.003294,0,0,0,-0.0996,12.0062,0.003385,0,0,Within synthetic screening pattern
LOT-027,LOT027-P015,9.6223,9.7983,9.8786,10.0349,11.108336,3.432211305523251,-0.4329675150270067,-0.3816886209458719,-0.3582926255213538,-0.3127534712890734,0.007333,0.001643,0,0,0,-0.0553,10.1323,0.003036,0,0,Within synthetic screening pattern
LOT-027,LOT027-P016,10.8077,11.0737,11.3918,11.4541,11.108336,3.432211305523251,-0.08759250909645441,-0.010091453269284841,0.08258932063531137,0.10074088371062227,0.011083,0.002642,0,0,0,-0.1404,11.5875,0.004642,0,0,Within synthetic screening pattern
LOT-027,LOT027-P017,10.3245,10.5588,10.817,11.0709,11.108336,3.432211305523251,-0.22837638193738802,-0.16011135419187758,-0.08488288571603092,-0.010907253856939426,0.009762,0.003556,0,0,0,-0.138,11.0306,0.004203,0,0,Within synthetic screening pattern
LOT-027,LOT027-P018,11.533,11.7903,12.0007,12.2448,11.108336,3.432211305523251,0.12372897884131252,0.19869522569969894,0.2599968127148736,0.3311171425171746,0.010721,0.003156,0,0,0,-0.0669,12.2673,0.004371,0,0,Within synthetic screening pattern
LOT-027,LOT027-P019,11.2341,11.4117,11.6538,11.8137,11.108336,3.432211305523251,0.036642266109203646,0.08838733195471234,0.1589249470515462,0.20551298775366814,0.0074,0.002792,0,0,0,-0.1264,11.8496,0.003664,0,0,Within synthetic screening pattern
LOT-027,LOT027-P020,11.8871,11.9826,12.1871,12.5185,11.108336,3.432211305523251,0.22689861744432305,0.2547232446303932,0.3143058232644388,0.41086164996039376,0.003979,0.003722,0,0,0,-0.0114,12.5211,0.003774,0,0,Within synthetic screening pattern
LOT-027,LOT027-P021,9.5982,9.839,9.9812,10.1248,11.108336,3.432211305523251,-0.439989227227889,-0.36983037668960916,-0.3283993611308745,-0.2865604452783119,0.010033,0.001985,0,0,0,-0.0612,10.1782,0.003452,0,0,Within synthetic screening pattern
LOT-027,LOT027-P022,10.4684,10.6315,10.9054,10.9989,11.108336,3.432211305523251,-0.1864500588790056,-0.13892967464813583,-0.05912689573437004,-0.03188498325376704,0.006796,0.002551,0,0,0,-0.1467,11.1433,0.004017,0,0,Within synthetic screening pattern
LOT-027,LOT027-P023,11.3137,11.5255,11.7973,11.9522,11.108336,3.432211305523251,0.05983431138680806,0.12154379869580954,0.2007347271688349,0.24586598110728802,0.008825,0.002963,0,0,0,-0.1148,11.966,0.003883,0,0,Within synthetic screening pattern
LOT-027,LOT027-P024,10.0518,10.1687,10.4011,10.647,11.108336,3.432211305523251,-0.3078295320278736,-0.2737698574933019,-0.2060584087179853,-0.13441363568076334,0.004871,0.003322,0,0,0,-0.1106,10.6425,0.003516,0,0,Within synthetic screening pattern
LOT-027,LOT027-P025,10.4876,10.6718,10.9145,11.1413,11.108336,3.432211305523251,-0.18085599770651825,-0.12718797333296733,-0.05647554382449316,0.009604303775514285,0.007675,0.00326,0,0,0,-0.1462,11.1309,0.003829,0,0,Within synthetic screening pattern
LOT-027,LOT027-P026,11.0504,11.2846,11.6105,11.7139,11.108336,3.432211305523251,-0.016880079587980743,0.05135581242225638,0.146309173678176,0.17643552395084283,0.009758,0.002981,0,0,0,-0.1331,11.7212,0.003993,0,0,Within synthetic screening pattern
LOT-027,LOT027-P027,10.9118,11.0884,11.3443,11.4478,11.108336,3.432211305523251,-0.05726220867687444,-0.005808500184099302,0.06874984638045982,0.09890533238839996,0.007358,0.002496,0,0,0,-0.149,11.5099,0.00356,0,0,Within synthetic screening pattern
LOT-027,LOT027-P028,10.7167,10.8447,11.185,11.2586,11.108336,3.432211305523251,-0.11410602819522327,-0.07681228704530704,0.0223366200899782,0.04378052125117971,0.005333,0.002874,0,0,0,-0.147,11.2893,0.003408,0,0,Within synthetic screening pattern
LOT-027,LOT027-P029,10.1883,10.3386,10.5742,10.6885,11.108336,3.432211305523251,-0.26805925337972086,-0.22426824326384281,-0.1556244509597784,-0.12232230554231417,0.006262,0.00243,0,0,0,-0.131,10.7789,0.003515,0,0,Within synthetic screening pattern
LOT-027,LOT027-P030,10.2639,10.403,10.7015,11.0346,11.108336,3.432211305523251,-0.2460326375130517,-0.20550482974779097,-0.11853465995677584,-0.021483525761173662,0.005796,0.004386,0,0,0,-0.135,10.919,0.003899,0,0,Within synthetic screening pattern
LOT-027,LOT027-P031,11.2756,11.4231,11.623,11.8992,11.108336,3.432211305523251,0.04873359624765332,0.09170880577587677,0.1499511405873473,0.23042404141240114,0.006146,0.003306,0,0,0,-0.1194,11.8754,0.00357,0,0,Within synthetic screening pattern
LOT-027,LOT027-P032,11.4167,11.6051,11.8487,12.1104,11.108336,3.432211305523251,0.08984411871838117,0.14473584397341396,0.21571049509934787,0.2919587143097628,0.00785,0.003509,0,0,0,-0.105,12.0726,0.003904,0,0,Within synthetic screening pattern
LOT-027,LOT027-P033,10.763,10.9298,11.1213,11.2849,11.108336,3.432211305523251,-0.10061618276365189,-0.05201777632766728,0.003777156720840006,0.05144321962807681,0.00695,0.002466,0,0,0,-0.1507,11.3172,0.003299,0,0,Within synthetic screening pattern
LOT-027,LOT027-P034,11.2678,11.4632,11.5768,11.7281,11.108336,3.432211305523251,0.046461008896329904,0.10339223562049915,0.13649043089104973,0.18057279835966134,0.008142,0.00184,0,0,0,-0.1164,11.8393,0.003402,0,0,Within synthetic screening pattern
LOT-027,LOT027-P035,11.0493,11.1916,11.4554,11.5172,11.108336,3.432211305523251,-0.017200572675987607,0.024259578618020413,0.10111964826917574,0.11912553266812012,0.005929,0.002261,0,0,0,-0.1396,11.5791,0.003154,0,0,Within synthetic screening pattern
LOT-027,LOT027-P036,11.3416,11.5934,11.8011,12.0518,11.108336,3.432211305523251,0.06796318152807854,0.1413269629464296,0.20184188510922302,0.2748851734395667,0.010492,0.003183,0,0,0,-0.1062,12.0157,0.004013,0,0,Within synthetic screening pattern
LOT-027,LOT027-P037,9.7575,9.7882,10.0578,10.1668,11.108336,3.432211305523251,-0.3935760009374074,-0.38463133020848234,-0.3060813879114712,-0.2743234364634957,0.001279,0.002629,0,0,0,-0.0354,10.2002,0.002635,0,0,Within synthetic screening pattern
LOT-027,LOT027-P038,9.9086,11.5773,17.2222,23.3414,11.108336,3.432211305523251,-0.3495519049393424,0.13663610956741626,1.7813192300139937,3.564193142862174,0.069529,0.081695,0,1,1,0.0532,23.158,0.078865,1,1,Dynamic lot outlier + projected drift above safety slope
LOT-027,LOT027-P039,10.2305,10.3602,10.606,10.8762,11.108336,3.432211305523251,-0.25576397309435805,-0.21797492444479413,-0.14635928714284596,-0.06763453043419451,0.005404,0.003583,0,0,0,-0.1285,10.8361,0.003605,0,0,Within synthetic screening pattern
LOT-027,LOT027-P040,10.9315,11.0473,11.1988,11.1555,11.108336,3.432211305523251,-0.05152246882802007,-0.01778328738145524,0.026357351557703485,0.013741578184333303,0.004825,0.000751,0,0,0,-0.1444,11.2794,0.002071,0,0,Within synthetic screening pattern
LOT-027,LOT027-P041,10.2028,10.4079,10.651,10.7896,11.108336,3.432211305523251,-0.26383457176508196,-0.20407717871939599,-0.13324820626982858,-0.09286607718093487,0.008546,0.002651,0,0,0,-0.1321,10.8381,0.003782,0,0,Within synthetic screening pattern
LOT-027,LOT027-P042,10.2478,10.4297,10.7142,10.8487,11.108336,3.432211305523251,-0.2507234908920645,-0.19772558842980067,-0.11483442157705742,-0.07564685763437229,0.007579,0.00291,0,0,0,-0.1342,10.8351,0.003496,0,0,Within synthetic screening pattern
LOT-027,LOT027-P043,10.1165,10.2201,10.2974,10.6285,11.108336,3.432211305523251,-0.2889787113060019,-0.25879408956278843,-0.23627216619647207,-0.139803746706337,0.004317,0.002836,0,0,0,-0.107,10.6826,0.00337,0,0,Within synthetic screening pattern
LOT-027,LOT027-P044,10.8479,10.9476,11.2691,11.5252,11.108336,3.432211305523251,-0.07587994351655925,-0.04683161544900724,0.04683977345488389,0.12145639148998963,0.004154,0.004011,0,0,0,-0.1393,11.416,0.003382,0,0,Within synthetic screening pattern
LOT-027,LOT027-P045,10.8237,10.9865,11.2192,11.4091,11.108336,3.432211305523251,-0.08293079145271488,-0.035497814427665544,0.0323010415534715,0.08762980283760488,0.006783,0.002935,0,0,0,-0.151,11.4342,0.003634,0,0,Within synthetic screening pattern
LOT-027,LOT027-P046,9.7546,9.9681,10.177,10.3827,11.108336,3.432211305523251,-0.3944209372603353,-0.33221614245168607,-0.271351591465612,-0.2114193840082857,0.008896,0.002879,0,0,0,-0.0885,10.3939,0.003805,0,0,Within synthetic screening pattern
LOT-027,LOT027-P047,11.0668,11.2058,11.4052,11.488,11.108336,3.432211305523251,-0.012101819003147482,0.02839685302683943,0.08649350916194343,0.11061789796829513,0.005792,0.00196,0,0,0,-0.1384,11.5475,0.002861,0,0,Within synthetic screening pattern
LOT-027,LOT027-P048,10.7272,10.8327,11.1592,11.3631,11.108336,3.432211305523251,-0.11104677599151909,-0.0803085752781113,0.014819600389448143,0.07422736461185342,0.004396,0.003683,0,0,0,-0.1426,11.3509,0.003712,0,0,Within synthetic screening pattern
LOT-027,LOT027-P049,11.1061,12.8575,16.7588,23.8277,11.108336,3.432211305523251,-0.0006514750407125706,0.509631792537125,1.6463042327571877,3.705880223496582,0.072975,0.076182,0,1,1,0.0862,23.7835,0.075461,1,1,Dynamic lot outlier + projected drift above safety slope
LOT-027,LOT027-P050,10.2318,10.3392,10.6867,10.8649,11.108336,3.432211305523251,-0.2553852085358041,-0.2240934288522025,-0.12284674877723469,-0.07092686852008565,0.004475,0.003651,0,0,0,-0.1238,10.8251,0.003532,0,0,Within synthetic screening pattern
LOT-027,LOT027-P051,10.8418,11.046,11.3245,11.5598,11.108336,3.432211305523251,-0.07765722336823494,-0.01816205194000923,0.06298097079633215,0.13153735589457613,0.008508,0.003568,0,0,0,-0.1476,11.3891,0.003258,0,0,Within synthetic screening pattern
LOT-027,LOT027-P052,11.3785,11.5913,11.7761,12.0021,11.108336,3.432211305523251,0.07871426784395312,0.14071511250568866,0.1945579512908799,0.26040471300870094,0.008867,0.002853,0,0,0,-0.1095,12.0236,0.00384,0,0,Within synthetic screening pattern
LOT-027,LOT027-P053,10.1983,10.5075,10.7667,10.9237,11.108336,3.432211305523251,-0.26514567985238374,-0.17505798638711728,-0.09953816055853705,-0.05379505617934297,0.012883,0.00289,0,0,0,-0.1163,10.9957,0.004746,0,0,Within synthetic screening pattern
LOT-027,LOT027-P054,11.1298,11.2492,11.6077,11.9487,11.108336,3.432211305523251,0.006253694219076548,0.04104176213548292,0.1454933730905214,0.2448462303727203,0.004975,0.004858,0,0,0,-0.1269,11.8559,0.004322,0,0,Within synthetic screening pattern
LOT-027,LOT027-P055,11.5615,11.7848,11.9723,12.157,11.108336,3.432211305523251,0.13203266339422387,0.1970927602596636,0.2517222638972361,0.30553596694715407,0.009304,0.002585,0,0,0,-0.0689,12.1547,0.003531,0,0,Within synthetic screening pattern
LOT-027,LOT027-P056,10.5685,10.7803,10.9562,11.1375,11.108336,3.432211305523251,-0.15728518787036036,-0.09557570056135838,-0.04432594221549688,0.008497145835126141,0.008825,0.002481,0,0,0,-0.1501,11.2286,0.003929,0,0,Within synthetic screening pattern
LOT-027,LOT027-P057,12.161,12.4043,12.7314,12.9776,11.108336,3.432211305523251,0.3067013963580888,0.3775886402782028,0.4728916303574031,0.5446238106004451,0.010137,0.003981,0,0,1,0.0614,13.4205,0.007497,0,1,Dynamic lot-relative outlier
LOT-027,LOT027-P058,11.1622,11.3653,11.6048,11.7825,11.108336,3.432211305523251,0.015693672447649337,0.07486835078786766,0.14464843676759354,0.19642263834837603,0.008462,0.002897,0,0,0,-0.129,11.8418,0.004045,0,0,Within synthetic screening pattern
LOT-027,LOT027-P059,10.8021,10.969,11.2554,11.5557,11.108336,3.432211305523251,-0.08922411027176358,-0.04059656810050567,0.042848177722431914,0.13034279074836808,0.006954,0.004074,0,0,0,-0.1495,11.5182,0.004263,0,0,Within synthetic screening pattern
LOT-027,LOT027-P060,10.3326,10.462,10.5643,10.8131,11.108336,3.432211305523251,-0.2260163873802452,-0.18831474593650172,-0.15850888875184224,-0.08601917939169236,0.005392,0.002438,0,0,0,-0.1342,10.8391,0.003015,0,0,Within synthetic screening pattern
LOT-027,LOT027-P061,11.3918,11.5225,11.7869,12.0224,11.108336,3.432211305523251,0.08258932063531137,0.12066972663760886,0.19770461070040402,0.26631926726919514,0.005446,0.003472,0,0,0,-0.1046,11.9014,0.003033,0,0,Within synthetic screening pattern
LOT-027,LOT027-P062,12.0235,12.1805,12.2912,12.5789,11.108336,3.432211305523251,0.2666397603572025,0.3123828647363966,0.3446361236840193,0.42845963406551085,0.006542,0.002767,0,0,1,0.013,12.6188,0.003543,0,1,Dynamic lot-relative outlier
LOT-027,LOT027-P063,10.5899,10.8343,11.0863,11.4087,11.108336,3.432211305523251,-0.15105014052185878,-0.0798424035137374,-0.006420350624840241,0.08751325989651115,0.010183,0.003989,0,0,0,-0.1471,11.3464,0.004503,0,0,Within synthetic screening pattern
LOT-027,LOT027-P064,9.7389,9.9911,9.9595,10.0081,11.108336,3.432211305523251,-0.3989952476982549,-0.3255149233388106,-0.33472181568519593,-0.32056184834233703,0.010508,0.000118,0,0,0,-0.0719,10.1597,0.002505,0,0,Within synthetic screening pattern
LOT-027,LOT027-P065,10.8551,11.0856,11.4059,11.562,11.108336,3.432211305523251,-0.07378217057687617,-0.006624300771753888,0.08669745930885708,0.13217834207059037,0.009604,0.003308,0,0,0,-0.1462,11.6669,0.004832,0,0,Within synthetic screening pattern
LOT-027,LOT027-P066,11.4466,11.6118,11.8504,11.9779,11.108336,3.432211305523251,0.09855570356511928,0.14668793823673,0.2162058025989956,0.25335386507254476,0.006883,0.002542,0,0,0,-0.0973,12.0203,0.003415,0,0,Within synthetic screening pattern
LOT-027,LOT027-P067,10.1005,10.228,10.5005,10.7188,11.108336,3.432211305523251,-0.2936404289497414,-0.2564923664761922,-0.17709748785625323,-0.11349417775448233,0.005312,0.003408,0,0,0,-0.1216,10.7052,0.003599,0,0,Within synthetic screening pattern
LOT-027,LOT027-P068,10.5855,10.8009,11.0653,11.3694,11.108336,3.432211305523251,-0.1523321128738873,-0.08957373909504375,-0.012538855032248079,0.07606291593407624,0.008975,0.003948,0,0,0,-0.1509,11.3305,0.004435,0,0,Within synthetic screening pattern
LOT-027,LOT027-P069,11.4777,11.6612,11.7449,11.7911,11.108336,3.432211305523251,0.10761691723513808,0.16108099146177535,0.1854676018855878,0.1989283115818859,0.007646,0.000902,0,0,0,-0.0945,11.9978,0.003096,0,0,Within synthetic screening pattern
LOT-027,LOT027-P070,11.6171,11.9062,12.2553,12.4984,11.108336,3.432211305523251,0.14823213220621873,0.2324635428815371,0.3341763947208788,0.40500536717044616,0.012046,0.004113,0,0,0,-0.0428,12.4395,0.004895,0,0,Within synthetic screening pattern
LOT-027,LOT027-P071,10.5205,10.7765,10.9897,11.1648,11.108336,3.432211305523251,-0.17127034080157894,-0.09668285850174652,-0.03456547089891775,0.016451201564756796,0.010667,0.002697,0,0,0,-0.1444,11.2421,0.004295,0,0,Within synthetic screening pattern
LOT-027,LOT027-P072,9.9922,11.625,16.8059,25.056,11.108336,3.432211305523251,-0.32519443025080325,0.15053385529281493,1.660027164070946,4.06375445985941,0.068033,0.093271,0,1,1,0.0383,24.0841,0.08388,1,1,Dynamic lot outlier + projected drift above safety slope
LOT-027,LOT027-P073,44.5647,58.1576,79.5823,115.4101,11.108336,3.432211305523251,9.747757647135737,13.708149007109922,19.950392882224058,30.389085844497238,0.566371,0.397587,1,1,1,0.2703,114.4468,0.415965,1,1,Exceeds static 50 µA datasheet limit
LOT-027,LOT027-P074,10.7151,10.8676,11.1056,11.2571,11.108336,3.432211305523251,-0.11457219995959717,-0.07014020366770488,-0.0007971537170790911,0.04334348522207912,0.006354,0.002705,0,0,0,-0.1498,11.316,0.003577,0,0,Within synthetic screening pattern
LOT-027,LOT027-P075,10.4086,10.7059,10.989,11.1405,11.108336,3.432211305523251,-0.20387322857248233,-0.11725268760474736,-0.034769421045830876,0.009371217893327335,0.012387,0.003018,0,0,0,-0.1282,11.1503,0.004415,0,0,Within synthetic screening pattern
LOT-027,LOT027-P076,11.5548,11.7875,11.9984,12.1092,11.108336,3.432211305523251,0.13008056913090782,0.19787942511204434,0.2593266908035861,0.2916090854864821,0.009696,0.002234,0,0,0,-0.0684,12.1343,0.003449,0,0,Within synthetic screening pattern
LOT-027,LOT027-P077,11.1072,11.377,11.5988,11.8034,11.108336,3.432211305523251,-0.0003309819527051902,0.07827723181485252,0.14290029265119167,0.2025120070205106,0.011242,0.002961,0,0,0,-0.1223,11.9931,0.005273,0,0,Within synthetic screening pattern
LOT-027,LOT027-P078,10.5029,10.6805,10.8666,11.0391,11.108336,3.432211305523251,-0.17639823020969236,-0.12465316436418368,-0.07043156102043843,-0.020172417673871873,0.0074,0.00249,0,0,0,-0.1449,11.1009,0.00356,0,0,Within synthetic screening pattern
LOT-027,LOT027-P079,9.9132,10.0654,10.465,10.8087,11.108336,3.432211305523251,-0.3482116611167673,-0.30386707203069496,-0.18744067387830052,-0.08730115174372086,0.006342,0.005162,0,0,0,-0.1098,10.5049,0.003522,0,0,Within synthetic screening pattern
LOT-027,LOT027-P080,10.9814,11.1267,11.3575,11.6131,11.108336,3.432211305523251,-0.03698373692660716,0.005350486425602051,0.07259576343654477,0.14706670279528347,0.006054,0.003378,0,0,0,-0.1462,11.57,0.003504,0,0,Within synthetic screening pattern
LOT-027,LOT027-P081,11.2943,11.3449,11.643,11.9811,11.108336,3.432211305523251,0.05418197874377361,0.06892466079210016,0.1557782876420221,0.2542862086012926,0.002108,0.004418,0,0,0,-0.0918,11.8841,0.003511,0,0,Within synthetic screening pattern
LOT-027,LOT027-P082,10.6495,10.8006,11.0284,11.3803,11.108336,3.432211305523251,-0.13368524229892917,-0.08966114630086418,-0.023289941348122657,0.07923871107887363,0.006296,0.004026,0,0,0,-0.1524,11.3288,0.004043,0,0,Within synthetic screening pattern
LOT-027,LOT027-P083,10.8915,11.0514,11.3783,11.5444,11.108336,3.432211305523251,-0.06317676293736864,-0.016588722235247187,0.07865599637340599,0.12705045266247694,0.006662,0.003424,0,0,0,-0.1472,11.4709,0.003449,0,0,Within synthetic screening pattern
LOT-027,LOT027-P084,10.957,11.0809,11.3382,11.5168,11.108336,3.432211305523251,-0.04409285633330993,-0.007993680329602286,0.06697256652878414,0.11900898972702639,0.005162,0.003027,0,0,0,-0.1483,11.5208,0.003356,0,0,Within synthetic screening pattern
LOT-027,LOT027-P085,10.1511,11.2127,17.199,22.0561,11.108336,3.432211305523251,-0.27889774690141533,0.030407218760702074,1.7745597394305717,3.1897115373935234,0.044233,0.075301,0,1,1,0.0374,22.1459,0.071398,1,1,Dynamic lot outlier + projected drift above safety slope
LOT-027,LOT027-P086,11.844,11.994,12.2024,12.4998,11.108336,3.432211305523251,0.21434111554149948,0.25804471845155763,0.3187635907612652,0.4054132674642735,0.00625,0.003513,0,0,0,-0.0229,12.5106,0.003968,0,0,Within synthetic screening pattern
LOT-027,LOT027-P087,11.2464,11.4276,11.6018,11.8236,11.108336,3.432211305523251,0.04022596154782833,0.09301991386317857,0.14377436470939284,0.20839742554573198,0.00755,0.00275,0,0,0,-0.123,11.8474,0.003577,0,0,Within synthetic screening pattern
LOT-027,LOT027-P088,10.8342,11.0549,11.3104,11.6016,11.108336,3.432211305523251,-0.07987153924901122,-0.015568971500678952,0.05887283212278644,0.14371609323884574,0.009196,0.003797,0,0,0,-0.1469,11.4804,0.003846,0,0,Within synthetic screening pattern
LOT-027,LOT027-P089,10.6071,10.7243,10.9645,11.1735,11.108336,3.432211305523251,-0.14603879405483858,-0.11189171231444697,-0.04190767618780746,0.018986010533540463,0.004883,0.003119,0,0,0,-0.1429,11.2187,0.00364,0,0,Within synthetic screening pattern
LOT-027,LOT027-P090,9.9931,10.2383,10.4927,10.5451,11.108336,3.432211305523251,-0.324932208633343,-0.25349138574303465,-0.17937007520757664,-0.16410294992432958,0.010217,0.002131,0,0,0,-0.1145,10.668,0.004017,0,0,Within synthetic screening pattern
LOT-027,LOT027-P091,10.8718,11.0036,11.2163,11.3549,11.108336,3.432211305523251,-0.068916502786223,-0.03051560369591864,0.03145610523054361,0.07183823431943731,0.005492,0.00244,0,0,0,-0.1482,11.3703,0.002967,0,0,Within synthetic screening pattern
LOT-027,LOT027-P092,10.1924,10.3881,10.6774,10.7994,11.108336,3.432211305523251,-0.2668646882335128,-0.20984605430352365,-0.12555637215765816,-0.09001077512414435,0.008154,0.002856,0,0,0,-0.1329,10.8103,0.003678,0,0,Within synthetic screening pattern
LOT-027,LOT027-P093,10.3669,10.5599,10.7066,10.7342,11.108336,3.432211305523251,-0.2160228301814786,-0.1597908611038702,-0.1170487374578337,-0.10900727452238314,0.008042,0.00121,0,0,0,-0.1417,11.0059,0.003804,0,0,Within synthetic screening pattern
LOT-027,LOT027-P094,10.584,10.8022,11.0586,11.2533,11.108336,3.432211305523251,-0.15276914890298787,-0.08919497453649028,-0.014490949295564113,0.04223632728169097,0.009092,0.003133,0,0,0,-0.1507,11.2907,0.004207,0,0,Within synthetic screening pattern
LOT-027,LOT027-P095,10.7319,10.9885,11.0956,11.164,11.108336,3.432211305523251,-0.10967739643367068,-0.03491509972219791,-0.003710727244416748,0.016218115682569846,0.010692,0.001219,0,0,0,-0.1429,11.3225,0.003515,0,0,Within synthetic screening pattern
LOT-027,LOT027-P096,11.8183,11.9964,12.3207,12.5568,11.108336,3.432211305523251,0.20685323157624325,0.25874397609811844,0.35323116558966416,0.42202063657009564,0.007421,0.003892,0,0,0,-0.0208,12.5291,0.004231,0,0,Within synthetic screening pattern
LOT-027,LOT027-P097,11.023,11.1651,11.4542,11.7469,11.108336,3.432211305523251,-0.024863271052884703,0.016538608770577227,0.10077001944589557,0.18605031659105545,0.005921,0.00404,0,0,0,-0.1428,11.6873,0.003954,0,0,Within synthetic screening pattern
LOT-027,LOT027-P098,11.5093,11.6804,11.8155,12.0608,11.108336,3.432211305523251,0.1168238095815234,0.1666750526342632,0.20603743098858865,0.2775073896141703,0.007129,0.002642,0,0,0,-0.0897,12.012,0.002992,0,0,Within synthetic screening pattern
LOT-027,LOT027-P099,10.4128,11.6449,15.3418,20.1692,11.108336,3.432211305523251,-0.20264952769100045,0.1563318666122159,1.2334508639335058,2.639949348520267,0.051337,0.059197,0,1,0,-0.0104,21.3468,0.065083,1,1,Projected 168h drift above safety slope
LOT-027,LOT027-P100,10.0209,10.1071,10.1773,10.3529,11.108336,3.432211305523251,-0.31683247422734584,-0.29171747042169865,-0.27126418425979154,-0.2201018331197505,0.003592,0.001707,0,0,0,-0.0943,10.4974,0.002836,0,0,Within synthetic screening pattern
LOT-028,LOT028-P001,9.332,9.559,9.7085,9.7868,9.646498000000001,4.68895834580377,-0.06707203963145676,-0.01866043448185146,0.013222979482316436,0.029921784254184527,0.009458,0.001582,0,0,0,-0.1448,9.8993,0.003377,0,0,Within synthetic screening pattern
LOT-028,LOT028-P002,8.3795,8.5559,8.8313,8.9712,9.646498000000001,4.68895834580377,-0.2702088409750663,-0.23258854516717914,-0.17385481803853842,-0.144018767111535,0.00735,0.002884,0,0,0,-0.0691,8.946,0.003372,0,0,Within synthetic screening pattern
LOT-028,LOT028-P003,9.1094,9.3275,9.485,9.6819,9.646498000000001,4.68895834580377,-0.11454527005569555,-0.0680317410551274,-0.03444219122665678,0.0075500777335079875,0.009087,0.002461,0,0,0,-0.1379,9.7072,0.003558,0,0,Within synthetic screening pattern
LOT-028,LOT028-P004,9.5895,9.783,10.0824,10.3727,9.646498000000001,4.68895834580377,-0.012155791499195205,0.029111369718640465,0.09296350444019084,0.1548749096160962,0.008063,0.004095,0,0,0,-0.1442,10.2744,0.004077,0,0,Within synthetic screening pattern
LOT-028,LOT028-P005,8.2712,8.4104,8.748,8.9385,9.646498000000001,4.68895834580377,-0.29330565523807195,-0.2636188911991951,-0.19161995772559662,-0.15099259745687468,0.0058,0.003667,0,0,0,-0.0523,9.0319,0.004528,0,0,Within synthetic screening pattern
LOT-028,LOT028-P006,8.0249,8.264,8.3941,8.5842,9.646498000000001,4.68895834580377,-0.3458333131603092,-0.29484117751594513,-0.2670951430227129,-0.22655308954720632,0.009962,0.002224,0,0,0,-0.0049,8.7033,0.004038,0,0,Within synthetic screening pattern
LOT-028,LOT028-P007,8.4254,8.5454,8.7272,8.8873,9.646498000000001,4.68895834580377,-0.26041988645362635,-0.2348278484890769,-0.19605591097278502,-0.16191186698841561,0.005,0.002374,0,0,0,-0.0668,8.9195,0.002941,0,0,Within synthetic screening pattern
LOT-028,LOT028-P008,10.1183,10.2607,10.5282,10.8216,9.646498000000001,4.68895834580377,0.10061978913125177,0.13098900751585024,0.18803792547849124,0.2506104583018141,0.005933,0.003895,0,0,0,-0.1255,10.7586,0.003811,0,0,Within synthetic screening pattern
LOT-028,LOT028-P009,7.6646,7.8116,8.1058,8.5677,9.646498000000001,4.68895834580377,-0.4226734071488683,-0.3913231606422955,-0.3285800142325423,-0.2300719947673316,0.006125,0.005251,0,0,1,0.045,8.6464,0.005844,0,1,Dynamic lot-relative outlier
LOT-028,LOT028-P010,8.6807,8.8348,9.0099,9.1883,9.646498000000001,4.68895834580377,-0.20597282568404784,-0.17310838359790595,-0.13576533486796777,-0.09771850509400463,0.006421,0.002455,0,0,0,-0.1055,9.2097,0.003149,0,0,Within synthetic screening pattern
LOT-028,LOT028-P011,8.7935,8.9717,9.2367,9.4633,9.646498000000001,4.68895834580377,-0.18191630999737157,-0.1439121336200159,-0.08739638311496958,-0.03907008475857925,0.007425,0.003414,0,0,0,-0.1266,9.4293,0.003785,0,0,Within synthetic screening pattern
LOT-028,LOT028-P012,8.939,9.0823,9.2966,9.5417,9.646498000000001,4.68895834580377,-0.1508859639653556,-0.12032480529602307,-0.074621690830999,-0.02234995328840704,0.005971,0.00319,0,0,0,-0.1305,9.5627,0.003712,0,0,Within synthetic screening pattern
LOT-028,LOT028-P013,8.9673,9.124,9.4795,9.6454,9.646498000000001,4.68895834580377,-0.1448505083453828,-0.11143157210334212,-0.0356151596333652,-0.0002341671473757767,0.006529,0.003621,0,0,0,-0.1397,9.6344,0.003971,0,0,Within synthetic screening pattern
LOT-028,LOT028-P014,9.3077,10.3314,16.198,22.625,9.646498000000001,4.68895834580377,-0.07225442731927802,0.14606698321663059,1.3972190659068344,2.767885965891483,0.042654,0.085372,0,1,1,0.012,20.94,0.06924,1,1,Dynamic lot outlier + projected drift above safety slope
LOT-028,LOT028-P015,9.2887,9.5173,9.7881,9.828,9.646498000000001,4.68895834580377,-0.07630649999699834,-0.027553667674532045,0.030199031332133922,0.038708383955346405,0.009525,0.002158,0,0,0,-0.1459,9.9202,0.003759,0,0,Within synthetic screening pattern
LOT-028,LOT028-P016,8.3132,8.5543,8.766,8.9038,9.646498000000001,4.68895834580377,-0.28434844195047976,-0.23292977234003975,-0.18778115203091408,-0.15839296176828999,0.010046,0.002427,0,0,0,-0.0544,8.956,0.003826,0,0,Within synthetic screening pattern
LOT-028,LOT028-P017,10.1298,10.2864,10.5123,10.6219,9.646498000000001,4.68895834580377,0.10307235943618771,0.13646996897992464,0.18464698044818842,0.20802104178914346,0.006525,0.00233,0,0,0,-0.1279,10.7904,0.003932,0,0,Within synthetic screening pattern
LOT-028,LOT028-P018,8.7927,8.9182,9.1438,9.3724,9.646498000000001,4.68895834580377,-0.18208692358380188,-0.15532191721254401,-0.10720888583919148,-0.05845605351672519,0.005229,0.003154,0,0,0,-0.1157,9.3587,0.003369,0,0,Within synthetic screening pattern
LOT-028,LOT028-P019,8.5663,8.6531,8.7398,8.9819,9.646498000000001,4.68895834580377,-0.23037056854358473,-0.2118589944158941,-0.1933687469865072,-0.14173681039302938,0.003617,0.002283,0,0,0,-0.0667,9.0665,0.002977,0,0,Within synthetic screening pattern
LOT-028,LOT028-P020,8.0909,8.1894,8.3565,8.5354,9.646498000000001,4.68895834580377,-0.33175769227980734,-0.3107508944505733,-0.2751139815849382,-0.23696051831945633,0.004104,0.002403,0,0,1,0.007,8.6784,0.003497,0,1,Dynamic lot-relative outlier
LOT-028,LOT028-P021,8.9064,9.2124,9.4693,9.7113,9.646498000000001,4.68895834580377,-0.15783846761239156,-0.09257877080279085,-0.03779048286035174,0.013820127034822329,0.01275,0.003465,0,0,0,-0.1168,9.696,0.0047,0,0,Within synthetic screening pattern
LOT-028,LOT028-P022,8.6234,8.7399,8.9582,9.1136,9.646498000000001,4.68895834580377,-0.21819302381212002,-0.19334742028820343,-0.1467912378910278,-0.11364954872693651,0.004854,0.002595,0,0,0,-0.0891,9.2153,0.003523,0,0,Within synthetic screening pattern
LOT-028,LOT028-P023,9.7741,9.9522,10.2675,10.5012,9.646498000000001,4.68895834580377,0.02721329356960332,0.06519614324865487,0.13243922300050806,0.18227971693646783,0.007421,0.003813,0,0,0,-0.1416,10.4719,0.004154,0,0,Within synthetic screening pattern
LOT-028,LOT028-P024,9.247,9.411,9.5533,9.6645,9.646498000000001,4.68895834580377,-0.0851997331896793,-0.0502239479714621,-0.01987605628516737,0.0038392322286482853,0.006833,0.00176,0,0,0,-0.1427,9.7623,0.003067,0,0,Within synthetic screening pattern
LOT-028,LOT028-P025,8.6578,8.8475,9.157,9.4494,9.646498000000001,4.68895834580377,-0.21085663959561599,-0.17039989291332436,-0.1043937616630912,-0.04203449582280611,0.007904,0.00418,0,0,0,-0.1106,9.33,0.004001,0,0,Within synthetic screening pattern
LOT-028,LOT028-P026,8.9554,10.7028,15.01,22.5271,9.646498000000001,4.68895834580377,-0.14738838544353408,0.22527434071691033,1.1438578900577971,2.747007128252072,0.072808,0.082113,0,1,1,0.0158,22.5232,0.080761,1,1,Dynamic lot outlier + projected drift above safety slope
LOT-028,LOT028-P027,8.6932,8.7887,9.2015,9.2787,9.646498000000001,4.68895834580377,-0.2033069883960741,-0.18293999151595344,-0.09490338091790433,-0.07843916982737739,0.003979,0.003403,0,0,0,-0.096,9.2546,0.003342,0,0,Within synthetic screening pattern
LOT-028,LOT028-P028,9.068,9.3414,9.6417,9.8661,9.646498000000001,4.68895834580377,-0.12337452315346528,-0.06506732999090054,-0.0010232549846160995,0.04683385600909079,0.011392,0.003644,0,0,0,-0.1302,9.8749,0.004803,0,0,Within synthetic screening pattern
LOT-028,LOT028-P029,8.9991,10.3124,14.4752,22.1539,9.646498000000001,4.68895834580377,-0.13806861828477715,0.14201491053891027,1.0298027075291225,2.6674158901823235,0.054721,0.082233,0,1,0,-0.0014,21.3185,0.07333,1,1,Projected 168h drift above safety slope
LOT-028,LOT028-P030,8.7142,8.9185,9.1943,9.1753,9.646498000000001,4.68895834580377,-0.19882838175227785,-0.1552579371176328,-0.09643890319577712,-0.10049097587349744,0.008512,0.001783,0,0,0,-0.1221,9.2515,0.003198,0,0,Within synthetic screening pattern
LOT-028,LOT028-P031,9.0891,9.2578,9.3657,9.5222,9.646498000000001,4.68895834580377,-0.11887458981136526,-0.08289644977286995,-0.05988494230307927,-0.02650865945764645,0.007029,0.001836,0,0,0,-0.1341,9.5655,0.002836,0,0,Within synthetic screening pattern
LOT-028,LOT028-P032,9.0501,9.2104,9.3486,9.6911,9.646498000000001,4.68895834580377,-0.1271920021498437,-0.09300530476886681,-0.06353180771302774,0.009512133977456734,0.006679,0.003338,0,0,0,-0.1332,9.68,0.003749,0,0,Within synthetic screening pattern
LOT-028,LOT028-P033,9.4534,10.4036,14.7485,21.9105,9.646498000000001,4.68895834580377,-0.04118142789065457,0.1614648593919678,1.0880885739933837,2.615506706510896,0.039592,0.079909,0,1,0,-0.008,20.8666,0.067936,1,1,Projected 168h drift above safety slope
LOT-028,LOT028-P034,8.8338,9.0826,9.2658,9.5479,9.646498000000001,4.68895834580377,-0.17332165058094376,-0.12026082520111185,-0.08119031390856647,-0.02102769799357205,0.010367,0.003231,0,0,0,-0.1243,9.5287,0.004136,0,0,Within synthetic screening pattern
LOT-028,LOT028-P035,9.4094,9.6539,9.8531,9.9813,9.646498000000001,4.68895834580377,-0.05056517514432272,0.0015786022084464022,0.044061385229597974,0.07140221245505798,0.010188,0.002274,0,0,0,-0.1425,10.071,0.003938,0,0,Within synthetic screening pattern
LOT-028,LOT028-P036,8.3479,8.5146,8.8071,9.0719,9.646498000000001,4.68895834580377,-0.2769480776390645,-0.24139647156664476,-0.17901587902805594,-0.12254278191961748,0.006946,0.00387,0,0,0,-0.0621,9.0476,0.004165,0,0,Within synthetic screening pattern
LOT-028,LOT028-P037,8.6164,8.8281,8.9923,9.1841,9.646498000000001,4.68895834580377,-0.21968589269338534,-0.17453727238426003,-0.13951883376943497,-0.09861422642276366,0.008821,0.002472,0,0,0,-0.0995,9.2069,0.003515,0,0,Within synthetic screening pattern
LOT-028,LOT028-P038,9.4664,9.6954,9.8357,9.949,9.646498000000001,4.68895834580377,-0.038408957111161754,0.010429182004519505,0.040350539724738274,0.06451368890293363,0.009542,0.001761,0,0,0,-0.1424,10.1836,0.004269,0,0,Within synthetic screening pattern
LOT-028,LOT028-P039,9.5286,9.6837,9.9964,10.1969,9.646498000000001,4.68895834580377,-0.025143750766203593,0.007933958302976088,0.0746225438989305,0.11738257399803147,0.006462,0.003564,0,0,0,-0.1479,10.1647,0.003786,0,0,Within synthetic screening pattern
LOT-028,LOT028-P040,9.122,9.3077,9.6105,9.9032,9.646498000000001,4.68895834580377,-0.11185810606941808,-0.07225442731927802,-0.007677184855398922,0.05474606107979738,0.007738,0.004135,0,0,0,-0.1391,9.8119,0.004107,0,0,Within synthetic screening pattern
LOT-028,LOT028-P041,8.83,8.9385,9.1407,9.3598,9.646498000000001,4.68895834580377,-0.17413206511648782,-0.15099259745687468,-0.10787001348660898,-0.061143217503003035,0.004521,0.002926,0,0,0,-0.1119,9.3222,0.00293,0,0,Within synthetic screening pattern
LOT-028,LOT028-P042,8.8644,9.0839,9.3806,9.6226,9.646498000000001,4.68895834580377,-0.16679568089998376,-0.11998357812316246,-0.05670726425581461,-0.005096654360640162,0.009146,0.003741,0,0,0,-0.1345,9.4904,0.003726,0,0,Within synthetic screening pattern
LOT-028,LOT028-P043,8.587,8.7716,9.1591,9.3388,9.646498000000001,4.68895834580377,-0.22595594199470007,-0.1865868569259019,-0.10394590099871148,-0.06562182414679894,0.007692,0.003939,0,0,0,-0.1025,9.2751,0.004096,0,0,Within synthetic screening pattern
LOT-028,LOT028-P044,8.427,8.5196,8.8269,8.996,9.646498000000001,4.68895834580377,-0.26007865928076573,-0.24033013665145503,-0.17479319276390531,-0.13872974593219464,0.003858,0.003308,0,0,0,-0.0588,8.9765,0.003271,0,0,Within synthetic screening pattern
LOT-028,LOT028-P045,9.714,9.9243,10.0871,10.3251,9.646498000000001,4.68895834580377,0.01439594788902486,0.0592459944218974,0.09396585926046895,0.14472340122349187,0.008763,0.002783,0,0,0,-0.1414,10.3648,0.003874,0,0,Within synthetic screening pattern
LOT-028,LOT028-P046,8.8634,8.9346,9.0501,9.35,9.646498000000001,4.68895834580377,-0.16700894788302154,-0.15182433869072248,-0.1271920021498437,-0.0632332339367746,0.002967,0.002885,0,0,0,-0.0957,9.3374,0.002821,0,0,Within synthetic screening pattern
LOT-028,LOT028-P047,8.8348,9.0246,9.2647,9.4702,9.646498000000001,4.68895834580377,-0.17310838359790595,-0.13263031021731062,-0.08142490758990838,-0.03759854257561769,0.007908,0.003094,0,0,0,-0.1294,9.528,0.004126,0,0,Within synthetic screening pattern
LOT-028,LOT028-P048,9.8939,10.0789,10.3273,10.4849,9.646498000000001,4.68895834580377,0.05276267813754489,0.09221706999955838,0.14519258858617493,0.17880346511294967,0.007708,0.002819,0,0,0,-0.1379,10.4958,0.003583,0,0,Within synthetic screening pattern
LOT-028,LOT028-P049,8.3451,10.0439,14.717,20.1036,9.646498000000001,4.68895834580377,-0.2775452251915704,0.08475272559323149,1.0813706640276894,2.2301545948596964,0.070783,0.069859,0,1,1,0.0466,20.3492,0.071453,1,1,Dynamic lot outlier + projected drift above safety slope
LOT-028,LOT028-P050,9.6528,9.7818,10.0496,10.341,9.646498000000001,4.68895834580377,0.00134400852710449,0.028855449338995188,0.0859683473965474,0.1481143462537943,0.005375,0.003883,0,0,0,-0.1415,10.2429,0.003513,0,0,Within synthetic screening pattern
LOT-028,LOT028-P051,42.3311,60.2135,75.503,113.9899,9.646498000000001,4.68895834580377,6.970546460334845,10.78427195781197,14.045017494970098,22.253002544451842,0.7451,0.373447,1,1,1,0.2809,111.3894,0.411061,1,1,Exceeds static 50 µA datasheet limit
LOT-028,LOT028-P052,8.8559,9.0502,9.4331,9.5184,9.646498000000001,4.68895834580377,-0.16860845025580593,-0.12717067545153996,-0.04551074764632428,-0.027319073993190512,0.008096,0.003251,0,0,0,-0.1357,9.5406,0.004076,0,0,Within synthetic screening pattern
LOT-028,LOT028-P053,9.9241,10.1234,10.4082,10.5806,9.646498000000001,4.68895834580377,0.05920334102528954,0.10170745074474524,0.16244588751394218,0.19921311538967784,0.008304,0.003175,0,0,0,-0.134,10.5675,0.00383,0,0,Within synthetic screening pattern
LOT-028,LOT028-P054,9.1044,9.2851,9.5338,9.7596,9.646498000000001,4.68895834580377,-0.11561160497088527,-0.07707426113593492,-0.024034762454406774,0.02412092231555363,0.007529,0.003295,0,0,0,-0.1409,9.5754,0.002804,0,0,Within synthetic screening pattern
LOT-028,LOT028-P055,8.7944,8.968,9.1283,9.3842,9.646498000000001,4.68895834580377,-0.18172436971263753,-0.14470122145725622,-0.11051452407627935,-0.05593950311687803,0.007233,0.00289,0,0,0,-0.1236,9.3929,0.003562,0,0,Within synthetic screening pattern
LOT-028,LOT028-P056,8.9544,9.0933,9.3358,9.6583,9.646498000000001,4.68895834580377,-0.14760165242657186,-0.11797886848260623,-0.0662616250959127,0.002516976933813293,0.005787,0.003924,0,0,0,-0.1308,9.6415,0.00409,0,0,Within synthetic screening pattern
LOT-028,LOT028-P057,8.8193,8.9518,9.1532,9.2388,9.646498000000001,4.68895834580377,-0.17641402183499344,-0.14815614658247028,-0.10520417619863526,-0.08694852245059026,0.005521,0.001993,0,0,0,-0.1195,9.3051,0.002892,0,0,Within synthetic screening pattern
LOT-028,LOT028-P058,9.3735,9.5261,9.7175,9.9831,9.646498000000001,4.68895834580377,-0.058221459835383654,-0.025676918223798643,0.015142382329657322,0.07178609302452647,0.006358,0.003174,0,0,0,-0.1455,9.9515,0.00344,0,0,Within synthetic screening pattern
LOT-028,LOT028-P059,8.2388,9.3075,14.8844,21.0491,9.646498000000001,4.68895834580377,-0.30021550548850046,-0.07229708071588588,1.1170715569882355,2.4317985273220404,0.044529,0.081539,0,1,1,0.048,17.9319,0.057697,1,1,Dynamic lot outlier + projected drift above safety slope
LOT-028,LOT028-P060,8.6146,8.7753,8.9228,9.1099,9.646498000000001,4.68895834580377,-0.22006977326285382,-0.18579776908866158,-0.15434088909056964,-0.11443863656417684,0.006696,0.002324,0,0,0,-0.0942,9.212,0.003556,0,0,Within synthetic screening pattern
LOT-028,LOT028-P061,9.417,9.7068,10.0023,10.1732,9.646498000000001,4.68895834580377,-0.04894434607323459,0.012860425611151697,0.07588081909885427,0.11232814650003303,0.012075,0.003239,0,0,0,-0.1284,10.1664,0.004461,0,0,Within synthetic screening pattern
LOT-028,LOT028-P062,9.2482,9.4726,9.6853,9.8613,9.646498000000001,4.68895834580377,-0.08494381281003366,-0.03708670181632676,0.008275185475836708,0.045810174490508934,0.00935,0.002699,0,0,0,-0.1452,9.9248,0.004027,0,0,Within synthetic screening pattern
LOT-028,LOT028-P063,8.8723,9.0438,9.3292,9.5639,9.646498000000001,4.68895834580377,-0.1651108717339844,-0.1285355841429828,-0.06766918718396303,-0.017615426264965484,0.007146,0.003612,0,0,0,-0.1333,9.5225,0.00387,0,0,Within synthetic screening pattern
LOT-028,LOT028-P064,8.9523,9.1188,9.3641,9.4955,9.646498000000001,4.68895834580377,-0.14804951309095157,-0.11254056041513931,-0.06022616947593989,-0.032202887904758636,0.006938,0.002616,0,0,0,-0.1368,9.5881,0.003785,0,0,Within synthetic screening pattern
LOT-028,LOT028-P065,8.3365,8.5148,8.728,8.9542,9.646498000000001,4.68895834580377,-0.2793793212456967,-0.2413538181700373,-0.1958852973863547,-0.14764430582317936,0.007429,0.003051,0,0,0,-0.0618,9.0428,0.004204,0,0,Within synthetic screening pattern
LOT-028,LOT028-P066,9.9571,10.154,10.339,10.4982,9.646498000000001,4.68895834580377,0.06624115146554084,0.10823342042570523,0.1476878122877187,0.18163991598735407,0.008204,0.00239,0,0,0,-0.1353,10.5357,0.003444,0,0,Within synthetic screening pattern
LOT-028,LOT028-P067,8.7502,8.91,9.1592,9.3578,9.646498000000001,4.68895834580377,-0.19115077036291317,-0.15707070647345497,-0.10392457430040775,-0.061569751469079,0.006658,0.00311,0,0,0,-0.1217,9.3558,0.003605,0,0,Within synthetic screening pattern
LOT-028,LOT028-P068,10.0039,10.2828,10.6287,10.7406,9.646498000000001,4.68895834580377,0.07622204627171489,0.13570220784098808,0.20947125727380128,0.23333583267574348,0.011621,0.003179,0,0,0,-0.1238,10.6622,0.003918,0,0,Within synthetic screening pattern
LOT-028,LOT028-P069,8.6079,8.7648,9.0387,9.2662,9.646498000000001,4.68895834580377,-0.2214986620492075,-0.18803707241055972,-0.12962324575647588,-0.0811050071153515,0.006537,0.003482,0,0,0,-0.1,9.2647,0.00391,0,0,Within synthetic screening pattern
LOT-028,LOT028-P070,9.531,9.7205,9.9546,10.1616,9.646498000000001,4.68895834580377,-0.024631910006912665,0.015782183278771077,0.0657079840079458,0.10985424949679336,0.007896,0.003063,0,0,0,-0.1455,10.2061,0.004018,0,0,Within synthetic screening pattern
LOT-028,LOT028-P071,9.5268,9.6698,9.9733,10.1442,9.646498000000001,4.68895834580377,-0.025527631335672075,0.0049695472387492265,0.0696960765907549,0.10614340399193366,0.005958,0.003294,0,0,0,-0.1459,10.1107,0.003476,0,0,Within synthetic screening pattern
LOT-028,LOT028-P072,8.7251,8.8066,9.1402,9.5005,9.646498000000001,4.68895834580377,-0.19650377163716473,-0.17912251251957503,-0.10797664697812807,-0.03113655298956892,0.003396,0.004819,0,0,0,-0.0959,9.3999,0.004017,0,0,Within synthetic screening pattern
LOT-028,LOT028-P073,8.9496,9.2399,9.4958,9.822,9.646498000000001,4.68895834580377,-0.14862533394515373,-0.08671392876924836,-0.03213890780984741,0.037428782057118894,0.012096,0.004042,0,0,0,-0.1233,9.7721,0.004896,0,0,Within synthetic screening pattern
LOT-028,LOT028-P074,9.8978,10.0913,10.3724,10.5894,9.646498000000001,4.68895834580377,0.0535944193713927,0.09486158058922836,0.154810929521185,0.20108986484041122,0.008063,0.003459,0,0,0,-0.1381,10.5228,0.00372,0,0,Within synthetic screening pattern
LOT-028,LOT028-P075,8.8365,9.0525,9.2874,9.5612,9.646498000000001,4.68895834580377,-0.1727458297267416,-0.12668016139055277,-0.07658374707494774,-0.018191247119168013,0.009,0.003533,0,0,0,-0.1286,9.5368,0.004168,0,0,Within synthetic screening pattern
LOT-028,LOT028-P076,8.4829,8.5602,8.9099,9.0139,9.646498000000001,4.68895834580377,-0.24815703492894628,-0.23167149714011598,-0.1570920331717587,-0.13491226693581623,0.003221,0.003151,0,0,0,-0.0574,9.0169,0.003179,0,0,Within synthetic screening pattern
LOT-028,LOT028-P077,9.2476,9.3784,9.6337,9.9406,9.646498000000001,4.68895834580377,-0.08507177299985648,-0.05717645161849806,-0.0027293908489195717,0.0627222462454152,0.00545,0.003904,0,0,0,-0.141,9.8905,0.003827,0,0,Within synthetic screening pattern
LOT-028,LOT028-P078,8.6491,8.807,9.054,9.1214,9.646498000000001,4.68895834580377,-0.21271206234804563,-0.17903720572635967,-0.1263602609159959,-0.1119860662592409,0.006579,0.002183,0,0,0,-0.1035,9.2105,0.003342,0,0,Within synthetic screening pattern
LOT-028,LOT028-P079,8.6308,8.8963,9.1899,9.2975,9.646498000000001,4.68895834580377,-0.2166148481376394,-0.15999246414107435,-0.097377277921144,-0.07442975054626494,0.011062,0.002786,0,0,0,-0.1004,9.3368,0.004202,0,0,Within synthetic screening pattern
LOT-028,LOT028-P080,8.2792,8.4856,8.6904,9.0271,9.646498000000001,4.68895834580377,-0.2915995193737689,-0.24758121407474412,-0.20390413594858,-0.13209714275971557,0.0086,0.00376,0,0,0,-0.0549,9.0732,0.004726,0,0,Within synthetic screening pattern
LOT-028,LOT028-P081,9.1893,9.4069,9.4909,9.6601,9.646498000000001,4.68895834580377,-0.09750523811096684,-0.05109834260191739,-0.03318391602673301,0.0029008575032813946,0.009067,0.001758,0,0,0,-0.1383,9.7318,0.003229,0,0,Within synthetic screening pattern
LOT-028,LOT028-P082,8.9153,10.0717,14.1564,20.9308,9.646498000000001,4.68895834580377,-0.15594039146335403,0.09068154772168521,0.9618131933366368,2.406569043228656,0.048183,0.07541,0,1,0,-0.0,19.996,0.065957,1,1,Projected 168h drift above safety slope
LOT-028,LOT028-P083,8.7615,8.8041,9.1184,9.1439,9.646498000000001,4.68895834580377,-0.18874085345458472,-0.1796556799771697,-0.11262586720835466,-0.10718755914088775,0.001775,0.00236,0,0,0,-0.0771,9.2274,0.002773,0,0,Within synthetic screening pattern
LOT-028,LOT028-P084,9.3089,9.4646,9.6776,9.7457,9.646498000000001,4.68895834580377,-0.07199850693963275,-0.038792837680629855,0.006633029706444838,0.02115651125132639,0.006488,0.001952,0,0,0,-0.1441,9.8407,0.003165,0,0,Within synthetic screening pattern
LOT-028,LOT028-P085,9.0068,9.1655,9.3592,9.6021,9.646498000000001,4.68895834580377,-0.1364264625153853,-0.10258099230726901,-0.06127117769282586,-0.00946862751291736,0.006612,0.003032,0,0,0,-0.136,9.607,0.003573,0,0,Within synthetic screening pattern
LOT-028,LOT028-P086,9.6449,9.8692,10.1745,10.5196,9.646498000000001,4.68895834580377,-0.0003408006388948621,0.04749498365650828,0.11260539357798244,0.1862038294243653,0.009346,0.004517,0,0,0,-0.1424,10.4141,0.004579,0,0,Within synthetic screening pattern
LOT-028,LOT028-P087,8.5698,8.7714,9.0013,9.1173,9.646498000000001,4.68895834580377,-0.2296241341029519,-0.1866295103225094,-0.1375994309220937,-0.11286046088969619,0.0084,0.002402,0,0,0,-0.0966,9.2262,0.003907,0,0,Within synthetic screening pattern
LOT-028,LOT028-P088,8.393,8.6468,8.9557,9.1609,9.646498000000001,4.68895834580377,-0.2673297367040544,-0.2132025764090328,-0.14732440534862248,-0.10356202042924338,0.010575,0.00357,0,0,0,-0.0675,9.0771,0.004072,0,0,Within synthetic screening pattern
LOT-028,LOT028-P089,8.5715,8.6782,8.8826,9.0571,9.646498000000001,4.68895834580377,-0.22926158023178753,-0.20650599314164253,-0.16291422180869375,-0.1256991332685784,0.004446,0.002631,0,0,0,-0.0787,9.1117,0.003215,0,0,Within synthetic screening pattern
LOT-028,LOT028-P090,8.4348,8.6099,8.8215,9.1104,9.646498000000001,4.68895834580377,-0.2584151768130701,-0.22107212808313192,-0.17594483447231,-0.11433200307265776,0.007296,0.003476,0,0,0,-0.0724,9.1026,0.003975,0,0,Within synthetic screening pattern
LOT-028,LOT028-P091,8.3714,8.5535,8.7319,8.8699,9.646498000000001,4.68895834580377,-0.27193630353767356,-0.23310038592647006,-0.1950535561525069,-0.16562271249327531,0.007588,0.002197,0,0,0,-0.0648,8.8955,0.00312,0,0,Within synthetic screening pattern
LOT-028,LOT028-P092,9.5294,11.0836,14.9961,22.7706,9.646498000000001,4.68895834580377,-0.024973137179773286,0.30648640785774667,1.14089347899357,2.798937638621803,0.064758,0.08116,0,1,1,0.0077,22.8752,0.079439,1,1,Dynamic lot outlier + projected drift above safety slope
LOT-028,LOT028-P093,9.2359,9.3767,9.6362,9.8524,9.646498000000001,4.68895834580377,-0.08756699670139989,-0.05753900548966242,-0.0021962233913245238,0.04391209834147141,0.005867,0.003303,0,0,0,-0.1425,9.8267,0.003517,0,0,Within synthetic screening pattern
LOT-028,LOT028-P094,9.3995,9.5455,9.7371,9.9615,9.646498000000001,4.68895834580377,-0.052676518276398035,-0.021539538752862977,0.01932241519720047,0.06717952619090736,0.006083,0.002889,0,0,0,-0.1427,9.9718,0.003407,0,0,Within synthetic screening pattern
LOT-028,LOT028-P095,41.9101,57.9842,75.9018,103.9758,9.646498000000001,4.68895834580377,6.880761060475884,10.308835872525558,14.130068367805617,20.11732564961191,0.669754,0.319386,1,1,1,0.2796,108.1976,0.394568,1,1,Exceeds static 50 µA datasheet limit
LOT-028,LOT028-P096,9.0432,9.1609,9.2908,9.6216,9.646498000000001,4.68895834580377,-0.12866354433280525,-0.10356202042924338,-0.07585863933261863,-0.005309921343677954,0.004904,0.003199,0,0,0,-0.1234,9.5578,0.003063,0,0,Within synthetic screening pattern
LOT-028,LOT028-P097,9.2788,9.4903,9.5938,9.776,9.646498000000001,4.68895834580377,-0.07841784312907366,-0.03331187621655584,-0.011238743472132056,0.027618500837375163,0.008812,0.001984,0,0,0,-0.1418,9.8766,0.003558,0,0,Within synthetic screening pattern
LOT-028,LOT028-P098,9.5363,9.6835,9.9672,10.2576,9.646498000000001,4.68895834580377,-0.023501594996811724,0.007891304906368605,0.06839514799422364,0.13032787986843275,0.006133,0.003987,0,0,0,-0.1466,10.157,0.003695,0,0,Within synthetic screening pattern
LOT-028,LOT028-P099,9.1149,9.3864,9.698,9.9836,9.646498000000001,4.68895834580377,-0.11337230164898712,-0.05547031575419459,0.010983676160418294,0.07189272651604517,0.011312,0.004147,0,0,0,-0.1337,9.9234,0.004813,0,0,Within synthetic screening pattern
LOT-028,LOT028-P100,9.1695,9.2847,9.4303,9.5003,9.646498000000001,4.68895834580377,-0.10172792437511746,-0.0771595679291499,-0.04610789519883018,-0.031179206386176783,0.0048,0.001497,0,0,0,-0.1303,9.5801,0.002444,0,0,Within synthetic screening pattern
LOT-029,LOT029-P001,9.8119,10.0015,10.1249,10.2466,10.962754,4.523805821003533,-0.254399513492978,-0.21248790024032502,-0.18520998317609835,-0.1583078558931454,0.0079,0.001702,0,0,0,-0.1384,10.3991,0.003495,0,0,Within synthetic screening pattern
LOT-029,LOT029-P002,10.1864,10.4103,10.7382,10.9007,10.962754,4.523805821003533,-0.17161523520648772,-0.12212151048460518,-0.04963829326126686,-0.013717211227743227,0.009329,0.003406,0,0,0,-0.1523,10.845,0.00392,0,0,Within synthetic screening pattern
LOT-029,LOT029-P003,8.9647,9.1507,9.2873,9.4537,10.962754,4.523805821003533,-0.4416754562548319,-0.40055963312722936,-0.3703638189378181,-0.33358063093548995,0.00775,0.002104,0,0,0,-0.0383,9.6693,0.004194,0,0,Within synthetic screening pattern
LOT-029,LOT029-P004,10.3853,10.5757,10.7281,10.96,10.962754,4.523805821003533,-0.12764783079745468,-0.0855593752947909,-0.051870926667658475,-0.0006087794456634191,0.007933,0.002669,0,0,0,-0.1571,11.0105,0.003721,0,0,Within synthetic screening pattern
LOT-029,LOT029-P005,9.5977,9.9216,10.0957,10.2487,10.962754,4.523805821003533,-0.3017490259334751,-0.23015001996019305,-0.1916647253015068,-0.1578436449868663,0.013496,0.002272,0,0,0,-0.1072,10.3199,0.004299,0,0,Within synthetic screening pattern
LOT-029,LOT029-P006,10.7498,10.9262,11.1787,11.4241,10.962754,4.523805821003533,-0.04707408063610464,-0.008080364508636608,0.047735470651146285,0.10198183084207996,0.00735,0.003458,0,0,0,-0.1531,11.3357,0.003487,0,0,Within synthetic screening pattern
LOT-029,LOT029-P007,9.3402,9.5224,9.6982,9.7048,10.962754,4.523805821003533,-0.35867012515582813,-0.3183943027157788,-0.27953321827581884,-0.27807426971322635,0.007592,0.001267,0,0,0,-0.0976,9.8282,0.002905,0,0,Within synthetic screening pattern
LOT-029,LOT029-P008,11.3756,11.5729,11.8192,12.0381,10.962754,4.523805821003533,0.09126076943515159,0.13487448934416227,0.18931979706635846,0.23770825772567125,0.008221,0.003231,0,0,0,-0.1082,12.0105,0.003779,0,0,Within synthetic screening pattern
LOT-029,LOT029-P009,9.4597,11.1654,15.2206,23.659,10.962754,4.523805821003533,-0.33225431406040595,0.04479546824471036,0.9412088335514509,2.8065408866695214,0.071071,0.086761,0,1,1,0.0188,23.3023,0.082396,1,1,Dynamic lot outlier + projected drift above safety slope
LOT-029,LOT029-P010,9.5309,9.7132,9.9964,10.222,10.962754,4.523805821003533,-0.3165153538094095,-0.27621742608810884,-0.21361526958414648,-0.16374575508098987,0.007596,0.003533,0,0,0,-0.1231,10.2065,0.004021,0,0,Within synthetic screening pattern
LOT-029,LOT029-P011,10.0054,10.142,10.3239,10.4612,10.962754,4.523805821003533,-0.21162579427152048,-0.18142998008210925,-0.14122047348581396,-0.1108699223276429,0.005692,0.002217,0,0,0,-0.1466,10.6369,0.003759,0,0,Within synthetic screening pattern
LOT-029,LOT029-P012,10.4702,10.5348,10.8513,11.0245,10.962754,4.523805821003533,-0.1088804470150169,-0.0946004353266129,-0.02463722016593451,0.013649126961488825,0.002692,0.003401,0,0,0,-0.1348,10.9521,0.002868,0,0,Within synthetic screening pattern
LOT-029,LOT029-P013,9.0761,10.2488,14.9727,19.8426,10.962754,4.523805821003533,-0.41705017294077323,-0.15782153970561494,0.8864098413292324,1.9629149329911226,0.048862,0.066624,0,1,1,0.0384,20.0823,0.065513,1,1,Dynamic lot outlier + projected drift above safety slope
LOT-029,LOT029-P014,11.0198,11.1739,11.4135,11.6198,10.962754,4.523805821003533,0.012610178742673128,0.046674417151079235,0.099638671029432,0.1452418662510683,0.006421,0.003097,0,0,0,-0.1391,11.6407,0.003696,0,0,Within synthetic screening pattern
LOT-029,LOT029-P015,8.9422,9.0499,9.435,9.6859,10.962754,4.523805821003533,-0.44664914453639687,-0.42284175662864004,-0.3377143185295014,-0.2822521678697409,0.004487,0.004417,0,0,0,-0.0297,9.6455,0.004186,0,0,Within synthetic screening pattern
LOT-029,LOT029-P016,9.473,9.6567,9.9158,10.1533,10.962754,4.523805821003533,-0.3293143116539697,-0.2887069099951493,-0.23143212627277396,-0.17893208330070107,0.007654,0.003449,0,0,0,-0.1181,10.2217,0.004457,0,0,Within synthetic screening pattern
LOT-029,LOT029-P017,10.0046,10.1482,10.2547,10.3576,10.962754,4.523805821003533,-0.21180263652153167,-0.18005945264452256,-0.1565173281117823,-0.1337709937040925,0.005983,0.001454,0,0,0,-0.1441,10.6333,0.003742,0,0,Within synthetic screening pattern
LOT-029,LOT029-P018,10.189,10.3817,10.5201,10.6636,10.962754,4.523805821003533,-0.17104049789395148,-0.12844362092250514,-0.09784991167056888,-0.06612883307481073,0.008029,0.001958,0,0,0,-0.1521,10.7821,0.00353,0,0,Within synthetic screening pattern
LOT-029,LOT029-P019,11.1531,11.291,11.5015,11.7863,10.962754,4.523805821003533,0.04207651865078831,0.07255970149646786,0.11909131853066311,0.1820471595346482,0.005746,0.00344,0,0,0,-0.1272,11.7732,0.003691,0,0,Within synthetic screening pattern
LOT-029,LOT029-P020,10.2012,11.5562,16.2919,21.7519,10.962754,4.523805821003533,-0.16834365358128078,0.13118290737517857,1.1780227115976905,2.3849710679240874,0.056458,0.070803,0,1,0,-0.0123,22.2221,0.071553,1,1,Projected 168h drift above safety slope
LOT-029,LOT029-P021,11.6875,11.9204,12.0209,12.2737,10.962754,4.523805821003533,0.16020714165826563,0.21169034169277456,0.23390614935043041,0.28978830035396774,0.009704,0.002453,0,0,0,-0.0581,12.4209,0.004365,0,0,Within synthetic screening pattern
LOT-029,LOT029-P022,10.7471,10.9272,11.0624,11.1785,10.962754,4.523805821003533,-0.047670923229892595,-0.007859311696122738,0.022027028555769233,0.047691260088643585,0.007504,0.001745,0,0,0,-0.1544,11.2734,0.003133,0,0,Within synthetic screening pattern
LOT-029,LOT029-P023,11.0709,11.2365,11.4449,11.6029,10.962754,4.523805821003533,0.023905977462138107,0.06051232321445509,0.10657972934237127,0.1415060737195819,0.0069,0.002544,0,0,0,-0.1375,11.5997,0.003148,0,0,Within synthetic screening pattern
LOT-029,LOT029-P024,10.01,10.1546,10.4393,10.7687,10.962754,4.523805821003533,-0.21060895133395613,-0.17864471464443277,-0.11571097892169943,-0.04289618247959011,0.006025,0.004265,0,0,0,-0.1483,10.5752,0.003364,0,0,Within synthetic screening pattern
LOT-029,LOT029-P025,10.416,10.6494,10.8508,10.952,10.962754,4.523805821003533,-0.12086150945327521,-0.06926778301250955,-0.024747746572191642,-0.0023772019457755536,0.009725,0.002101,0,0,0,-0.1565,11.0104,0.003538,0,0,Within synthetic screening pattern
LOT-029,LOT029-P026,11.1744,11.3517,11.7007,11.8117,10.962754,4.523805821003533,0.04678494355733637,0.08597760721606693,0.1631250387834502,0.18766190097250346,0.007387,0.003194,0,0,0,-0.1261,11.8533,0.004041,0,0,Within synthetic screening pattern
LOT-029,LOT029-P027,9.7916,9.9998,10.3071,10.4849,10.962754,4.523805821003533,-0.2588868855870118,-0.2128636900215987,-0.144934160736049,-0.10563097067106132,0.008675,0.003369,0,0,0,-0.1403,10.4684,0.004029,0,0,Within synthetic screening pattern
LOT-029,LOT029-P028,11.2651,11.4301,11.6368,11.9445,10.962754,4.523805821003533,0.06683443365235545,0.10330814771716396,0.14899976406380605,0.21701771447436152,0.006875,0.003572,0,0,0,-0.1158,11.8862,0.003697,0,0,Within synthetic screening pattern
LOT-029,LOT029-P029,10.0024,10.191,10.5092,10.7046,10.962754,4.523805821003533,-0.21228895270906248,-0.17059839226892334,-0.10025938732697126,-0.057065667761737354,0.007858,0.003567,0,0,0,-0.1513,10.6924,0.004107,0,0,Within synthetic screening pattern
LOT-029,LOT029-P030,9.8979,10.0652,10.3475,10.6002,10.962754,4.523805821003533,-0.2353889716167746,-0.19840683608318355,-0.13600362711048372,-0.08014358138819815,0.006971,0.003715,0,0,0,-0.1465,10.4908,0.003529,0,0,Within synthetic screening pattern
LOT-029,LOT029-P031,9.5996,9.7362,9.8788,9.9678,10.962754,4.523805821003533,-0.3013290255896983,-0.27113321140028707,-0.23961108033579184,-0.21993738002204646,0.005692,0.001608,0,0,0,-0.1194,10.0988,0.002971,0,0,Within synthetic screening pattern
LOT-029,LOT029-P032,9.868,10.1476,10.2416,10.3903,10.962754,4.523805821003533,-0.2419984507109429,-0.18019208433203063,-0.1594131199557155,-0.12654256673488493,0.01165,0.001685,0,0,0,-0.1331,10.5032,0.003781,0,0,Within synthetic screening pattern
LOT-029,LOT029-P033,10.7143,10.9782,11.1896,11.395,10.962754,4.523805821003533,-0.05492145548035152,0.003414381742090892,0.05014494630754907,0.09554919399792286,0.010996,0.002894,0,0,0,-0.1461,11.4424,0.004334,0,0,Within synthetic screening pattern
LOT-029,LOT029-P034,10.2693,10.4249,10.665,10.8566,10.962754,4.523805821003533,-0.15328995704907805,-0.11889413942190095,-0.06581935913729146,-0.023465640259610333,0.006483,0.002998,0,0,0,-0.1502,10.8691,0.00357,0,0,Within synthetic screening pattern
LOT-029,LOT029-P035,10.5018,10.65,10.7696,10.9431,10.962754,4.523805821003533,-0.10189517813957492,-0.06913515132500107,-0.04269723494832759,-0.00434457197715021,0.006175,0.002035,0,0,0,-0.1541,11.0281,0.003133,0,0,Within synthetic screening pattern
LOT-029,LOT029-P036,10.7232,10.9651,11.3054,11.4454,10.962754,4.523805821003533,-0.05295408544897687,0.0005185898981576692,0.07574286199666938,0.106690255748628,0.010079,0.003335,0,0,0,-0.1476,11.4421,0.004279,0,0,Within synthetic screening pattern
LOT-029,LOT029-P037,11.2792,11.4684,11.7482,12.0409,10.962754,4.523805821003533,0.06995127830880254,0.11177447043645014,0.1736250473778651,0.23832720560071058,0.007883,0.003976,0,0,0,-0.1155,11.9791,0.004166,0,0,Within synthetic screening pattern
LOT-029,LOT029-P038,9.8299,10.0148,10.276,10.4015,10.962754,4.523805821003533,-0.250420562867726,-0.20954789783388908,-0.15180890320523424,-0.12406677523472809,0.007704,0.002685,0,0,0,-0.1429,10.3552,0.003127,0,0,Within synthetic screening pattern
LOT-029,LOT029-P039,10.6725,10.8511,10.9837,11.283,10.962754,4.523805821003533,-0.06416146304343645,-0.024681430728437204,0.004630172210918156,0.07079127899635572,0.007442,0.002999,0,0,0,-0.1533,11.3245,0.003881,0,0,Within synthetic screening pattern
LOT-029,LOT029-P040,9.2702,9.394,9.7121,10.0303,10.962754,4.523805821003533,-0.37414382203180724,-0.3467774838425752,-0.2764605841818744,-0.20612157923992194,0.005158,0.004419,0,0,0,-0.083,9.9821,0.004238,0,0,Within synthetic screening pattern
LOT-029,LOT029-P041,10.854,11.027,11.2183,11.3633,10.962754,4.523805821003533,-0.024040377572146943,0.014201758992773695,0.05648916202670039,0.08854181984122954,0.007208,0.002335,0,0,0,-0.1507,11.3979,0.003238,0,0,Within synthetic screening pattern
LOT-029,LOT029-P042,10.427,10.5907,10.9592,11.1177,10.962754,4.523805821003533,-0.11842992851562148,-0.08224358310708088,-0.0007856216956749858,0.03425124908779278,0.006821,0.00366,0,0,0,-0.1562,11.0867,0.003927,0,0,Within synthetic screening pattern
LOT-029,LOT029-P043,10.3082,12.06,16.6021,22.9103,10.962754,4.523805821003533,-0.1446910026422838,0.2425493143197278,1.2465932940395312,2.641038645940296,0.072992,0.075349,0,1,1,0.0211,23.3552,0.077661,1,1,Dynamic lot outlier + projected drift above safety slope
LOT-029,LOT029-P044,10.588,10.7797,11.1171,11.4792,10.962754,4.523805821003533,-0.08284042570086884,-0.04046460154193637,0.03411861740028469,0.11416184081160119,0.007988,0.004858,0,0,0,-0.1569,11.3556,0.004569,0,0,Within synthetic screening pattern
LOT-029,LOT029-P045,11.3593,11.5613,11.7497,11.9133,10.962754,4.523805821003533,0.08765760859117327,0.13231027671899967,0.1739566265966361,0.21012086672392494,0.008417,0.002444,0,0,0,-0.1088,11.9268,0.003378,0,0,Within synthetic screening pattern
LOT-029,LOT029-P046,10.7995,10.9721,11.1461,11.2857,10.962754,4.523805821003533,-0.03608775585415931,0.0020659595857555413,0.040529148963190445,0.07138812159014368,0.007192,0.002178,0,0,0,-0.153,11.5268,0.004329,0,0,Within synthetic screening pattern
LOT-029,LOT029-P047,9.0227,9.1971,9.5735,9.6555,10.962754,4.523805821003533,-0.4288543931290204,-0.3903027826265801,-0.3070985039963138,-0.2889721733701663,0.007267,0.003183,0,0,0,-0.0524,9.5992,0.003432,0,0,Within synthetic screening pattern
LOT-029,LOT029-P048,10.2785,10.4702,10.6973,10.9612,10.962754,4.523805821003533,-0.15125627117394935,-0.1088804470150169,-0.05867935329308927,-0.00034351607064685407,0.007988,0.00341,0,0,0,-0.1551,10.9478,0.003984,0,0,Within synthetic screening pattern
LOT-029,LOT029-P049,9.9555,10.2013,10.5885,10.7459,10.962754,4.523805821003533,-0.2226563296159685,-0.16832154830002943,-0.0827298992946117,-0.04793618660490916,0.010242,0.003782,0,0,0,-0.1437,10.6823,0.004326,0,0,Within synthetic screening pattern
LOT-029,LOT029-P050,11.11,12.3673,17.3506,24.8466,10.962754,4.523805821003533,0.03254914243143508,0.3104788436052775,1.4120513242062542,3.0690632068111383,0.052388,0.086662,0,1,1,0.055,18.9564,0.046705,1,1,Dynamic lot outlier + projected drift above safety slope
LOT-029,LOT029-P051,9.8439,10.0466,10.4252,10.6567,10.962754,4.523805821003533,-0.24732582349253024,-0.20251841839594403,-0.11882782357814652,-0.06765409748115725,0.008446,0.004237,0,0,0,-0.1426,10.5475,0.004188,0,0,Within synthetic screening pattern
LOT-029,LOT029-P052,10.1537,10.3016,10.5402,10.8248,10.962754,4.523805821003533,-0.17884366217569528,-0.14614995120487587,-0.09340675013903738,-0.03049511969755539,0.006162,0.003633,0,0,0,-0.1519,10.7994,0.003843,0,0,Within synthetic screening pattern
LOT-029,LOT029-P053,9.6555,9.8715,10.1892,10.3935,10.962754,4.523805821003533,-0.2889721733701663,-0.24122476586714414,-0.17099628733144878,-0.12583519773484023,0.009,0.003625,0,0,0,-0.1365,10.3658,0.004228,0,0,Within synthetic screening pattern
LOT-029,LOT029-P054,9.9872,10.1064,10.371,10.4482,10.962754,4.523805821003533,-0.21564895545927518,-0.1892994602076071,-0.13080888601640484,-0.11374360889032477,0.004967,0.002374,0,0,0,-0.1434,10.4959,0.003028,0,0,Within synthetic screening pattern
LOT-029,LOT029-P055,10.0921,11.417,15.7602,24.1575,10.962754,4.523805821003533,-0.19246051542655726,0.10041235587323073,1.0604889311840011,2.9167357137077468,0.055204,0.088476,0,1,0,-0.0213,23.7096,0.081057,1,1,Projected 168h drift above safety slope
LOT-029,LOT029-P056,10.3368,10.469,10.7249,10.9608,10.962754,4.523805821003533,-0.13836889220438342,-0.10914571039003385,-0.052578295667703175,-0.00043193719565224486,0.005508,0.003415,0,0,0,-0.1536,10.9111,0.003418,0,0,Within synthetic screening pattern
LOT-029,LOT029-P057,11.0085,11.2339,11.5897,11.6534,10.962754,4.523805821003533,0.010112281961264949,0.059937585901918874,0.13858817659439732,0.1526692407515384,0.009392,0.002913,0,0,0,-0.1358,11.6297,0.003698,0,0,Within synthetic screening pattern
LOT-029,LOT029-P058,10.8333,10.9705,11.0999,11.4219,10.962754,4.523805821003533,-0.02861617079118652,0.0017122750857331932,0.030316509025043858,0.10149551465454952,0.005717,0.003135,0,0,0,-0.1501,11.4582,0.00372,0,0,Within synthetic screening pattern
LOT-029,LOT029-P059,9.2928,9.547,9.7233,9.9309,10.962754,4.523805821003533,-0.36914802846899125,-0.3129564035279343,-0.2739847926817176,-0.228094228803813,0.010592,0.002666,0,0,0,-0.0872,9.9468,0.003893,0,0,Within synthetic screening pattern
LOT-029,LOT029-P060,11.5579,11.7566,12.0772,12.2674,10.962754,4.523805821003533,0.13155869715645227,0.17548189100298262,0.24635142269496824,0.2883956676351297,0.008279,0.003547,0,0,0,-0.0766,12.1601,0.003585,0,0,Within synthetic screening pattern
LOT-029,LOT029-P061,9.4929,9.6382,9.8213,10.1195,10.962754,4.523805821003533,-0.32491536068494126,-0.29279638702665844,-0.2523216170553462,-0.18640366836367386,0.006054,0.003342,0,0,0,-0.1139,10.0992,0.003609,0,0,Within synthetic screening pattern
LOT-029,LOT029-P062,11.9096,12.1287,12.4198,12.5816,10.962754,4.523805821003533,0.20930297131762313,0.257735642539439,0.32208411626226213,0.3578504613270259,0.009129,0.003145,0,0,0,-0.0116,12.6111,0.004176,0,0,Within synthetic screening pattern
LOT-029,LOT029-P063,10.5757,10.7229,11.0178,11.258,10.962754,4.523805821003533,-0.0855593752947909,-0.053020401292731306,0.012168073117644996,0.06526495868350583,0.006133,0.003716,0,0,0,-0.1566,11.256,0.004049,0,0,Within synthetic screening pattern
LOT-029,LOT029-P064,10.0447,10.1419,10.3772,10.6446,10.962754,4.523805821003533,-0.20293841873972043,-0.1814520853633606,-0.12943835857881814,-0.0703288365125766,0.00405,0.003491,0,0,0,-0.138,10.6239,0.003448,0,0,Within synthetic screening pattern
LOT-029,LOT029-P065,10.2873,10.4857,10.6358,10.8762,10.962754,4.523805821003533,-0.14931100642382605,-0.10545412842105015,-0.07227410126269991,-0.019133005134335978,0.008267,0.002712,0,0,0,-0.1534,10.9047,0.003675,0,0,Within synthetic screening pattern
LOT-029,LOT029-P066,10.9286,11.1449,11.6266,11.9282,10.962754,4.523805821003533,-0.007549837758603086,0.04026388558817349,0.14674502537616346,0.2134145536303836,0.009013,0.00544,0,0,0,-0.1381,11.4129,0.002883,0,0,Within synthetic screening pattern
LOT-029,LOT029-P067,11.5509,11.7057,11.9787,12.0772,10.962754,4.523805821003533,0.1300113274688544,0.16423030284602033,0.2245777206623401,0.24635142269496824,0.00645,0.00258,0,0,0,-0.0762,12.1951,0.003835,0,0,Within synthetic screening pattern
LOT-029,LOT029-P068,10.4973,11.7309,16.9721,23.6996,10.962754,4.523805821003533,-0.10288991579588792,0.16980083372137292,1.3283828346697084,2.81551563085759,0.0514,0.083116,0,1,1,0.001,23.2419,0.075861,1,1,Dynamic lot outlier + projected drift above safety slope
LOT-029,LOT029-P069,9.983,11.495,15.7535,22.7394,10.962754,4.523805821003533,-0.21657737727183374,0.11765447524932199,1.0590078773401577,2.6032607202816545,0.063,0.078086,0,1,0,-0.0103,23.0298,0.07766,1,1,Projected 168h drift above safety slope
LOT-029,LOT029-P070,10.0297,10.2036,10.4514,10.5621,10.962754,4.523805821003533,-0.20625421092743043,-0.16781312683124727,-0.11303623989028007,-0.08856569354498124,0.007246,0.00249,0,0,0,-0.1506,10.6489,0.003686,0,0,Within synthetic screening pattern
LOT-029,LOT029-P071,10.2239,10.4982,10.7542,11.0082,10.962754,4.523805821003533,-0.16332575473721309,-0.10269096826462501,-0.04610144826104298,0.010045966117510905,0.011429,0.003542,0,0,0,-0.1455,10.9871,0.004543,0,0,Within synthetic screening pattern
LOT-029,LOT029-P072,10.8008,10.9741,11.3891,11.6043,10.962754,4.523805821003533,-0.03580038719789101,0.0025080652107836734,0.0942449824040902,0.14181554765710155,0.007221,0.004376,0,0,0,-0.1501,11.5424,0.004414,0,0,Within synthetic screening pattern
LOT-029,LOT029-P073,10.579,10.8786,11.1381,11.4426,10.962754,4.523805821003533,-0.08482990101349445,-0.018602478384302453,0.03876072646307831,0.1060713078735891,0.012483,0.003917,0,0,0,-0.1408,11.383,0.004786,0,0,Within synthetic screening pattern
LOT-029,LOT029-P074,10.4797,10.6465,10.9499,11.2092,10.962754,4.523805821003533,-0.10678044529613415,-0.06990883616880021,-0.002841412852055033,0.05447758143282303,0.00695,0.003908,0,0,0,-0.1563,11.1719,0.00412,0,0,Within synthetic screening pattern
LOT-029,LOT029-P075,10.0899,10.3695,10.6373,10.5601,10.962754,4.523805821003533,-0.1929468316140881,-0.13114046523517583,-0.07194252204392891,-0.08900779917000898,0.01165,0.001324,0,0,0,-0.1418,10.6884,0.003562,0,0,Within synthetic screening pattern
LOT-029,LOT029-P076,10.6642,10.7473,11.0535,11.281,10.962754,4.523805821003533,-0.06599620138730264,-0.0476267126673899,0.020059658524394577,0.07034917337132798,0.003462,0.003706,0,0,0,-0.1436,11.1991,0.003184,0,0,Within synthetic screening pattern
LOT-029,LOT029-P077,10.3998,10.6722,10.9156,11.0011,10.962754,4.523805821003533,-0.12444256501600179,-0.0642277788871905,-0.01042352432128496,0.008476491148661293,0.01135,0.002284,0,0,0,-0.147,11.0664,0.003968,0,0,Within synthetic screening pattern
LOT-029,LOT029-P078,11.1649,11.4163,11.6116,11.8345,10.962754,4.523805821003533,0.044684941838453236,0.10025761890447091,0.14342923318845346,0.1927019050978225,0.010475,0.002904,0,0,0,-0.1209,11.8848,0.004285,0,0,Within synthetic screening pattern
LOT-029,LOT029-P079,10.9593,11.2916,11.5115,11.7386,10.962754,4.523805821003533,-0.0007635164144232455,0.07269233318397633,0.12130184665580299,0.17150294037773062,0.013846,0.003104,0,0,0,-0.1157,11.8802,0.005482,0,0,Within synthetic screening pattern
LOT-029,LOT029-P080,10.8534,10.9876,11.2528,11.4395,10.962754,4.523805821003533,-0.02417300925965503,0.005492278179722679,0.0641154840584334,0.10538604415479574,0.005592,0.003138,0,0,0,-0.148,11.4145,0.00334,0,0,Within synthetic screening pattern
LOT-029,LOT029-P081,9.8101,9.9595,10.2214,10.3882,10.962754,4.523805821003533,-0.25479740855550304,-0.22177211836591262,-0.16387838676849834,-0.12700677764116441,0.006225,0.002977,0,0,0,-0.1407,10.4035,0.003532,0,0,Within synthetic screening pattern
LOT-029,LOT029-P082,10.613,10.7093,11.0116,11.1816,10.962754,4.523805821003533,-0.07731410538801896,-0.056026719542921266,0.010797545680058298,0.048376523807436934,0.004013,0.00328,0,0,0,-0.1466,11.1753,0.003347,0,0,Within synthetic screening pattern
LOT-029,LOT029-P083,10.05,10.2,10.3671,10.6232,10.962754,4.523805821003533,-0.20176683883339624,-0.16860891695629773,-0.13167099198520937,-0.075059366700376,0.00625,0.002939,0,0,0,-0.1492,10.6714,0.003699,0,0,Within synthetic screening pattern
LOT-029,LOT029-P084,43.9893,58.8395,84.7278,114.6992,10.962754,4.523805821003533,7.300610880922735,10.58328935731802,16.305970883524,22.931233148505864,0.618758,0.387915,1,1,1,0.2746,109.6701,0.390957,1,1,Exceeds static 50 µA datasheet limit
LOT-029,LOT029-P085,10.5774,10.7902,11.067,11.2304,10.962754,4.523805821003533,-0.0851835855135168,-0.03814354701053936,0.023043871493333583,0.059163901058119736,0.008867,0.003057,0,0,0,-0.1565,11.2474,0.003988,0,0,Within synthetic screening pattern
LOT-029,LOT029-P086,10.9821,11.1479,11.3003,11.4461,10.962754,4.523805821003533,0.004276487710895808,0.04092704402571549,0.0746154926528479,0.10684499271738783,0.006908,0.002071,0,0,0,-0.1435,11.5189,0.003195,0,0,Within synthetic screening pattern
LOT-029,LOT029-P087,10.0981,11.4784,16.643,22.9697,10.962754,4.523805821003533,-0.19113419855147326,0.11398499856159001,1.2556343540713535,2.654169183003627,0.057513,0.079801,0,1,0,-0.01,22.5479,0.074106,1,1,Projected 168h drift above safety slope
LOT-029,LOT029-P088,10.3535,10.5725,10.7548,10.9014,10.962754,4.523805821003533,-0.13467731023539972,-0.08626674429483558,-0.0459688165735349,-0.0135624742589834,0.009125,0.002284,0,0,0,-0.1565,10.9831,0.003748,0,0,Within synthetic screening pattern
LOT-029,LOT029-P089,9.9514,10.2493,10.5042,10.7501,10.962754,4.523805821003533,-0.2235626461472761,-0.1577110132993578,-0.10136465138954101,-0.047007764792350595,0.012413,0.003478,0,0,0,-0.1309,10.7356,0.004668,0,0,Within synthetic screening pattern
LOT-029,LOT029-P090,9.4709,9.6801,9.9222,10.2067,10.962754,4.523805821003533,-0.32977852256024914,-0.2835342741823222,-0.23001738827268456,-0.16712786311245392,0.008717,0.003657,0,0,0,-0.1186,10.1732,0.00418,0,0,Within synthetic screening pattern
LOT-029,LOT029-P091,10.7096,10.8388,11.1606,11.3995,10.962754,4.523805821003533,-0.05596040369916722,-0.027400380322359252,0.04373441474464332,0.09654393165423586,0.005383,0.003894,0,0,0,-0.1509,11.3763,0.003968,0,0,Within synthetic screening pattern
LOT-029,LOT029-P092,10.752,10.9635,11.2612,11.5104,10.962754,4.523805821003533,-0.046587764448573814,0.0001649053981353208,0.06597232768355092,0.12105868856203778,0.008812,0.003798,0,0,0,-0.1513,11.4657,0.004248,0,0,Within synthetic screening pattern
LOT-029,LOT029-P093,9.7197,9.8674,10.1216,10.5978,10.962754,4.523805821003533,-0.2747805828067681,-0.24213108239845135,-0.18593945745739437,-0.08067410813823166,0.006154,0.005072,0,0,0,-0.136,10.3383,0.003682,0,0,Within synthetic screening pattern
LOT-029,LOT029-P094,9.7373,9.9967,10.2592,10.5803,10.962754,4.523805821003533,-0.2708900533065219,-0.21354895374039204,-0.1555225904554693,-0.08454253235722654,0.010808,0.004053,0,0,0,-0.1307,10.3854,0.003858,0,0,Within synthetic screening pattern
LOT-029,LOT029-P095,10.5488,10.6732,10.8702,11.0642,10.962754,4.523805821003533,-0.09150569595141717,-0.06400672607467663,-0.02045932200941998,0.022424923618294276,0.005183,0.002715,0,0,0,-0.152,11.0911,0.003228,0,0,Within synthetic screening pattern
LOT-029,LOT029-P096,40.23,54.2619,74.586,98.1947,10.962754,4.523805821003533,6.469607042838884,9.571398002753968,14.064097469569596,19.28286700436868,0.584662,0.305089,1,1,1,0.2792,105.3521,0.387632,1,1,Exceeds static 50 µA datasheet limit
LOT-029,LOT029-P097,10.2309,10.4292,10.7361,10.7822,10.962754,4.523805821003533,-0.1617783850496152,-0.11794361232809064,-0.050102504167546344,-0.0399119695106515,0.008262,0.002451,0,0,0,-0.1525,10.8339,0.003589,0,0,Within synthetic screening pattern
LOT-029,LOT029-P098,9.8708,10.0947,10.4092,10.5192,10.962754,4.523805821003533,-0.24137950283590398,-0.19188577811402105,-0.12236466857837039,-0.09804885920183139,0.009329,0.002948,0,0,0,-0.1454,10.5071,0.003788,0,0,Within synthetic screening pattern
LOT-029,LOT029-P099,10.5505,10.6863,10.9073,11.0136,10.962754,4.523805821003533,-0.09112990617014347,-0.06111093423074341,-0.012258262665151138,0.01123965130508643,0.005658,0.002273,0,0,0,-0.1522,11.0769,0.003133,0,0,Within synthetic screening pattern
LOT-029,LOT029-P100,10.3233,10.4781,10.7514,11.08,10.962754,4.523805821003533,-0.14135310517332242,-0.1071341297961565,-0.04672039613608229,0.025917558056015456,0.00645,0.00418,0,0,0,-0.1564,10.96,0.00379,0,0,Within synthetic screening pattern
LOT-030,LOT030-P001,9.5084,9.6502,9.6427,9.9062,9.974194,3.9104941912192634,-0.1191138452643423,-0.08285244374675362,-0.08477035990600555,-0.017387572177623035,0.005908,0.001778,0,0,0,-0.147,9.9721,0.00276,0,0,Within synthetic screening pattern
LOT-030,LOT030-P002,9.9744,10.1269,10.3746,10.4224,9.974194,3.9104941912192634,5.267876384042573e-05,0.03905030733529509,0.10239268502152021,0.11461620400981894,0.006354,0.002052,0,0,0,-0.1536,10.5637,0.003508,0,0,Within synthetic screening pattern
LOT-030,LOT030-P003,9.6814,9.8477,10.1401,10.2407,9.974194,3.9104941912192634,-0.0748739125242658,-0.032347318219787737,0.04242583977557869,0.06815148852501046,0.006929,0.002729,0,0,0,-0.1586,10.2423,0.003339,0,0,Within synthetic screening pattern
LOT-030,LOT030-P004,9.7131,9.9912,10.1363,10.3151,9.974194,3.9104941912192634,-0.06676752022449438,0.004348810960564597,0.04145409558822441,0.08717721682478874,0.011587,0.002249,0,0,0,-0.1501,10.2797,0.003373,0,0,Within synthetic screening pattern
LOT-030,LOT030-P005,9.4944,9.7329,9.944,10.2016,9.974194,3.9104941912192634,-0.12269395542827895,-0.06170422156406943,-0.007721274734993421,0.058152752281443724,0.009938,0.003255,0,0,0,-0.155,10.1983,0.00419,0,0,Within synthetic screening pattern
LOT-030,LOT030-P006,10.289,10.4515,10.6979,10.8364,9.974194,3.9104941912192634,0.08050286859059234,0.12205771870771612,0.18506765759300456,0.22048517600052212,0.006771,0.002673,0,0,0,-0.1392,10.8366,0.00326,0,0,Within synthetic screening pattern
LOT-030,LOT030-P007,10.1316,10.3329,10.6033,10.8388,9.974194,3.9104941912192634,0.04025220146175998,0.09172907117608013,0.16087634177097435,0.22109890917148312,0.008387,0.003513,0,0,0,-0.1444,10.7997,0.003977,0,0,Within synthetic screening pattern
LOT-030,LOT030-P008,9.7505,11.0072,15.741,24.0202,9.974194,3.9104941912192634,-0.057203511643691744,0.26416252000055135,1.474700055289419,3.5918749173798306,0.052362,0.090368,0,1,0,-0.0053,22.7484,0.077368,1,1,Projected 168h drift above safety slope
LOT-030,LOT030-P009,9.1331,9.3085,9.4096,9.5201,9.974194,3.9104941912192634,-0.21508636987330573,-0.1702327039622687,-0.14437919413555378,-0.11612189605590953,0.007308,0.001469,0,0,0,-0.1361,9.6306,0.002961,0,0,Within synthetic screening pattern
LOT-030,LOT030-P010,9.3378,9.464,9.715,9.9322,9.974194,3.9104941912192634,-0.16274004483345825,-0.13046790892711324,-0.06628164813081745,-0.010738796158883266,0.005258,0.003251,0,0,0,-0.1485,9.8918,0.003298,0,0,Within synthetic screening pattern
LOT-030,LOT030-P011,9.5554,9.6655,10.0011,10.118,9.974194,3.9104941912192634,-0.10709490399969708,-0.07893989478187982,0.006880460290777071,0.036774380159649844,0.004587,0.003142,0,0,0,-0.149,10.0856,0.003156,0,0,Within synthetic screening pattern
LOT-030,LOT030-P012,9.7846,9.9027,10.0054,10.0568,9.974194,3.9104941912192634,-0.04848338617296024,-0.018282599718607427,0.007980065555414974,0.021124184300154718,0.004921,0.00107,0,0,0,-0.1509,10.2376,0.002696,0,0,Within synthetic screening pattern
LOT-030,LOT030-P013,9.8176,10.0172,10.2405,10.2863,9.974194,3.9104941912192634,-0.040044555072251686,0.010997586979304818,0.0681003440940972,0.07981241877326191,0.008317,0.001869,0,0,0,-0.1574,10.357,0.003211,0,0,Within synthetic screening pattern
LOT-030,LOT030-P014,10.3045,10.5023,10.7566,11.0472,9.974194,3.9104941912192634,0.08446656198637983,0.1350484041597156,0.20007854806608252,0.2743914061832282,0.008242,0.003784,0,0,0,-0.1381,10.9575,0.003887,0,0,Within synthetic screening pattern
LOT-030,LOT030-P015,9.8019,10.7714,15.2274,22.9604,9.974194,3.9104941912192634,-0.04405939289895246,0.2038632359536727,1.3433611567038506,3.320860577969813,0.040396,0.084646,0,1,0,-0.0092,19.265,0.056328,1,1,Projected 168h drift above safety slope
LOT-030,LOT030-P016,8.7438,8.9953,9.3115,9.6821,9.974194,3.9104941912192634,-0.31463900464620626,-0.2503248827726269,-0.1694655374985679,-0.07469490701606891,0.010479,0.004769,0,0,0,-0.0955,9.6009,0.005102,0,0,Within synthetic screening pattern
LOT-030,LOT030-P017,9.4101,9.6209,9.783,9.964,9.974194,3.9104941912192634,-0.14425133305827015,-0.09034510287556405,-0.04889254162026726,-0.0026068316436552086,0.008783,0.002383,0,0,0,-0.1555,10.0066,0.003551,0,0,Within synthetic screening pattern
LOT-030,LOT030-P018,8.8609,9.1044,9.3115,9.5379,9.974194,3.9104941912192634,-0.2846939403464202,-0.22242559570937637,-0.1694655374985679,-0.11157004170461814,0.010146,0.00301,0,0,0,-0.1135,9.5495,0.004099,0,0,Within synthetic screening pattern
LOT-030,LOT030-P019,9.4574,9.6549,10.09,10.3967,9.974194,3.9104941912192634,-0.13215567514725504,-0.08165054962028918,0.029614159831776076,0.10804414463744906,0.008229,0.005151,0,0,0,-0.1523,10.291,0.004962,0,0,Within synthetic screening pattern
LOT-030,LOT030-P020,8.6909,8.885,9.2574,9.4538,9.974194,3.9104941912192634,-0.3281667066227964,-0.27853103642135785,-0.1833001060606381,-0.13307627490369608,0.008088,0.00395,0,0,0,-0.0962,9.3922,0.004174,0,0,Within synthetic screening pattern
LOT-030,LOT030-P021,9.5985,9.7378,9.934,10.1276,9.974194,3.9104941912192634,-0.09607327913786325,-0.06045118300669173,-0.010278496280662982,0.03922931284349197,0.005804,0.002707,0,0,0,-0.1546,10.1429,0.00324,0,0,Within synthetic screening pattern
LOT-030,LOT030-P022,9.5093,9.7031,10.072,10.3603,9.974194,3.9104941912192634,-0.11888369532523214,-0.06932474177016393,0.025011161049571413,0.09873585821121367,0.008075,0.004564,0,0,0,-0.1538,10.2352,0.004321,0,0,Within synthetic screening pattern
LOT-030,LOT030-P023,9.3578,9.5969,9.8732,10.1115,9.974194,3.9104941912192634,-0.15762560174212004,-0.09648243458517027,-0.02582640327833113,0.03511218615496468,0.009963,0.003574,0,0,0,-0.1523,10.0695,0.004236,0,0,Within synthetic screening pattern
LOT-030,LOT030-P024,9.5198,9.791,10.1437,10.4062,9.974194,3.9104941912192634,-0.11619861270227944,-0.046846764383731705,0.04334643953201972,0.11047350510583501,0.0113,0.004272,0,0,0,-0.1484,10.2984,0.004635,0,0,Within synthetic screening pattern
LOT-030,LOT030-P025,9.9635,10.1627,10.3599,10.5409,9.974194,3.9104941912192634,-0.002734692720938823,0.048205160468790705,0.09863356934938668,0.14491927932599874,0.0083,0.002626,0,0,0,-0.1532,10.5364,0.00341,0,0,Within synthetic screening pattern
LOT-030,LOT030-P026,9.5077,9.7719,9.9579,10.1015,9.974194,3.9104941912192634,-0.11929285077253918,-0.051731057535959774,-0.004166736786513395,0.03255496460929557,0.011008,0.002289,0,0,0,-0.1522,10.1915,0.00407,0,0,Within synthetic screening pattern
LOT-030,LOT030-P027,10.4016,10.4833,10.801,11.0401,9.974194,3.9104941912192634,0.10929718319482722,0.13018968322294416,0.2114326117288535,0.27257577888580325,0.003404,0.003867,0,0,0,-0.1185,11.0001,0.003562,0,0,Within synthetic screening pattern
LOT-030,LOT030-P028,10.7598,10.9522,11.19,11.3099,9.974194,3.9104941912192634,0.20089685896069656,0.25009780149937105,0.3109085298553837,0.3415696161879572,0.008017,0.002484,0,0,0,-0.0861,11.3889,0.003745,0,0,Within synthetic screening pattern
LOT-030,LOT030-P029,9.7573,9.8843,10.1361,10.2164,9.974194,3.9104941912192634,-0.05546460099263668,-0.02298788736263862,0.041402951157311144,0.061937440169034345,0.005292,0.002306,0,0,0,-0.1557,10.2905,0.003174,0,0,Within synthetic screening pattern
LOT-030,LOT030-P030,9.4871,9.5995,9.7641,9.8389,9.974194,3.9104941912192634,-0.12456072715661763,-0.09581755698329603,-0.05372569034158207,-0.03459767317997635,0.004683,0.001662,0,0,0,-0.147,9.9389,0.002689,0,0,Within synthetic screening pattern
LOT-030,LOT030-P031,9.4801,9.6488,9.9351,10.2539,9.974194,3.9104941912192634,-0.12635078223858595,-0.08321045476314737,-0.009997201910639122,0.0715270209652936,0.007029,0.004202,0,0,0,-0.1577,10.1748,0.004135,0,0,Within synthetic screening pattern
LOT-030,LOT030-P032,8.9611,9.1471,9.4481,9.7742,9.974194,3.9104941912192634,-0.2590705804588154,-0.21150625970936907,-0.13453389118472728,-0.05114289658045587,0.00775,0.004355,0,0,0,-0.1315,9.6901,0.004339,0,0,Within synthetic screening pattern
LOT-030,LOT030-P033,9.9099,10.1452,10.4938,10.8368,9.974194,3.9104941912192634,-0.01644140020572538,0.043730022763870106,0.13287476584589689,0.2205874648623491,0.009804,0.004803,0,0,0,-0.1529,10.7044,0.004729,0,0,Within synthetic screening pattern
LOT-030,LOT030-P034,10.2961,10.4954,10.6976,10.8375,9.974194,3.9104941912192634,0.0823184958880173,0.1332839212932039,0.1849909409466342,0.22076647037054598,0.008304,0.002376,0,0,0,-0.139,10.9019,0.003606,0,0,Within synthetic screening pattern
LOT-030,LOT030-P035,9.4427,9.6631,9.9763,10.2318,9.974194,3.9104941912192634,-0.1359147908193886,-0.07955362795284036,0.0005385508575177967,0.06587556134936476,0.009183,0.003949,0,0,0,-0.1553,10.1697,0.004327,0,0,Within synthetic screening pattern
LOT-030,LOT030-P036,8.9704,9.1555,9.4704,9.6476,9.974194,3.9104941912192634,-0.2566923644213432,-0.20935819361100697,-0.12883128713788516,-0.08351732134862741,0.007713,0.003417,0,0,0,-0.1333,9.641,0.003992,0,0,Within synthetic screening pattern
LOT-030,LOT030-P037,9.8994,11.3425,15.9004,21.0344,9.974194,3.9104941912192634,-0.0191264828286781,0.34990615842683837,1.515462166727385,2.828339708273933,0.060129,0.067305,0,1,1,0.0014,23.8481,0.083028,1,1,Dynamic lot outlier + projected drift above safety slope
LOT-030,LOT030-P038,10.1176,10.245,10.4918,10.7346,9.974194,3.9104941912192634,0.03667209129782287,0.0692510937896479,0.1323633215367629,0.19445266066561032,0.005308,0.0034,0,0,0,-0.1457,10.7298,0.003644,0,0,Within synthetic screening pattern
LOT-030,LOT030-P039,9.7733,10.0111,10.3041,10.4064,9.974194,3.9104941912192634,-0.051373046519566014,0.009437681836446632,0.08436427312455286,0.11052464953674827,0.009908,0.002745,0,0,0,-0.1542,10.5334,0.004524,0,0,Within synthetic screening pattern
LOT-030,LOT030-P040,9.6603,9.9568,10.1344,10.1782,9.974194,3.9104941912192634,-0.08026964998562787,-0.004448031156537256,0.04096822349454703,0.0521688538645782,0.012354,0.001538,0,0,0,-0.1441,10.2872,0.003732,0,0,Within synthetic screening pattern
LOT-030,LOT030-P041,48.3814,65.4119,83.5396,108.6948,9.974194,3.9104941912192634,9.821573469215387,14.176649622567252,18.812304123909936,25.245046066471623,0.709604,0.300576,1,1,1,0.2889,111.897,0.378069,1,1,Exceeds static 50 µA datasheet limit
LOT-030,LOT030-P042,8.8609,9.0436,9.3437,9.6437,9.974194,3.9104941912192634,-0.2846939403464202,-0.23797350270704498,-0.16123128412151333,-0.08451463775143833,0.007612,0.004167,0,0,0,-0.1198,9.5433,0.004062,0,0,Within synthetic screening pattern
LOT-030,LOT030-P043,9.0535,9.1752,9.4513,9.6528,9.974194,3.9104941912192634,-0.2354418533768325,-0.20432046716603866,-0.13371558029011324,-0.08218756614487982,0.005071,0.003317,0,0,0,-0.1325,9.4958,0.002633,0,0,Within synthetic screening pattern
LOT-030,LOT030-P044,8.6805,8.8804,9.0918,9.3065,9.974194,3.9104941912192634,-0.330826217030292,-0.2797073583323656,-0.22564769485691974,-0.1707441482714027,0.008329,0.002959,0,0,0,-0.088,9.3447,0.003954,0,0,Within synthetic screening pattern
LOT-030,LOT030-P045,9.9184,10.0461,10.2931,10.6083,9.974194,3.9104941912192634,-0.01426776189190666,0.018387957246288278,0.08155132942431698,0.16215495254380868,0.005321,0.003904,0,0,0,-0.1527,10.5456,0.003733,0,0,Within synthetic screening pattern
LOT-030,LOT030-P046,9.3343,9.4857,9.7985,9.9427,9.974194,3.9104941912192634,-0.1636350723744422,-0.12491873817301138,-0.04492884822447976,-0.008053713535930545,0.006308,0.003174,0,0,0,-0.1533,9.9228,0.003503,0,0,Within synthetic screening pattern
LOT-030,LOT030-P047,9.2909,9.5449,9.6684,9.9079,9.974194,3.9104941912192634,-0.17473341388264638,-0.1097799866226498,-0.07819830053363568,-0.016952844514859382,0.010583,0.002521,0,0,0,-0.1444,9.9407,0.003868,0,0,Within synthetic screening pattern
LOT-030,LOT030-P048,9.569,9.69,10.0247,10.2408,9.974194,3.9104941912192634,-0.10361708269758696,-0.07267470199499045,0.012915503138556307,0.06817706074046709,0.005042,0.003825,0,0,0,-0.152,10.0823,0.003055,0,0,Within synthetic screening pattern
LOT-030,LOT030-P049,9.4084,11.0673,16.6838,24.9641,9.974194,3.9104941912192634,-0.14468606072103382,0.2795314214900231,1.7157949026151078,3.8332510590755424,0.069121,0.096506,0,1,1,0.0313,23.3096,0.082745,1,1,Dynamic lot outlier + projected drift above safety slope
LOT-030,LOT030-P050,10.1593,10.2441,10.6511,10.9824,9.974194,3.9104941912192634,0.0473357051432634,0.06902094385053777,0.1730998607592726,0.25782061056729205,0.003533,0.005127,0,0,0,-0.1297,10.8544,0.004138,0,0,Within synthetic screening pattern
LOT-030,LOT030-P051,10.6698,12.1542,15.861,21.9013,9.974194,3.9104941912192634,0.17788186504967415,0.5574758312888042,1.505386713837449,3.050025244067992,0.06185,0.067688,0,1,1,0.061,23.1973,0.074568,1,1,Dynamic lot outlier + projected drift above safety slope
LOT-030,LOT030-P052,8.6683,8.919,9.232,9.4948,9.974194,3.9104941912192634,-0.3339460273160084,-0.2698364831660825,-0.18979544878663807,-0.12259166656645243,0.010446,0.003999,0,0,0,-0.0803,9.4089,0.004408,0,0,Within synthetic screening pattern
LOT-030,LOT030-P053,9.6718,10.7172,15.641,23.6589,9.974194,3.9104941912192634,-0.07732884520810837,0.1900030951761459,1.4491278398327274,3.4994825029348036,0.043558,0.089873,0,1,0,-0.002,21.8628,0.072565,1,1,Projected 168h drift above safety slope
LOT-030,LOT030-P054,9.9571,10.077,10.196,10.3249,9.974194,3.9104941912192634,-0.0043713145101669055,0.02628977182240619,0.05672070821586915,0.08968329393954458,0.004996,0.001722,0,0,0,-0.15,10.4431,0.002893,0,0,Within synthetic screening pattern
LOT-030,LOT030-P055,8.7565,8.9095,9.195,9.3843,9.974194,3.9104941912192634,-0.3113913332832063,-0.27226584363446843,-0.1992571685056137,-0.15084896464609665,0.006375,0.003297,0,0,0,-0.1001,9.365,0.003622,0,0,Within synthetic screening pattern
LOT-030,LOT030-P056,9.3803,11.1054,14.6217,21.9397,9.974194,3.9104941912192634,-0.15187185326436423,0.2892744355790226,1.1884702476826698,3.059844974803361,0.071879,0.075238,0,1,1,0.0133,22.4279,0.077664,1,1,Dynamic lot outlier + projected drift above safety slope
LOT-030,LOT030-P057,9.9098,10.0661,10.1602,10.4359,9.974194,3.9104941912192634,-0.01646697242118201,0.023502400337626943,0.04756585508237354,0.11806845309647243,0.006512,0.002568,0,0,0,-0.1561,10.4979,0.003501,0,0,Within synthetic screening pattern
LOT-030,LOT030-P058,9.0167,9.1335,9.3866,9.5227,9.974194,3.9104941912192634,-0.24485242866489487,-0.2149840810114792,-0.15026080369059278,-0.11545701845403529,0.004867,0.002703,0,0,0,-0.1254,9.5497,0.003173,0,0,Within synthetic screening pattern
LOT-030,LOT030-P059,10.0714,10.2079,10.4652,10.6599,9.974194,3.9104941912192634,0.02485772775683162,0.059763801855215626,0.12556111222528288,0.1753502157194617,0.005687,0.003139,0,0,0,-0.144,10.6764,0.003601,0,0,Within synthetic screening pattern
LOT-030,LOT030-P060,9.6109,9.8321,10.1672,10.4241,9.974194,3.9104941912192634,-0.09290232442123315,-0.036336583831031416,0.04935591016434187,0.11505093167258258,0.009217,0.004111,0,0,0,-0.1565,10.2103,0.003568,0,0,Within synthetic screening pattern
LOT-030,LOT030-P061,9.2927,9.4731,9.7992,9.9662,9.974194,3.9104941912192634,-0.1742731140044261,-0.12814083732055428,-0.04474984271628288,-0.002044242903607942,0.007517,0.003424,0,0,0,-0.1521,9.942,0.003865,0,0,Within synthetic screening pattern
LOT-030,LOT030-P062,8.9746,8.9735,9.2514,9.4549,9.974194,3.9104941912192634,-0.25561833137216194,-0.2558996257421858,-0.18483443898803964,-0.13279498053367222,-4.6e-05,0.003343,0,0,0,-0.0695,9.4371,0.002753,0,0,Within synthetic screening pattern
LOT-030,LOT030-P063,9.5484,9.7065,9.8877,10.0157,9.974194,3.9104941912192634,-0.10888495908166541,-0.06845528644463618,-0.022118432037110856,0.01061400374745443,0.006587,0.002147,0,0,0,-0.1574,10.1369,0.003503,0,0,Within synthetic screening pattern
LOT-030,LOT030-P064,10.9073,11.0384,11.2058,11.4637,9.974194,3.9104941912192634,0.23861587675931645,0.27214105122303917,0.3149489398975411,0.3808996835603486,0.005462,0.002953,0,0,0,-0.0626,11.4236,0.003073,0,0,Within synthetic screening pattern
LOT-030,LOT030-P065,9.7588,10.0539,10.3203,10.5863,9.974194,3.9104941912192634,-0.05508101776078629,0.020382590051910572,0.08850697202853679,0.15652906514333648,0.012296,0.003697,0,0,0,-0.1403,10.8796,0.006671,0,0,Within synthetic screening pattern
LOT-030,LOT030-P066,8.8868,8.995,9.3226,9.5015,9.974194,3.9104941912192634,-0.2780707365431375,-0.2504015994189972,-0.1666270215828754,-0.12087832813085399,0.004508,0.003517,0,0,0,-0.1099,9.5007,0.003654,0,0,Within synthetic screening pattern
LOT-030,LOT030-P067,9.3493,9.5595,9.7872,10.0407,9.974194,3.9104941912192634,-0.15979924005593876,-0.1060464431659729,-0.047818508571085994,0.01700705761162697,0.008758,0.003342,0,0,0,-0.1549,10.0104,0.003935,0,0,Within synthetic screening pattern
LOT-030,LOT030-P068,9.7213,11.3873,15.6054,22.7506,9.974194,3.9104941912192634,-0.064670598557046,0.3613625109514363,1.440024131130145,3.2672100699416737,0.069417,0.078912,0,1,1,0.0029,23.2156,0.080323,1,1,Dynamic lot outlier + projected drift above safety slope
LOT-030,LOT030-P069,9.0679,9.2595,9.3307,9.61,9.974194,3.9104941912192634,-0.23175945435106884,-0.18276308953604792,-0.1645556721308832,-0.09313247436034375,0.007983,0.002434,0,0,0,-0.1307,9.6032,0.003186,0,0,Within synthetic screening pattern
LOT-030,LOT030-P070,9.5081,9.6643,9.787,9.98,9.974194,3.9104941912192634,-0.11919056191071219,-0.07924676136735986,-0.04786965300199925,0.0014847228294154523,0.006508,0.002192,0,0,0,-0.1552,10.0641,0.00331,0,0,Within synthetic screening pattern
LOT-030,LOT030-P071,9.7451,11.468,15.0122,22.1439,9.974194,3.9104941912192634,-0.05858441127835305,0.38199928882498646,1.2883297490410506,3.1120634387659254,0.071787,0.074138,0,1,1,0.0129,22.5239,0.076064,1,1,Dynamic lot outlier + projected drift above safety slope
LOT-030,LOT030-P072,8.5642,8.7484,9.1033,9.5045,9.974194,3.9104941912192634,-0.36056670360642457,-0.31346268273519845,-0.22270689007939978,-0.12011116166715322,0.007675,0.005251,0,0,0,-0.067,9.3711,0.004803,0,0,Within synthetic screening pattern
LOT-030,LOT030-P073,9.2523,9.5323,9.8073,10.205,9.974194,3.9104941912192634,-0.1846042890489295,-0.11300208577019316,-0.04267849326429114,0.05902220760697148,0.011667,0.004672,0,0,0,-0.1417,10.0809,0.004932,0,0,Within synthetic screening pattern
LOT-030,LOT030-P074,9.1701,10.9791,16.6913,22.4158,9.974194,3.9104941912192634,-0.20562465015433007,0.2569767274572214,1.7177128187743589,3.1815942925926706,0.075375,0.079422,0,1,1,0.0491,23.6676,0.086295,1,1,Dynamic lot outlier + projected drift above safety slope
LOT-030,LOT030-P075,9.7176,9.881,10.0396,10.1536,9.974194,3.9104941912192634,-0.06561677052894366,-0.02383177047270929,0.01672576324160356,0.04587808886223219,0.006808,0.001893,0,0,0,-0.1578,10.3444,0.003731,0,0,Within synthetic screening pattern
LOT-030,LOT030-P076,10.1459,11.1159,17.047,23.2973,9.974194,3.9104941912192634,0.04390902827206653,0.2919595182019753,1.8086731891538115,3.407013371843407,0.040417,0.084593,0,1,1,0.0396,22.0594,0.070914,1,1,Dynamic lot outlier + projected drift above safety slope
LOT-030,LOT030-P077,9.7527,11.4384,15.6006,23.8451,9.974194,3.9104941912192634,-0.056640922903644475,0.37442991304980566,1.438796664788224,3.547097968115163,0.070237,0.086158,0,1,1,0.0062,23.5027,0.081845,1,1,Dynamic lot outlier + projected drift above safety slope
LOT-030,LOT030-P078,10.4191,10.6488,10.8742,11.1388,9.974194,3.9104941912192634,0.11377232089974826,0.1725116998037687,0.23015147344315173,0.29781555554155764,0.009571,0.003403,0,0,0,-0.1206,11.0748,0.003903,0,0,Within synthetic screening pattern
LOT-030,LOT030-P079,10.1742,10.4491,10.7603,11.1506,9.974194,3.9104941912192634,0.051145965246310654,0.12144398553675557,0.2010247200379802,0.3008330769654475,0.011454,0.004872,0,0,0,-0.1318,10.8427,0.003979,0,0,Within synthetic screening pattern
LOT-030,LOT030-P080,10.3196,10.46,10.7089,10.7945,9.974194,3.9104941912192634,0.0883279665203399,0.12423135702153529,0.18788060129324044,0.20977041772416832,0.00585,0.002323,0,0,0,-0.136,10.8153,0.002951,0,0,Within synthetic screening pattern
LOT-030,LOT030-P081,9.6616,9.9245,10.0402,10.184,9.974194,3.9104941912192634,-0.07993721118469074,-0.012707856749048474,0.016879196534343808,0.05365204236106604,0.010954,0.001802,0,0,0,-0.1552,10.2815,0.00369,0,0,Within synthetic screening pattern
LOT-030,LOT030-P082,10.28,10.3372,10.6222,10.9141,9.974194,3.9104941912192634,0.07820136919949,0.09282867644071759,0.1657094904922887,0.24035478741037153,0.002383,0.004006,0,0,0,-0.1105,10.8564,0.003431,0,0,Within synthetic screening pattern
LOT-030,LOT030-P083,9.3158,10.63,14.9573,22.6782,9.974194,3.9104941912192634,-0.16836593223393048,0.167704123297911,1.2742906027553267,3.2486957859510293,0.054758,0.083668,0,1,0,-0.0092,22.5869,0.078995,1,1,Projected 168h drift above safety slope
LOT-030,LOT030-P084,9.5698,9.8018,10.0148,10.2069,9.974194,3.9104941912192634,-0.10341250497393345,-0.04408496511440908,0.010383853808343833,0.0595080797006484,0.009667,0.002813,0,0,0,-0.157,10.2637,0.00413,0,0,Within synthetic screening pattern
LOT-030,LOT030-P085,8.9412,9.0216,9.3944,9.7187,9.974194,3.9104941912192634,-0.26415945133469704,-0.2435993901075172,-0.14826617088497093,-0.0653354761589198,0.00335,0.004841,0,0,0,-0.1081,9.6585,0.00427,0,0,Within synthetic screening pattern
LOT-030,LOT030-P086,10.1956,10.3213,10.4437,10.6601,9.974194,3.9104941912192634,0.05661841935404262,0.08876269418310401,0.12006308590209427,0.17540136015037494,0.005238,0.002353,0,0,0,-0.1357,10.8092,0.003652,0,0,Within synthetic screening pattern
LOT-030,LOT030-P087,9.404,9.5657,9.8981,9.8885,9.974194,3.9104941912192634,-0.14581123820112835,-0.10446096580765808,-0.019458921629615225,-0.021913854313457347,0.006737,0.002242,0,0,0,-0.1548,9.9888,0.003481,0,0,Within synthetic screening pattern
LOT-030,LOT030-P088,10.1188,10.1896,10.4553,10.656,9.974194,3.9104941912192634,0.036978957883303354,0.05508408642664107,0.1230294628950704,0.17435289931665077,0.00295,0.003239,0,0,0,-0.1264,10.6915,0.003409,0,0,Within synthetic screening pattern
LOT-030,LOT030-P089,9.2895,9.4589,9.6025,9.8021,9.974194,3.9104941912192634,-0.17509142489904014,-0.13177209191540468,-0.0950503905195957,-0.04400824846803919,0.007058,0.002383,0,0,0,-0.1497,9.8621,0.003408,0,0,Within synthetic screening pattern
LOT-030,LOT030-P090,9.2078,9.3886,9.5732,9.7123,9.974194,3.9104941912192634,-0.1959839249271571,-0.14974935938145875,-0.10254304964840613,-0.06697209794814789,0.007533,0.002248,0,0,0,-0.1484,9.8173,0.003628,0,0,Within synthetic screening pattern
LOT-030,LOT030-P091,9.0856,9.3945,9.8305,9.9535,9.974194,3.9104941912192634,-0.22723317221523454,-0.14824059866951383,-0.036745739278338435,-0.005291914266607929,0.012871,0.003882,0,0,0,-0.1143,9.9272,0.00501,0,0,Within synthetic screening pattern
LOT-030,LOT030-P092,9.4199,9.5715,9.8332,9.978,9.974194,3.9104941912192634,-0.1417452559435143,-0.10297777731116979,-0.03605528946100801,0.0009732785202814494,0.006317,0.002823,0,0,0,-0.1549,9.9903,0.003395,0,0,Within synthetic screening pattern
LOT-030,LOT030-P093,9.4594,9.6449,9.8779,9.9777,9.974194,3.9104941912192634,-0.13164423083812105,-0.08420777116595829,-0.0246245091518667,0.0008965618739115533,0.007729,0.002311,0,0,0,-0.1569,10.0595,0.003572,0,0,Within synthetic screening pattern
LOT-030,LOT030-P094,8.9316,9.184,9.3908,9.6543,9.974194,3.9104941912192634,-0.2666143840185396,-0.20207011220585006,-0.1491867706414115,-0.08180398291302943,0.010517,0.003266,0,0,0,-0.1194,9.6285,0.004148,0,0,Within synthetic screening pattern
LOT-030,LOT030-P095,9.1936,9.4036,9.6306,9.8062,9.974194,3.9104941912192634,-0.19961517952200747,-0.14591352706295488,-0.0878645979762653,-0.04295978763431455,0.00875,0.002796,0,0,0,-0.1482,9.7922,0.003563,0,0,Within synthetic screening pattern
LOT-030,LOT030-P096,10.035,10.2195,10.5273,10.7143,9.974194,3.9104941912192634,0.015549441330595765,0.06273017884819175,0.1414414580238886,0.18926150092790175,0.007687,0.003436,0,0,0,-0.1502,10.6508,0.003665,0,0,Within synthetic screening pattern
LOT-030,LOT030-P097,9.8731,10.0006,10.3612,10.5461,9.974194,3.9104941912192634,-0.025851975493787763,0.0067525992134939115,0.0989660081503238,0.14624903452974633,0.005312,0.003788,0,0,0,-0.1551,10.4909,0.003677,0,0,Within synthetic screening pattern
LOT-030,LOT030-P098,9.0845,9.2935,9.487,9.7152,9.974194,3.9104941912192634,-0.22751446658525795,-0.1740685362807726,-0.12458629937207426,-0.06623050369990419,0.008708,0.002928,0,0,0,-0.1382,9.7108,0.003728,0,0,Within synthetic screening pattern
LOT-030,LOT030-P099,9.8838,10.0131,10.2263,10.2802,9.974194,3.9104941912192634,-0.023115748439921778,0.00994912614558018,0.06446908949924682,0.07825251363040372,0.005387,0.001855,0,0,0,-0.1557,10.42,0.003192,0,0,Within synthetic screening pattern
LOT-030,LOT030-P100,10.0095,11.7872,16.8977,25.8174,9.974194,3.9104941912192634,0.009028526389139157,0.46362580056274616,1.770493871476971,4.051458773567492,0.074071,0.097432,0,1,1,0.0502,25.4631,0.091986,1,1,Dynamic lot outlier + projected drift above safety slope
