component_id,lot_id,value_0h,value_24h,value_96h,value_168h,defect_type,is_defect,flag_static_limit,delta_24h,delta_96h,delta_168h,delta_late,drift_acceleration,z_value_168h,z_delta_24h,z_delta_168h,z_delta_late,max_lot_zscore,flag_dynamic_pat,iso_forest_score,flag_isolation_forest,flag_dynamic_ensemble,pred_value_168h,pred_drift_delta_168h,pred_safety_slope,flag_early_24h_rejection,flag_master_screened
COMP_00001,Lot_B,12.222,12.482,13.071,13.34,Healthy,0,0,0.2599999999999998,0.8490000000000002,1.1180000000000003,0.26900000000000013,-0.3200000000000003,-0.5977194535199103,0.039999999999995595,0.35613112100364114,-0.8264886771051205,0.35613112100364114,0,0.14909601077900408,0,0,13.237,1.015,0.00604,0,0
COMP_00002,Lot_C,10.332,10.607,11.045,11.345,Healthy,0,0,0.2749999999999986,0.7129999999999992,1.013,0.3000000000000007,-0.1379999999999999,0.17501960526631022,0.1399999999999757,-0.3014769303721116,-0.5034931021444935,0.17501960526631022,0,0.18857400218224302,0,0,11.416,1.084,0.00645,0,0
COMP_00003,Lot_C,11.093,11.296,11.528,11.942,Healthy,0,0,0.2029999999999994,0.4350000000000005,0.8490000000000002,0.4139999999999997,0.1819999999999986,0.7860529640030729,-0.5800000000000161,-1.139480601236973,0.5794920609587665,0.7860529640030729,0,0.14563902056444872,0,0,12.155,1.062,0.00632,0,0
COMP_00004,Lot_B,11.679,11.984,12.594,13.007,Healthy,0,0,0.3049999999999997,0.9149999999999991,1.3279999999999994,0.41300000000000026,-0.19699999999999918,-0.8585852176380365,0.4899999999999949,1.4892755969243,0.5414925815516081,1.4892755969243,0,0.14205674315744599,0,0,12.878,1.199,0.00714,0,0
COMP_00005,Lot_A,9.357,9.769,10.335,10.718,Healthy,0,0,0.4120000000000008,0.9780000000000015,1.3610000000000007,0.3829999999999991,-0.1830000000000016,1.290125431738829,1.575000000000002,1.6930537282408498,0.2071965078130659,1.6930537282408498,0,0.13752387238516622,0,0,10.459,1.102,0.00656,0,0
COMP_00006,Lot_A,9.807,10.198,10.86,11.161,Healthy,0,0,0.391,1.052999999999999,1.3539999999999992,0.30100000000000016,-0.3609999999999989,1.8115903644580815,1.364999999999994,1.6548234827644357,-0.5157870513644497,1.8115903644580815,0,0.11494686318202296,0,0,10.944,1.137,0.00677,0,0
COMP_00007,Lot_A,7.417,8.506,19.062,37.46,Latent Defect,1,0,1.0890000000000004,11.645000000000001,30.043,18.398,7.841999999999999,32.76871511746854,8.344999999999997,158.3387538359956,159.04315771004607,159.04315771004607,1,-0.042016803314887,1,1,36.647,29.23,0.17399,1,1
COMP_00008,Lot_C,9.814,10.109,10.383,10.747,Healthy,0,0,0.29499999999999993,0.5689999999999991,0.9329999999999998,0.36400000000000077,0.09000000000000163,-0.4370372599339994,0.3399999999999892,-0.7102592088427767,0.10449856836962332,0.3399999999999892,0,0.1825633060638081,0,0,10.91,1.096,0.00652,0,0
COMP_00009,Lot_B,14.23,14.524,15.057,15.567,Healthy,0,0,0.2939999999999987,0.827,1.3369999999999997,0.5099999999999998,-0.023000000000001464,1.146869305312122,0.3799999999999848,1.5378389316066159,1.4629799571745379,1.5378389316066159,0,0.09953453457548461,0,0,15.176,0.946,0.00563,0,0
COMP_00010,Lot_C,9.94,10.138,10.731,11.198,Healthy,0,0,0.1980000000000004,0.7910000000000004,1.258000000000001,0.4670000000000005,-0.12599999999999945,0.024564155125096937,-0.6300000000000061,0.9504187974443045,1.082985163103277,1.082985163103277,0,0.17791208851245432,0,0,10.936,0.996,0.00593,0,0
COMP_00011,Lot_A,8.947,10.115,19.617,34.425,Latent Defect,1,0,1.168000000000001,10.670000000000002,25.477999999999998,14.807999999999996,5.305999999999996,29.196150623556726,9.135000000000003,133.40717232173927,127.39058481434711,133.40717232173927,1,-0.023196389225393355,1,1,35.561,26.614,0.15842,1,1
COMP_00012,Lot_C,11.002,11.338,11.63,12.067,Healthy,0,0,0.3359999999999985,0.6280000000000001,1.0649999999999995,0.4369999999999994,0.1449999999999978,0.9139912719462813,0.7499999999999751,-0.0357684493661815,0.7979890675497741,0.9139912719462813,0,0.15822812923364687,0,0,12.155,1.153,0.00686,0,0
COMP_00013,Lot_C,10.364,10.532,10.837,11.225,Healthy,0,0,0.16799999999999926,0.472999999999999,0.8609999999999989,0.3879999999999999,0.08300000000000018,0.05219882964082918,-0.9300000000000175,-1.07816325946638,0.33249544481240867,0.33249544481240867,0,0.16866007216690904,0,0,11.332,0.968,0.00576,0,0
COMP_00014,Lot_A,8.182,8.577,9.142,9.539,Healthy,0,0,0.3949999999999996,0.9599999999999991,1.3569999999999993,0.39700000000000024,-0.16799999999999926,-0.09770110477584219,1.4049999999999896,1.6712078736828961,0.3306327252336288,1.6712078736828961,0,0.13188236290640648,0,0,9.404,1.222,0.00727,0,0
COMP_00015,Lot_A,8.918,9.275,9.827,10.226,Healthy,0,0,0.3570000000000011,0.9090000000000007,1.3080000000000016,0.3990000000000009,-0.1529999999999987,0.7109815335495018,1.0250000000000048,1.403596155348065,0.348266470579428,1.403596155348065,0,0.15723180542176907,0,0,10.054,1.136,0.00676,0,0
COMP_00016,Lot_A,7.716,8.211,8.528,8.847,Healthy,0,0,0.4950000000000001,0.8120000000000003,1.1309999999999993,0.31899999999999906,0.0019999999999988916,-0.9122693518226213,2.404999999999995,0.4369170911589238,-0.3570833432523197,2.404999999999995,0,0.1309407374576083,0,0,16.332,8.616,0.05129,1,1
COMP_00017,Lot_A,7.176,7.469,7.937,8.364,Healthy,0,0,0.29300000000000015,0.7610000000000001,1.1880000000000006,0.4270000000000005,-0.04099999999999948,-1.4808191543133629,0.38499999999999535,0.7482205186096671,0.5951389054205303,0.7482205186096671,0,0.10471088688904029,0,0,8.317,1.141,0.00679,0,0
COMP_00018,Lot_B,11.087,11.426,11.779,12.114,Healthy,0,0,0.3390000000000004,0.6920000000000002,1.027000000000001,0.33500000000000085,-0.017999999999998906,-1.5581441586515088,0.8300000000000018,-0.13489815189530946,-0.19949726688744696,0.8300000000000018,0,0.1754614537943644,0,0,12.29,1.203,0.00716,0,0
COMP_00019,Lot_B,14.025,14.296,14.785,15.215,Healthy,0,0,0.270999999999999,0.7599999999999998,1.1899999999999995,0.4299999999999997,-0.05900000000000105,0.871119308406475,0.14999999999998792,0.74463779846215,0.702990369031911,0.871119308406475,0,0.14435298031892407,0,0,14.98,0.955,0.00568,0,0
COMP_00020,Lot_A,8.843,22.82,56.987,118.682,Gross Failure,1,1,13.977,48.144000000000005,109.839,61.695,27.528,128.3768974319678,137.225,594.1417064124686,540.7872938284521,594.1417064124686,1,-0.19467513453162477,1,1,118.849,110.006,0.6548,1,1
COMP_00021,Lot_B,12.015,12.345,12.829,13.187,Healthy,0,0,0.33000000000000007,0.8140000000000001,1.1719999999999988,0.35799999999999876,-0.12600000000000122,-0.7175766964931037,0.7399999999999984,0.647511129097518,0.018999739703538254,0.7399999999999984,0,0.1632137631402122,0,0,13.127,1.112,0.00662,0,0
COMP_00022,Lot_A,9.454,9.694,10.122,10.424,Healthy,0,0,0.2400000000000002,0.6679999999999993,0.9699999999999989,0.3019999999999996,-0.12599999999999945,0.9440516389183762,-0.14500000000000401,-0.4423785547984219,-0.5069701786915579,0.9440516389183762,0,0.1979738426032876,0,0,10.459,1.005,0.00598,0,0
COMP_00023,Lot_A,8.774,9.049,9.419,9.751,Healthy,0,0,0.27500000000000036,0.6450000000000014,0.9770000000000003,0.33199999999999896,-0.03800000000000203,0.15184870501305509,0.2049999999999974,-0.4041483093220078,-0.24246399850466424,0.2049999999999974,0,0.188938595993406,0,0,9.797,1.023,0.00609,0,0
COMP_00024,Lot_B,12.274,12.468,12.71,13.037,Healthy,0,0,0.19400000000000084,0.4360000000000017,0.7630000000000017,0.32699999999999996,0.08499999999999908,-0.8350837974472134,-0.6199999999999939,-1.5594226359098546,-0.2754962257017181,-0.2754962257017181,0,0.1461850670785489,0,0,13.279,1.005,0.00598,0,0
COMP_00025,Lot_B,11.128,11.341,11.717,12.172,Healthy,0,0,0.2129999999999992,0.5890000000000004,1.0440000000000005,0.45500000000000007,0.07899999999999885,-1.5127080796159194,-0.4300000000000104,-0.043167408606496725,0.9404871153264851,0.9404871153264851,0,0.17335315658001138,0,0,12.241,1.113,0.00662,0,0
COMP_00026,Lot_C,9.087,9.276,9.68,9.972,Healthy,0,0,0.18900000000000006,0.593,0.8849999999999998,0.2919999999999998,-0.1120000000000001,-1.2302547691818917,-0.7200000000000095,-0.9555285759251758,-0.5794920609587665,-0.5794920609587665,0,0.18610756040435383,0,0,10.048,0.961,0.00572,0,0
COMP_00027,Lot_A,9.595,9.754,10.159,10.542,Healthy,0,0,0.15899999999999892,0.5640000000000001,0.9469999999999992,0.3829999999999991,-0.022000000000002018,1.0829520047442724,-0.955000000000017,-0.5679922185066121,0.2071965078130659,1.0829520047442724,0,0.19037967174515708,0,0,10.554,0.959,0.00571,0,0
COMP_00028,Lot_B,13.969,14.189,14.409,14.744,Healthy,0,0,0.22000000000000064,0.4400000000000013,0.7750000000000004,0.3349999999999991,0.11499999999999844,0.502147011410567,-0.3599999999999959,-1.4946715230001097,-0.19949726688746383,0.502147011410567,0,0.12307697609718177,0,0,14.937,0.968,0.00576,0,0
COMP_00029,Lot_B,14.487,14.76,15.238,15.482,Healthy,0,0,0.2729999999999997,0.7509999999999994,0.9949999999999992,0.24399999999999977,-0.23399999999999999,1.0802819481047918,0.1699999999999946,-0.3075677863213251,-1.0639854233996946,1.0802819481047918,0,0.12219077944107148,0,0,15.449,0.962,0.00573,0,0
COMP_00030,Lot_A,7.567,7.819,8.098,8.526,Healthy,0,0,0.2519999999999998,0.5310000000000006,0.9589999999999996,0.42799999999999905,0.14899999999999824,-1.290125431738829,-0.02500000000000835,-0.5024546548327704,0.6039557780934142,0.6039557780934142,0,0.1318195811204006,0,0,8.727,1.16,0.0069,0,0
COMP_00031,Lot_B,12.069,12.317,12.54,12.851,Healthy,0,0,0.24799999999999933,0.4709999999999983,0.782,0.3110000000000017,0.08800000000000274,-0.9807926026303109,-0.08000000000000895,-1.4569000404694226,-0.4274941433302266,-0.08000000000000895,0,0.1504841453121193,0,0,13.074,1.005,0.00598,0,0
COMP_00032,Lot_A,7.551,7.616,8.131,8.645,Healthy,0,0,0.0649999999999995,0.5800000000000001,1.0939999999999994,0.5139999999999993,-0.0010000000000012221,-1.1500479441686462,-1.8950000000000111,0.2348429364979199,1.3622068279625281,1.3622068279625281,0,0.10087203173590226,0,0,8.656,1.105,0.00658,0,0
COMP_00033,Lot_A,9.404,9.708,10.108,10.539,Healthy,0,0,0.30400000000000027,0.7040000000000006,1.1349999999999998,0.43099999999999916,0.030999999999998806,1.0794206395114105,0.49499999999999655,0.45876294571687265,0.6304063961121051,1.0794206395114105,0,0.18712571645406184,0,0,10.459,1.055,0.00628,0,0
COMP_00034,Lot_C,11.101,11.362,11.67,11.97,Healthy,0,0,0.26099999999999923,0.5689999999999991,0.8689999999999998,0.3000000000000007,-0.007999999999999119,0.8147111449823521,-1.7763568394002505e-14,-1.037285031619309,-0.5034931021444935,0.8147111449823521,0,0.17972458579746048,0,0,12.155,1.054,0.00627,0,0
COMP_00035,Lot_C,11.532,12.717,17.23,31.558,Latent Defect,1,0,1.1850000000000005,5.698,20.026,14.328,9.815,20.863155752914874,9.239999999999995,96.85074132666226,132.76068117866836,132.76068117866836,1,-0.06930489996200795,1,1,38.542,27.01,0.16077,1,1
COMP_00036,Lot_C,9.618,9.951,10.368,10.824,Healthy,0,0,0.3330000000000002,0.75,1.2059999999999995,0.4559999999999995,0.0389999999999997,-0.35822726224098306,0.7199999999999918,0.6847103164383653,0.9784865947336536,0.9784865947336536,0,0.17695240688305935,0,0,10.754,1.136,0.00676,0,0
COMP_00037,Lot_A,8.079,8.172,8.563,8.947,Healthy,0,0,0.09299999999999997,0.484,0.8679999999999986,0.38399999999999856,-0.0070000000000014495,-0.7945571773938964,-1.6150000000000064,-0.9994478460260572,0.21601338048595767,0.21601338048595767,0,0.12697533733632388,0,0,9.04,0.961,0.00572,0,0
COMP_00038,Lot_A,8.71,8.859,9.267,9.885,Healthy,0,0,0.14899999999999913,0.5569999999999986,1.174999999999999,0.6180000000000003,0.21000000000000085,0.30958301874754734,-1.0550000000000148,0.6772214912963321,2.2791615859437875,2.2791615859437875,0,0.1175671558316459,0,0,9.704,0.994,0.00592,0,0
COMP_00039,Lot_B,11.643,11.946,12.145,12.581,Healthy,0,0,0.30299999999999905,0.5019999999999989,0.9379999999999988,0.43599999999999994,0.2370000000000001,-1.1923053843477114,0.4699999999999882,-0.6151355726426502,0.7599895881426101,0.7599895881426101,0,0.13721946867882406,0,0,12.765,1.122,0.00668,0,0
COMP_00040,Lot_B,12.018,12.301,12.596,12.975,Healthy,0,0,0.2829999999999995,0.5779999999999994,0.956999999999999,0.37899999999999956,0.08399999999999963,-0.8836533991749135,0.26999999999999247,-0.5126129772022086,0.21849700659098523,0.26999999999999247,0,0.17198004424701063,0,0,13.057,1.039,0.00618,0,0
COMP_00041,Lot_A,7.773,7.966,8.469,8.776,Healthy,0,0,0.1930000000000005,0.6959999999999997,1.0030000000000001,0.3070000000000004,-0.19599999999999884,-0.9958449956670159,-0.6150000000000011,-0.2621502546953572,-0.4628858153270678,-0.2621502546953572,0,0.16180635728632325,0,0,8.892,1.119,0.00666,0,0
COMP_00042,Lot_B,13.418,13.653,14.111,14.506,Healthy,0,0,0.2350000000000012,0.6930000000000014,1.088000000000001,0.3949999999999996,-0.06300000000000061,0.3157024112300448,-0.2099999999999902,0.194253338729264,0.37049492421951064,0.37049492421951064,0,0.1651942373073067,0,0,14.49,1.072,0.00638,0,0
COMP_00043,Lot_A,8.22,8.39,8.776,9.246,Healthy,0,0,0.16999999999999993,0.5559999999999992,1.0259999999999998,0.47000000000000064,0.0840000000000014,-0.4425977758520064,-0.8450000000000069,-0.13653659098716703,0.9742644303550873,0.9742644303550873,0,0.16541627730542335,0,0,9.258,1.038,0.00618,0,0
COMP_00044,Lot_C,10.105,10.287,10.785,11.182,Healthy,0,0,0.18200000000000038,0.6799999999999997,1.077,0.39700000000000024,-0.10099999999999909,0.008188051708366251,-0.7900000000000063,0.025548892404420542,0.4179942734784595,0.4179942734784595,0,0.19137774082130476,0,0,11.124,1.019,0.00607,0,0
COMP_00045,Lot_A,8.916,9.088,9.456,9.738,Healthy,0,0,0.17199999999999882,0.5399999999999991,0.8219999999999992,0.28200000000000003,-0.0860000000000003,0.1365461223373209,-0.8250000000000179,-1.2506751734424375,-0.683307632149487,0.1365461223373209,0,0.17712997006042697,0,0,9.888,0.972,0.00579,0,0
COMP_00046,Lot_B,12.603,12.896,13.382,13.769,Healthy,0,0,0.29300000000000104,0.7789999999999999,1.1660000000000004,0.38700000000000045,-0.09899999999999842,-0.26164914479115314,0.3700000000000081,0.6151355726426502,0.29449596540525635,0.6151355726426502,0,0.16834347257178917,0,0,13.722,1.119,0.00666,0,0
COMP_00047,Lot_A,9.583,10.921,20.208,35.249,Latent Defect,1,0,1.3379999999999992,10.624999999999998,25.666000000000004,15.041000000000004,5.754000000000005,30.166098940849427,10.834999999999985,134.43392748596276,129.4449161471321,134.43392748596276,1,-0.029758905476512054,1,1,37.497,27.914,0.16615,1,1
COMP_00048,Lot_B,12.214,12.443,12.993,13.34,Healthy,0,0,0.2289999999999992,0.7789999999999999,1.1259999999999994,0.34699999999999953,-0.20300000000000118,-0.5977194535199103,-0.27000000000001023,0.39929852961013784,-0.08549882866606558,0.39929852961013784,0,0.16639482762683533,0,0,13.237,1.023,0.00609,0,0
COMP_00049,Lot_B,12.278,12.47,12.911,13.35,Healthy,0,0,0.19200000000000017,0.6329999999999991,1.0719999999999992,0.43900000000000006,-0.0019999999999988916,-0.5898856467896364,-0.6400000000000006,0.10791852151625139,0.7884891976979597,0.7884891976979597,0,0.17126900454387978,0,0,13.279,1.001,0.00596,0,0
COMP_00050,Lot_A,9.773,10.006,10.451,10.68,Healthy,0,0,0.23300000000000054,0.6780000000000008,0.907,0.2289999999999992,-0.21600000000000108,1.2453948054559132,-0.21500000000000075,-0.7864507640860716,-1.1506018838130163,1.2453948054559132,0,0.18966781519349024,0,0,10.874,1.101,0.00655,0,0
COMP_00051,Lot_C,11.745,11.883,12.474,12.787,Healthy,0,0,0.1379999999999999,0.729000000000001,1.0420000000000016,0.3130000000000006,-0.27800000000000047,1.6509159256991621,-1.230000000000011,-0.15329335442648695,-0.3799947940713146,1.6509159256991621,0,0.15525145922196998,0,0,12.764,1.019,0.00607,0,0
COMP_00052,Lot_C,9.461,9.622,10.361,10.733,Healthy,0,0,0.1609999999999996,0.9000000000000004,1.2720000000000002,0.3719999999999999,-0.3670000000000009,-0.45136635042363804,-1.0000000000000142,1.0219556961766674,0.18049752718387949,1.0219556961766674,0,0.15593828052778308,0,0,10.394,0.933,0.00555,0,0
COMP_00053,Lot_C,10.019,10.34,10.712,11.062,Healthy,0,0,0.32099999999999973,0.6929999999999996,1.0429999999999993,0.34999999999999964,-0.02200000000000024,-0.1146327239171148,0.5999999999999872,-0.14818357594561554,-0.028499609555350282,0.5999999999999872,0,0.19165799710714942,0,0,11.124,1.105,0.00658,0,0
COMP_00054,Lot_C,10.051,10.26,10.854,11.182,Healthy,0,0,0.20899999999999963,0.802999999999999,1.1310000000000002,0.3280000000000012,-0.26599999999999824,0.008188051708366251,-0.5200000000000138,0.30147693037212064,-0.23749674629456316,0.30147693037212064,0,0.180557966508119,0,0,11.124,1.073,0.00639,0,0
COMP_00055,Lot_B,11.292,11.517,11.997,12.258,Healthy,0,0,0.22499999999999964,0.7050000000000001,0.9659999999999993,0.26099999999999923,-0.2190000000000012,-1.4453373417355637,-0.3100000000000058,-0.4640496425198925,-0.9024876359193917,-0.3100000000000058,0,0.17552923980190704,0,0,12.432,1.14,0.00679,0,0
COMP_00056,Lot_C,9.267,9.473,10.07,10.371,Healthy,0,0,0.2060000000000013,0.8030000000000008,1.104000000000001,0.30100000000000016,-0.2959999999999994,-0.8218756902271696,-0.5499999999999972,0.16351291138827515,-0.4939932322927157,0.16351291138827515,0,0.18250417859382845,0,0,10.284,1.017,0.00605,0,0
COMP_00057,Lot_A,9.643,9.844,10.333,10.638,Healthy,0,0,0.20099999999999874,0.6899999999999995,0.9949999999999992,0.3049999999999997,-0.18400000000000105,1.1959556921958487,-0.5350000000000188,-0.3058419638112549,-0.48051956067286694,1.1959556921958487,0,0.19448566750319035,0,0,10.741,1.098,0.00654,0,0
COMP_00058,Lot_A,9.103,9.264,9.803,10.164,Healthy,0,0,0.1609999999999996,0.7000000000000011,1.061,0.3609999999999989,-0.1780000000000026,0.6379999854036907,-0.9350000000000103,0.05461463639486487,0.013225309009337634,0.6379999854036907,0,0.1888161776296141,0,0,10.035,0.932,0.00555,0,0
COMP_00059,Lot_A,7.988,8.225,8.859,9.223,Healthy,0,0,0.2369999999999992,0.8709999999999996,1.2350000000000003,0.36400000000000077,-0.2699999999999996,-0.4696715759706128,-0.17500000000001403,1.004909309665536,0.039675927028044226,1.004909309665536,0,0.1577845000272982,0,0,9.072,1.084,0.00645,0,0
COMP_00060,Lot_A,7.938,8.091,8.602,8.972,Healthy,0,0,0.15299999999999958,0.6640000000000006,1.0339999999999998,0.3699999999999992,-0.1410000000000018,-0.7651291337867147,-1.0150000000000103,-0.09284488187127415,0.09257716306541043,0.09257716306541043,0,0.1690929949725823,0,0,8.978,1.04,0.00619,0,0
COMP_00061,Lot_B,13.765,13.898,14.207,14.672,Healthy,0,0,0.13299999999999912,0.44200000000000017,0.907,0.46499999999999986,0.1559999999999988,0.4457436029525944,-1.230000000000011,-0.782409280992837,1.0354858138443113,1.0354858138443113,0,0.1071122298481485,0,0,14.726,0.961,0.00572,0,0
COMP_00062,Lot_A,8.765,9.058,9.392,9.644,Healthy,0,0,0.29299999999999926,0.6269999999999989,0.8789999999999996,0.25200000000000067,-0.08199999999999896,0.025896678374319842,0.38499999999998646,-0.939371745991699,-0.9478138123363806,0.38499999999998646,0,0.17676557367011236,0,0,9.797,1.032,0.00614,0,0
COMP_00063,Lot_C,10.892,11.225,11.545,11.767,Healthy,0,0,0.3330000000000002,0.6530000000000005,0.875,0.22199999999999953,-0.09800000000000075,0.6069393328825805,0.7199999999999918,-1.0066263607340078,-1.244482950583584,0.7199999999999918,0,0.16211469905082304,0,0,11.998,1.106,0.00658,0,0
COMP_00064,Lot_B,12.881,13.067,13.418,13.643,Healthy,0,0,0.18599999999999994,0.536999999999999,0.7620000000000005,0.22500000000000142,-0.12599999999999767,-0.3603551095926058,-0.7000000000000028,-1.564818561985674,-1.2444829505835528,-0.3603551095926058,0,0.14362233527622248,0,0,13.803,0.922,0.00549,0,0
COMP_00065,Lot_A,8.125,9.094,16.951,35.697,Latent Defect,1,0,0.9689999999999994,8.826,27.572000000000003,18.746000000000002,10.889000000000001,30.693449482290116,7.144999999999988,144.84347718282422,162.11142940021415,162.11142940021415,1,-0.05506633895761004,1,1,37.552,29.427,0.17516,1,1
COMP_00066,Lot_B,12.939,13.228,13.48,13.831,Healthy,0,0,0.2889999999999997,0.5410000000000004,0.8919999999999995,0.3509999999999991,0.09899999999999842,-0.21307954306345447,0.32999999999999474,-0.8633481721300303,-0.04749934925893844,0.32999999999999474,0,0.1585683891244839,0,0,13.905,0.966,0.00575,0,0
COMP_00067,Lot_A,10.161,10.381,10.93,11.361,Healthy,0,0,0.22000000000000064,0.7690000000000001,1.200000000000001,0.43100000000000094,-0.11799999999999855,2.047014713315533,-0.34499999999999975,0.8137580822835089,0.6304063961121208,2.047014713315533,0,0.18341372433307468,0,0,11.182,1.021,0.00608,0,0
COMP_00068,Lot_C,10.779,11.042,11.56,11.98,Healthy,0,0,0.2629999999999999,0.7810000000000006,1.2010000000000005,0.41999999999999993,-0.09800000000000075,0.8249462096178085,0.019999999999988916,0.6591614240339538,0.6364912800694671,0.8249462096178085,0,0.1826480824594099,0,0,11.771,0.992,0.0059,0,0
COMP_00069,Lot_A,9.008,9.169,9.414,9.609,Healthy,0,0,0.16100000000000136,0.4060000000000006,0.6010000000000009,0.19500000000000028,-0.049999999999998934,-0.015302582675734169,-0.9349999999999925,-2.4576586377689678,-1.4503755546914927,-0.015302582675734169,0,0.1261003706304194,0,0,9.925,0.917,0.00546,0,0
COMP_00070,Lot_C,9.757,10.054,10.372,10.814,Healthy,0,0,0.2970000000000006,0.6150000000000002,1.0570000000000004,0.44200000000000017,0.12400000000000055,-0.36846232687643954,0.3599999999999959,-0.07664667721324347,0.8454884168086969,0.8454884168086969,0,0.18048674051844854,0,0,10.887,1.13,0.00673,0,0
COMP_00071,Lot_C,9.548,9.759,10.108,10.27,Healthy,0,0,0.2110000000000003,0.5600000000000005,0.7219999999999995,0.16199999999999903,-0.18700000000000117,-0.9252498430452828,-0.5000000000000071,-1.7884224683091567,-1.8144751416905727,-0.5000000000000071,0,0.1578468249068803,0,0,10.567,1.019,0.00607,0,0
COMP_00072,Lot_A,8.683,9.07,9.513,9.678,Healthy,0,0,0.38700000000000045,0.8300000000000001,0.995000000000001,0.16500000000000092,-0.2779999999999987,0.06591881768008725,1.3249999999999984,-0.30584196381124523,-1.7148817348783862,1.3249999999999984,0,0.14250337561257892,0,0,9.788,1.105,0.00658,0,0
COMP_00073,Lot_A,9.124,9.244,9.549,9.875,Healthy,0,0,0.11999999999999922,0.42499999999999893,0.7509999999999994,0.3260000000000005,0.021000000000000796,0.29781180130467505,-1.345000000000014,-1.6384390918459848,-0.29536523454203045,0.29781180130467505,0,0.1490953368044396,0,0,10.03,0.906,0.00539,0,0
COMP_00074,Lot_C,10.111,10.28,10.697,11.118,Healthy,0,0,0.1689999999999987,0.5859999999999985,1.0069999999999997,0.42100000000000115,0.004000000000001336,-0.057316361958556494,-0.920000000000023,-0.3321356012574126,0.6459911499212618,0.6459911499212618,0,0.18634265310260034,0,0,11.124,1.013,0.00603,0,0
COMP_00075,Lot_C,10.767,12.217,24.581,44.606,Latent Defect,1,0,1.450000000000001,13.814,33.839,20.025000000000002,7.661000000000003,34.21786808925874,11.89,167.4321114831034,186.88143972427653,186.88143972427653,1,-0.0711646985598674,1,1,39.759,28.992,0.17257,1,1
COMP_00076,Lot_C,9.805,10.124,10.63,11.03,Healthy,0,0,0.31900000000000084,0.8250000000000011,1.2249999999999996,0.3999999999999986,-0.10600000000000165,-0.14738493075057618,0.5799999999999983,0.7817961075751488,0.44649388303379295,0.7817961075751488,0,0.180110281544759,0,0,10.913,1.108,0.0066,0,0
COMP_00077,Lot_C,10.159,10.337,10.663,11.003,Healthy,0,0,0.17799999999999905,0.5039999999999996,0.8439999999999994,0.33999999999999986,0.013999999999999346,-0.17501960526630841,-0.8300000000000196,-1.1650294936413934,-0.12349830807317892,-0.12349830807317892,0,0.17679872248479117,0,0,11.124,0.965,0.00574,0,0
COMP_00078,Lot_A,8.619,8.815,9.316,9.874,Healthy,0,0,0.19599999999999973,0.697000000000001,1.2550000000000008,0.5579999999999998,0.05699999999999861,0.29663467956038847,-0.5850000000000088,1.1141385824552705,1.7501492255699846,1.7501492255699846,0,0.15096174906608284,0,0,9.674,1.055,0.00628,0,0
COMP_00079,Lot_B,11.081,11.378,11.82,12.215,Healthy,0,0,0.2970000000000006,0.7390000000000008,1.1340000000000003,0.3949999999999996,-0.0470000000000006,-1.4790227106757414,0.4100000000000037,0.44246593821664415,0.37049492421951064,0.44246593821664415,0,0.17850626493539568,0,0,12.224,1.143,0.0068,0,0
COMP_00080,Lot_A,8.155,8.394,8.859,9.179,Healthy,0,0,0.23900000000000077,0.7040000000000006,1.024000000000001,0.3200000000000003,-0.14499999999999957,-0.5214649327192525,-0.15499999999999847,-0.14745951826613418,-0.3482664705794123,-0.14745951826613418,0,0.18470497866936653,0,0,9.25,1.095,0.00652,0,0
COMP_00081,Lot_C,8.632,22.93,50.848,116.073,Gross Failure,1,1,14.298,42.216,107.44099999999999,65.225,37.306999999999995,107.36480451947692,140.36999999999998,543.5220272330768,616.2755570248711,616.2755570248711,1,-0.20904345680088876,1,1,108.876,100.244,0.59669,1,1
COMP_00082,Lot_B,10.948,11.28,11.782,12.175,Healthy,0,0,0.33199999999999896,0.8339999999999996,1.2270000000000003,0.3930000000000007,-0.10899999999999999,-1.510357937596837,0.7599999999999874,0.9442870632672237,0.3514951845159555,0.9442870632672237,0,0.16692312626506212,0,0,12.067,1.119,0.00666,0,0
COMP_00083,Lot_A,6.769,6.992,7.581,7.879,Healthy,0,0,0.22299999999999986,0.8120000000000003,1.1099999999999994,0.29799999999999915,-0.29100000000000126,-2.051723200292682,-0.3150000000000075,0.3222263547297056,-0.5422376693831484,0.3222263547297056,0,0.07325922747468977,0,0,8.256,1.487,0.00885,0,0
COMP_00084,Lot_A,7.638,7.837,8.278,8.543,Healthy,0,0,0.19899999999999984,0.6400000000000006,0.9049999999999994,0.2649999999999988,-0.17600000000000193,-1.2701143620859463,-0.5550000000000077,-0.7973736913650484,-0.8331944675887408,-0.5550000000000077,0,0.15116206763127665,0,0,8.768,1.13,0.00673,0,0
COMP_00085,Lot_A,9.487,9.732,10.115,10.335,Healthy,0,0,0.24499999999999922,0.6280000000000001,0.8480000000000008,0.22000000000000064,-0.16300000000000026,0.8392878036768123,-0.09500000000001396,-1.1086771188157771,-1.2299537378690735,0.8392878036768123,0,0.18528200334823258,0,0,10.459,0.972,0.00579,0,0
COMP_00086,Lot_A,8.888,9.174,9.529,9.656,Healthy,0,0,0.2859999999999996,0.641,0.7680000000000007,0.12700000000000067,-0.22799999999999976,0.04002213930576741,0.31499999999998973,-1.545594209974706,-2.049922896448461,0.31499999999998973,0,0.1442558591467304,0,0,9.892,1.004,0.00598,0,0
COMP_00087,Lot_C,10.37,10.605,11.095,11.641,Healthy,0,0,0.2350000000000012,0.7250000000000014,1.2710000000000008,0.5459999999999994,0.05599999999999916,0.477977518475827,-0.259999999999998,1.016845917695787,1.8334748813941282,1.8334748813941282,0,0.15692320201764087,0,0,11.416,1.046,0.00623,0,0
COMP_00088,Lot_B,12.97,13.179,13.492,13.81,Healthy,0,0,0.20899999999999963,0.5220000000000002,0.8399999999999999,0.3179999999999996,0.004999999999999005,-0.22953053719702923,-0.47000000000000597,-1.1439363280722878,-0.3609950543677668,-0.22953053719702923,0,0.15726691522662495,0,0,13.922,0.952,0.00567,0,0
COMP_00089,Lot_C,10.145,10.399,11.056,11.456,Healthy,0,0,0.25399999999999956,0.9109999999999996,1.311,0.40000000000000036,-0.2569999999999997,0.2886288227198781,-0.0700000000000145,1.221237056931115,0.4464938830338098,1.221237056931115,0,0.1614426050633619,0,0,11.195,1.05,0.00625,0,0
COMP_00090,Lot_B,12.852,13.045,13.527,13.786,Healthy,0,0,0.19299999999999962,0.6749999999999989,0.9339999999999993,0.25900000000000034,-0.22299999999999898,-0.24833167334968767,-0.6300000000000061,-0.6367192769458986,-0.9214873756229468,-0.24833167334968767,0,0.16192042880115648,0,0,13.772,0.92,0.00548,0,0
COMP_00091,Lot_A,8.644,8.933,9.357,9.644,Healthy,0,0,0.2889999999999997,0.7129999999999992,1.0,0.2870000000000008,-0.13699999999999868,0.025896678374319842,0.34499999999999087,-0.27853464561381763,-0.6392232687849969,0.34499999999999087,0,0.1868961814347221,0,0,9.788,1.144,0.00681,0,0
COMP_00092,Lot_C,8.033,8.375,8.873,9.266,Healthy,0,0,0.3420000000000005,0.8399999999999999,1.2330000000000005,0.3930000000000007,-0.10499999999999865,-1.952850332445132,0.8099999999999952,0.8226743354222199,0.37999479407133147,0.8226743354222199,0,0.1609306198009438,0,0,9.151,1.118,0.00665,0,0
COMP_00093,Lot_C,8.595,8.955,9.349,9.67,Healthy,0,0,0.35999999999999943,0.7539999999999996,1.0749999999999993,0.32099999999999973,-0.0730000000000004,-1.5393537211726827,0.9899999999999842,0.015329335442650511,-0.3039958352570584,0.9899999999999842,0,0.17434443501051827,0,0,9.788,1.193,0.0071,0,0
COMP_00094,Lot_B,11.824,11.931,12.52,12.998,Healthy,0,0,0.10699999999999932,0.6959999999999997,1.1739999999999995,0.47799999999999976,-0.11100000000000065,-0.8656356436952835,-1.490000000000009,0.658302981249147,1.1589841219174872,1.1589841219174872,0,0.14613787890605184,0,0,12.905,1.081,0.00643,0,0
COMP_00095,Lot_C,9.851,10.047,10.451,10.766,Healthy,0,0,0.19599999999999973,0.5999999999999996,0.9149999999999991,0.3149999999999995,-0.08900000000000041,-0.4175906371266316,-0.6500000000000128,-0.8022352214986798,-0.36099505436775897,-0.36099505436775897,0,0.19181125591035564,0,0,10.887,1.036,0.00617,0,0
COMP_00096,Lot_B,11.68,11.907,12.375,12.827,Healthy,0,0,0.2270000000000003,0.6950000000000003,1.1470000000000002,0.45199999999999996,-0.016000000000000014,-0.9995937387829693,-0.28999999999999915,0.5126129772022086,0.9119875057711355,0.9119875057711355,0,0.1738858632461472,0,0,12.895,1.215,0.00723,0,0
COMP_00097,Lot_B,13.016,13.14,13.632,13.956,Healthy,0,0,0.12400000000000055,0.6159999999999997,0.9399999999999995,0.32399999999999984,-0.16799999999999926,-0.1151569589350288,-1.3199999999999967,-0.6043437204910213,-0.3039958352570677,-0.1151569589350288,0,0.1486028617901055,0,0,13.997,0.981,0.00584,0,0
COMP_00098,Lot_B,14.507,14.872,15.498,15.791,Healthy,0,0,0.3650000000000002,0.9909999999999997,1.2840000000000007,0.29300000000000104,-0.3329999999999984,1.322346576070261,1.0899999999999999,1.2518548495885489,-0.598491800662324,1.322346576070261,0,0.06308588533801257,0,0,15.511,1.004,0.00598,0,0
COMP_00099,Lot_A,10.092,10.37,11.015,11.315,Healthy,0,0,0.2779999999999987,0.923,1.222999999999999,0.29999999999999893,-0.3450000000000024,1.9928671130783184,0.23499999999998078,0.9393717459916894,-0.5246039240373571,1.9928671130783184,0,0.15928071450651182,0,0,11.152,1.06,0.00631,0,0
COMP_00100,Lot_A,8.261,8.533,9.001,9.477,Healthy,0,0,0.27200000000000024,0.7400000000000002,1.216000000000001,0.47600000000000087,0.008000000000000895,-0.17068265292165113,0.17499999999999627,0.9011415005152946,1.027165666392469,1.027165666392469,0,0.1721823293467668,0,0,9.322,1.061,0.00632,0,0
COMP_00101,Lot_A,8.314,8.657,9.195,9.524,Healthy,0,0,0.34299999999999997,0.8810000000000002,1.209999999999999,0.32899999999999885,-0.2090000000000014,-0.11535793094015165,0.8849999999999936,0.8683727186783641,-0.2689146165233552,0.8849999999999936,0,0.16847376250876056,0,0,9.484,1.17,0.00696,0,0
COMP_00102,Lot_B,13.72,13.932,14.664,14.748,Healthy,0,0,0.21199999999999974,0.9439999999999991,1.0279999999999987,0.08399999999999963,-0.6479999999999997,0.5052805341026763,-0.44000000000000483,-0.12950222581950935,-2.5839645996849487,0.5052805341026763,0,0.08061894467646641,0,0,14.733,1.013,0.00603,0,0
COMP_00103,Lot_A,9.038,9.147,9.57,9.912,Healthy,0,0,0.10899999999999999,0.532,0.8740000000000006,0.3420000000000005,-0.08099999999999952,0.3413653058433044,-1.4550000000000063,-0.9666790641891266,-0.15429527177568406,0.3413653058433044,0,0.16728427811403768,0,0,9.925,0.887,0.00528,0,0
COMP_00104,Lot_B,14.658,14.853,15.46,15.692,Healthy,0,0,0.19500000000000028,0.8020000000000014,1.0340000000000007,0.23199999999999932,-0.3750000000000018,1.2447918894405476,-0.6099999999999994,-0.09712666936462243,-1.177983861621093,1.2447918894405476,0,0.08201914201842025,0,0,15.528,0.87,0.00518,0,0
COMP_00105,Lot_C,11.212,11.424,11.883,12.199,Healthy,0,0,0.21199999999999974,0.6709999999999994,0.9870000000000001,0.3160000000000007,-0.1429999999999989,1.0490941251343089,-0.49000000000001265,-0.4343311708750766,-0.3514951845159643,1.0490941251343089,0,0.18191518903394782,0,0,12.221,1.009,0.00601,0,0
COMP_00106,Lot_A,9.526,9.863,10.366,10.601,Healthy,0,0,0.33699999999999974,0.8399999999999999,1.075000000000001,0.2350000000000012,-0.2679999999999989,1.1524021876572215,0.8249999999999913,0.13107512734768345,-1.0977006477756188,1.1524021876572215,0,0.17302795764534007,0,0,10.741,1.215,0.00723,0,0
COMP_00107,Lot_B,12.213,13.208,19.336,40.489,Latent Defect,1,0,0.995000000000001,7.122999999999999,28.275999999999996,21.153,15.025,20.67028243850112,7.390000000000008,146.8986914879245,197.56879330752747,197.56879330752747,1,-0.06942445051343493,1,1,39.06,26.847,0.1598,1,1
COMP_00108,Lot_C,9.705,9.928,10.557,10.86,Healthy,0,0,0.22300000000000075,0.8520000000000003,1.1549999999999994,0.30299999999999905,-0.3260000000000005,-0.32138102955333947,-0.38000000000000256,0.42411161391331564,-0.47499349258916007,0.42411161391331564,0,0.17649999248494008,0,0,10.79,1.085,0.00646,0,0
COMP_00109,Lot_A,7.828,8.06,8.374,8.758,Healthy,0,0,0.2320000000000002,0.5460000000000003,0.9299999999999988,0.38399999999999856,0.06999999999999851,-1.0170331870641873,-0.22500000000000409,-0.6608371003778862,0.21601338048595767,0.21601338048595767,0,0.15711735515086078,0,0,8.892,1.064,0.00633,0,0
COMP_00110,Lot_A,8.201,8.41,8.789,9.129,Healthy,0,0,0.20899999999999963,0.5879999999999992,0.927999999999999,0.33999999999999986,-0.0389999999999997,-0.580321019933616,-0.45500000000000984,-0.6717600276568583,-0.17192901712148323,-0.17192901712148323,0,0.17617124650753496,0,0,9.258,1.057,0.00629,0,0
COMP_00111,Lot_A,8.567,8.775,9.182,9.524,Healthy,0,0,0.20800000000000018,0.6150000000000002,0.956999999999999,0.34199999999999875,-0.06500000000000128,-0.11535793094015165,-0.4650000000000043,-0.5133775821117472,-0.1542952717756997,-0.11535793094015165,0,0.18470939152792182,0,0,9.607,1.04,0.00619,0,0
COMP_00112,Lot_A,8.354,9.56,18.045,38.557,Latent Defect,1,0,1.2060000000000013,9.691000000000003,30.203000000000003,20.512,12.027,34.06001767095166,9.515000000000006,159.21258801831345,177.6820265405496,177.6820265405496,1,-0.04299551399955692,1,1,37.424,29.07,0.17304,1,1
COMP_00113,Lot_C,10.087,10.297,10.788,11.131,Healthy,0,0,0.21000000000000085,0.7010000000000005,1.0440000000000005,0.34299999999999997,-0.1479999999999997,-0.04401077793246292,-0.5100000000000016,-0.143073797464726,-0.09499869851782865,-0.04401077793246292,0,0.19113180395954482,0,0,11.124,1.037,0.00617,0,0
COMP_00114,Lot_C,8.44,8.717,9.044,9.488,Healthy,0,0,0.277000000000001,0.604000000000001,1.048,0.44399999999999906,0.1169999999999991,-1.7256318975379945,0.16000000000000014,-0.12263468354119501,0.8644881565122525,0.8644881565122525,0,0.17376785345081774,0,0,9.537,1.097,0.00653,0,0
COMP_00115,Lot_B,12.734,13.046,13.421,13.778,Healthy,0,0,0.3119999999999994,0.6869999999999994,1.0440000000000005,0.3570000000000011,-0.017999999999998906,-0.2545987187339062,0.5599999999999916,-0.043167408606496725,0.009499869851777564,0.5599999999999916,0,0.1677918115844927,0,0,13.755,1.021,0.00608,0,0
COMP_00116,Lot_C,11.089,11.318,11.697,12.112,Healthy,0,0,0.2289999999999992,0.6079999999999988,1.0229999999999997,0.4150000000000009,0.036000000000001364,0.9600490628058362,-0.32000000000001805,-0.25037914556327956,0.5889919308105612,0.9600490628058362,0,0.17889698396292042,0,0,12.155,1.066,0.00635,0,0
COMP_00117,Lot_C,10.572,10.778,10.99,11.279,Healthy,0,0,0.2060000000000013,0.41800000000000104,0.7070000000000007,0.2889999999999997,0.07699999999999996,0.10746817867229547,-0.5499999999999972,-1.8650691455224002,-0.6079916705141168,0.10746817867229547,0,0.14743161737697297,0,0,11.599,1.027,0.00611,0,0
COMP_00118,Lot_A,9.042,9.23,9.679,9.963,Healthy,0,0,0.1880000000000006,0.6370000000000005,0.9209999999999994,0.2839999999999989,-0.16500000000000092,0.4013985148019523,-0.665,-0.7099902731332627,-0.6656738868037034,0.4013985148019523,0,0.18496621747908104,0,0,10.03,0.988,0.00588,0,0
COMP_00119,Lot_C,8.261,8.457,8.988,9.101,Healthy,0,0,0.1960000000000015,0.7270000000000003,0.8400000000000016,0.11300000000000132,-0.4179999999999975,-2.1217288989301664,-0.649999999999995,-1.1854686075649155,-2.279968764427921,-0.649999999999995,0,0.129354437124789,0,0,9.307,1.046,0.00623,0,0
COMP_00120,Lot_B,13.277,13.432,13.956,14.377,Healthy,0,0,0.15500000000000114,0.6790000000000003,1.1000000000000014,0.42100000000000115,-0.10299999999999798,0.21464630440950982,-1.009999999999991,0.2590044516390187,0.6174915403658792,0.6174915403658792,0,0.15864143026903854,0,0,14.247,0.97,0.00577,0,0
COMP_00121,Lot_C,9.845,11.011,19.302,33.938,Latent Defect,1,0,1.1659999999999986,9.456999999999999,24.093000000000004,14.636000000000003,6.345000000000002,23.299101136153567,9.049999999999976,117.6322104084147,135.68664109301758,135.68664109301758,1,-0.03874824511059005,1,1,35.665,25.82,0.15369,1,1
COMP_00122,Lot_C,11.528,11.709,12.347,12.611,Healthy,0,0,0.18099999999999916,0.8189999999999991,1.0830000000000002,0.2640000000000011,-0.3739999999999988,1.4707787881151246,-0.8000000000000185,0.05620756328972157,-0.84548841680868,1.4707787881151246,0,0.1498302433189268,0,0,12.397,0.869,0.00517,0,0
COMP_00123,Lot_A,8.92,9.893,20.178,37.364,Latent Defect,1,0,0.9730000000000008,11.258000000000001,28.443999999999996,17.185999999999996,6.900999999999996,32.65571143001696,7.185000000000001,149.60587347645648,148.3571080304953,149.60587347645648,1,-0.016336812472984574,1,1,36.835,27.915,0.16616,1,1
COMP_00124,Lot_A,8.25,8.549,8.942,9.15,Healthy,0,0,0.2989999999999995,0.6920000000000002,0.9000000000000004,0.20800000000000018,-0.1850000000000005,-0.5556014633035827,0.44499999999998874,-0.824681009562476,-1.3357562099438371,0.44499999999998874,0,0.16431516182533062,0,0,9.322,1.072,0.00638,0,0
COMP_00125,Lot_A,9.109,9.267,9.779,10.227,Healthy,0,0,0.15799999999999947,0.6699999999999999,1.1180000000000003,0.4480000000000004,-0.06400000000000006,0.7121586552937884,-0.9650000000000114,0.3659180638456034,0.780293231551359,0.780293231551359,0,0.18651229781632855,0,0,10.035,0.926,0.00551,0,0
COMP_00126,Lot_B,12.587,12.932,13.439,13.72,Healthy,0,0,0.34500000000000064,0.8520000000000003,1.133000000000001,0.2810000000000006,-0.2259999999999991,-0.3000347977694956,0.8900000000000041,0.43707001214083446,-0.7124902388837223,0.8900000000000041,0,0.15636661972484456,0,0,13.673,1.086,0.00646,0,0
COMP_00127,Lot_C,11.261,11.42,11.825,12.154,Healthy,0,0,0.1590000000000007,0.5640000000000001,0.8930000000000007,0.3290000000000006,-0.07599999999999874,1.0030363342747541,-1.0200000000000031,-0.9146503480781047,-0.22799687644278538,1.0030363342747541,0,0.17501587773926347,0,0,12.221,0.96,0.00571,0,0
COMP_00128,Lot_C,10.545,10.884,11.46,11.833,Healthy,0,0,0.3390000000000004,0.9150000000000009,1.2880000000000003,0.37299999999999933,-0.20300000000000118,0.6744907594765952,0.779999999999994,1.1037121518708004,0.1899973970356573,1.1037121518708004,0,0.1593042647124987,0,0,11.685,1.14,0.00679,0,0
COMP_00129,Lot_A,8.276,8.38,8.672,9.199,Healthy,0,0,0.10400000000000098,0.3960000000000008,0.923,0.5269999999999992,0.23499999999999943,-0.49792249783350795,-1.5049999999999963,-0.6990673458542859,1.4768261727101837,1.4768261727101837,0,0.10265798958637684,0,0,9.258,0.982,0.00585,0,0
COMP_00130,Lot_B,10.98,11.168,11.755,12.126,Healthy,0,0,0.18799999999999883,0.7750000000000004,1.145999999999999,0.37099999999999866,-0.21600000000000286,-1.548743590575181,-0.6800000000000139,0.5072170511263893,0.14249804777671407,0.5072170511263893,0,0.17648502697968715,0,0,12.067,1.087,0.00647,0,0
COMP_00131,Lot_B,14.021,14.314,14.941,15.32,Healthy,0,0,0.29299999999999926,0.9199999999999999,1.2989999999999995,0.37899999999999956,-0.2480000000000011,0.9533742790743529,0.36999999999999034,1.3327937407257326,0.21849700659098523,1.3327937407257326,0,0.1167983834725902,0,0,14.98,0.959,0.00571,0,0
COMP_00132,Lot_A,9.031,9.223,9.743,10.054,Healthy,0,0,0.19200000000000017,0.7119999999999997,1.0229999999999997,0.31099999999999994,-0.20899999999999963,0.5085165935320937,-0.6250000000000044,-0.15292098190562745,-0.4276183246354851,0.5085165935320937,0,0.18800074996091576,0,0,10.03,0.999,0.00595,0,0
COMP_00133,Lot_A,8.138,8.459,9.017,9.536,Healthy,0,0,0.32099999999999973,0.8789999999999996,1.3979999999999997,0.5190000000000001,-0.0389999999999997,-0.10123247000870408,0.6649999999999912,1.8951278829018487,1.4062911913270182,1.8951278829018487,0,0.13609986961433929,0,0,9.285,1.147,0.00683,0,0
COMP_00134,Lot_A,9.799,10.122,10.366,10.898,Healthy,0,0,0.3230000000000004,0.5670000000000002,1.0990000000000002,0.532,0.28800000000000026,1.5020073457105343,0.6849999999999978,0.2621502546953572,1.5209105360746737,1.5209105360746737,0,0.14350204853738652,0,0,10.9,1.101,0.00655,0,0
COMP_00135,Lot_C,10.826,11.015,11.552,11.799,Healthy,0,0,0.18900000000000006,0.7259999999999991,0.972999999999999,0.2469999999999999,-0.28999999999999915,0.6396915397160419,-0.7200000000000095,-0.5058680696074487,-1.0069862042890039,0.6396915397160419,0,0.17335413365816738,0,0,11.771,0.945,0.00562,0,0
COMP_00136,Lot_A,8.995,9.932,18.219,37.994,Latent Defect,1,0,0.9370000000000012,9.224000000000002,28.999000000000002,19.775,11.487999999999998,33.39729812891793,6.8250000000000055,152.6369857963716,171.18399138062475,171.18399138062475,1,-0.036264271379834345,1,1,37.887,28.892,0.17198,1,1
COMP_00137,Lot_B,14.18,14.456,14.872,15.01,Healthy,0,0,0.2759999999999998,0.6920000000000002,0.8300000000000001,0.1379999999999999,-0.27800000000000047,0.7105262704358568,0.19999999999999574,-1.1978955888304135,-2.070971627688673,0.7105262704358568,0,0.10986031274903701,0,0,15.131,0.951,0.00566,0,0
COMP_00138,Lot_C,9.812,10.105,10.517,10.864,Healthy,0,0,0.29300000000000104,0.7050000000000001,1.0520000000000014,0.3470000000000013,-0.06499999999999773,-0.31728700369915547,0.3200000000000003,-0.10219556961765494,-0.05699921911068369,0.3200000000000003,0,0.19479852395171204,0,0,10.91,1.098,0.00654,0,0
COMP_00139,Lot_B,12.796,13.02,13.479,13.802,Healthy,0,0,0.2240000000000002,0.6829999999999998,1.0060000000000002,0.3230000000000004,-0.13599999999999923,-0.23579758258124917,-0.3200000000000003,-0.24821259948738014,-0.3134957051088452,-0.23579758258124917,0,0.1746579585253255,0,0,13.766,0.97,0.00577,0,0
COMP_00140,Lot_C,11.299,11.372,11.757,12.02,Healthy,0,0,0.0730000000000004,0.4580000000000002,0.7210000000000001,0.2629999999999999,-0.12199999999999989,0.8658864681596343,-1.880000000000006,-1.7935322467900372,-0.8549882866604747,0.8658864681596343,0,0.1319428660121102,0,0,12.155,0.856,0.0051,0,0
COMP_00141,Lot_C,10.197,10.453,11.098,11.643,Healthy,0,0,0.2560000000000002,0.9010000000000016,1.4460000000000015,0.5449999999999999,-0.10000000000000142,0.480024531402919,-0.050000000000007816,1.9110571518503698,1.8239750115423505,1.9110571518503698,0,0.13810290571562311,0,0,11.32,1.123,0.00668,0,0
COMP_00142,Lot_A,7.882,8.132,8.605,8.875,Healthy,0,0,0.25,0.7230000000000008,0.9930000000000003,0.2699999999999996,-0.20300000000000118,-0.8793099429825776,-0.045000000000006146,-0.31676489109022204,-0.7891101042242508,-0.045000000000006146,0,0.16827711694213615,0,0,8.978,1.096,0.00652,0,0
COMP_00143,Lot_B,13.691,13.922,14.244,14.566,Healthy,0,0,0.23099999999999987,0.552999999999999,0.875,0.32200000000000095,1.7763568394002505e-15,0.3627052516116895,-0.25000000000000355,-0.955078915418843,-0.3229955749606228,0.3627052516116895,0,0.1544396823328094,0,0,14.724,1.033,0.00615,0,0
COMP_00144,Lot_A,7.702,8.035,8.713,9.087,Healthy,0,0,0.3330000000000002,1.0109999999999992,1.3849999999999998,0.37400000000000055,-0.3039999999999985,-0.6297601331936804,0.7849999999999957,1.8241288555885236,0.12784465375700876,1.8241288555885236,0,0.10982463841627571,0,0,8.85,1.148,0.00683,0,0
COMP_00145,Lot_A,8.589,8.851,9.443,9.909,Healthy,0,0,0.26200000000000045,0.8539999999999992,1.3200000000000003,0.4660000000000011,-0.12599999999999767,0.3378339406104425,0.0749999999999984,1.469133719021897,0.9389969396635045,1.469133719021897,0,0.15869770114974474,0,0,9.692,1.103,0.00657,0,0
COMP_00146,Lot_A,8.407,8.678,9.206,9.442,Healthy,0,0,0.2710000000000008,0.7989999999999995,1.0350000000000001,0.23600000000000065,-0.29199999999999804,-0.21188191397170514,0.1650000000000018,-0.08738341823178573,-1.0888837751027272,0.1650000000000018,0,0.17015350270408014,0,0,9.524,1.117,0.00665,0,0
COMP_00147,Lot_B,14.334,14.723,15.312,15.538,Healthy,0,0,0.3890000000000011,0.9779999999999998,1.2040000000000006,0.22600000000000087,-0.36299999999999777,1.1241512657943273,1.330000000000009,0.8201807635235336,-1.2349830807317752,1.330000000000009,0,0.07639669296348617,0,0,15.412,1.078,0.00642,0,0
COMP_00148,Lot_B,10.833,11.14,11.498,11.877,Healthy,0,0,0.3070000000000004,0.6649999999999991,1.0440000000000005,0.37900000000000134,0.021000000000002572,-1.743805378159004,0.5100000000000016,-0.043167408606496725,0.2184970065910021,0.5100000000000016,0,0.17365014631372422,0,0,11.983,1.15,0.00685,0,0
COMP_00149,Lot_A,9.728,9.926,10.33,10.708,Healthy,0,0,0.1980000000000004,0.6020000000000003,0.9800000000000004,0.3780000000000001,-0.0259999999999998,1.2783542142959567,-0.5650000000000022,-0.38776391840354735,0.16311214444859146,1.2783542142959567,0,0.19502547230858852,0,0,10.833,1.105,0.00658,0,0
COMP_00150,Lot_A,7.462,7.651,8.104,8.424,Healthy,0,0,0.18900000000000006,0.6419999999999995,0.9619999999999997,0.3200000000000003,-0.13299999999999912,-1.4101918496561292,-0.6550000000000056,-0.48607026391430996,-0.3482664705794123,-0.3482664705794123,0,0.13366078019875233,0,0,8.597,1.135,0.00676,0,0
COMP_00151,Lot_C,10.548,11.019,11.481,11.747,Healthy,0,0,0.4710000000000001,0.9329999999999998,1.1989999999999998,0.266,-0.19599999999999973,0.5864692036116675,2.0999999999999908,0.6489418670721838,-0.8264886771051244,2.0999999999999908,0,0.12469389289267813,0,0,11.685,1.137,0.00677,0,0
COMP_00152,Lot_A,9.635,9.757,10.041,10.331,Healthy,0,0,0.12199999999999989,0.4060000000000006,0.6959999999999997,0.28999999999999915,0.005999999999998451,0.8345793166996617,-1.3250000000000073,-1.9388195920177465,-0.6127726507663216,0.8345793166996617,0,0.14123359134715413,0,0,10.554,0.919,0.00547,0,0
COMP_00153,Lot_A,8.274,9.35,18.803,37.489,Latent Defect,1,0,1.0760000000000005,10.529000000000002,29.214999999999996,18.685999999999996,9.232999999999995,32.802851648052865,8.214999999999998,153.81666194250067,161.5824170398403,161.5824170398403,1,-0.028043616977160846,1,1,36.106,27.832,0.16567,1,1
COMP_00154,Lot_B,14.176,15.394,24.051,44.588,Latent Defect,1,0,1.218,9.874999999999998,30.412,20.537000000000003,11.880000000000004,23.881359817240455,9.619999999999997,158.42438958586044,191.71687347882929,191.71687347882929,1,-0.0976718133024922,1,1,43.5,29.324,0.17455,1,1
COMP_00155,Lot_C,9.264,9.383,9.978,10.442,Healthy,0,0,0.11899999999999977,0.7140000000000004,1.1780000000000008,0.4640000000000004,-0.13100000000000023,-0.7492067313154275,-1.4200000000000124,0.5416365189736393,1.0544855535479267,1.0544855535479267,0,0.1697183260490585,0,0,10.267,1.003,0.00597,0,0
COMP_00156,Lot_A,7.866,8.084,8.424,8.807,Healthy,0,0,0.21799999999999997,0.5579999999999998,0.9410000000000007,0.3830000000000009,0.04300000000000104,-0.9593542215941103,-0.36500000000000643,-0.6007610003435233,0.20719650781308158,0.20719650781308158,0,0.15914167253798844,0,0,8.978,1.112,0.00662,0,0
COMP_00157,Lot_B,14.905,16.246,27.299,47.349,Latent Defect,1,0,1.3409999999999993,12.394,32.443999999999996,20.049999999999997,8.996999999999996,26.044273855469118,10.84999999999999,169.38891137191177,187.090436861011,187.090436861011,1,-0.11343455460052965,1,1,45.449,30.544,0.18181,1,1
COMP_00158,Lot_C,10.0,10.337,10.876,11.37,Healthy,0,0,0.33699999999999974,0.8759999999999994,1.3699999999999992,0.4939999999999998,-0.04499999999999993,0.20060726685495045,0.7599999999999874,1.5227139873032265,1.3394816491014125,1.5227139873032265,0,0.1456272907759747,0,0,11.124,1.124,0.00669,0,0
COMP_00159,Lot_A,8.132,8.243,8.819,9.204,Healthy,0,0,0.11100000000000065,0.6870000000000012,1.072000000000001,0.3849999999999998,-0.19100000000000072,-0.4920368891120708,-1.4349999999999996,0.11469073642922302,0.22483025315886507,0.22483025315886507,0,0.15235673806255495,0,0,9.184,1.052,0.00626,0,0
COMP_00160,Lot_C,9.734,9.964,10.721,11.007,Healthy,0,0,0.23000000000000043,0.9870000000000001,1.2729999999999997,0.2859999999999996,-0.4710000000000001,-0.1709255794121262,-0.3100000000000058,1.0270654746575478,-0.6364912800694671,1.0270654746575478,0,0.1315168855944276,0,0,10.887,1.153,0.00686,0,0
COMP_00161,Lot_B,12.061,12.318,12.91,13.488,Healthy,0,0,0.2569999999999997,0.8490000000000002,1.4269999999999996,0.5779999999999994,-0.014000000000001123,-0.4817791139118546,0.009999999999994458,2.023472278429757,2.108971107095767,2.108971107095767,0,0.10804492374273317,0,0,13.144,1.083,0.00645,0,0
COMP_00162,Lot_B,13.723,13.871,14.558,14.906,Healthy,0,0,0.1479999999999997,0.8349999999999991,1.1829999999999998,0.34800000000000075,-0.33899999999999864,0.6290546804410072,-1.0800000000000054,0.706866315931463,-0.07599895881427114,0.706866315931463,0,0.11919999155240979,0,0,14.678,0.955,0.00568,0,0
COMP_00163,Lot_B,12.079,12.242,12.793,13.166,Healthy,0,0,0.16300000000000026,0.7139999999999986,1.0869999999999997,0.3730000000000011,-0.17799999999999727,-0.7340276906266785,-0.9299999999999997,0.18885741265344475,0.16149778748030297,0.18885741265344475,0,0.16498283240821243,0,0,13.074,0.995,0.00592,0,0
COMP_00164,Lot_B,13.38,13.733,14.086,14.573,Healthy,0,0,0.35299999999999976,0.7059999999999995,1.1929999999999996,0.4870000000000001,0.13400000000000034,0.3681889163228811,0.9699999999999953,0.7608255766895886,1.244482950583536,1.244482950583536,0,0.13598926333611205,0,0,14.473,1.093,0.00651,0,0
COMP_00165,Lot_A,8.085,8.508,9.03,9.288,Healthy,0,0,0.42299999999999827,0.9449999999999985,1.2029999999999994,0.2580000000000009,-0.26399999999999935,-0.393158662591942,1.6849999999999765,0.8301424732019596,-0.8949125762989988,1.6849999999999765,0,0.13460303648218402,0,0,9.07,0.985,0.00586,0,0
COMP_00166,Lot_C,8.177,9.539,18.478,36.089,Latent Defect,1,0,1.362,10.301000000000002,27.912,17.610999999999997,8.671999999999995,25.500663539240293,11.009999999999991,137.14645442690804,163.94875390207213,163.94875390207213,1,-0.03702689729921871,1,1,35.892,27.715,0.16497,1,1
COMP_00167,Lot_A,9.113,9.444,10.041,10.273,Healthy,0,0,0.3310000000000013,0.9280000000000008,1.1600000000000001,0.23199999999999932,-0.3650000000000002,0.7663062555310013,0.7650000000000068,0.5952995367040397,-1.1241512657943253,0.7663062555310013,0,0.15883682127196758,0,0,10.199,1.086,0.00646,0,0
COMP_00168,Lot_A,9.641,9.844,10.024,10.256,Healthy,0,0,0.2029999999999994,0.3829999999999991,0.6150000000000002,0.2320000000000011,0.05200000000000138,0.7462951858781186,-0.5150000000000121,-2.3811981468161587,-1.1241512657943098,0.7462951858781186,0,0.1389927222023732,0,0,10.741,1.1,0.00655,0,0
COMP_00169,Lot_A,8.674,8.846,9.286,9.669,Healthy,0,0,0.1720000000000006,0.6120000000000001,0.995000000000001,0.3830000000000009,-0.05699999999999861,0.05532472198150158,-0.8250000000000002,-0.30584196381124523,0.20719650781308158,0.20719650781308158,0,0.18498780330121634,0,0,9.704,1.03,0.00613,0,0
COMP_00170,Lot_B,12.8,13.011,13.311,13.663,Healthy,0,0,0.21099999999999852,0.5109999999999992,0.8629999999999995,0.3520000000000003,0.0519999999999996,-0.344687496132058,-0.45000000000001705,-1.0198300283285977,-0.03799947940714401,-0.03799947940714401,0,0.15821504117239,0,0,13.766,0.966,0.00575,0,0
COMP_00171,Lot_B,10.729,10.924,11.262,11.588,Healthy,0,0,0.19500000000000028,0.5330000000000013,0.859,0.32599999999999874,-0.012000000000002231,-1.9702023926639254,-0.6099999999999994,-1.0414137326318462,-0.2849960955535125,-0.2849960955535125,0,0.17906111878921543,0,0,11.857,1.128,0.00671,0,0
COMP_00172,Lot_A,8.329,8.656,9.296,9.534,Healthy,0,0,0.32699999999999996,0.9669999999999987,1.205,0.23800000000000132,-0.40199999999999747,-0.10358671349727729,0.7249999999999934,0.8410654004809365,-1.0712500297569278,0.8410654004809365,0,0.1424353204026042,0,0,9.484,1.155,0.00688,0,0
COMP_00173,Lot_B,15.192,15.38,15.85,16.252,Healthy,0,0,0.1880000000000006,0.6579999999999995,1.0599999999999987,0.40199999999999925,-0.06799999999999962,1.6834850663358938,-0.6799999999999962,0.043167408606496725,0.43699401318198733,1.6834850663358938,0,0.07362119591297728,0,0,16.136,0.944,0.00562,0,0
COMP_00174,Lot_A,10.456,23.829,49.845,121.768,Gross Failure,1,1,13.373000000000001,39.388999999999996,111.312,71.923,45.907000000000004,132.00949513483823,131.185,602.1864423534323,630.9662675268389,630.9662675268389,1,-0.21319893616929853,1,1,120.524,110.068,0.65517,1,1
COMP_00175,Lot_B,12.083,12.304,12.62,12.934,Healthy,0,0,0.22100000000000009,0.536999999999999,0.8509999999999991,0.31400000000000006,-0.0019999999999988916,-0.9157720067690374,-0.3500000000000014,-1.0845811412383524,-0.3989945337748939,-0.3500000000000014,0,0.16921256437055432,0,0,13.074,0.991,0.0059,0,0
COMP_00176,Lot_A,7.828,8.132,8.591,8.873,Healthy,0,0,0.3039999999999994,0.762999999999999,1.044999999999999,0.28200000000000003,-0.1769999999999996,-0.8816641864711529,0.49499999999998767,-0.03276878183692571,-0.683307632149487,0.49499999999998767,0,0.1595834800352834,0,0,8.949,1.121,0.00667,0,0
COMP_00177,Lot_B,14.095,14.366,14.594,15.036,Healthy,0,0,0.270999999999999,0.4989999999999988,0.940999999999999,0.44200000000000017,0.2140000000000004,0.7308941679345692,0.14999999999998792,-0.5989477944152115,0.8169888072533092,0.8169888072533092,0,0.10634479192954838,0,0,14.998,0.903,0.00538,0,0
COMP_00178,Lot_B,13.203,13.565,14.029,14.3,Healthy,0,0,0.3620000000000001,0.8260000000000005,1.0970000000000013,0.2710000000000008,-0.19299999999999962,0.15432599258639962,1.0599999999999987,0.24281667341158003,-0.8074889374015486,1.0599999999999987,0,0.1505575944722914,0,0,14.216,1.013,0.00603,0,0
COMP_00179,Lot_C,9.816,10.13,10.488,10.794,Healthy,0,0,0.31400000000000006,0.6719999999999988,0.9779999999999998,0.30600000000000094,-0.051999999999997826,-0.38893245614735245,0.5299999999999905,-0.48031917720302814,-0.44649388303379295,0.5299999999999905,0,0.1940502238627464,0,0,10.913,1.097,0.00653,0,0
COMP_00180,Lot_A,8.323,8.481,8.84,9.207,Healthy,0,0,0.15799999999999947,0.5169999999999995,0.8840000000000003,0.3670000000000009,0.008000000000000895,-0.48850552387920887,-0.9650000000000114,-0.9120644277942618,0.06612654504673515,0.06612654504673515,0,0.16619423621119367,0,0,9.333,1.01,0.00601,0,0
COMP_00181,Lot_A,9.462,9.737,10.182,10.449,Healthy,0,0,0.27500000000000036,0.7200000000000006,0.9870000000000001,0.26699999999999946,-0.17800000000000082,0.9734796825255579,0.2049999999999974,-0.34953367292714294,-0.8155607222429416,0.9734796825255579,0,0.19248736902821229,0,0,10.459,0.997,0.00593,0,0
COMP_00182,Lot_A,9.376,9.661,10.026,10.466,Healthy,0,0,0.28500000000000014,0.6500000000000004,1.0899999999999999,0.4399999999999995,0.07499999999999929,0.9934907521784406,0.3049999999999953,0.2129970819399759,0.709758250168178,0.9934907521784406,0,0.18560459494262965,0,0,10.4,1.024,0.0061,0,0
COMP_00183,Lot_C,10.504,10.689,11.126,11.427,Healthy,0,0,0.1850000000000005,0.6219999999999999,0.923,0.30100000000000016,-0.13599999999999923,0.2589471352770539,-0.7600000000000051,-0.7613569936516088,-0.4939932322927157,0.2589471352770539,0,0.18640249961946037,0,0,11.457,0.953,0.00567,0,0
COMP_00184,Lot_C,12.37,12.663,13.135,13.532,Healthy,0,0,0.29300000000000104,0.7650000000000006,1.1620000000000008,0.39700000000000024,-0.07499999999999929,2.413428241040683,0.3200000000000003,0.45988006327950626,0.4179942734784595,2.413428241040683,0,0.17387949426409616,0,0,13.356,0.986,0.00587,0,0
COMP_00185,Lot_A,9.603,9.847,10.226,10.66,Healthy,0,0,0.24399999999999977,0.6230000000000011,1.0570000000000004,0.4339999999999993,0.05499999999999794,1.2218523705701685,-0.10500000000000842,0.03276878183692086,0.6568570141307961,1.2218523705701685,0,0.18887154521682215,0,0,10.741,1.138,0.00677,0,0
COMP_00186,Lot_B,12.808,12.972,13.27,13.773,Healthy,0,0,0.1639999999999997,0.46199999999999974,0.9649999999999999,0.5030000000000001,0.20500000000000007,-0.2585156220990439,-0.9200000000000053,-0.4694455685957022,1.3964808682120613,1.3964808682120613,0,0.13451832435550864,0,0,13.766,0.958,0.0057,0,0
COMP_00187,Lot_C,10.118,10.321,10.743,11.174,Healthy,0,0,0.2029999999999994,0.625,1.0559999999999992,0.43099999999999916,0.008999999999998565,0.0,-0.5800000000000161,-0.08175645569413303,0.7409898484390736,0.7409898484390736,0,0.1872902676313254,0,0,11.124,1.006,0.00599,0,0
COMP_00188,Lot_B,12.677,12.811,13.3,13.771,Healthy,0,0,0.13400000000000034,0.6230000000000011,1.0940000000000012,0.4710000000000001,-0.018000000000000682,-0.2600823834450978,-1.2199999999999989,0.22662889518414137,1.0924850329550104,1.0924850329550104,0,0.14997948799417832,0,0,13.751,1.074,0.00639,0,0
COMP_00189,Lot_B,14.256,14.461,15.063,15.434,Healthy,0,0,0.20500000000000007,0.8070000000000004,1.177999999999999,0.37099999999999866,-0.23100000000000165,1.0426796757994763,-0.5100000000000016,0.6798866855523953,0.14249804777671407,1.0426796757994763,0,0.12485975308687458,0,0,15.239,0.983,0.00585,0,0
COMP_00190,Lot_A,9.493,9.789,10.056,10.581,Healthy,0,0,0.2959999999999994,0.5629999999999988,1.0879999999999992,0.5250000000000004,0.2580000000000009,1.128859752771475,0.4149999999999876,0.20207415466099904,1.4591924273644001,1.4591924273644001,0,0.14691118430549677,0,0,10.708,1.215,0.00723,0,0
COMP_00191,Lot_A,8.541,8.838,9.126,9.527,Healthy,0,0,0.2969999999999988,0.5849999999999991,0.9859999999999989,0.4009999999999998,0.11299999999999955,-0.11182656570728976,0.42499999999998206,-0.3549951365666362,0.3659002159252115,0.42499999999998206,0,0.1763733939303706,0,0,9.688,1.147,0.00683,0,0
COMP_00192,Lot_C,10.993,11.397,12.016,12.421,Healthy,0,0,0.4039999999999999,1.0229999999999997,1.427999999999999,0.40499999999999936,-0.2140000000000004,1.2763125600414467,1.429999999999989,1.8190811391944577,0.4939932322927157,1.8190811391944577,0,0.11483363723289108,0,0,12.155,1.162,0.00692,0,0
COMP_00193,Lot_C,8.61,8.871,9.25,9.623,Healthy,0,0,0.261000000000001,0.6400000000000006,1.013,0.37299999999999933,-0.006000000000000227,-1.5874585249593296,0.0,-0.3014769303721116,0.1899973970356573,0.1899973970356573,0,0.18958823459706026,0,0,9.705,1.095,0.00652,0,0
COMP_00194,Lot_B,11.662,11.895,12.283,12.578,Healthy,0,0,0.23299999999999876,0.6209999999999987,0.9159999999999986,0.29499999999999993,-0.09299999999999997,-1.1946555263667937,-0.23000000000001464,-0.7338459463105306,-0.5794920609587689,-0.23000000000001464,0,0.17252478154633544,0,0,12.736,1.074,0.00639,0,0
COMP_00195,Lot_A,8.069,8.309,8.793,8.893,Healthy,0,0,0.23999999999999844,0.7239999999999984,0.8239999999999998,0.10000000000000142,-0.38399999999999856,-0.8581217515854063,-0.14500000000002178,-1.2397522461634607,-2.2879784586166636,-0.14500000000002178,0,0.12350167496836173,0,0,9.138,1.069,0.00636,0,0
COMP_00196,Lot_A,6.599,6.822,7.248,7.617,Healthy,0,0,0.22299999999999986,0.649,1.0179999999999998,0.3689999999999998,-0.057000000000000384,-2.3601290972959417,-0.3150000000000075,-0.1802283001030599,0.08376029039251867,0.08376029039251867,0,0.08074315800606435,0,0,8.256,1.657,0.00986,0,0
COMP_00197,Lot_C,9.345,9.596,10.061,10.338,Healthy,0,0,0.25099999999999945,0.7159999999999993,0.9929999999999986,0.27699999999999925,-0.1880000000000006,-0.8556514035241779,-0.10000000000001563,-0.40367249998978466,-0.7219901087355179,-0.10000000000001563,0,0.1927927780704961,0,0,10.335,0.99,0.00589,0,0
COMP_00198,Lot_C,10.912,11.176,11.692,12.049,Healthy,0,0,0.26399999999999935,0.7799999999999994,1.1369999999999987,0.3569999999999993,-0.1590000000000007,0.8955681556024586,0.029999999999983373,0.3321356012574126,0.037999479407128084,0.8955681556024586,0,0.1815023696316398,0,0,11.914,1.002,0.00596,0,0
COMP_00199,Lot_C,11.893,12.191,12.582,13.015,Healthy,0,0,0.29800000000000004,0.6890000000000001,1.1219999999999999,0.43299999999999983,0.041999999999999815,1.884275399387574,0.36999999999999034,0.2554889240441691,0.759989588142646,1.884275399387574,0,0.16789122173335203,0,0,12.964,1.071,0.00638,0,0
COMP_00200,Lot_C,8.526,8.786,9.274,9.637,Healthy,0,0,0.2599999999999998,0.7479999999999993,1.1110000000000007,0.3630000000000013,-0.12499999999999822,-1.5731294344696891,-0.010000000000012221,0.19928136075445663,0.09499869851784552,0.19928136075445663,0,0.18485160945375706,0,0,9.613,1.087,0.00647,0,0
COMP_00201,Lot_B,12.633,12.802,13.157,13.517,Healthy,0,0,0.16900000000000048,0.5240000000000009,0.8840000000000003,0.35999999999999943,0.004999999999999005,-0.45906107439405985,-0.8699999999999974,-0.906515580736527,0.03799947940711026,0.03799947940711026,0,0.16014228494380683,0,0,13.74,1.107,0.00659,0,0
COMP_00202,Lot_A,7.609,8.001,8.134,8.452,Healthy,0,0,0.39199999999999946,0.5250000000000004,0.843,0.3179999999999996,0.18499999999999872,-1.3772324408160856,1.3749999999999885,-1.1359844370132146,-0.3659002159252115,1.3749999999999885,0,0.10248220908307615,0,0,8.807,1.198,0.00713,0,0
COMP_00203,Lot_A,8.588,8.879,9.219,9.682,Healthy,0,0,0.29100000000000037,0.6310000000000002,1.0940000000000012,0.46300000000000097,0.12300000000000111,0.07062730465723574,0.36499999999999755,0.23484293649792962,0.9125463216448136,0.9125463216448136,0,0.16930749035590803,0,0,9.692,1.104,0.00657,0,0
COMP_00204,Lot_C,8.746,8.95,9.475,9.929,Healthy,0,0,0.20399999999999885,0.7289999999999992,1.1829999999999998,0.4540000000000006,-0.07099999999999973,-1.2742655471143545,-0.5700000000000216,0.5671854113780508,0.959486855030098,0.959486855030098,0,0.17866369509049174,0,0,9.81,1.064,0.00633,0,0
COMP_00205,Lot_B,11.456,11.917,12.26,12.478,Healthy,0,0,0.4610000000000003,0.8040000000000003,1.0220000000000002,0.21799999999999997,-0.125,-1.272993593669534,2.0500000000000007,-0.1618777822743771,-1.3109820395460463,2.0500000000000007,0,0.12791890606442102,0,0,12.717,1.261,0.00751,0,0
COMP_00206,Lot_A,8.902,9.124,9.515,9.924,Healthy,0,0,0.2220000000000013,0.6130000000000013,1.0220000000000002,0.4089999999999989,0.017999999999998906,0.35549076677474983,-0.32499999999999307,-0.15838244554511102,0.4364351973083769,0.4364351973083769,0,0.18770276476587777,0,0,9.925,1.023,0.00609,0,0
COMP_00207,Lot_A,7.278,7.392,7.77,8.228,Healthy,0,0,0.11400000000000077,0.492,0.9500000000000002,0.4580000000000002,0.08000000000000096,-1.6409077115364303,-1.4049999999999985,-0.5516078275881469,0.8684619582803235,0.8684619582803235,0,0.07485917018244981,0,0,8.317,1.039,0.00618,0,0
COMP_00208,Lot_B,12.391,12.768,13.363,13.741,Healthy,0,0,0.37700000000000067,0.9719999999999995,1.3499999999999996,0.3780000000000001,-0.21699999999999875,-0.2835838036359209,1.2100000000000044,1.6079859705921804,0.20899713673920767,1.6079859705921804,0,0.11752708808280643,0,0,13.562,1.171,0.00697,0,0
COMP_00209,Lot_A,8.772,9.044,9.514,9.827,Healthy,0,0,0.27200000000000024,0.7419999999999991,1.0549999999999997,0.3130000000000006,-0.15699999999999825,0.24130995757888687,0.17499999999999627,0.02184585455794401,-0.40998457928968596,0.24130995757888687,0,0.18993822813351724,0,0,9.797,1.025,0.0061,0,0
COMP_00210,Lot_A,8.3,8.464,8.649,9.109,Healthy,0,0,0.1639999999999997,0.3489999999999984,0.8089999999999993,0.46000000000000085,0.27500000000000213,-0.6038634548193605,-0.9050000000000091,-1.321674200755763,0.8860957036261227,0.8860957036261227,0,0.10373707065058313,0,0,9.333,1.033,0.00615,0,0
COMP_00211,Lot_B,13.173,13.423,13.921,14.188,Healthy,0,0,0.25,0.7479999999999993,1.0150000000000006,0.26700000000000124,-0.2309999999999981,0.06658735720733014,-0.060000000000002274,-0.19964926480506412,-0.8454884168086757,0.06658735720733014,0,0.1659420304390914,0,0,14.228,1.055,0.00628,0,0
COMP_00212,Lot_B,11.899,12.126,12.74,12.973,Healthy,0,0,0.2270000000000003,0.8410000000000011,1.0740000000000016,0.23300000000000054,-0.3810000000000002,-0.8852201605209674,-0.28999999999999915,0.11871037366788996,-1.1684839917692984,0.11871037366788996,0,0.14738857239146275,0,0,13.019,1.12,0.00667,0,0
COMP_00213,Lot_B,10.11,10.319,10.906,11.082,Healthy,0,0,0.2090000000000014,0.7960000000000012,0.9720000000000013,0.17600000000000016,-0.4109999999999996,-2.366593013215791,-0.4699999999999882,-0.43167408606500557,-1.7099765733209233,-0.43167408606500557,0,0.16140814633863454,0,0,11.21,1.1,0.00655,0,0
COMP_00214,Lot_A,7.556,7.827,8.585,8.799,Healthy,0,0,0.2709999999999999,1.0290000000000008,1.2429999999999994,0.21399999999999864,-0.5440000000000023,-0.9687711955484094,0.16499999999999293,1.0486010187814239,-1.282854973906471,1.0486010187814239,0,0.08776972040586134,0,0,8.727,1.171,0.00697,0,0
COMP_00215,Lot_C,8.743,9.02,9.614,9.902,Healthy,0,0,0.27699999999999925,0.8710000000000004,1.158999999999999,0.2879999999999985,-0.3060000000000027,-1.3019002216300886,0.15999999999998238,0.4445507278368467,-0.6174915403659115,0.4445507278368467,0,0.17219766094055478,0,0,9.81,1.067,0.00635,0,0
COMP_00216,Lot_A,7.203,7.488,8.011,8.539,Healthy,0,0,0.28500000000000014,0.8079999999999989,1.3359999999999994,0.5280000000000005,0.00500000000000167,-1.2748228490630948,0.3049999999999953,1.556517137253678,1.485643045383091,1.556517137253678,0,0.08749863276928366,0,0,8.317,1.114,0.00663,0,0
COMP_00217,Lot_A,9.026,9.342,9.76,10.354,Healthy,0,0,0.3160000000000007,0.734,1.3279999999999994,0.5939999999999994,0.17600000000000016,0.8616531168182682,0.6150000000000011,1.512825428137785,2.06755664179426,2.06755664179426,0,0.13386967751617934,0,0,10.119,1.093,0.00651,0,0
COMP_00218,Lot_C,9.642,9.843,10.51,10.712,Healthy,0,0,0.2010000000000005,0.8680000000000003,1.0700000000000003,0.20199999999999996,-0.46499999999999986,-0.4728599861580979,-0.600000000000005,-0.010219556961760957,-1.4344803476192411,-0.010219556961760957,0,0.15868582305546985,0,0,10.754,1.112,0.00662,0,0
COMP_00219,Lot_B,10.968,11.227,11.677,12.004,Healthy,0,0,0.25900000000000034,0.7089999999999996,1.0359999999999996,0.32699999999999996,-0.12299999999999933,-1.6443160326845243,0.030000000000001137,-0.08633481721300304,-0.2754962257017181,0.030000000000001137,0,0.18646858754037765,0,0,12.067,1.099,0.00654,0,0
COMP_00220,Lot_C,10.895,11.072,11.53,11.844,Healthy,0,0,0.1769999999999996,0.6349999999999998,0.9489999999999998,0.31400000000000006,-0.14400000000000013,0.6857493305755968,-0.8400000000000141,-0.6285027531486437,-0.3704949242195368,0.6857493305755968,0,0.18502345510262191,0,0,11.914,1.019,0.00607,0,0
COMP_00221,Lot_B,12.02,12.265,12.817,13.379,Healthy,0,0,0.245000000000001,0.7970000000000006,1.359,0.5619999999999994,0.009999999999999787,-0.5671676072718418,-0.10999999999999233,1.6565493052744964,1.9569731894672413,1.9569731894672413,0,0.127381487712035,0,0,13.074,1.054,0.00627,0,0
COMP_00222,Lot_B,13.637,13.686,14.132,14.487,Healthy,0,0,0.04899999999999949,0.4949999999999992,0.8499999999999996,0.3550000000000004,-0.0909999999999993,0.30081817844252395,-2.0700000000000074,-1.0899770673141622,-0.00949986985179444,0.30081817844252395,0,0.11565057551074193,0,0,14.505,0.868,0.00517,0,0
COMP_00223,Lot_A,9.249,10.486,21.866,40.845,Latent Defect,1,0,1.237,12.616999999999999,31.595999999999997,18.979,7.599,36.75327222188089,9.824999999999994,166.82040686811828,164.16576073299902,166.82040686811828,1,-0.02586575048583617,1,1,37.995,28.746,0.17111,1,1
COMP_00224,Lot_B,14.715,14.93,15.397,15.83,Healthy,0,0,0.21499999999999986,0.6820000000000004,1.1150000000000002,0.43299999999999983,-0.034000000000000696,1.3528984223183296,-0.4100000000000037,0.3399433427762025,0.7314899785872605,1.3528984223183296,0,0.10887204982915688,0,0,15.644,0.929,0.00553,0,0
COMP_00225,Lot_A,8.042,20.672,52.525,106.532,Gross Failure,1,1,12.63,44.483,98.49,54.007,22.154,114.07486823887766,123.755,532.1595555679351,473.00317671922267,532.1595555679351,1,-0.19433633827316454,1,1,107.09,99.048,0.58957,1,1
COMP_00226,Lot_A,8.918,9.021,9.285,9.821,Healthy,0,0,0.10300000000000153,0.3670000000000009,0.9030000000000005,0.5359999999999996,0.27200000000000024,0.2342472271131631,-1.5149999999999908,-0.8082966186440156,1.5561780267662564,1.5561780267662564,0,0.09939200501893392,0,0,9.874,0.956,0.00569,0,0
COMP_00227,Lot_C,9.347,9.613,9.885,10.244,Healthy,0,0,0.266,0.5380000000000003,0.8970000000000002,0.359,0.08699999999999974,-0.95186101109747,0.04999999999999005,-0.8942112341545738,0.056999219110700564,0.056999219110700564,0,0.18386141713718035,0,0,10.394,1.047,0.00623,0,0
COMP_00228,Lot_B,12.209,12.334,12.944,13.413,Healthy,0,0,0.125,0.7350000000000012,1.2040000000000006,0.4689999999999994,-0.1410000000000018,-0.5405326643889095,-1.3100000000000023,0.8201807635235336,1.0734852932514385,1.0734852932514385,0,0.13925519027666267,0,0,13.166,0.957,0.0057,0,0
COMP_00229,Lot_C,9.903,10.233,10.912,11.337,Healthy,0,0,0.33000000000000007,1.0090000000000003,1.4339999999999993,0.42499999999999893,-0.25400000000000134,0.16683155355794396,0.6899999999999906,1.8497398100797586,0.683990629328373,1.8497398100797586,0,0.1278351264559724,0,0,11.068,1.165,0.00693,0,0
COMP_00230,Lot_B,13.528,13.794,14.322,14.635,Healthy,0,0,0.266,0.7939999999999987,1.1069999999999993,0.3130000000000006,-0.21499999999999808,0.41675851805057973,0.09999999999999787,0.2967759341696961,-0.4084944036266715,0.41675851805057973,0,0.1570659471013553,0,0,14.544,1.016,0.00605,0,0
COMP_00231,Lot_C,9.751,26.104,58.734,115.808,Gross Failure,1,1,16.353,48.983000000000004,106.057,57.074000000000005,24.444000000000003,107.09357530663733,160.92,536.4500938155343,538.8421178629874,538.8421178629874,1,-0.2007996716613799,1,1,121.031,111.28,0.66238,1,1
COMP_00232,Lot_B,13.0,13.342,13.656,14.082,Healthy,0,0,0.3420000000000005,0.6560000000000006,1.0820000000000007,0.42600000000000016,0.1120000000000001,-0.01645099413357475,0.860000000000003,0.16187778227438668,0.6649908896247838,0.860000000000003,0,0.15884321001315482,0,0,14.09,1.09,0.00649,0,0
COMP_00233,Lot_B,13.871,14.184,14.537,14.718,Healthy,0,0,0.31299999999999883,0.6660000000000004,0.8469999999999995,0.18099999999999916,-0.17200000000000237,0.4817791139118546,0.5699999999999861,-1.1061648455416009,-1.6624772240620187,0.5699999999999861,0,0.12848907862808506,0,0,14.859,0.988,0.00588,0,0
COMP_00234,Lot_B,13.616,13.881,14.451,14.731,Healthy,0,0,0.26500000000000057,0.8350000000000009,1.1150000000000002,0.27999999999999936,-0.2900000000000009,0.49196306266121076,0.09000000000000341,0.3399433427762025,-0.7219901087355167,0.49196306266121076,0,0.14603768328434835,0,0,14.559,0.943,0.00561,0,0
COMP_00235,Lot_A,9.108,9.442,9.881,10.273,Healthy,0,0,0.33399999999999963,0.7729999999999997,1.1649999999999991,0.39199999999999946,-0.0470000000000006,0.7663062555310013,0.7949999999999902,0.6226068549014673,0.2865483618691387,0.7949999999999902,0,0.18452849426052126,0,0,10.199,1.091,0.00649,0,0
COMP_00236,Lot_C,10.344,10.528,11.042,11.554,Healthy,0,0,0.18400000000000105,0.6980000000000004,1.2100000000000009,0.5120000000000005,-0.0019999999999988916,0.3889324561473542,-0.7699999999999996,0.7051494303619054,1.5104793064335142,1.5104793064335142,0,0.17004718471760943,0,0,11.332,0.988,0.00588,0,0
COMP_00237,Lot_A,8.518,8.651,9.018,9.19,Healthy,0,0,0.13299999999999912,0.5,0.6719999999999988,0.17199999999999882,-0.19500000000000206,-0.5085165935320937,-1.215000000000015,-2.06989471936543,-1.6531636261681284,-0.5085165935320937,0,0.11502842694989224,0,0,9.517,0.999,0.00595,0,0
COMP_00238,Lot_A,9.532,9.843,10.233,10.441,Healthy,0,0,0.31099999999999994,0.7010000000000005,0.9090000000000007,0.20800000000000018,-0.18200000000000038,0.964062708571261,0.5649999999999933,-0.7755278368070947,-1.3357562099438371,0.964062708571261,0,0.18389419700775245,0,0,10.741,1.209,0.0072,0,0
COMP_00239,Lot_B,12.083,12.282,12.745,13.103,Healthy,0,0,0.19899999999999984,0.661999999999999,1.0199999999999996,0.35800000000000054,-0.10499999999999865,-0.7833806730274055,-0.5700000000000038,-0.17266963442600608,0.01899973970355513,0.01899973970355513,0,0.1761688484647374,0,0,13.074,0.991,0.0059,0,0
COMP_00240,Lot_A,9.573,9.768,10.037,10.271,Healthy,0,0,0.19500000000000028,0.4640000000000004,0.6980000000000004,0.23399999999999999,-0.03500000000000014,0.763952012042428,-0.5950000000000033,-1.9278966647387696,-1.1065175204485262,0.763952012042428,0,0.16274311796395985,0,0,10.554,0.981,0.00584,0,0
COMP_00241,Lot_C,9.979,10.171,10.586,10.891,Healthy,0,0,0.19200000000000017,0.6070000000000011,0.9120000000000008,0.3049999999999997,-0.11000000000000121,-0.2896523291834232,-0.6900000000000084,-0.8175645569413212,-0.45599375288558763,-0.2896523291834232,0,0.1903211367087454,0,0,10.98,1.001,0.00596,0,0
COMP_00242,Lot_C,10.891,11.094,11.499,11.921,Healthy,0,0,0.2029999999999994,0.6080000000000005,1.0299999999999994,0.4219999999999988,0.016999999999997684,0.7645593282686131,-0.5800000000000161,-0.21461069619709808,0.6554910197730227,0.7645593282686131,0,0.17949352757118203,0,0,11.914,1.023,0.00609,0,0
COMP_00243,Lot_C,9.492,9.775,10.265,10.629,Healthy,0,0,0.2829999999999995,0.7729999999999997,1.1369999999999987,0.363999999999999,-0.12600000000000122,-0.5578110226323885,0.21999999999998465,0.3321356012574126,0.10449856836960644,0.3321356012574126,0,0.19231058803795775,0,0,10.721,1.229,0.00732,0,0
COMP_00244,Lot_B,11.752,12.101,12.817,13.168,Healthy,0,0,0.3490000000000002,1.0649999999999995,1.4159999999999986,0.3509999999999991,-0.3650000000000002,-0.7324609292806246,0.9299999999999997,1.964117091595812,-0.04749934925893844,1.964117091595812,0,0.09989504141166022,0,0,12.992,1.24,0.00738,0,0
COMP_00245,Lot_A,7.663,7.915,8.484,8.773,Healthy,0,0,0.2519999999999998,0.8209999999999997,1.1099999999999994,0.2889999999999997,-0.28000000000000025,-0.9993763608998778,-0.02500000000000835,0.3222263547297056,-0.6215895234392134,0.3222263547297056,0,0.14734558373035167,0,0,8.824,1.161,0.00691,0,0
COMP_00246,Lot_C,9.884,25.906,66.921,133.125,Gross Failure,1,1,16.022,57.037000000000006,123.241,66.204,25.188999999999986,124.81763673585762,157.60999999999996,624.256527231033,625.5759296097667,625.5759296097667,1,-0.22862958290318502,1,1,111.725,101.841,0.6062,1,1
COMP_00247,Lot_B,13.899,14.114,14.613,14.89,Healthy,0,0,0.21500000000000163,0.7140000000000004,0.9910000000000014,0.277000000000001,-0.22199999999999775,0.6165205896725687,-0.40999999999998593,-0.3291514906245639,-0.7504897182908494,0.6165205896725687,0,0.14721952935543742,0,0,14.842,0.943,0.00561,0,0
COMP_00248,Lot_C,10.761,11.103,11.619,11.933,Healthy,0,0,0.3420000000000005,0.8580000000000005,1.1720000000000006,0.31400000000000006,-0.20199999999999996,0.7768414058311616,0.8099999999999952,0.5109778480883382,-0.3704949242195368,0.8099999999999952,0,0.16719933223876526,0,0,11.914,1.153,0.00686,0,0
COMP_00249,Lot_C,9.817,10.211,10.619,11.074,Healthy,0,0,0.39400000000000013,0.8019999999999996,1.2569999999999997,0.45500000000000007,0.0470000000000006,-0.10235064635456634,1.3299999999999912,0.9453090189634149,0.9689867248818758,1.3299999999999912,0,0.15753046657874542,0,0,10.981,1.164,0.00693,0,0
COMP_00250,Lot_C,10.305,10.528,10.817,11.188,Healthy,0,0,0.22300000000000075,0.5120000000000005,0.8830000000000009,0.37100000000000044,0.08200000000000074,0.014329090489640487,-0.38000000000000256,-0.9657481328869368,0.17099765733210168,0.17099765733210168,0,0.17417482184848787,0,0,11.332,1.027,0.00611,0,0
COMP_00251,Lot_A,8.573,8.967,9.314,9.894,Healthy,0,0,0.39400000000000013,0.7409999999999997,1.3209999999999997,0.5800000000000001,0.23300000000000054,0.320177114446133,1.3949999999999951,1.4745951826613806,1.944120424373713,1.944120424373713,0,0.11387577022307199,0,0,9.775,1.202,0.00715,0,0
COMP_00252,Lot_B,13.417,29.55,61.585,124.102,Gross Failure,1,1,16.133000000000003,48.168,110.685,62.517,30.482000000000006,86.17109065234159,158.77,591.5715634695721,590.5214098566724,591.5715634695721,1,-0.2196750248560818,1,1,126.366,112.949,0.67232,1,1
COMP_00253,Lot_C,10.426,10.751,11.083,11.574,Healthy,0,0,0.3249999999999993,0.657,1.1479999999999997,0.49099999999999966,0.15899999999999892,0.40940258541826713,0.6399999999999828,0.3883431645471342,1.3109820395460623,1.3109820395460623,0,0.1608524258760301,0,0,11.457,1.031,0.00614,0,0
COMP_00254,Lot_A,8.789,9.088,9.511,9.768,Healthy,0,0,0.2989999999999995,0.7219999999999995,0.979000000000001,0.25700000000000145,-0.1659999999999986,0.17185977466593982,0.44499999999998874,-0.3932253820430309,-0.9037294489718906,0.44499999999998874,0,0.182358863599493,0,0,9.811,1.022,0.00608,0,0
COMP_00255,Lot_A,8.558,8.823,9.107,9.536,Healthy,0,0,0.26500000000000057,0.5489999999999995,0.9779999999999998,0.42900000000000027,0.14500000000000135,-0.10123247000870408,0.10499999999999954,-0.3986868456825242,0.6127726507663216,0.6127726507663216,0,0.1730991550940036,0,0,9.688,1.13,0.00673,0,0
COMP_00256,Lot_B,14.096,14.288,14.615,14.935,Healthy,0,0,0.19200000000000017,0.5190000000000001,0.8390000000000004,0.3200000000000003,-0.006999999999999673,0.6517727199588019,-0.6400000000000006,-1.1493322541480975,-0.3419953146641948,0.6517727199588019,0,0.12974050334051046,0,0,14.98,0.884,0.00526,0,0
COMP_00257,Lot_C,10.022,10.25,10.693,11.065,Healthy,0,0,0.22799999999999976,0.6709999999999994,1.0429999999999993,0.3719999999999999,-0.07099999999999973,-0.11156220452647768,-0.3300000000000125,-0.14818357594561554,0.18049752718387949,0.18049752718387949,0,0.19574057512947868,0,0,11.097,1.075,0.0064,0,0
COMP_00258,Lot_B,11.495,12.444,17.861,38.217,Latent Defect,1,0,0.9490000000000016,6.366000000000001,26.722,20.355999999999998,14.938999999999998,18.890441549382853,6.930000000000014,138.51342236611163,189.99739703565655,189.99739703565655,1,-0.06878826871956711,1,1,39.516,28.021,0.16679,1,1
COMP_00259,Lot_B,13.017,13.351,13.664,14.016,Healthy,0,0,0.3340000000000014,0.6470000000000002,0.9990000000000006,0.3520000000000003,0.03900000000000148,-0.06815411855338407,0.7800000000000118,-0.2859840820180672,-0.03799947940714401,0.7800000000000118,0,0.16362148689731448,0,0,14.09,1.073,0.00639,0,0
COMP_00260,Lot_A,8.672,8.877,9.141,9.665,Healthy,0,0,0.20500000000000007,0.4689999999999994,0.9929999999999986,0.5239999999999991,0.2599999999999998,0.050616235004350994,-0.49500000000000544,-0.31676489109023176,1.4503755546914927,1.4503755546914927,0,0.1379339074960273,0,0,9.704,1.032,0.00614,0,0
COMP_00261,Lot_B,14.539,14.759,15.27,15.571,Healthy,0,0,0.22000000000000064,0.7309999999999999,1.032,0.30100000000000016,-0.20999999999999908,1.1500028280042311,-0.3599999999999959,-0.10791852151625139,-0.5224928418480698,1.1500028280042311,0,0.11713694406979919,0,0,15.449,0.91,0.00542,0,0
COMP_00262,Lot_C,9.104,9.5,9.752,10.073,Healthy,0,0,0.3960000000000008,0.6480000000000015,0.9690000000000012,0.32099999999999973,0.06899999999999906,-1.1268806163637783,1.3499999999999979,-0.5263071835309706,-0.3039958352570584,1.3499999999999979,0,0.16535361590431247,0,0,10.217,1.113,0.00662,0,0
COMP_00263,Lot_A,8.567,8.95,9.507,9.69,Healthy,0,0,0.3829999999999991,0.9399999999999995,1.1229999999999993,0.18299999999999983,-0.37400000000000055,0.08004427861153274,1.284999999999985,0.3932253820430309,-1.5561780267662564,1.284999999999985,0,0.13088528668987653,0,0,9.775,1.208,0.00719,0,0
COMP_00264,Lot_B,12.997,13.249,13.671,14.083,Healthy,0,0,0.25200000000000067,0.6739999999999995,1.0860000000000003,0.4120000000000008,-0.00999999999999801,-0.015667613460547777,-0.039999999999995595,0.18346148657763503,0.5319927116998304,0.5319927116998304,0,0.17393387184699172,0,0,13.978,0.981,0.00584,0,0
COMP_00265,Lot_C,8.732,8.949,9.457,9.875,Healthy,0,0,0.21700000000000053,0.7250000000000014,1.1430000000000007,0.41799999999999926,-0.09000000000000163,-1.3295348961458209,-0.44000000000000483,0.3627942721427227,0.6174915403658946,0.6174915403658946,0,0.18378907787054455,0,0,9.81,1.078,0.00642,0,0
COMP_00266,Lot_C,10.134,10.361,10.797,11.221,Healthy,0,0,0.2270000000000003,0.6630000000000003,1.0869999999999997,0.4239999999999995,-0.012000000000000455,0.04810480378664696,-0.34000000000000696,0.07664667721325255,0.6744907594765952,0.6744907594765952,0,0.19188564668511104,0,0,11.165,1.031,0.00614,0,0
COMP_00267,Lot_B,13.037,13.204,13.506,13.707,Healthy,0,0,0.16699999999999982,0.4689999999999994,0.6699999999999999,0.2010000000000005,-0.10099999999999909,-0.3102187465188518,-0.8900000000000041,-2.0612437609604437,-1.4724798270263493,-0.3102187465188518,0,0.12430263116331308,0,0,13.997,0.96,0.00571,0,0
COMP_00268,Lot_C,11.31,11.625,12.062,12.366,Healthy,0,0,0.3149999999999995,0.7519999999999989,1.0559999999999992,0.30400000000000027,-0.13299999999999912,1.2200197045464352,0.5399999999999849,-0.08175645569413303,-0.46549362273736544,1.2200197045464352,0,0.1754426957295333,0,0,12.346,1.036,0.00617,0,0
COMP_00269,Lot_B,12.369,12.706,13.385,13.674,Healthy,0,0,0.33699999999999974,1.016,1.3049999999999997,0.2889999999999997,-0.39000000000000057,-0.33607030872875715,0.8099999999999952,1.36516929718061,-0.636491280069468,1.36516929718061,0,0.11127856473485193,0,0,13.483,1.114,0.00663,0,0
COMP_00270,Lot_A,9.411,9.663,10.087,10.588,Healthy,0,0,0.25200000000000067,0.6760000000000002,1.1769999999999996,0.5009999999999994,0.07699999999999996,1.1370996049814852,-0.024999999999999467,0.688144418575309,1.2475874832148726,1.2475874832148726,0,0.1767907905099308,0,0,10.4,0.989,0.00589,0,0
COMP_00271,Lot_C,9.991,10.265,10.744,10.932,Healthy,0,0,0.2740000000000009,0.7530000000000001,0.9410000000000007,0.1880000000000006,-0.2909999999999986,-0.2476885641780505,0.129999999999999,-0.6693809809957056,-1.5674785255441979,0.129999999999999,0,0.17986347952806875,0,0,11.124,1.133,0.00674,0,0
COMP_00272,Lot_C,10.26,10.465,10.744,11.042,Healthy,0,0,0.20500000000000007,0.484,0.782,0.29800000000000004,0.019000000000000128,-0.1351028531880277,-0.5600000000000094,-1.4818357594561555,-0.522492841848066,-0.1351028531880277,0,0.16838539275267345,0,0,11.32,1.06,0.00631,0,0
COMP_00273,Lot_C,9.527,9.86,10.182,10.453,Healthy,0,0,0.3330000000000002,0.6550000000000011,0.9260000000000002,0.270999999999999,-0.05100000000000193,-0.737948160216426,0.7199999999999918,-0.7460276582089582,-0.7789893278462185,0.7199999999999918,0,0.18565871016508317,0,0,10.754,1.227,0.0073,0,0
COMP_00274,Lot_C,10.212,10.356,10.727,10.91,Healthy,0,0,0.14400000000000013,0.5150000000000006,0.6980000000000004,0.18299999999999983,-0.1880000000000006,-0.2702057063760554,-1.1700000000000088,-1.9110571518503516,-1.6149778748031207,-0.2702057063760554,0,0.14078436845560688,0,0,11.165,0.953,0.00567,0,0
COMP_00275,Lot_B,14.012,14.238,14.686,15.128,Healthy,0,0,0.2259999999999991,0.6739999999999995,1.1159999999999997,0.44200000000000017,-0.006000000000000227,0.802965189853091,-0.30000000000001137,0.34533926885201216,0.8169888072533092,0.8169888072533092,0,0.14540188120657005,0,0,14.98,0.968,0.00576,0,0
COMP_00276,Lot_B,12.206,12.431,12.754,12.998,Healthy,0,0,0.22499999999999964,0.548,0.7919999999999998,0.24399999999999977,-0.07900000000000063,-0.8656356436952835,-0.3100000000000058,-1.402940779711297,-1.0639854233996946,-0.3100000000000058,0,0.1577182176376975,0,0,13.207,1.001,0.00596,0,0
COMP_00277,Lot_C,9.171,9.382,9.786,10.165,Healthy,0,0,0.2110000000000003,0.6150000000000002,0.9939999999999998,0.37899999999999956,-0.025000000000000355,-1.0327180217175782,-0.5000000000000071,-0.3985627215088951,0.24699661614635784,0.24699661614635784,0,0.19203611980782065,0,0,10.2,1.029,0.00612,0,0
COMP_00278,Lot_B,12.02,12.295,12.803,13.107,Healthy,0,0,0.27500000000000036,0.7830000000000013,1.0869999999999997,0.3039999999999985,-0.2040000000000024,-0.7802471503352962,0.19000000000000128,0.18885741265344475,-0.49399323229273706,0.19000000000000128,0,0.17062116791151877,0,0,13.057,1.037,0.00617,0,0
COMP_00279,Lot_C,9.276,9.533,9.958,10.33,Healthy,0,0,0.2569999999999997,0.6820000000000004,1.0540000000000003,0.3719999999999999,-0.053000000000000824,-0.8638394552325424,-0.04000000000001336,-0.09197601265589399,0.18049752718387949,0.18049752718387949,0,0.19578846540089545,0,0,10.284,1.008,0.006,0,0
COMP_00280,Lot_C,11.413,11.668,12.042,12.303,Healthy,0,0,0.254999999999999,0.6289999999999996,0.8900000000000006,0.261000000000001,-0.11299999999999955,1.1555387973430593,-0.06000000000002004,-0.9299796835207553,-0.8739880263640303,1.1555387973430593,0,0.17329000805535594,0,0,12.346,0.933,0.00555,0,0
COMP_00281,Lot_C,9.233,9.366,9.928,10.055,Healthy,0,0,0.13299999999999912,0.6950000000000003,0.8219999999999992,0.1269999999999989,-0.4350000000000023,-1.145303732707601,-1.280000000000019,-1.2774446202208274,-2.1469705865029813,-1.145303732707601,0,0.12903383605662722,0,0,10.179,0.946,0.00563,0,0
COMP_00282,Lot_A,8.89,9.071,9.46,9.72,Healthy,0,0,0.18099999999999916,0.5700000000000003,0.8300000000000001,0.2599999999999998,-0.12900000000000134,0.11535793094015165,-0.7350000000000145,-1.2069834643265398,-0.8772788309532152,0.11535793094015165,0,0.18002800878928277,0,0,9.84,0.95,0.00565,0,0
COMP_00283,Lot_B,14.59,14.842,15.387,15.867,Healthy,0,0,0.25200000000000067,0.7970000000000006,1.277000000000001,0.4800000000000004,-0.0649999999999995,1.3818835072203441,-0.039999999999995595,1.2140833670578617,1.1779838616210592,1.3818835072203441,0,0.09867010556939687,0,0,15.528,0.938,0.00558,0,0
COMP_00284,Lot_A,8.631,8.785,9.209,9.484,Healthy,0,0,0.15399999999999991,0.5779999999999994,0.8529999999999998,0.27500000000000036,-0.14899999999999913,-0.16244280071164074,-1.005000000000007,-1.0813698006183496,-0.7450257408597606,-0.16244280071164074,0,0.17387380934468488,0,0,9.619,0.988,0.00588,0,0
COMP_00285,Lot_B,12.446,12.689,13.122,13.514,Healthy,0,0,0.24300000000000033,0.6760000000000002,1.0679999999999996,0.39199999999999946,-0.04100000000000037,-0.46141121641314214,-0.129999999999999,0.08633481721300304,0.34199531466416105,0.34199531466416105,0,0.176824725881982,0,0,13.5,1.054,0.00627,0,0
COMP_00286,Lot_A,8.946,9.185,9.684,9.979,Healthy,0,0,0.23900000000000077,0.7379999999999995,1.0329999999999995,0.29499999999999993,-0.20399999999999885,0.4202324627105484,-0.15499999999999847,-0.09830634551076259,-0.5686882874018315,0.4202324627105484,0,0.1900162864007569,0,0,9.925,0.979,0.00583,0,0
COMP_00287,Lot_B,14.446,14.651,15.245,15.447,Healthy,0,0,0.20500000000000007,0.7989999999999995,1.0009999999999994,0.20199999999999996,-0.39199999999999946,1.0528636245488325,-0.5100000000000016,-0.27519222986644776,-1.4629799571745716,1.0528636245488325,0,0.09434342153355502,0,0,15.387,0.941,0.0056,0,0
COMP_00288,Lot_B,12.582,12.805,13.289,13.725,Healthy,0,0,0.22299999999999898,0.706999999999999,1.142999999999999,0.43599999999999994,-0.04800000000000004,-0.29611789440435937,-0.3300000000000125,0.49102927289895054,0.7599895881426101,0.7599895881426101,0,0.1721035074873607,0,0,13.69,1.108,0.0066,0,0
COMP_00289,Lot_A,7.5,7.662,7.944,8.426,Healthy,0,0,0.16199999999999992,0.44399999999999995,0.9260000000000002,0.4820000000000002,0.20000000000000018,-1.407837606167554,-0.9250000000000069,-0.6826829549358254,1.080066902429843,1.080066902429843,0,0.09300432628552813,0,0,8.68,1.18,0.00702,0,0
COMP_00290,Lot_B,13.327,13.491,13.887,14.356,Healthy,0,0,0.1639999999999997,0.5600000000000005,1.029,0.4689999999999994,0.07299999999999862,0.19819531027593368,-0.9200000000000053,-0.12410629974369007,1.0734852932514385,1.0734852932514385,0,0.15366346069182613,0,0,14.247,0.92,0.00548,0,0
COMP_00291,Lot_A,8.278,8.501,8.857,9.104,Healthy,0,0,0.22299999999999898,0.5789999999999988,0.8259999999999987,0.2469999999999999,-0.10899999999999999,-0.6097490635407977,-0.3150000000000164,-1.2288293188844934,-0.9918981757008708,-0.3150000000000164,0,0.17133885210001226,0,0,9.322,1.044,0.00621,0,0
COMP_00292,Lot_A,9.447,9.831,10.162,10.653,Healthy,0,0,0.38400000000000034,0.7150000000000016,1.2060000000000013,0.49099999999999966,0.15999999999999837,1.2136125183601583,1.2949999999999973,0.8465268641204298,1.159418756485908,1.2949999999999973,0,0.15879521947370273,0,0,10.646,1.199,0.00714,0,0
COMP_00293,Lot_C,9.561,9.854,10.473,10.809,Healthy,0,0,0.29299999999999926,0.9120000000000008,1.2479999999999993,0.3359999999999985,-0.283000000000003,-0.37357985919416864,0.3199999999999825,0.8993210126354634,-0.1614977874803239,0.8993210126354634,0,0.1713097196067126,0,0,10.754,1.193,0.0071,0,0
COMP_00294,Lot_B,12.639,12.953,13.27,13.735,Healthy,0,0,0.31400000000000006,0.6310000000000002,1.096,0.46499999999999986,0.1479999999999997,-0.2882840876740855,0.5799999999999983,0.23742074733576074,1.0354858138443113,1.0354858138443113,0,0.15251305950718613,0,0,13.749,1.11,0.00661,0,0
COMP_00295,Lot_A,8.614,8.818,9.196,9.407,Healthy,0,0,0.20399999999999885,0.581999999999999,0.7929999999999993,0.2110000000000003,-0.16699999999999982,-0.25308117502175914,-0.5050000000000177,-1.4090576189875486,-1.3093055919251462,-0.25308117502175914,0,0.16434022915181806,0,0,9.661,1.047,0.00623,0,0
COMP_00296,Lot_B,12.41,12.639,12.962,13.307,Healthy,0,0,0.2289999999999992,0.5519999999999996,0.8970000000000002,0.34500000000000064,0.02200000000000024,-0.6235710157298143,-0.27000000000001023,-0.8363685417509628,-0.10449856836962071,-0.10449856836962071,0,0.16928951881857218,0,0,13.373,0.963,0.00573,0,0
COMP_00297,Lot_C,10.426,10.659,11.188,11.457,Healthy,0,0,0.23300000000000054,0.7620000000000005,1.0310000000000006,0.26900000000000013,-0.2599999999999998,0.28965232918342504,-0.2800000000000047,-0.20950091771620852,-0.7979890675497741,0.28965232918342504,0,0.18370812730428776,0,0,11.457,1.031,0.00614,0,0
COMP_00298,Lot_A,9.303,9.562,10.198,10.789,Healthy,0,0,0.25899999999999856,0.8949999999999996,1.4859999999999989,0.5909999999999993,-0.045000000000001705,1.3737010755832237,0.0449999999999795,2.3757366831766653,2.041106023775569,2.3757366831766653,0,0.12802890031841913,0,0,10.322,1.019,0.00607,0,0
COMP_00299,Lot_B,12.483,12.698,13.119,13.528,Healthy,0,0,0.21499999999999986,0.6359999999999992,1.045,0.4090000000000007,-0.011999999999998678,-0.4504438869907576,-0.4100000000000037,-0.03777148253068703,0.5034931021444808,0.5034931021444808,0,0.17660057432532766,0,0,13.599,1.116,0.00664,0,0
COMP_00300,Lot_A,9.561,9.759,10.254,10.591,Healthy,0,0,0.1980000000000004,0.6929999999999996,1.0299999999999994,0.33699999999999974,-0.15799999999999947,1.1406309702143471,-0.5650000000000022,-0.11469073642922302,-0.19837963514017415,1.1406309702143471,0,0.19642207104421366,0,0,10.554,0.993,0.00591,0,0
COMP_00301,Lot_A,8.994,9.365,9.786,9.969,Healthy,0,0,0.37100000000000044,0.7919999999999998,0.9749999999999996,0.18299999999999983,-0.23799999999999955,0.40846124526767613,1.1649999999999983,-0.41507123660098466,-1.5561780267662564,1.1649999999999983,0,0.1636689395895955,0,0,10.119,1.125,0.0067,0,0
COMP_00302,Lot_B,13.818,14.002,14.435,14.863,Healthy,0,0,0.18400000000000105,0.6170000000000009,1.045,0.42799999999999905,-0.005000000000000782,0.5953693115008281,-0.7199999999999918,-0.03777148253068703,0.683990629328339,0.683990629328339,0,0.15307913261127842,0,0,14.781,0.963,0.00573,0,0
COMP_00303,Lot_B,13.327,13.569,13.95,14.01,Healthy,0,0,0.24200000000000088,0.6229999999999993,0.6829999999999998,0.0600000000000005,-0.32099999999999795,-0.07285440259154868,-0.13999999999999346,-1.9910967219748794,-2.8119614761277285,-0.07285440259154868,0,0.11478364104665212,0,0,14.247,0.92,0.00548,0,0
COMP_00304,Lot_B,13.768,13.998,14.63,15.019,Healthy,0,0,0.22999999999999865,0.8620000000000001,1.2509999999999994,0.38899999999999935,-0.2430000000000021,0.7175766964931037,-0.2600000000000158,1.0737892890867236,0.3134957051088115,1.0737892890867236,0,0.12982939128350296,0,0,14.781,1.013,0.00603,0,0
COMP_00305,Lot_C,9.513,9.848,10.436,10.765,Healthy,0,0,0.33500000000000085,0.923,1.2520000000000007,0.3290000000000006,-0.25899999999999856,-0.4186141435901767,0.7399999999999984,0.9197601265590034,-0.22799687644278538,0.9197601265590034,0,0.16549023476497393,0,0,10.754,1.241,0.00739,0,0
COMP_00306,Lot_C,11.074,11.28,11.749,12.156,Healthy,0,0,0.20599999999999952,0.6750000000000007,1.0820000000000007,0.40700000000000003,-0.062000000000001165,1.0050833472018461,-0.5500000000000149,0.051097784808841085,0.5129929719962881,1.0050833472018461,0,0.1847993302665531,0,0,12.065,0.991,0.0059,0,0
COMP_00307,Lot_B,13.863,14.163,14.573,15.032,Healthy,0,0,0.3000000000000007,0.7100000000000009,1.1690000000000005,0.45899999999999963,0.04899999999999949,0.7277606452424599,0.44000000000000483,0.6313233508700888,0.9784865947336122,0.9784865947336122,0,0.1404659810969327,0,0,14.876,1.013,0.00603,0,0
COMP_00308,Lot_A,8.4,8.605,8.988,9.532,Healthy,0,0,0.20500000000000007,0.5879999999999992,1.1319999999999997,0.5440000000000005,0.16100000000000136,-0.10594095698585257,-0.49500000000000544,0.44237855479841226,1.6267130081494374,1.6267130081494374,0,0.1526106524689712,0,0,9.414,1.014,0.00604,0,0
COMP_00309,Lot_C,9.332,9.686,9.999,10.398,Healthy,0,0,0.3539999999999992,0.6669999999999998,1.065999999999999,0.39899999999999913,0.08599999999999852,-0.7942410157114373,0.929999999999982,-0.030658670885301022,0.43699401318201514,0.929999999999982,0,0.17688286430954975,0,0,10.472,1.14,0.00679,0,0
COMP_00310,Lot_A,8.738,9.117,9.489,9.746,Healthy,0,0,0.37900000000000134,0.7510000000000012,1.008000000000001,0.2569999999999997,-0.11500000000000021,0.14596309629162,1.2450000000000072,-0.2348429364979199,-0.9037294489719062,1.2450000000000072,0,0.16499540815170216,0,0,9.848,1.11,0.00661,0,0
COMP_00311,Lot_B,12.872,14.405,22.579,34.108,Latent Defect,1,0,1.5329999999999995,9.707,21.235999999999997,11.528999999999996,3.354999999999995,15.671530363913243,12.769999999999992,108.91137191420322,106.14204585396949,108.91137191420322,1,-0.08276113556329012,1,1,38.735,25.863,0.15395,1,1
COMP_00312,Lot_A,8.548,8.874,9.202,9.637,Healthy,0,0,0.3260000000000005,0.6539999999999999,1.0890000000000004,0.4350000000000005,0.1070000000000011,0.01765682616430946,0.714999999999999,0.20753561830049233,0.6656738868037034,0.714999999999999,0,0.1722820527083162,0,0,9.692,1.144,0.00681,0,0
COMP_00313,Lot_A,7.671,7.91,8.45,8.681,Healthy,0,0,0.23899999999999988,0.778999999999999,1.009999999999999,0.23099999999999987,-0.3089999999999993,-1.1076715613743056,-0.15500000000000735,-0.2239200092189576,-1.1329681384672172,-0.15500000000000735,0,0.1483576896377926,0,0,8.824,1.153,0.00686,0,0
COMP_00314,Lot_C,10.163,10.511,11.017,11.295,Healthy,0,0,0.347999999999999,0.8539999999999992,1.1319999999999997,0.27800000000000047,-0.22799999999999976,0.12384428208902615,0.8699999999999797,0.30658670885300116,-0.7124902388837233,0.8699999999999797,0,0.17179008261367973,0,0,11.332,1.169,0.00696,0,0
COMP_00315,Lot_C,11.367,11.67,11.896,12.333,Healthy,0,0,0.30299999999999905,0.5289999999999999,0.9659999999999993,0.4369999999999994,0.21099999999999852,1.1862439912494287,0.4199999999999804,-0.5416365189736302,0.7979890675497741,1.1862439912494287,0,0.14302540396752494,0,0,12.346,0.979,0.00583,0,0
COMP_00316,Lot_B,12.371,12.637,13.208,13.503,Healthy,0,0,0.266,0.8369999999999997,1.1319999999999997,0.29499999999999993,-0.2759999999999998,-0.470028403816443,0.09999999999999787,0.4316740860650152,-0.5794920609587689,0.4316740860650152,0,0.16268635565806072,0,0,13.373,1.002,0.00596,0,0
COMP_00317,Lot_B,11.19,11.56,12.15,12.491,Healthy,0,0,0.370000000000001,0.9600000000000009,1.3010000000000002,0.3409999999999993,-0.24900000000000055,-1.2628096449201778,1.1400000000000077,1.3435855928773615,-0.1424980477767647,1.3435855928773615,0,0.13653936165256103,0,0,12.415,1.225,0.00729,0,0
COMP_00318,Lot_A,9.183,9.403,9.865,10.2,Healthy,0,0,0.22000000000000064,0.6820000000000004,1.0169999999999995,0.3349999999999991,-0.12700000000000067,0.6803763681980314,-0.34499999999999975,-0.1856897637425483,-0.21601338048597332,0.6803763681980314,0,0.19631366896031022,0,0,10.254,1.071,0.00638,0,0
COMP_00319,Lot_A,8.237,8.516,8.821,9.145,Healthy,0,0,0.2789999999999999,0.5839999999999996,0.9079999999999995,0.32399999999999984,0.019000000000000128,-0.5614870720250199,0.244999999999993,-0.780989300446588,-0.31299897988782965,0.244999999999993,0,0.1745929012400942,0,0,9.322,1.085,0.00646,0,0
COMP_00320,Lot_A,8.752,10.319,18.068,37.369,Latent Defect,1,0,1.5670000000000002,9.316,28.616999999999997,19.301,11.551999999999998,32.6615970387384,13.124999999999995,150.5507066860877,167.00479373367173,167.00479373367173,1,-0.045570782369655616,1,1,35.075,26.323,0.15668,1,1
COMP_00321,Lot_B,13.693,23.063,60.116,127.158,Gross Failure,1,1,9.37,46.423,113.465,67.042,29.989000000000004,88.56510198911333,91.13999999999999,606.5722379603314,633.5083209359898,633.5083209359898,1,-0.21097046874936154,1,1,123.62,109.927,0.65433,1,1
COMP_00322,Lot_C,10.53,10.773,11.263,11.63,Healthy,0,0,0.24300000000000033,0.7330000000000005,1.1000000000000014,0.3670000000000009,-0.12299999999999933,0.46671894737682545,-0.18000000000000682,0.14307379746474416,0.1329981779249736,0.46671894737682545,0,0.19054090147867925,0,0,11.599,1.069,0.00636,0,0
COMP_00323,Lot_B,11.142,11.407,11.813,12.093,Healthy,0,0,0.26500000000000057,0.6710000000000012,0.9510000000000005,0.27999999999999936,-0.12600000000000122,-1.574595152785085,0.09000000000000341,-0.5449885336570762,-0.7219901087355167,0.09000000000000341,0,0.18260257543405717,0,0,12.29,1.148,0.00683,0,0
COMP_00324,Lot_A,10.488,10.838,11.15,11.535,Healthy,0,0,0.34999999999999964,0.6620000000000008,1.0470000000000006,0.3849999999999998,0.07299999999999862,2.251833896821515,0.9549999999999903,-0.02184585455794401,0.22483025315886507,2.251833896821515,0,0.17175344212932808,0,0,11.53,1.042,0.0062,0,0
COMP_00325,Lot_C,11.312,12.213,21.828,40.139,Latent Defect,1,0,0.9009999999999998,10.516,28.827000000000005,18.311000000000003,8.696000000000003,29.645864716600247,6.399999999999988,141.8219017369163,170.59866279832036,170.59866279832036,1,-0.03172582193955997,1,1,39.756,28.444,0.16931,1,1
COMP_00326,Lot_C,8.853,9.133,9.717,10.218,Healthy,0,0,0.27999999999999936,0.8640000000000008,1.3650000000000002,0.5009999999999994,-0.08300000000000196,-0.9784721791496571,0.18999999999998352,1.497165094898815,1.405980738063891,1.497165094898815,0,0.15200019763360034,0,0,9.905,1.052,0.00626,0,0
COMP_00327,Lot_B,12.726,13.176,13.379,13.764,Healthy,0,0,0.4499999999999993,0.6529999999999987,1.0379999999999985,0.3849999999999998,0.18200000000000038,-0.2655660481562908,1.9399999999999906,-0.07554296506138365,0.27549622570168436,1.9399999999999906,0,0.12684803205962686,0,0,13.893,1.167,0.00695,0,0
COMP_00328,Lot_B,11.446,12.665,21.382,40.649,Latent Defect,1,0,1.2189999999999994,9.936000000000002,29.203000000000003,19.267,10.549999999999997,20.795623346185504,9.629999999999992,151.90071496020292,179.65203876706505,179.65203876706505,1,-0.03486643858008276,1,1,39.903,28.457,0.16939,1,1
COMP_00329,Lot_B,12.86,13.044,13.403,13.946,Healthy,0,0,0.18400000000000105,0.543000000000001,1.0860000000000003,0.5429999999999993,0.18399999999999928,-0.12299076566530269,-0.7199999999999918,0.18346148657763503,1.7764756622833664,1.7764756622833664,0,0.14346770045740642,0,0,13.772,0.912,0.00543,0,0
COMP_00330,Lot_A,8.855,8.969,9.485,9.815,Healthy,0,0,0.11399999999999899,0.629999999999999,0.9599999999999991,0.33000000000000007,-0.18599999999999994,0.2271844966474393,-1.4050000000000162,-0.49699319119328683,-0.26009774385044776,0.2271844966474393,0,0.1684825749066471,0,0,9.84,0.985,0.00586,0,0
COMP_00331,Lot_B,13.005,13.321,13.913,14.177,Healthy,0,0,0.31599999999999895,0.9079999999999995,1.1719999999999988,0.26399999999999935,-0.3280000000000012,0.05797016980402789,0.5999999999999872,0.647511129097518,-0.8739880263640422,0.647511129097518,0,0.14456202051975076,0,0,14.084,1.079,0.00642,0,0
COMP_00332,Lot_C,9.973,10.18,10.701,11.028,Healthy,0,0,0.20699999999999896,0.7279999999999998,1.0549999999999997,0.32699999999999996,-0.19400000000000084,-0.14943194367766638,-0.5400000000000205,-0.0868662341750135,-0.24699661614635784,-0.0868662341750135,0,0.1900142862914071,0,0,10.98,1.007,0.00599,0,0
COMP_00333,Lot_A,8.523,8.752,9.189,9.71,Healthy,0,0,0.22900000000000098,0.6660000000000004,1.1870000000000012,0.5210000000000008,0.0840000000000014,0.10358671349727937,-0.25499999999999634,0.7427590549701836,1.4239249366728175,1.4239249366728175,0,0.15982683561698025,0,0,9.6,1.077,0.00641,0,0
COMP_00334,Lot_A,10.413,10.693,11.131,11.321,Healthy,0,0,0.27999999999999936,0.718,0.9079999999999995,0.1899999999999995,-0.2480000000000011,1.999929843544042,0.25499999999998746,-0.780989300446588,-1.4944599180559828,1.999929843544042,0,0.17692858875806228,0,0,11.444,1.031,0.00614,0,0
COMP_00335,Lot_A,7.892,8.132,8.496,8.785,Healthy,0,0,0.23999999999999932,0.6040000000000001,0.8929999999999998,0.2889999999999997,-0.07500000000000107,-0.9852508999684302,-0.1450000000000129,-0.8629112550388853,-0.6215895234392134,-0.1450000000000129,0,0.16433650465004118,0,0,8.978,1.086,0.00646,0,0
COMP_00336,Lot_A,9.76,10.013,10.477,10.759,Healthy,0,0,0.2530000000000001,0.7170000000000005,0.9990000000000006,0.28200000000000003,-0.18200000000000038,1.338387423254607,-0.01500000000000501,-0.2839961092533012,-0.683307632149487,1.338387423254607,0,0.19380169843494255,0,0,10.874,1.114,0.00663,0,0
COMP_00337,Lot_C,11.06,11.293,11.68,11.872,Healthy,0,0,0.23299999999999876,0.6199999999999992,0.8119999999999994,0.19200000000000017,-0.19500000000000028,0.7144075115548759,-0.28000000000002245,-1.3285424050296595,-1.5294790461370698,0.7144075115548759,0,0.1687596729346027,0,0,12.065,1.005,0.00598,0,0
COMP_00338,Lot_C,9.945,10.151,10.803,11.337,Healthy,0,0,0.20599999999999952,0.8580000000000005,1.3919999999999995,0.5339999999999989,-0.1180000000000021,0.16683155355794396,-0.5500000000000149,1.6351291138826607,1.7194764431727272,1.7194764431727272,0,0.1440414981951756,0,0,10.958,1.013,0.00603,0,0
COMP_00339,Lot_B,11.641,11.801,12.218,12.487,Healthy,0,0,0.16000000000000014,0.577,0.8460000000000001,0.26900000000000013,-0.1479999999999997,-1.265943167612287,-0.9600000000000009,-1.1115607716174105,-0.8264886771051205,-0.8264886771051205,0,0.16441100985252377,0,0,12.682,1.041,0.0062,0,0
COMP_00340,Lot_A,8.674,8.898,9.381,9.833,Healthy,0,0,0.2240000000000002,0.7070000000000007,1.1590000000000007,0.45199999999999996,-0.031000000000000583,0.24837268804461066,-0.30500000000000416,0.5898380730645562,0.8155607222429416,0.8155607222429416,0,0.17920603232075383,0,0,9.704,1.03,0.00613,0,0
COMP_00341,Lot_B,11.829,12.159,12.522,13.086,Healthy,0,0,0.33000000000000007,0.6929999999999996,1.2569999999999997,0.5640000000000001,0.2010000000000005,-0.796698144468871,0.7399999999999984,1.1061648455416009,1.9759729291708132,1.9759729291708132,0,0.11961056430704109,0,0,13.033,1.204,0.00717,0,0
COMP_00342,Lot_B,14.783,15.024,15.358,15.593,Healthy,0,0,0.24099999999999966,0.5750000000000011,0.8100000000000005,0.23499999999999943,-0.09900000000000198,1.1672372028108344,-0.15000000000000568,-1.305814110346665,-1.1494842520657433,1.1672372028108344,0,0.09603304582006128,0,0,15.644,0.861,0.00512,0,0
COMP_00343,Lot_A,9.199,9.446,10.008,10.578,Healthy,0,0,0.2469999999999999,0.8089999999999993,1.3789999999999996,0.5700000000000003,0.008000000000000895,1.125328387538613,-0.07500000000000728,1.7913600737516027,1.8559516976447483,1.8559516976447483,0,0.14179044738424634,0,0,10.266,1.067,0.00635,0,0
COMP_00344,Lot_B,12.153,12.304,12.777,13.242,Healthy,0,0,0.1509999999999998,0.6239999999999988,1.0890000000000004,0.46500000000000163,-0.007999999999997343,-0.6744907594765952,-1.0500000000000043,0.19964926480507372,1.0354858138443281,1.0354858138443281,0,0.16120300244152885,0,0,13.096,0.943,0.00561,0,0
COMP_00345,Lot_B,11.965,27.069,68.92,115.857,Gross Failure,1,1,15.104,56.955,103.892,46.937,5.0859999999999985,79.71211700323062,148.48,554.9170376365765,442.5134375658959,554.9170376365765,1,-0.21947448089587007,1,1,115.636,103.671,0.61709,1,1
COMP_00346,Lot_B,13.259,13.466,13.931,14.352,Healthy,0,0,0.20699999999999896,0.6719999999999988,1.093,0.42100000000000115,-0.04399999999999871,0.1950617875838244,-0.49000000000001265,0.22123296910832208,0.6174915403658792,0.6174915403658792,0,0.16602524319968998,0,0,14.247,0.988,0.00588,0,0
COMP_00347,Lot_B,13.243,13.412,13.802,14.295,Healthy,0,0,0.16900000000000048,0.5589999999999993,1.0519999999999996,0.4930000000000003,0.10300000000000153,0.15040908922126198,-0.8699999999999974,0.0,1.301482169694235,1.301482169694235,0,0.150801027088937,0,0,14.242,0.999,0.00595,0,0
COMP_00348,Lot_A,8.763,9.08,9.56,9.991,Healthy,0,0,0.31700000000000017,0.7970000000000006,1.2279999999999998,0.43099999999999916,-0.049000000000001265,0.434357923641996,0.6249999999999956,0.9666790641891266,0.6304063961121051,0.9666790641891266,0,0.17439292860324085,0,0,9.811,1.048,0.00624,0,0
COMP_00349,Lot_B,12.564,12.753,13.294,13.757,Healthy,0,0,0.18900000000000006,0.7300000000000004,1.1929999999999996,0.4629999999999992,-0.07800000000000118,-0.27104971286748236,-0.6700000000000017,0.7608255766895886,1.0164860741407393,1.0164860741407393,0,0.16388146844058238,0,0,13.599,1.035,0.00616,0,0
COMP_00350,Lot_B,11.994,12.198,12.629,13.141,Healthy,0,0,0.20400000000000063,0.6349999999999998,1.1470000000000002,0.5120000000000005,0.0810000000000013,-0.7536122074523639,-0.519999999999996,0.5126129772022086,1.48197969687811,1.48197969687811,0,0.15495257731825057,0,0,13.05,1.056,0.00629,0,0
COMP_00351,Lot_B,13.619,13.764,14.202,14.528,Healthy,0,0,0.14499999999999957,0.5830000000000002,0.9090000000000007,0.3260000000000005,-0.1120000000000001,0.3329367860366479,-1.1100000000000065,-0.771617428841208,-0.28499609555349564,0.3329367860366479,0,0.1449370848154128,0,0,14.559,0.94,0.0056,0,0
COMP_00352,Lot_C,8.944,9.186,9.601,9.915,Healthy,0,0,0.2419999999999991,0.657,0.9709999999999983,0.3139999999999983,-0.10100000000000264,-1.288594637603995,-0.19000000000001904,-0.5160876265692187,-0.37049492421955366,-0.19000000000001904,0,0.19413458223480573,0,0,9.938,0.994,0.00592,0,0
COMP_00353,Lot_B,12.552,12.92,13.326,13.681,Healthy,0,0,0.3680000000000003,0.7740000000000009,1.1289999999999996,0.35499999999999865,-0.05100000000000193,-0.3305866440175656,1.120000000000001,0.4154863078375765,-0.009499869851811314,1.120000000000001,0,0.1591279896772877,0,0,13.673,1.121,0.00667,0,0
COMP_00354,Lot_A,8.453,8.663,9.122,9.479,Healthy,0,0,0.21000000000000085,0.6690000000000005,1.0259999999999998,0.3569999999999993,-0.10200000000000031,-0.16832840943307795,-0.4449999999999976,-0.13653659098716703,-0.022042181682245053,-0.022042181682245053,0,0.18754855847053614,0,0,9.568,1.115,0.00664,0,0
COMP_00355,Lot_A,8.564,9.592,18.783,38.684,Latent Defect,1,0,1.0280000000000005,10.219000000000001,30.119999999999997,19.900999999999996,10.709999999999996,34.209512132476135,7.7349999999999985,158.75928653623606,172.29491733740971,172.29491733740971,1,-0.03517153320949906,1,1,36.588,28.024,0.16681,1,1
COMP_00356,Lot_B,12.802,13.065,13.535,13.927,Healthy,0,0,0.2629999999999999,0.7330000000000005,1.125,0.39199999999999946,-0.07800000000000118,-0.1378749984528235,0.06999999999999673,0.39390260353432816,0.34199531466416105,0.39390260353432816,0,0.1737919990538347,0,0,13.84,1.038,0.00618,0,0
COMP_00357,Lot_A,8.947,9.183,9.524,9.752,Healthy,0,0,0.23600000000000065,0.577,0.8050000000000015,0.22800000000000153,-0.11299999999999777,0.15302582675734377,-0.1849999999999996,-1.3435200553136972,-1.1594187564858924,0.15302582675734377,0,0.17827682277996454,0,0,9.925,0.978,0.00582,0,0
COMP_00358,Lot_B,14.119,14.431,14.959,15.39,Healthy,0,0,0.3119999999999994,0.8399999999999999,1.2710000000000008,0.43100000000000094,-0.09699999999999953,1.0082109261862715,0.5599999999999916,1.1817078106029844,0.7124902388837054,1.1817078106029844,0,0.11926718568225492,0,0,15.131,1.012,0.00602,0,0
COMP_00359,Lot_C,9.855,10.055,10.387,10.628,Healthy,0,0,0.1999999999999993,0.532,0.7729999999999997,0.24099999999999966,-0.09100000000000108,-0.5588345290959336,-0.6100000000000172,-1.5278237657841072,-1.0639854233997044,-0.5588345290959336,0,0.1784046239357165,0,0,10.887,1.032,0.00614,0,0
COMP_00360,Lot_B,14.333,14.544,15.121,15.452,Healthy,0,0,0.2110000000000003,0.7880000000000003,1.1189999999999998,0.3309999999999995,-0.24600000000000044,1.0567805279139701,-0.4499999999999993,0.3615270470794508,-0.23749674629459097,1.0567805279139701,0,0.11958930791895261,0,0,15.308,0.975,0.0058,0,0
COMP_00361,Lot_B,12.256,12.419,12.798,13.29,Healthy,0,0,0.16300000000000026,0.5419999999999998,1.033999999999999,0.4919999999999991,0.11299999999999955,-0.6368884871712811,-0.9299999999999997,-0.097126669364632,1.2919822998424406,1.2919822998424406,0,0.15410478910961622,0,0,13.237,0.981,0.00584,0,0
COMP_00362,Lot_B,11.807,13.431,21.67,41.545,Latent Defect,1,0,1.6239999999999988,9.863000000000001,29.738,19.875,11.635999999999997,21.49753242921806,13.679999999999986,154.78753541076267,185.42795963694903,185.42795963694903,1,-0.06372077732654058,1,1,39.06,27.253,0.16222,1,1
COMP_00363,Lot_B,12.84,13.065,13.362,13.702,Healthy,0,0,0.22499999999999964,0.5220000000000002,0.8620000000000001,0.33999999999999986,0.04299999999999926,-0.31413564988398945,-0.3100000000000058,-1.0252259544044073,-0.15199791762854228,-0.15199791762854228,0,0.15704950582160643,0,0,13.84,1.0,0.00595,0,0
COMP_00364,Lot_B,11.726,12.59,22.269,38.68,Latent Defect,1,0,0.863999999999999,10.542999999999997,26.954,16.411,6.732000000000003,19.253146800994543,6.079999999999988,139.76527721570017,152.52041047037332,152.52041047037332,1,-0.04293310084550195,1,1,39.895,28.169,0.16767,1,1
COMP_00365,Lot_C,11.516,11.846,12.5,12.782,Healthy,0,0,0.33000000000000007,0.984,1.266,0.28200000000000003,-0.3719999999999999,1.645798393381433,0.6899999999999906,0.9912970252913664,-0.6744907594765952,1.645798393381433,0,0.11606465504635832,0,0,12.603,1.087,0.00647,0,0
COMP_00366,Lot_B,13.15,13.19,13.606,13.966,Healthy,0,0,0.03999999999999915,0.4559999999999995,0.815999999999999,0.35999999999999943,-0.05600000000000094,-0.10732315220475491,-2.160000000000011,-1.2734385538917972,0.03799947940711026,0.03799947940711026,0,0.11638285146514843,0,0,14.065,0.915,0.00545,0,0
COMP_00367,Lot_C,10.139,10.385,10.843,10.922,Healthy,0,0,0.24600000000000044,0.7040000000000006,0.7830000000000013,0.07900000000000063,-0.37899999999999956,-0.25792362881350694,-0.15000000000000568,-1.476725980975266,-2.602964339388552,-0.15000000000000568,0,0.13511138965283248,0,0,11.195,1.056,0.00629,0,0
COMP_00368,Lot_C,10.231,10.519,11.13,11.517,Healthy,0,0,0.28800000000000026,0.8990000000000009,1.2859999999999996,0.3869999999999987,-0.22400000000000198,0.35106271699616376,0.26999999999999247,1.0934925949090304,0.32299557496061404,1.0934925949090304,0,0.16860345272397886,0,0,11.332,1.101,0.00655,0,0
COMP_00369,Lot_A,8.395,8.734,8.901,9.199,Healthy,0,0,0.3390000000000004,0.5060000000000002,0.8040000000000003,0.29800000000000004,0.13100000000000023,-0.49792249783350795,0.844999999999998,-1.3489815189531904,-0.5422376693831406,0.844999999999998,0,0.1425841531731154,0,0,9.484,1.089,0.00648,0,0
COMP_00370,Lot_A,7.887,8.135,8.321,8.803,Healthy,0,0,0.24800000000000022,0.43400000000000016,0.9160000000000013,0.4820000000000011,0.29600000000000115,-0.9640627085712589,-0.06500000000000394,-0.7372975913306854,1.080066902429851,1.080066902429851,0,0.1130408376253636,0,0,8.978,1.091,0.00649,0,0
COMP_00371,Lot_A,8.3,9.564,19.399,40.555,Latent Defect,1,0,1.2639999999999993,11.099,32.254999999999995,21.156,11.320999999999998,36.41190691603759,10.094999999999986,170.41951140653993,183.36009254189503,183.36009254189503,1,-0.04659079730507676,1,1,37.479,29.179,0.17368,1,1
COMP_00372,Lot_A,7.01,7.269,7.857,8.197,Healthy,0,0,0.25900000000000034,0.8470000000000004,1.1869999999999994,0.33999999999999897,-0.2480000000000011,-1.6773984856093358,0.044999999999997264,0.7427590549701739,-0.17192901712149106,0.7427590549701739,0,0.09406055858724482,0,0,8.256,1.246,0.00742,0,0
COMP_00373,Lot_A,7.739,7.941,8.344,8.621,Healthy,0,0,0.20199999999999996,0.6049999999999995,0.8820000000000006,0.277000000000001,-0.12599999999999856,-1.1782988660315392,-0.5250000000000066,-0.9229873550732337,-0.7273919955139614,-0.5250000000000066,0,0.15064811822381102,0,0,8.867,1.128,0.00671,0,0
COMP_00374,Lot_B,12.832,13.203,13.581,13.882,Healthy,0,0,0.37099999999999866,0.7489999999999988,1.049999999999999,0.30100000000000016,-0.07699999999999996,-0.1731271287390567,1.1499999999999844,-0.010791852151628974,-0.5224928418480698,1.1499999999999844,0,0.15590927252195524,0,0,13.893,1.061,0.00632,0,0
COMP_00375,Lot_A,8.868,9.104,9.394,9.738,Healthy,0,0,0.23599999999999888,0.5259999999999998,0.8699999999999992,0.3439999999999994,0.053999999999998494,0.1365461223373209,-0.18500000000001737,-0.9885249187470804,-0.13666152642990054,0.1365461223373209,0,0.17660851551530105,0,0,9.892,1.024,0.0061,0,0
COMP_00376,Lot_A,8.421,8.749,9.082,9.531,Healthy,0,0,0.3280000000000012,0.6610000000000014,1.1100000000000012,0.44899999999999984,0.11599999999999966,-0.10711807873013918,0.7350000000000056,0.32222635472971534,0.7891101042242508,0.7891101042242508,0,0.1656717978614171,0,0,9.556,1.135,0.00676,0,0
COMP_00377,Lot_C,9.912,10.073,10.366,10.91,Healthy,0,0,0.1609999999999996,0.45399999999999885,0.9979999999999993,0.5440000000000005,0.2510000000000012,-0.2702057063760554,-1.0000000000000142,-0.3781236075853641,1.8144751416905727,1.8144751416905727,0,0.14147948976482294,0,0,10.918,1.006,0.00599,0,0
COMP_00378,Lot_A,8.372,8.697,8.942,9.556,Healthy,0,0,0.3249999999999993,0.5700000000000003,1.1839999999999993,0.613999999999999,0.368999999999998,-0.07769003512295954,0.7049999999999867,0.7263746640517135,2.2438940952521893,2.2438940952521893,0,0.10827753713586236,0,0,9.484,1.112,0.00662,0,0
COMP_00379,Lot_C,10.804,11.033,11.447,11.87,Healthy,0,0,0.2289999999999992,0.6429999999999989,1.065999999999999,0.42300000000000004,0.009000000000000341,0.712360498627784,-0.32000000000001805,-0.030658670885301022,0.6649908896248173,0.712360498627784,0,0.1796914836200164,0,0,11.771,0.967,0.00576,0,0
COMP_00380,Lot_A,9.042,10.278,19.795,39.197,Latent Defect,1,0,1.2360000000000007,10.753000000000002,30.155,19.402,9.885,34.8133755872955,9.815,158.9504377636181,167.89529787363432,167.89529787363432,1,-0.009701850959465963,1,1,36.97,27.928,0.16624,1,1
COMP_00381,Lot_A,7.107,7.327,7.579,7.99,Healthy,0,0,0.21999999999999975,0.47199999999999953,0.883,0.4110000000000005,0.1590000000000007,-1.921062686676796,-0.34500000000000863,-0.9175258914337502,0.45406894265418385,0.45406894265418385,0,0.06673223051628757,0,0,8.305,1.198,0.00713,0,0
COMP_00382,Lot_B,12.257,12.381,12.736,13.101,Healthy,0,0,0.12400000000000055,0.479000000000001,0.8440000000000012,0.3650000000000002,0.009999999999999787,-0.7849474343734595,-1.3199999999999967,-1.1223526237690298,0.08549882866603183,0.08549882866603183,0,0.1456263849999927,0,0,13.237,0.98,0.00583,0,0
COMP_00383,Lot_B,12.774,12.93,13.176,13.533,Healthy,0,0,0.15600000000000058,0.402000000000001,0.7590000000000003,0.3569999999999993,0.11099999999999888,-0.4465269836256214,-0.9999999999999964,-1.5810063402131127,0.009499869851760689,0.009499869851760689,0,0.13204879929750102,0,0,13.751,0.977,0.00582,0,0
COMP_00384,Lot_C,9.477,9.707,10.138,10.531,Healthy,0,0,0.23000000000000043,0.6609999999999996,1.0540000000000003,0.3930000000000007,-0.03799999999999848,-0.6581146560598627,-0.3100000000000058,-0.09197601265589399,0.37999479407133147,0.37999479407133147,0,0.1976645160164358,0,0,10.472,0.995,0.00592,0,0
COMP_00385,Lot_C,10.762,11.024,11.436,11.788,Healthy,0,0,0.2619999999999987,0.6739999999999995,1.0259999999999998,0.3520000000000003,-0.0600000000000005,0.6284329686170403,0.009999999999976694,-0.23504981012062906,-0.009499869851777802,0.6284329686170403,0,0.18799941380584467,0,0,11.771,1.009,0.00601,0,0
COMP_00386,Lot_C,9.695,9.813,10.394,10.835,Healthy,0,0,0.11800000000000033,0.6989999999999998,1.1400000000000006,0.4410000000000007,-0.1399999999999988,-0.3469686911419797,-1.4300000000000068,0.34746493670007217,0.835988546956919,0.835988546956919,0,0.1717439454365387,0,0,10.79,1.095,0.00652,0,0
COMP_00387,Lot_A,10.091,10.523,10.832,11.148,Healthy,0,0,0.4320000000000004,0.7410000000000014,1.0570000000000004,0.31599999999999895,0.006999999999997897,1.7962877817823473,1.7749999999999977,0.03276878183692086,-0.38353396127101064,1.7962877817823473,0,0.16014952812700423,0,0,11.319,1.228,0.00731,0,0
COMP_00388,Lot_A,10.509,10.756,11.235,11.433,Healthy,0,0,0.2469999999999999,0.7259999999999991,0.9239999999999995,0.1980000000000004,-0.2809999999999988,2.1317674789042145,-0.07500000000000728,-0.6936058822148022,-1.4239249366728017,2.1317674789042145,0,0.17761438064009072,0,0,11.444,0.935,0.00557,0,0
COMP_00389,Lot_C,10.135,10.54,11.144,11.433,Healthy,0,0,0.40499999999999936,1.0090000000000003,1.298,0.2889999999999997,-0.3150000000000013,0.2650881740583281,1.4399999999999835,1.1548099366796325,-0.6079916705141168,1.4399999999999835,0,0.1279522890333763,0,0,11.332,1.197,0.00712,0,0
COMP_00390,Lot_C,9.643,9.803,10.151,10.31,Healthy,0,0,0.16000000000000014,0.5079999999999991,0.6669999999999998,0.1590000000000007,-0.18899999999999828,-0.8843095845034552,-1.0100000000000087,-2.0694602847577372,-1.842974751245906,-0.8843095845034552,0,0.14377753047975078,0,0,10.754,1.111,0.00661,0,0
COMP_00391,Lot_C,9.924,10.294,10.787,11.274,Healthy,0,0,0.370000000000001,0.8630000000000013,1.3499999999999996,0.4869999999999983,-0.006000000000002004,0.10235064635456634,1.0899999999999999,1.4205184176855625,1.2729825601389173,1.4205184176855625,0,0.1401888569852756,0,0,11.124,1.2,0.00714,0,0
COMP_00392,Lot_B,14.181,14.387,14.746,15.024,Healthy,0,0,0.2060000000000013,0.5650000000000013,0.843,0.2779999999999987,-0.0810000000000013,0.72149359985824,-0.49999999999998934,-1.1277485498448492,-0.7409898484390888,0.72149359985824,0,0.132297124553786,0,0,15.04,0.859,0.00511,0,0
COMP_00393,Lot_B,11.111,11.364,11.465,11.874,Healthy,0,0,0.2530000000000001,0.3539999999999992,0.7629999999999999,0.4090000000000007,0.3080000000000016,-1.7461555201780863,-0.030000000000001137,-1.5594226359098644,0.5034931021444808,0.5034931021444808,0,0.11457464083188529,0,0,12.224,1.113,0.00662,0,0
COMP_00394,Lot_C,10.065,10.352,10.929,11.299,Healthy,0,0,0.2870000000000008,0.8640000000000008,1.234,0.3699999999999992,-0.20700000000000074,0.12793830794320837,0.259999999999998,0.8277841139031004,0.16149778748030702,0.8277841139031004,0,0.17561429227605335,0,0,11.165,1.1,0.00655,0,0
COMP_00395,Lot_A,9.805,10.105,10.464,10.79,Healthy,0,0,0.3000000000000007,0.6590000000000007,0.9849999999999994,0.32599999999999874,-0.03300000000000125,1.3748781973275102,0.45500000000000096,-0.3604566002061198,-0.2953652345420461,1.3748781973275102,0,0.1949654358168959,0,0,10.897,1.092,0.0065,0,0
COMP_00396,Lot_C,7.965,8.143,8.547,8.952,Healthy,0,0,0.17800000000000082,0.5820000000000007,0.9870000000000001,0.40499999999999936,0.0009999999999994458,-2.2742313619984715,-0.8300000000000018,-0.4343311708750766,0.4939932322927157,0.4939932322927157,0,0.16619327588414362,0,0,9.026,1.061,0.00632,0,0
COMP_00397,Lot_C,9.325,9.475,9.698,9.989,Healthy,0,0,0.15000000000000036,0.3730000000000011,0.6640000000000015,0.29100000000000037,0.06799999999999962,-1.2128551593016141,-1.1100000000000065,-2.084789620200379,-0.5889919308105444,-0.5889919308105444,0,0.1331084251400318,0,0,10.284,0.959,0.00571,0,0
COMP_00398,Lot_B,15.146,15.418,15.98,16.24,Healthy,0,0,0.27199999999999847,0.8339999999999996,1.0939999999999976,0.259999999999998,-0.30200000000000315,1.6740844982595646,0.15999999999998238,0.2266288951841222,-0.9119875057711861,1.6740844982595646,0,0.05603317740934444,0,0,16.174,1.028,0.00612,0,0
COMP_00399,Lot_C,8.584,8.736,9.175,9.325,Healthy,0,0,0.15200000000000102,0.5910000000000011,0.7409999999999997,0.14999999999999858,-0.2890000000000015,-1.8924634510959384,-1.0899999999999999,-1.691336677172373,-1.9284735799119739,-1.0899999999999999,0,0.13184477081131213,0,0,9.588,1.004,0.00598,0,0
COMP_00400,Lot_C,9.094,10.177,17.695,30.386,Latent Defect,1,0,1.0830000000000002,8.601,21.292,12.690999999999999,5.172999999999998,19.663606177639352,8.219999999999992,103.31972088346053,117.20939423129947,117.20939423129947,1,-0.05748461961109075,1,1,35.676,26.582,0.15823,1,1
COMP_00401,Lot_A,8.732,8.985,9.529,9.768,Healthy,0,0,0.2530000000000001,0.7970000000000006,1.0360000000000014,0.23900000000000077,-0.3049999999999997,0.17185977466593982,-0.01500000000000501,-0.08192195459229246,-1.0624331570840362,0.17185977466593982,0,0.17669567494960403,0,0,9.797,1.065,0.00634,0,0
COMP_00402,Lot_C,10.684,11.056,11.538,11.827,Healthy,0,0,0.3719999999999999,0.854000000000001,1.1430000000000007,0.2889999999999997,-0.1930000000000014,0.668349720695321,1.1099999999999888,0.3627942721427227,-0.6079916705141168,1.1099999999999888,0,0.16221123432918394,0,0,11.771,1.087,0.00647,0,0
COMP_00403,Lot_B,13.16,13.357,13.708,14.126,Healthy,0,0,0.19699999999999918,0.548,0.9659999999999993,0.41799999999999926,0.0669999999999984,0.018017755479630082,-0.5900000000000105,-0.4640496425198925,0.5889919308105127,0.5889919308105127,0,0.1623058437741533,0,0,14.176,1.016,0.00605,0,0
COMP_00404,Lot_C,9.875,10.221,10.618,10.934,Healthy,0,0,0.3460000000000001,0.7430000000000003,1.0589999999999993,0.31599999999999895,-0.0810000000000013,-0.2456415512509603,0.8499999999999908,-0.06642712025148252,-0.35149518451598116,0.8499999999999908,0,0.18526881354429503,0,0,10.981,1.106,0.00658,0,0
COMP_00405,Lot_A,8.047,8.207,8.755,9.323,Healthy,0,0,0.16000000000000014,0.7080000000000002,1.2759999999999998,0.5679999999999996,0.019999999999999574,-0.35195940154188793,-0.9450000000000047,1.2288293188844839,1.8383179522989492,1.8383179522989492,0,0.12948873075203127,0,0,9.072,1.025,0.0061,0,0
COMP_00406,Lot_C,9.656,9.852,10.212,10.494,Healthy,0,0,0.19599999999999973,0.5559999999999992,0.8379999999999992,0.28200000000000003,-0.0779999999999994,-0.6959843952110533,-0.6500000000000128,-1.1956881645266944,-0.6744907594765952,-0.6500000000000128,0,0.18921097783986507,0,0,10.79,1.134,0.00675,0,0
COMP_00407,Lot_B,14.815,15.007,15.387,15.613,Healthy,0,0,0.19200000000000017,0.572000000000001,0.798,0.2259999999999991,-0.1540000000000017,1.1829048162713822,-0.6400000000000006,-1.3705652232564196,-1.234983080731792,1.1829048162713822,0,0.08481267165882317,0,0,15.644,0.829,0.00493,0,0
COMP_00408,Lot_A,8.735,8.98,9.293,9.554,Healthy,0,0,0.245000000000001,0.5579999999999998,0.8190000000000008,0.261000000000001,-0.051999999999997826,-0.08004427861153274,-0.0949999999999962,-1.2670595643608882,-0.8684619582803078,-0.08004427861153274,0,0.17723208246487215,0,0,9.797,1.062,0.00632,0,0
COMP_00409,Lot_C,11.38,11.632,12.094,12.455,Healthy,0,0,0.2519999999999989,0.7139999999999986,1.0749999999999993,0.36100000000000065,-0.10099999999999909,1.311111779802,-0.09000000000002117,0.015329335442650511,0.07599895881427304,1.311111779802,0,0.18013972428355768,0,0,12.346,0.966,0.00575,0,0
COMP_00410,Lot_A,9.616,9.782,10.185,10.518,Healthy,0,0,0.16600000000000037,0.5690000000000008,0.902000000000001,0.3330000000000002,-0.07000000000000028,1.0547010828813794,-0.8850000000000025,-0.8137580822834992,-0.23364712583175684,1.0547010828813794,0,0.189597255622654,0,0,10.708,1.092,0.0065,0,0
COMP_00411,Lot_A,7.123,7.3,7.875,8.301,Healthy,0,0,0.1769999999999996,0.7519999999999998,1.178,0.42600000000000016,-0.14900000000000002,-1.5549778242034604,-0.7750000000000101,0.6936058822147975,0.5863220327476307,0.6936058822147975,0,0.09579275266325848,0,0,8.317,1.194,0.00711,0,0
COMP_00412,Lot_C,10.843,11.046,11.44,11.612,Healthy,0,0,0.2029999999999994,0.5969999999999995,0.7690000000000001,0.1720000000000006,-0.22199999999999953,0.44829583103300275,-0.5800000000000161,-1.548262879707638,-1.7194764431727272,0.44829583103300275,0,0.15952782439752294,0,0,11.844,1.001,0.00596,0,0
COMP_00413,Lot_C,10.839,11.176,11.757,12.267,Healthy,0,0,0.33699999999999974,0.9179999999999993,1.427999999999999,0.5099999999999998,-0.07099999999999973,1.118692564655414,0.7599999999999874,1.8190811391944577,1.4914795667299419,1.8190811391944577,0,0.12471953950174602,0,0,11.914,1.075,0.0064,0,0
COMP_00414,Lot_B,13.464,13.839,14.265,14.438,Healthy,0,0,0.375,0.8010000000000002,0.9740000000000002,0.17300000000000004,-0.2530000000000001,0.2624325254641815,1.1899999999999977,-0.4208822339133862,-1.738476182876273,1.1899999999999977,0,0.11695706792789873,0,0,14.527,1.063,0.00633,0,0
COMP_00415,Lot_B,13.947,14.052,14.523,14.968,Healthy,0,0,0.10500000000000043,0.5760000000000005,1.0210000000000008,0.4450000000000003,-0.0259999999999998,0.677624282168706,-1.509999999999998,-0.1672737083501868,0.8454884168086588,0.8454884168086588,0,0.1258666874684536,0,0,14.886,0.939,0.00559,0,0
COMP_00416,Lot_B,13.357,13.789,14.003,14.345,Healthy,0,0,0.4320000000000004,0.6460000000000008,0.9880000000000013,0.3420000000000005,0.1280000000000001,0.18957812287263281,1.7600000000000016,-0.34533926885200256,-0.13299817792497026,1.7600000000000016,0,0.12848015711780353,0,0,14.527,1.17,0.00696,0,0
COMP_00417,Lot_A,8.514,8.656,8.968,9.233,Healthy,0,0,0.14200000000000124,0.4540000000000006,0.7190000000000012,0.26500000000000057,-0.04699999999999882,-0.4579003585277405,-1.1249999999999938,-1.8132059283095467,-0.8331944675887252,-0.4579003585277405,0,0.13463230387072778,0,0,9.568,1.054,0.00627,0,0
COMP_00418,Lot_A,7.62,7.862,8.239,8.621,Healthy,0,0,0.242,0.6190000000000007,1.0010000000000003,0.3819999999999997,0.004999999999999005,-1.1782988660315392,-0.12500000000000622,-0.2730731819743292,0.19837963514017415,0.19837963514017415,0,0.1530127630311472,0,0,8.768,1.148,0.00683,0,0
COMP_00419,Lot_B,13.714,14.011,14.412,14.79,Healthy,0,0,0.2969999999999988,0.6980000000000004,1.0759999999999987,0.37799999999999834,-0.02300000000000324,0.5381825223698271,0.40999999999998593,0.12950222581949977,0.2089971367391908,0.5381825223698271,0,0.15851218311364723,0,0,14.778,1.064,0.00633,0,0
COMP_00420,Lot_C,10.932,12.221,24.509,44.965,Latent Defect,1,0,1.2889999999999997,13.577,34.033,20.456000000000003,8.168000000000003,34.58530690967164,10.279999999999987,168.42340850839477,190.975883630395,190.975883630395,1,-0.06727553617145854,1,1,39.923,28.991,0.17257,1,1
COMP_00421,Lot_C,11.547,11.597,12.059,12.376,Healthy,0,0,0.049999999999998934,0.5119999999999987,0.8289999999999988,0.31700000000000017,-0.14499999999999957,1.2302547691818917,-2.1100000000000207,-1.241676170854646,-0.3419953146641865,1.2302547691818917,0,0.14145056526154148,0,0,12.397,0.85,0.00506,0,0
COMP_00422,Lot_C,9.888,10.073,10.571,10.74,Healthy,0,0,0.1850000000000005,0.6829999999999998,0.8520000000000003,0.16900000000000048,-0.32899999999999885,-0.44420180517881874,-0.7600000000000051,-1.1241512657943225,-1.7479760527280774,-0.44420180517881874,0,0.16944229686773238,0,0,10.895,1.007,0.00599,0,0
COMP_00423,Lot_A,8.823,9.011,9.401,9.795,Healthy,0,0,0.18799999999999883,0.5779999999999994,0.9719999999999995,0.39400000000000013,0.0039999999999995595,0.20364206176169478,-0.6650000000000178,-0.4314556275194451,0.3041821072149379,0.3041821072149379,0,0.18359679938391243,0,0,9.797,0.974,0.0058,0,0
COMP_00424,Lot_B,13.087,13.421,13.755,14.097,Healthy,0,0,0.33399999999999963,0.668000000000001,1.0099999999999998,0.34199999999999875,0.007999999999997343,-0.004700284038164611,0.779999999999994,-0.22662889518413176,-0.13299817792498714,0.779999999999994,0,0.16228969299701246,0,0,14.183,1.096,0.00652,0,0
COMP_00425,Lot_A,9.211,9.49,9.991,10.452,Healthy,0,0,0.2789999999999999,0.7799999999999994,1.2409999999999997,0.4610000000000003,-0.03999999999999915,0.9770110477584198,0.244999999999993,1.037678091502452,0.8949125762990144,1.037678091502452,0,0.18361692484986436,0,0,10.271,1.06,0.00631,0,0
COMP_00426,Lot_B,12.553,12.754,13.273,13.608,Healthy,0,0,0.20099999999999874,0.7199999999999989,1.0549999999999997,0.33500000000000085,-0.18399999999999928,-0.3877734331485651,-0.5500000000000149,0.01618777822743867,-0.19949726688744696,0.01618777822743867,0,0.17331081344873295,0,0,13.599,1.046,0.00623,0,0
COMP_00427,Lot_B,14.234,14.514,14.889,15.273,Healthy,0,0,0.27999999999999936,0.6549999999999994,1.0389999999999997,0.38400000000000034,0.009000000000000341,0.9165553874420643,0.23999999999999133,-0.07014703898556436,0.2659963558499068,0.9165553874420643,0,0.1373801426197373,0,0,15.239,1.005,0.00598,0,0
COMP_00428,Lot_C,9.188,9.513,9.796,10.268,Healthy,0,0,0.3249999999999993,0.6079999999999988,1.08,0.4720000000000013,0.18900000000000183,-0.927296855972373,0.6399999999999828,0.040878227847071055,1.1304845123621996,1.1304845123621996,0,0.16352889773359375,0,0,10.284,1.096,0.00652,0,0
COMP_00429,Lot_B,13.353,13.59,14.131,14.533,Healthy,0,0,0.2370000000000001,0.7780000000000005,1.1799999999999997,0.40199999999999925,-0.13900000000000112,0.3368536894017841,-0.19000000000000128,0.6906785377040243,0.43699401318198733,0.6906785377040243,0,0.1644926666966986,0,0,14.247,0.894,0.00532,0,0
COMP_00430,Lot_A,9.564,9.92,10.412,10.675,Healthy,0,0,0.35599999999999987,0.8480000000000008,1.1110000000000007,0.2629999999999999,-0.22900000000000098,1.239509196734478,1.0149999999999926,0.3276878183691989,-0.8508282129345244,1.239509196734478,0,0.17452433185000688,0,0,10.741,1.177,0.00701,0,0
COMP_00431,Lot_A,8.067,8.311,8.891,9.195,Healthy,0,0,0.24399999999999977,0.8239999999999998,1.1280000000000001,0.30400000000000027,-0.2759999999999998,-0.5026309848106564,-0.10500000000000842,0.42053270024046824,-0.4893364333457587,0.42053270024046824,0,0.16626829069468646,0,0,9.138,1.071,0.00638,0,0
COMP_00432,Lot_C,9.664,10.062,10.5,10.786,Healthy,0,0,0.3979999999999997,0.8360000000000003,1.1219999999999999,0.2859999999999996,-0.15200000000000102,-0.3971205078557187,1.3699999999999868,0.2554889240441691,-0.6364912800694671,1.3699999999999868,0,0.1679161794425239,0,0,10.831,1.167,0.00695,0,0
COMP_00433,Lot_B,13.854,14.1,14.383,14.837,Healthy,0,0,0.24600000000000044,0.5289999999999999,0.9830000000000005,0.4540000000000006,0.17100000000000115,0.5750014140021156,-0.09999999999999787,-0.3723188992310702,0.9309872454747076,0.9309872454747076,0,0.13442691073183388,0,0,14.826,0.972,0.00579,0,0
COMP_00434,Lot_A,7.902,8.156,8.598,8.971,Healthy,0,0,0.25400000000000045,0.6960000000000006,1.069,0.37299999999999933,-0.06900000000000084,-0.7663062555310013,-0.00500000000000167,0.09830634551075773,0.11902778108410136,0.11902778108410136,0,0.1701038547557558,0,0,8.978,1.076,0.0064,0,0
COMP_00435,Lot_A,6.747,6.97,7.555,8.032,Healthy,0,0,0.22299999999999986,0.8079999999999998,1.2850000000000001,0.4770000000000003,-0.10799999999999965,-1.8716235734167317,-0.3150000000000075,1.2779824916398652,1.0359825390653608,1.2779824916398652,0,0.06438481172741545,0,0,8.256,1.509,0.00898,0,0
COMP_00436,Lot_C,9.108,9.431,9.79,10.103,Healthy,0,0,0.3229999999999986,0.6819999999999986,0.9949999999999992,0.3130000000000006,-0.045999999999999375,-1.096175422457409,0.6199999999999761,-0.39345294302801465,-0.3799947940713146,0.6199999999999761,0,0.19200132126573083,0,0,10.2,1.092,0.0065,0,0
COMP_00437,Lot_A,8.242,8.501,9.071,9.448,Healthy,0,0,0.25899999999999856,0.8289999999999988,1.2059999999999995,0.37700000000000067,-0.19299999999999962,-0.20481918350598136,0.0449999999999795,0.84652686412042,0.1542952717756997,0.84652686412042,0,0.1717902974166874,0,0,9.322,1.08,0.00643,0,0
COMP_00438,Lot_C,9.886,10.214,10.568,10.91,Healthy,0,0,0.3280000000000012,0.6820000000000004,1.024000000000001,0.3420000000000005,-0.011999999999998678,-0.2702057063760554,0.6700000000000017,-0.24526936708239003,-0.10449856836960644,0.6700000000000017,0,0.1911521653417838,0,0,10.981,1.095,0.00652,0,0
COMP_00439,Lot_C,10.896,11.189,11.583,11.781,Healthy,0,0,0.29299999999999926,0.6869999999999994,0.8849999999999998,0.1980000000000004,-0.19599999999999973,0.621268423372221,0.3199999999999825,-0.9555285759251758,-1.4724798270263693,0.621268423372221,0,0.167339070066565,0,0,11.914,1.018,0.00606,0,0
COMP_00440,Lot_A,8.749,9.633,18.814,39.762,Latent Defect,1,0,0.8839999999999986,10.065,31.012999999999998,20.948,11.767,35.4784493728178,6.2949999999999795,163.63637356629758,181.52618302593254,181.52618302593254,1,-0.04537857073896889,1,1,38.38,29.631,0.17638,1,1
COMP_00441,Lot_A,8.977,9.066,9.54,9.858,Healthy,0,0,0.08900000000000041,0.5629999999999988,0.8810000000000002,0.3180000000000014,-0.15599999999999703,0.2778007316517924,-1.655000000000002,-0.9284488187127222,-0.36590021592519584,0.2778007316517924,0,0.16420206123885434,0,0,9.874,0.897,0.00534,0,0
COMP_00442,Lot_C,8.854,10.121,18.883,35.669,Latent Defect,1,0,1.2670000000000012,10.029,26.814999999999998,16.785999999999998,8.024,25.07079082455111,10.060000000000002,131.54102743337904,156.11136127435114,156.11136127435114,1,-0.013300581795477107,1,1,37.495,28.641,0.17048,1,1
COMP_00443,Lot_B,13.136,13.336,13.798,14.089,Healthy,0,0,0.20000000000000107,0.6620000000000008,0.9530000000000012,0.29100000000000037,-0.17099999999999937,-0.010967329422383165,-0.5599999999999916,-0.5341966815054473,-0.617491540365896,-0.010967329422383165,0,0.1630924520784679,0,0,14.148,1.012,0.00602,0,0
COMP_00444,Lot_B,12.408,12.737,13.318,13.498,Healthy,0,0,0.3290000000000006,0.9100000000000001,1.0899999999999999,0.17999999999999972,-0.4009999999999998,-0.4739453071815807,0.730000000000004,0.2050451908808834,-1.6719770939137963,0.730000000000004,0,0.12221158058964476,0,0,13.483,1.075,0.0064,0,0
COMP_00445,Lot_C,10.672,11.034,11.671,12.073,Healthy,0,0,0.3620000000000001,0.9989999999999988,1.4009999999999998,0.402000000000001,-0.23499999999999766,0.9201323107275555,1.009999999999991,1.681117120210612,0.4654936227373823,1.681117120210612,0,0.12742033289168203,0,0,11.697,1.025,0.0061,0,0
COMP_00446,Lot_C,9.048,9.349,9.694,10.01,Healthy,0,0,0.30100000000000016,0.6460000000000008,0.9619999999999997,0.31599999999999895,-0.02900000000000169,-1.191361523567156,0.3999999999999915,-0.5620756328971612,-0.35149518451598116,0.3999999999999915,0,0.19226506254354275,0,0,10.112,1.064,0.00633,0,0
COMP_00447,Lot_C,10.345,10.53,10.843,11.239,Healthy,0,0,0.18499999999999872,0.49799999999999933,0.8940000000000001,0.3960000000000008,0.08300000000000018,0.06652792013046967,-0.7600000000000229,-0.9095405695972243,0.4084944036266817,0.4084944036266817,0,0.17051724921234496,0,0,11.332,0.987,0.00588,0,0
COMP_00448,Lot_C,11.681,12.03,12.565,13.013,Healthy,0,0,0.3490000000000002,0.8840000000000003,1.3320000000000007,0.4480000000000004,-0.08699999999999974,1.8822283864604819,0.8799999999999919,1.3285424050296686,0.9024876359193974,1.8822283864604819,0,0.1389646846043487,0,0,12.871,1.19,0.00708,0,0
COMP_00449,Lot_B,13.701,14.991,25.839,40.418,Latent Defect,1,0,1.2899999999999991,12.137999999999998,26.717,14.579,3.7310000000000016,20.614662410716175,10.33999999999999,138.48644273573257,135.11664890190715,138.48644273573257,1,-0.07812394956344071,1,1,42.203,28.502,0.16965,1,1
COMP_00450,Lot_A,8.66,8.903,9.363,9.666,Healthy,0,0,0.24300000000000033,0.7029999999999994,1.0060000000000002,0.3030000000000008,-0.15699999999999825,0.051793356748639684,-0.11500000000000288,-0.24576586377689677,-0.4981533060186505,0.051793356748639684,0,0.19036700492419123,0,0,9.788,1.128,0.00671,0,0
COMP_00451,Lot_C,10.468,10.653,11.039,11.324,Healthy,0,0,0.1850000000000005,0.5709999999999997,0.8559999999999999,0.28500000000000014,-0.10099999999999909,0.1535259695318504,-0.7600000000000051,-1.1037121518707913,-0.645991149921245,0.1535259695318504,0,0.1839320300191581,0,0,11.457,0.989,0.00589,0,0
COMP_00452,Lot_B,13.95,14.199,14.594,14.907,Healthy,0,0,0.24900000000000055,0.6440000000000001,0.9570000000000007,0.3130000000000006,-0.08199999999999896,0.6298380611140343,-0.06999999999999673,-0.5126129772021989,-0.4084944036266715,0.6298380611140343,0,0.15151681165033865,0,0,14.937,0.987,0.00588,0,0
COMP_00453,Lot_B,13.004,13.384,13.686,14.103,Healthy,0,0,0.3800000000000008,0.6820000000000004,1.0990000000000002,0.4169999999999998,0.11500000000000021,0.0,1.2400000000000055,0.2536085255631994,0.5794920609587352,1.2400000000000055,0,0.1471294200058234,0,0,14.13,1.126,0.0067,0,0
COMP_00454,Lot_C,10.425,10.604,11.23,11.634,Healthy,0,0,0.1789999999999985,0.8049999999999997,1.2089999999999996,0.4039999999999999,-0.2220000000000013,0.4708129732310077,-0.8200000000000252,0.7000396518810158,0.4844933624409379,0.7000396518810158,0,0.17947127996781737,0,0,11.452,1.027,0.00611,0,0
COMP_00455,Lot_A,8.094,8.195,8.673,9.018,Healthy,0,0,0.10100000000000087,0.5790000000000006,0.9240000000000013,0.34500000000000064,-0.13299999999999912,-0.7109815335494997,-1.5349999999999975,-0.6936058822147926,-0.1278446537569931,-0.1278446537569931,0,0.14402987788632626,0,0,9.072,0.978,0.00582,0,0
COMP_00456,Lot_B,11.866,12.033,12.587,12.741,Healthy,0,0,0.16699999999999982,0.7210000000000001,0.875,0.15399999999999991,-0.40000000000000036,-1.0669644766633264,-0.8900000000000041,-0.955078915418843,-1.9189737100601478,-0.8900000000000041,0,0.1312919575176158,0,0,12.966,1.1,0.00655,0,0
COMP_00457,Lot_A,8.751,8.986,9.496,9.817,Healthy,0,0,0.2350000000000012,0.745000000000001,1.0660000000000007,0.32099999999999973,-0.18900000000000006,0.2295387401360146,-0.19499999999999407,0.08192195459230216,-0.3394495979065206,0.2295387401360146,0,0.19009284569731183,0,0,9.797,1.046,0.00623,0,0
COMP_00458,Lot_B,13.323,13.513,13.957,14.356,Healthy,0,0,0.1899999999999995,0.6340000000000003,1.0329999999999995,0.39899999999999913,-0.045000000000001705,0.19819531027593368,-0.6600000000000072,-0.1025225954404417,0.40849440362663775,0.40849440362663775,0,0.16635952064656379,0,0,14.247,0.924,0.0055,0,0
COMP_00459,Lot_A,8.621,8.901,9.24,9.531,Healthy,0,0,0.27999999999999936,0.6189999999999998,0.9100000000000001,0.29100000000000037,-0.04800000000000004,-0.10711807873013918,0.25499999999998746,-0.7700663731676112,-0.6039557780934142,0.25499999999998746,0,0.1834480698055444,0,0,9.704,1.083,0.00645,0,0
COMP_00460,Lot_A,8.041,8.269,8.882,9.197,Healthy,0,0,0.22799999999999976,0.8409999999999993,1.1559999999999988,0.3149999999999995,-0.29800000000000004,-0.5002767413220832,-0.26500000000000856,0.5734536821460859,-0.3923508339439024,0.5734536821460859,0,0.16393785988777498,0,0,9.105,1.064,0.00633,0,0
COMP_00461,Lot_A,7.585,7.878,8.49,8.714,Healthy,0,0,0.29300000000000015,0.9050000000000002,1.1290000000000004,0.2240000000000002,-0.3879999999999999,-1.0688265438128248,0.38499999999999535,0.42599416387995664,-1.1946862471774908,0.42599416387995664,0,0.12857512557155548,0,0,8.807,1.222,0.00727,0,0
COMP_00462,Lot_B,15.17,15.453,16.027,16.524,Healthy,0,0,0.2829999999999995,0.8570000000000011,1.354000000000001,0.4969999999999999,-0.07700000000000173,1.8965646093993496,0.26999999999999247,1.6295696748954382,1.3394816491013621,1.8965646093993496,0,0.03728935694739266,0,0,16.174,1.004,0.00598,0,0
COMP_00463,Lot_C,10.875,11.117,11.713,12.088,Healthy,0,0,0.24200000000000088,0.8379999999999992,1.2129999999999992,0.375,-0.2209999999999983,0.9354849076807393,-0.19000000000000128,0.7204787658045467,0.20899713673922976,0.9354849076807393,0,0.17643773313106859,0,0,11.914,1.039,0.00618,0,0
COMP_00464,Lot_B,14.2,14.546,14.865,15.294,Healthy,0,0,0.3460000000000001,0.6650000000000009,1.0940000000000012,0.42900000000000027,0.10999999999999943,0.9330063815756405,0.8999999999999986,0.22662889518414137,0.6934904991801334,0.9330063815756405,0,0.11933365160706683,0,0,15.159,0.959,0.00571,0,0
COMP_00465,Lot_C,9.836,10.097,10.563,10.921,Healthy,0,0,0.26099999999999923,0.7270000000000003,1.084999999999999,0.35799999999999876,-0.10800000000000232,-0.2589471352770539,-1.7763568394002505e-14,0.06642712025148252,0.047499349258905886,0.06642712025148252,0,0.19774397726015946,0,0,10.91,1.074,0.00639,0,0
COMP_00466,Lot_B,14.676,14.817,15.06,15.217,Healthy,0,0,0.14100000000000001,0.38400000000000034,0.5410000000000004,0.15700000000000003,-0.0860000000000003,0.8726860697525304,-1.1500000000000021,-2.7573182247402777,-1.8904741005047982,0.8726860697525304,0,0.05031228073117411,0,0,15.528,0.852,0.00507,0,0
COMP_00467,Lot_A,9.355,9.543,10.009,10.348,Healthy,0,0,0.18799999999999883,0.6539999999999999,0.9930000000000003,0.3390000000000004,-0.12700000000000067,0.8545903863525465,-0.6650000000000178,-0.31676489109022204,-0.18074588979437498,0.8545903863525465,0,0.19489903246610263,0,0,10.271,0.916,0.00545,0,0
COMP_00468,Lot_C,9.202,10.573,19.881,37.287,Latent Defect,1,0,1.3710000000000004,10.679,28.085,17.406,8.097999999999999,26.726824282568,11.099999999999994,138.03044610410086,162.00128058245662,162.00128058245662,1,-0.010770686631315751,1,1,37.833,28.631,0.17042,1,1
COMP_00469,Lot_A,8.686,8.994,9.329,9.766,Healthy,0,0,0.30799999999999983,0.6430000000000007,1.08,0.4369999999999994,0.10199999999999854,0.16950553117736453,0.5349999999999921,0.15838244554511102,0.683307632149487,0.683307632149487,0,0.1747842842279307,0,0,9.788,1.102,0.00656,0,0
COMP_00470,Lot_C,11.305,11.441,11.924,12.244,Healthy,0,0,0.136000000000001,0.6189999999999998,0.9390000000000001,0.3200000000000003,-0.16299999999999848,1.0951519159938639,-1.25,-0.6796005379574758,-0.31349570510883623,1.0951519159938639,0,0.16551912926131596,0,0,12.346,1.041,0.0062,0,0
COMP_00471,Lot_A,9.059,9.212,9.858,10.047,Healthy,0,0,0.15300000000000047,0.7990000000000013,0.9880000000000013,0.18900000000000006,-0.45700000000000074,0.5002767413220832,-1.0150000000000015,-0.34407220928764964,-1.5032767907288744,0.5002767413220832,0,0.1540136631378865,0,0,10.03,0.971,0.00578,0,0
COMP_00472,Lot_C,9.78,10.065,10.433,10.698,Healthy,0,0,0.28500000000000014,0.6530000000000005,0.918000000000001,0.26500000000000057,-0.10299999999999976,-0.48718907664773653,0.23999999999999133,-0.7869058860560202,-0.8359885469569022,0.23999999999999133,0,0.1930353607993257,0,0,10.887,1.107,0.00659,0,0
COMP_00473,Lot_A,8.678,8.934,9.385,9.821,Healthy,0,0,0.25599999999999845,0.706999999999999,1.142999999999999,0.43599999999999994,-0.015000000000000568,0.2342472271131631,0.014999999999978364,0.5024546548327606,0.6744907594765952,0.6744907594765952,0,0.18644741332325637,0,0,9.788,1.11,0.00661,0,0
COMP_00474,Lot_C,9.645,9.921,10.31,10.575,Healthy,0,0,0.2759999999999998,0.6650000000000009,0.9299999999999997,0.2649999999999988,-0.12400000000000233,-0.6130803716638548,0.14999999999998792,-0.7255885442854273,-0.835988546956919,0.14999999999998792,0,0.19244785601846243,0,0,10.79,1.145,0.00682,0,0
COMP_00475,Lot_B,12.687,12.897,13.293,13.76,Healthy,0,0,0.21000000000000085,0.6059999999999999,1.0730000000000004,0.4670000000000005,0.0710000000000015,-0.26869957084840007,-0.45999999999999375,0.11331444759207068,1.0544855535478834,1.0544855535478834,0,0.16426057691723495,0,0,13.751,1.064,0.00633,0,0
COMP_00476,Lot_C,9.771,9.968,10.422,10.782,Healthy,0,0,0.19699999999999918,0.6509999999999998,1.0109999999999992,0.35999999999999943,-0.0940000000000012,-0.4012145337099009,-0.6400000000000183,-0.3116964873338816,0.06649908896247836,0.06649908896247836,0,0.19657658397825678,0,0,10.887,1.116,0.00664,0,0
COMP_00477,Lot_A,7.55,7.777,8.186,8.519,Healthy,0,0,0.2270000000000003,0.6360000000000001,0.9690000000000003,0.3330000000000002,-0.07599999999999962,-1.2983652839488393,-0.275000000000003,-0.44784001843790067,-0.23364712583175684,-0.23364712583175684,0,0.147213333022374,0,0,8.727,1.177,0.00701,0,0
COMP_00478,Lot_B,13.798,14.059,14.656,15.005,Healthy,0,0,0.26099999999999923,0.8580000000000005,1.2070000000000007,0.3490000000000002,-0.2480000000000011,0.7066093670707205,0.04999999999999005,0.8363685417509723,-0.06649908896249357,0.8363685417509723,0,0.13720427064768193,0,0,14.826,1.028,0.00612,0,0
COMP_00479,Lot_C,11.598,11.812,12.169,12.574,Healthy,0,0,0.21399999999999864,0.5709999999999997,0.9759999999999991,0.40499999999999936,0.047999999999998266,1.432909048963934,-0.47000000000002373,-0.4905387341647982,0.4939932322927157,1.432909048963934,0,0.16969055600369942,0,0,12.596,0.998,0.00594,0,0
COMP_00480,Lot_B,14.5,14.64,15.067,15.355,Healthy,0,0,0.14000000000000057,0.5670000000000002,0.8550000000000004,0.28800000000000026,-0.13899999999999935,0.9807926026303122,-1.1599999999999966,-1.0629974369350945,-0.6459911499212456,0.9807926026303122,0,0.10480439022891763,0,0,15.387,0.887,0.00528,0,0
COMP_00481,Lot_B,13.157,13.408,14.019,14.359,Healthy,0,0,0.25099999999999945,0.8620000000000001,1.202,0.33999999999999986,-0.2710000000000008,0.200545452295016,-0.050000000000007816,0.8093889113719046,-0.15199791762854228,0.8093889113719046,0,0.1530963978451244,0,0,14.216,1.059,0.0063,0,0
COMP_00482,Lot_B,14.512,14.737,15.298,15.671,Healthy,0,0,0.22499999999999964,0.7859999999999996,1.158999999999999,0.37299999999999933,-0.1880000000000006,1.2283408953069714,-0.3100000000000058,0.5773640901119536,0.1614977874802861,1.2283408953069714,0,0.11735375084521599,0,0,15.449,0.937,0.00558,0,0
COMP_00483,Lot_B,14.903,15.035,15.345,15.878,Healthy,0,0,0.13199999999999967,0.44200000000000017,0.9749999999999996,0.5329999999999995,0.22299999999999898,1.3905006946236451,-1.2400000000000055,-0.4154863078375765,1.68147696376554,1.68147696376554,0,0.04371462804669102,0,0,15.644,0.741,0.00441,0,0
COMP_00484,Lot_B,12.193,12.39,12.735,13.2,Healthy,0,0,0.19700000000000095,0.5419999999999998,1.0069999999999997,0.46499999999999986,0.120000000000001,-0.7073927477437475,-0.5899999999999928,-0.24281667341157043,1.0354858138443113,1.0354858138443113,0,0.1616703418908232,0,0,13.207,1.014,0.00604,0,0
COMP_00485,Lot_B,11.621,11.873,12.291,12.745,Healthy,0,0,0.2519999999999989,0.6699999999999999,1.1239999999999988,0.45399999999999885,0.03599999999999781,-1.0638309539712172,-0.04000000000001336,0.38850667745850886,0.9309872454746907,0.9309872454746907,0,0.1716856300605465,0,0,12.736,1.115,0.00664,0,0
COMP_00486,Lot_C,9.493,9.776,10.085,10.663,Healthy,0,0,0.2829999999999995,0.5920000000000005,1.17,0.5779999999999994,0.26899999999999835,-0.523011802871835,0.21999999999998465,0.5007582911265682,2.137470716651187,2.137470716651187,0,0.13611842858125883,0,0,10.721,1.228,0.00731,0,0
COMP_00487,Lot_A,8.308,8.559,9.208,9.499,Healthy,0,0,0.25099999999999945,0.9000000000000004,1.1910000000000007,0.29100000000000037,-0.35800000000000054,-0.1447859745473313,-0.03500000000001169,0.7646049095281275,-0.6039557780934142,0.7646049095281275,0,0.15632001285890285,0,0,9.414,1.106,0.00658,0,0
COMP_00488,Lot_A,9.834,10.952,21.459,38.027,Latent Defect,1,0,1.1180000000000003,11.625,28.193,16.568,6.061000000000002,33.43614314647942,8.634999999999996,148.2350461029454,142.90828071864524,148.2350461029454,1,-0.007598237604969027,1,1,37.174,27.34,0.16274,1,1
COMP_00489,Lot_C,8.78,9.063,9.59,9.808,Healthy,0,0,0.28300000000000125,0.8100000000000005,1.0280000000000005,0.21799999999999997,-0.3089999999999993,-1.3981098292033807,0.22000000000000242,-0.22483025315885902,-1.282482429990712,0.22000000000000242,0,0.17229281078429237,0,0,9.81,1.03,0.00613,0,0
COMP_00490,Lot_C,9.724,10.07,10.592,10.902,Healthy,0,0,0.3460000000000001,0.8680000000000003,1.177999999999999,0.3099999999999987,-0.21200000000000152,-0.2783937580844217,0.8499999999999908,0.5416365189736302,-0.4084944036266817,0.8499999999999908,0,0.17593838460214012,0,0,10.895,1.171,0.00697,0,0
COMP_00491,Lot_B,12.343,12.749,13.025,13.369,Healthy,0,0,0.4060000000000006,0.6820000000000004,1.0259999999999998,0.3439999999999994,0.06799999999999962,-0.5750014140021156,1.5000000000000036,-0.14029407797112872,-0.11399843822141514,1.5000000000000036,0,0.14872892102867452,0,0,13.441,1.098,0.00654,0,0
COMP_00492,Lot_B,11.389,11.744,12.193,12.561,Healthy,0,0,0.3550000000000004,0.8040000000000003,1.1720000000000006,0.3680000000000003,-0.08099999999999952,-1.2079729978082592,0.990000000000002,0.6475111290975275,0.11399843822138139,0.990000000000002,0,0.1627872577314753,0,0,12.508,1.119,0.00666,0,0
COMP_00493,Lot_A,10.715,10.918,11.577,11.888,Healthy,0,0,0.2029999999999994,0.8620000000000001,1.173,0.31099999999999994,-0.34800000000000075,2.6673578725549145,-0.5150000000000121,0.666298564017365,-0.4276183246354851,2.6673578725549145,0,0.16597661216268156,0,0,11.684,0.969,0.00577,0,0
COMP_00494,Lot_A,8.313,10.041,19.299,33.863,Latent Defect,1,0,1.7279999999999998,10.985999999999999,25.549999999999997,14.564,5.306000000000001,28.534608203267293,14.73499999999999,133.80039770378227,125.23926788216036,133.80039770378227,1,-0.060563215878217225,1,1,36.467,28.154,0.16758,1,1
COMP_00495,Lot_B,13.31,13.546,14.04,14.377,Healthy,0,0,0.23599999999999888,0.7299999999999986,1.0670000000000002,0.3370000000000015,-0.15699999999999825,0.21464630440950982,-0.2000000000000135,0.08093889113719334,-0.18049752718387496,0.21464630440950982,0,0.1659783671340911,0,0,14.247,0.937,0.00558,0,0
COMP_00496,Lot_B,15.437,15.732,16.053,16.415,Healthy,0,0,0.29499999999999993,0.6160000000000014,0.9779999999999998,0.3619999999999983,0.04099999999999682,1.8111761160393611,0.389999999999997,-0.39929852961013784,0.05699921911066538,1.8111761160393611,0,0.057589772374515236,0,0,16.174,0.737,0.00439,0,0
COMP_00497,Lot_B,12.12,12.351,12.691,13.252,Healthy,0,0,0.23100000000000165,0.5710000000000015,1.1320000000000014,0.5609999999999999,0.22100000000000009,-0.6666569527463214,-0.2499999999999858,0.4316740860650248,1.9474733196154637,1.9474733196154637,0,0.1346664333375419,0,0,13.144,1.024,0.0061,0,0
COMP_00498,Lot_A,7.947,8.252,8.663,8.897,Healthy,0,0,0.3050000000000006,0.7160000000000002,0.9500000000000002,0.23399999999999999,-0.1769999999999996,-0.8534132646082577,0.5049999999999999,-0.5516078275881469,-1.1065175204485262,0.5049999999999999,0,0.16248494020482146,0,0,9.037,1.09,0.00649,0,0
COMP_00499,Lot_C,10.178,10.46,10.977,11.065,Healthy,0,0,0.28200000000000003,0.7989999999999995,0.8869999999999987,0.08799999999999919,-0.42900000000000027,-0.11156220452647768,0.2099999999999902,-0.9453090189634149,-2.517465510722518,0.2099999999999902,0,0.1411741704971426,0,0,11.32,1.142,0.0068,0,0
COMP_00500,Lot_C,8.889,9.215,9.554,9.925,Healthy,0,0,0.3260000000000005,0.6650000000000009,1.0360000000000014,0.37100000000000044,0.03200000000000003,-1.2783595729685369,0.649999999999995,-0.18395202531178798,0.17099765733210168,0.649999999999995,0,0.18433535768767295,0,0,10.01,1.121,0.00667,0,0
COMP_00501,Lot_B,11.616,11.925,12.486,12.91,Healthy,0,0,0.30900000000000105,0.870000000000001,1.2940000000000005,0.4239999999999995,-0.13700000000000045,-0.9345731429216945,0.5300000000000082,1.3058141103466745,0.6459911499212119,1.3058141103466745,0,0.15198878601434462,0,0,12.765,1.149,0.00684,0,0
COMP_00502,Lot_B,14.136,14.511,14.82,15.091,Healthy,0,0,0.375,0.684000000000001,0.9550000000000001,0.270999999999999,-0.03800000000000203,0.7739801049510763,1.1899999999999977,-0.5234048293538279,-0.8074889374015655,1.1899999999999977,0,0.11440426417128419,0,0,15.159,1.023,0.00609,0,0
COMP_00503,Lot_A,9.218,9.558,9.928,10.203,Healthy,0,0,0.33999999999999986,0.7100000000000009,0.9849999999999994,0.2749999999999986,-0.09500000000000242,0.6839077334308933,0.8549999999999924,-0.3604566002061198,-0.7450257408597762,0.8549999999999924,0,0.18578956720442713,0,0,10.322,1.104,0.00657,0,0
COMP_00504,Lot_C,9.413,9.535,9.832,10.057,Healthy,0,0,0.12199999999999989,0.4190000000000005,0.6440000000000001,0.22499999999999964,-0.07200000000000095,-1.143256719780509,-1.3900000000000112,-2.186985189818052,-1.2159833410282337,-1.143256719780509,0,0.13716628674773312,0,0,10.284,0.871,0.00518,0,0
COMP_00505,Lot_B,12.676,12.948,13.45,13.749,Healthy,0,0,0.27200000000000024,0.7739999999999991,1.0730000000000004,0.29900000000000126,-0.20299999999999763,-0.27731675825170093,0.16000000000000014,0.11331444759207068,-0.5414925815516249,0.16000000000000014,0,0.16824629022110876,0,0,13.766,1.09,0.00649,0,0
COMP_00506,Lot_A,8.113,8.373,8.643,9.089,Healthy,0,0,0.2599999999999998,0.5300000000000011,0.9760000000000009,0.44599999999999973,0.17599999999999838,-0.627405889705105,0.05499999999999172,-0.40960977296149137,0.7626594862055598,0.7626594862055598,0,0.15301479128962947,0,0,9.138,1.025,0.0061,0,0
COMP_00507,Lot_C,11.157,11.357,11.759,12.233,Healthy,0,0,0.1999999999999993,0.6020000000000003,1.0760000000000005,0.4740000000000002,0.07199999999999918,1.0838933448948624,-0.6100000000000172,0.020439113923540066,1.1494842520657553,1.1494842520657553,0,0.16793153892410811,0,0,12.155,0.998,0.00594,0,0
COMP_00508,Lot_C,9.889,10.186,10.625,11.131,Healthy,0,0,0.2970000000000006,0.7360000000000007,1.2420000000000009,0.5060000000000002,0.06700000000000017,-0.04401077793246292,0.3599999999999959,0.8686623417501714,1.4534800873228138,1.4534800873228138,0,0.16398511989090314,0,0,10.98,1.091,0.00649,0,0
COMP_00509,Lot_C,10.441,10.735,11.253,11.547,Healthy,0,0,0.2939999999999987,0.8119999999999994,1.1059999999999999,0.2940000000000005,-0.2240000000000002,0.3817679109025349,0.329999999999977,0.17373246835003608,-0.5604923212551941,0.3817679109025349,0,0.18321247740587498,0,0,11.457,1.016,0.00605,0,0
COMP_00510,Lot_C,9.583,9.895,10.36,10.592,Healthy,0,0,0.3119999999999994,0.7769999999999992,1.0090000000000003,0.2320000000000011,-0.23299999999999876,-0.5956807617835771,0.5099999999999838,-0.3219160442956426,-1.1494842520657385,0.5099999999999838,0,0.18407605671175448,0,0,10.754,1.171,0.00697,0,0
COMP_00511,Lot_B,15.06,15.389,15.843,16.166,Healthy,0,0,0.32899999999999885,0.7829999999999995,1.1059999999999999,0.3230000000000004,-0.13100000000000023,1.616114328455538,0.7299999999999862,0.2913800080938864,-0.3134957051088452,1.616114328455538,0,0.0727415593840463,0,0,16.136,1.076,0.0064,0,0
COMP_00512,Lot_B,13.219,13.51,13.716,14.277,Healthy,0,0,0.29100000000000037,0.4969999999999999,1.0579999999999998,0.5609999999999999,0.3550000000000004,0.13630823710676815,0.3500000000000014,0.03237555645487734,1.9474733196154637,1.9474733196154637,0,0.11482045103382055,0,0,14.232,1.013,0.00603,0,0
COMP_00513,Lot_C,9.289,9.539,9.993,10.543,Healthy,0,0,0.25,0.7040000000000006,1.2539999999999996,0.5499999999999989,0.09599999999999831,-0.6458325784973161,-0.11000000000001009,0.9299796835207643,1.8714743608012563,1.8714743608012563,0,0.16320804001326322,0,0,10.284,0.995,0.00592,0,0
COMP_00514,Lot_C,9.921,10.298,10.797,11.05,Healthy,0,0,0.37700000000000067,0.8760000000000012,1.1290000000000013,0.2530000000000001,-0.24600000000000044,-0.12691480147966144,1.1599999999999966,0.29125737341035973,-0.9499869851783033,1.1599999999999966,0,0.15891469578595258,0,0,11.124,1.203,0.00716,0,0
COMP_00515,Lot_A,8.608,8.848,9.168,9.554,Healthy,0,0,0.2400000000000002,0.5599999999999987,0.9459999999999997,0.386000000000001,0.0660000000000025,-0.08004427861153274,-0.14500000000000401,-0.5734536821460957,0.2336471258317725,0.2336471258317725,0,0.17953672746216753,0,0,9.692,1.084,0.00645,0,0
COMP_00516,Lot_A,8.518,8.812,9.285,9.57,Healthy,0,0,0.2939999999999987,0.7669999999999995,1.0519999999999996,0.28500000000000014,-0.1880000000000006,-0.061210330702936674,0.3949999999999809,0.005461463639483577,-0.6568570141307961,0.3949999999999809,0,0.1799704225934426,0,0,9.6,1.082,0.00644,0,0
COMP_00517,Lot_B,13.845,14.045,14.123,14.486,Healthy,0,0,0.1999999999999993,0.2779999999999987,0.641,0.3630000000000013,0.2850000000000019,0.300034797769497,-0.5600000000000094,-2.217725617159011,0.0664990889624767,0.300034797769497,0,0.08782680750431532,0,0,14.826,0.981,0.00584,0,0
COMP_00518,Lot_C,9.501,25.648,70.642,146.864,Gross Failure,1,1,16.147,61.141,137.363,76.22200000000001,31.22800000000001,138.87959203851153,158.85999999999996,696.4168189380672,720.7456257849296,720.7456257849296,1,-0.2364605106492721,1,1,138.159,128.658,0.76582,1,1
COMP_00519,Lot_C,9.851,10.035,10.555,10.868,Healthy,0,0,0.18399999999999928,0.7039999999999988,1.0169999999999995,0.3130000000000006,-0.20699999999999896,-0.31319297784497324,-0.7700000000000173,-0.2810378164485806,-0.3799947940713146,-0.2810378164485806,0,0.19190176516231966,0,0,10.887,1.036,0.00617,0,0
COMP_00520,Lot_A,8.813,9.011,9.491,9.759,Healthy,0,0,0.19799999999999862,0.677999999999999,0.9459999999999997,0.2680000000000007,-0.21199999999999974,0.16126567896735416,-0.5650000000000199,-0.5734536821460957,-0.8067438495700342,0.16126567896735416,0,0.18473487582983183,0,0,9.797,0.984,0.00586,0,0
COMP_00521,Lot_B,14.303,14.505,15.035,15.258,Healthy,0,0,0.20199999999999996,0.7319999999999993,0.9549999999999983,0.22299999999999898,-0.3070000000000004,0.9048046773466528,-0.5400000000000027,-0.5234048293538375,-1.2634826902871417,0.9048046773466528,0,0.11981022750785786,0,0,15.239,0.936,0.00557,0,0
COMP_00522,Lot_B,13.859,14.032,14.513,14.966,Healthy,0,0,0.17300000000000004,0.6539999999999999,1.1069999999999993,0.4529999999999994,-0.02800000000000047,0.6760575208226506,-0.8300000000000018,0.2967759341696961,0.921487375622913,0.921487375622913,0,0.14708522470188795,0,0,14.826,0.967,0.00576,0,0
COMP_00523,Lot_C,9.82,9.988,10.497,10.763,Healthy,0,0,0.16799999999999926,0.6769999999999996,0.9429999999999996,0.266,-0.24300000000000033,-0.4206611565172687,-0.9300000000000175,-0.6591614240339447,-0.8264886771051244,-0.4206611565172687,0,0.1879651602670766,0,0,10.887,1.067,0.00635,0,0
COMP_00524,Lot_C,9.636,9.907,10.521,10.873,Healthy,0,0,0.2710000000000008,0.8850000000000016,1.237,0.35199999999999854,-0.26200000000000223,-0.3080754455272459,0.09999999999999787,0.8431134493457508,-0.009499869851794678,0.8431134493457508,0,0.1790432768206378,0,0,10.754,1.118,0.00665,0,0
COMP_00525,Lot_C,10.021,10.33,10.786,11.199,Healthy,0,0,0.3089999999999993,0.7649999999999988,1.177999999999999,0.41300000000000026,-0.04299999999999926,0.02558766158864204,0.47999999999998266,0.5416365189736302,0.5699921911069887,0.5699921911069887,0,0.18577271502678172,0,0,11.124,1.103,0.00657,0,0
COMP_00526,Lot_B,14.186,14.41,14.467,14.735,Healthy,0,0,0.2240000000000002,0.2810000000000006,0.5489999999999995,0.2679999999999989,0.21099999999999852,0.49509658535332,-0.3200000000000003,-2.714150816133781,-0.835988546956915,0.49509658535332,0,0.06854445530506081,0,0,15.04,0.854,0.00508,0,0
COMP_00527,Lot_B,14.33,14.577,14.986,15.453,Healthy,0,0,0.2469999999999999,0.6560000000000006,1.1229999999999993,0.46699999999999875,0.05799999999999805,1.0575639085869972,-0.09000000000000341,0.3831107513826992,1.0544855535478665,1.0575639085869972,0,0.12093221091409889,0,0,15.308,0.978,0.00582,0,0
COMP_00528,Lot_A,8.419,9.2,16.442,35.489,Latent Defect,1,0,0.7809999999999988,8.023,27.069999999999997,19.046999999999997,11.804999999999996,30.44860815947836,5.264999999999982,142.10182243580192,164.76530807475598,164.76530807475598,1,-0.05734166885881353,1,1,37.946,29.527,0.17576,1,1
COMP_00529,Lot_A,8.446,8.813,9.175,9.494,Healthy,0,0,0.3670000000000009,0.729000000000001,1.048,0.31899999999999906,-0.04300000000000104,-0.15067158326876848,1.1250000000000027,-0.01638439091846043,-0.3570833432523197,1.1250000000000027,0,0.17105615213500902,0,0,9.61,1.164,0.00693,0,0
COMP_00530,Lot_C,9.204,9.412,9.635,9.947,Healthy,0,0,0.20800000000000018,0.43099999999999916,0.7429999999999986,0.3119999999999994,0.08900000000000041,-1.2558424307705336,-0.5300000000000082,-1.681117120210612,-0.3894946639231093,-0.3894946639231093,0,0.1596362363327965,0,0,10.267,1.063,0.00633,0,0
COMP_00531,Lot_C,9.953,11.126,23.85,46.434,Latent Defect,1,0,1.173,13.897000000000002,36.480999999999995,22.583999999999996,9.859999999999994,36.08883790462021,9.11999999999999,180.93214622959707,211.19160667498932,211.19160667498932,1,-0.0669895950064624,1,1,39.125,29.172,0.17364,1,1
COMP_00532,Lot_C,9.324,10.115,19.467,38.408,Latent Defect,1,0,0.7910000000000004,10.142999999999999,29.084000000000003,18.941000000000003,9.589000000000004,27.874175028202696,5.299999999999994,143.1351148065033,176.58358080494367,176.58358080494367,1,-0.025380807355073753,1,1,38.034,28.71,0.17089,1,1
COMP_00533,Lot_C,9.226,9.411,10.051,10.375,Healthy,0,0,0.18499999999999872,0.8249999999999993,1.1489999999999991,0.32399999999999984,-0.3160000000000007,-0.8177816643729874,-0.7600000000000229,0.39345294302801465,-0.2754962257017081,0.39345294302801465,0,0.1765235602022978,0,0,10.267,1.041,0.0062,0,0
COMP_00534,Lot_B,13.728,13.904,14.347,14.664,Healthy,0,0,0.17600000000000016,0.6189999999999998,0.9359999999999999,0.31700000000000017,-0.12599999999999945,0.43947655756837445,-0.8000000000000007,-0.6259274247942697,-0.3704949242195444,0.43947655756837445,0,0.15612086206242065,0,0,14.678,0.95,0.00565,0,0
COMP_00535,Lot_C,9.392,9.735,10.018,10.398,Healthy,0,0,0.34299999999999997,0.6260000000000012,1.0060000000000002,0.379999999999999,0.09699999999999775,-0.7942410157114373,0.8199999999999896,-0.3372453797382931,0.2564964859981356,0.8199999999999896,0,0.1803081442260417,0,0,10.472,1.08,0.00643,0,0
COMP_00536,Lot_C,9.68,9.964,10.373,10.809,Healthy,0,0,0.2840000000000007,0.6929999999999996,1.1289999999999996,0.43599999999999994,0.027000000000001023,-0.37357985919416864,0.22999999999999687,0.29125737341035063,0.7884891976979963,0.7884891976979963,0,0.1902185951712304,0,0,10.831,1.151,0.00685,0,0
COMP_00537,Lot_C,9.154,9.497,9.943,10.161,Healthy,0,0,0.34299999999999997,0.7889999999999997,1.0069999999999997,0.21799999999999997,-0.22799999999999976,-1.0368120475717606,0.8199999999999896,-0.3321356012574126,-1.282482429990712,0.8199999999999896,0,0.175468129374733,0,0,10.217,1.063,0.00633,0,0
COMP_00538,Lot_A,9.044,9.278,9.523,9.907,Healthy,0,0,0.23399999999999999,0.4789999999999992,0.8629999999999995,0.38400000000000034,0.13900000000000112,0.3354796971218672,-0.2050000000000063,-1.0267551642234847,0.21601338048597332,0.3354796971218672,0,0.17071441523315783,0,0,10.035,0.991,0.0059,0,0
COMP_00539,Lot_B,14.107,14.46,14.864,15.229,Healthy,0,0,0.35300000000000153,0.7570000000000014,1.1219999999999999,0.36499999999999844,-0.03900000000000148,0.8820866378288582,0.9700000000000131,0.3777148253068895,0.08549882866601495,0.9700000000000131,0,0.1314327007302613,0,0,15.159,1.052,0.00626,0,0
COMP_00540,Lot_A,8.54,8.91,9.262,9.566,Healthy,0,0,0.370000000000001,0.7220000000000013,1.0260000000000016,0.30400000000000027,-0.04800000000000004,-0.06591881768008516,1.1550000000000038,-0.1365365909871573,-0.4893364333457587,1.1550000000000038,0,0.17037666414233926,0,0,9.775,1.235,0.00735,0,0
COMP_00541,Lot_C,9.249,9.383,9.863,10.373,Healthy,0,0,0.13399999999999856,0.613999999999999,1.1239999999999988,0.5099999999999998,0.02999999999999936,-0.8198286773000794,-1.2700000000000244,0.2657084810059301,1.4914795667299419,1.4914795667299419,0,0.17113344594936736,0,0,10.267,1.018,0.00606,0,0
COMP_00542,Lot_B,12.782,12.961,13.434,13.842,Healthy,0,0,0.17900000000000027,0.6519999999999992,1.0600000000000005,0.40800000000000125,-0.06499999999999773,-0.20446235566015222,-0.7699999999999996,0.04316740860650631,0.4939932322927033,0.4939932322927033,0,0.1735413665424374,0,0,13.766,0.984,0.00586,0,0
COMP_00543,Lot_A,8.375,8.737,9.09,9.411,Healthy,0,0,0.3620000000000001,0.7149999999999999,1.0359999999999996,0.32099999999999973,-0.03200000000000003,-0.24837268804461066,1.0749999999999948,-0.08192195459230216,-0.3394495979065206,1.0749999999999948,0,0.1728887448083936,0,0,9.516,1.141,0.00679,0,0
COMP_00544,Lot_B,13.326,13.607,14.063,14.285,Healthy,0,0,0.2809999999999988,0.7370000000000001,0.9589999999999996,0.22199999999999953,-0.23400000000000176,0.1425752824909881,0.2499999999999858,-0.5018211250505795,-1.272982560138919,0.2499999999999858,0,0.15622996710872428,0,0,14.275,0.949,0.00565,0,0
COMP_00545,Lot_B,15.572,15.803,16.266,16.678,Healthy,0,0,0.23100000000000165,0.6939999999999991,1.1060000000000016,0.4120000000000026,-0.05099999999999483,2.01720523304557,-0.2499999999999858,0.291380008093896,0.5319927116998473,2.01720523304557,0,0.04525566878896814,0,0,16.174,0.602,0.00358,0,0
COMP_00546,Lot_B,12.3,12.554,12.923,13.315,Healthy,0,0,0.25399999999999956,0.6229999999999993,1.0149999999999988,0.39199999999999946,0.022999999999999687,-0.6173039703455957,-0.02000000000000668,-0.19964926480507372,0.34199531466416105,0.34199531466416105,0,0.17136558701993204,0,0,13.279,0.979,0.00583,0,0
COMP_00547,Lot_A,8.279,8.551,8.875,9.142,Healthy,0,0,0.27200000000000024,0.5960000000000001,0.8629999999999995,0.26699999999999946,-0.057000000000000384,-0.5650184372578818,0.17499999999999627,-1.0267551642234847,-0.8155607222429416,0.17499999999999627,0,0.1740598442638835,0,0,9.322,1.043,0.00621,0,0
COMP_00548,Lot_B,11.498,11.692,11.833,12.152,Healthy,0,0,0.19400000000000084,0.33500000000000085,0.6539999999999999,0.31899999999999906,0.17799999999999905,-1.5283756930764685,-0.6199999999999939,-2.147578578173447,-0.35149518451598927,-0.35149518451598927,0,0.11648679469309908,0,0,12.483,0.985,0.00586,0,0
COMP_00549,Lot_B,12.412,13.643,23.209,44.352,Latent Defect,1,0,1.2309999999999999,10.796999999999999,31.939999999999998,21.142999999999997,11.576999999999998,23.696481978405984,9.749999999999996,166.6693646297022,197.47379460900962,197.47379460900962,1,-0.0706475378262138,1,1,40.992,28.58,0.17012,1,1
COMP_00550,Lot_C,12.335,12.676,13.072,13.372,Healthy,0,0,0.3409999999999993,0.7369999999999983,1.036999999999999,0.3000000000000007,-0.09599999999999831,2.2496672068733763,0.799999999999983,-0.17884224683091657,-0.5034931021444935,2.2496672068733763,0,0.16481137607708446,0,0,13.373,1.038,0.00618,0,0
COMP_00551,Lot_B,13.956,14.071,14.483,14.809,Healthy,0,0,0.11500000000000021,0.527000000000001,0.8529999999999998,0.32599999999999874,-0.08600000000000207,0.5530667551573479,-1.4100000000000001,-1.0737892890867236,-0.2849960955535125,0.5530667551573479,0,0.12078156931948136,0,0,14.886,0.93,0.00554,0,0
COMP_00552,Lot_C,10.526,10.825,11.185,11.494,Healthy,0,0,0.2989999999999995,0.6590000000000007,0.968,0.3089999999999993,-0.05100000000000193,0.3275220683346137,0.3799999999999848,-0.5314169620118602,-0.4179942734784595,0.3799999999999848,0,0.18792207454656595,0,0,11.543,1.017,0.00605,0,0
COMP_00553,Lot_B,13.49,13.676,14.27,14.681,Healthy,0,0,0.18599999999999994,0.7799999999999994,1.190999999999999,0.4109999999999996,-0.18299999999999983,0.4527940290098399,-0.7000000000000028,0.7500337245379597,0.522492841848036,0.7500337245379597,0,0.15085023453449126,0,0,14.49,1.0,0.00595,0,0
COMP_00554,Lot_B,13.189,13.47,13.864,14.151,Healthy,0,0,0.2810000000000006,0.6750000000000007,0.9619999999999997,0.28699999999999903,-0.1070000000000011,0.037602272305315494,0.25000000000000355,-0.48563334682314085,-0.65549101977304,0.25000000000000355,0,0.16599972547293412,0,0,14.232,1.043,0.00621,0,0
COMP_00555,Lot_C,9.618,9.908,10.382,10.69,Healthy,0,0,0.28999999999999915,0.7639999999999993,1.0719999999999992,0.30799999999999983,-0.16600000000000037,-0.4953771283561028,0.2899999999999814,0.0,-0.42749414333023733,0.2899999999999814,0,0.19033183359800077,0,0,10.754,1.136,0.00676,0,0
COMP_00556,Lot_B,13.825,14.061,14.427,14.803,Healthy,0,0,0.23600000000000065,0.6020000000000003,0.9780000000000015,0.3760000000000012,0.010000000000001563,0.5483664711191847,-0.19999999999999574,-0.39929852961012824,0.18999739703565252,0.5483664711191847,0,0.15752960386644582,0,0,14.826,1.001,0.00596,0,0
COMP_00557,Lot_A,7.69,8.552,18.044,34.401,Latent Defect,1,0,0.8619999999999992,10.354,26.711000000000002,16.357000000000003,6.865000000000002,29.167899701693837,6.074999999999986,140.14115698922626,141.04792058466407,141.04792058466407,1,-0.06051841817848147,1,1,37.426,29.736,0.177,1,1
COMP_00558,Lot_A,8.297,8.469,9.064,9.348,Healthy,0,0,0.17199999999999882,0.7669999999999995,1.0510000000000002,0.2840000000000007,-0.31099999999999994,-0.3225313579347062,-0.8250000000000179,0.0,-0.6656738868036878,0.0,0,0.16695875728265508,0,0,9.322,1.025,0.0061,0,0
COMP_00559,Lot_C,9.611,9.891,10.176,10.381,Healthy,0,0,0.27999999999999936,0.5649999999999995,0.7699999999999996,0.20500000000000007,-0.08000000000000007,-0.8116406255917131,0.18999999999998352,-1.5431531012267576,-1.405980738063891,0.18999999999998352,0,0.1757995610568751,0,0,10.754,1.143,0.0068,0,0
COMP_00560,Lot_B,13.419,13.633,13.975,14.386,Healthy,0,0,0.21399999999999864,0.5559999999999992,0.9669999999999987,0.4109999999999996,0.06899999999999906,0.22169673046675534,-0.4200000000000159,-0.4586537164440828,0.522492841848036,0.522492841848036,0,0.15832736858738838,0,0,14.49,1.071,0.00638,0,0
COMP_00561,Lot_C,9.269,9.497,9.84,10.22,Healthy,0,0,0.22799999999999976,0.5709999999999997,0.9510000000000005,0.3800000000000008,0.03700000000000081,-0.9764251662225651,-0.3300000000000125,-0.6182831961868737,0.2564964859981525,0.2564964859981525,0,0.18614569073655052,0,0,10.284,1.015,0.00604,0,0
COMP_00562,Lot_A,9.566,9.667,10.13,10.566,Healthy,0,0,0.10099999999999909,0.5640000000000001,1.0,0.43599999999999994,-0.027000000000001023,1.1112029266071675,-1.5350000000000152,-0.27853464561381763,0.6744907594765952,1.1112029266071675,0,0.17279800886137375,0,0,10.495,0.929,0.00553,0,0
COMP_00563,Lot_A,8.163,8.322,8.823,9.273,Healthy,0,0,0.15899999999999892,0.6600000000000001,1.1099999999999994,0.4499999999999993,-0.05100000000000193,-0.4108154887562514,-0.955000000000017,0.3222263547297056,0.7979269768971424,0.7979269768971424,0,0.1690153082128984,0,0,9.25,1.087,0.00647,0,0
COMP_00564,Lot_A,9.212,10.486,20.132,35.885,Latent Defect,1,0,1.274000000000001,10.920000000000002,26.673,15.752999999999997,6.106999999999996,30.914748370216113,10.195000000000002,139.93362137092575,135.72252949023442,139.93362137092575,1,-0.01391552475714064,1,1,37.647,28.435,0.16926,1,1
COMP_00565,Lot_B,13.952,14.267,14.58,14.966,Healthy,0,0,0.3149999999999995,0.6280000000000001,1.0139999999999993,0.38599999999999923,0.07299999999999862,0.6760575208226506,0.5899999999999928,-0.2050451908808834,0.2849960955534619,0.6760575208226506,0,0.14099953714734492,0,0,14.963,1.011,0.00602,0,0
COMP_00566,Lot_B,13.718,14.039,14.48,14.744,Healthy,0,0,0.32099999999999973,0.7620000000000005,1.0259999999999998,0.26399999999999935,-0.17700000000000138,0.502147011410567,0.649999999999995,-0.14029407797112872,-0.8739880263640422,0.649999999999995,0,0.14558484920698905,0,0,14.761,1.043,0.00621,0,0
COMP_00567,Lot_B,12.448,12.617,13.061,13.386,Healthy,0,0,0.16900000000000048,0.6129999999999995,0.9379999999999988,0.3249999999999993,-0.11899999999999977,-0.5616839425606501,-0.8699999999999974,-0.6151355726426502,-0.2944959654052901,-0.2944959654052901,0,0.17106822533220362,0,0,13.373,0.925,0.00551,0,0
COMP_00568,Lot_B,15.36,15.681,16.247,16.645,Healthy,0,0,0.32099999999999973,0.8870000000000005,1.2850000000000001,0.3979999999999997,-0.16800000000000104,1.9913536708356647,0.649999999999995,1.2572507756643585,0.39899453377486016,1.9913536708356647,0,0.035354935835986034,0,0,16.174,0.814,0.00485,0,0
COMP_00569,Lot_C,9.669,9.897,10.325,10.694,Healthy,0,0,0.22799999999999976,0.6559999999999988,1.0250000000000004,0.36900000000000155,-0.0589999999999975,-0.49128310250191876,-0.3300000000000125,-0.24015958860150954,0.1519979176285461,0.1519979176285461,0,0.1981535427274529,0,0,10.79,1.121,0.00667,0,0
COMP_00570,Lot_A,8.811,9.061,9.477,9.767,Healthy,0,0,0.25,0.6660000000000004,0.9559999999999995,0.28999999999999915,-0.12600000000000122,0.17068265292165113,-0.045000000000006146,-0.5188390457512309,-0.6127726507663216,0.17068265292165113,0,0.19218904104703782,0,0,9.797,0.986,0.00587,0,0
COMP_00571,Lot_B,11.468,11.821,12.535,13.005,Healthy,0,0,0.35299999999999976,1.0670000000000002,1.5370000000000008,0.47000000000000064,-0.24399999999999977,-0.8601519789840905,0.9699999999999953,2.617024146769159,1.082985163103233,2.617024146769159,0,0.08999197437557627,0,0,12.617,1.149,0.00684,0,0
COMP_00572,Lot_C,8.867,9.18,9.753,10.062,Healthy,0,0,0.31299999999999883,0.8859999999999992,1.1949999999999985,0.3089999999999993,-0.2640000000000011,-1.1381391874627818,0.5199999999999783,0.6285027531486437,-0.4179942734784595,0.6285027531486437,0,0.1711623480247309,0,0,9.905,1.038,0.00618,0,0
COMP_00573,Lot_B,13.538,13.751,14.385,14.771,Healthy,0,0,0.2129999999999992,0.8469999999999995,1.2330000000000005,0.386000000000001,-0.24799999999999933,0.5232982895823077,-0.4300000000000104,0.976662619722101,0.28499609555347877,0.976662619722101,0,0.13989934798312548,0,0,14.544,1.006,0.00599,0,0
COMP_00574,Lot_B,11.991,12.295,12.872,13.242,Healthy,0,0,0.30400000000000027,0.8810000000000002,1.2510000000000012,0.370000000000001,-0.20699999999999896,-0.6744907594765952,0.4800000000000004,1.073789289086733,0.1329981779249534,1.073789289086733,0,0.15304735391477897,0,0,13.057,1.066,0.00635,0,0
COMP_00575,Lot_C,10.431,10.676,10.99,11.325,Healthy,0,0,0.245000000000001,0.559000000000001,0.8940000000000001,0.3349999999999991,0.02099999999999902,0.1545494759953955,-0.16000000000000014,-0.9095405695972243,-0.17099765733210168,0.1545494759953955,0,0.1827088364909943,0,0,11.457,1.026,0.00611,0,0
COMP_00576,Lot_C,10.471,10.71,11.257,11.567,Healthy,0,0,0.23900000000000077,0.7859999999999996,1.096,0.3100000000000005,-0.23699999999999832,0.40223804017344783,-0.22000000000000242,0.12263468354120409,-0.40849440362666484,0.40223804017344783,0,0.18785731623416002,0,0,11.457,0.986,0.00587,0,0
COMP_00577,Lot_A,8.239,8.555,9.032,9.341,Healthy,0,0,0.31599999999999895,0.7929999999999993,1.1019999999999985,0.3089999999999993,-0.16800000000000104,-0.33077121014471866,0.6149999999999833,0.2785346456138079,-0.4452520699812843,0.6149999999999833,0,0.1778087940786467,0,0,9.404,1.165,0.00693,0,0
COMP_00578,Lot_C,10.93,11.125,11.488,11.555,Healthy,0,0,0.19500000000000028,0.5579999999999998,0.625,0.06700000000000017,-0.2959999999999994,0.3899559626108993,-0.6600000000000072,-2.2840709809548354,-2.7169627776099534,0.3899559626108993,0,0.12384183846153812,0,0,11.914,0.984,0.00586,0,0
COMP_00579,Lot_B,12.391,12.745,12.947,13.201,Healthy,0,0,0.3539999999999992,0.5559999999999992,0.8100000000000005,0.25400000000000134,0.05200000000000138,-0.7066093670707192,0.9799999999999898,-1.305814110346665,-0.9689867248818516,0.9799999999999898,0,0.1387107984840275,0,0,13.483,1.092,0.0065,0,0
COMP_00580,Lot_A,8.851,8.922,9.31,9.774,Healthy,0,0,0.07099999999999973,0.45899999999999963,0.9229999999999983,0.46399999999999864,0.07599999999999874,0.17892250513166152,-1.8350000000000088,-0.6990673458542955,0.9213631943176898,0.9213631943176898,0,0.13432042748933792,0,0,9.84,0.989,0.00589,0,0
COMP_00581,Lot_B,15.247,15.521,15.859,16.113,Healthy,0,0,0.2740000000000009,0.6120000000000001,0.8659999999999997,0.25399999999999956,-0.08399999999999963,1.574595152785085,0.18000000000000682,-1.003642250101159,-0.9689867248818684,1.574595152785085,0,0.06518508729825634,0,0,16.174,0.927,0.00552,0,0
COMP_00582,Lot_C,10.13,10.403,11.076,11.523,Healthy,0,0,0.2729999999999997,0.9459999999999997,1.392999999999999,0.4469999999999992,-0.22600000000000087,0.35720375577743796,0.11999999999998678,1.6402388923635411,0.8929877660676028,1.6402388923635411,0,0.14622245628800518,0,0,11.195,1.065,0.00634,0,0
COMP_00583,Lot_B,13.093,13.316,14.127,14.54,Healthy,0,0,0.22300000000000075,1.0340000000000007,1.4469999999999992,0.4129999999999985,-0.39800000000000146,0.3423373541129757,-0.32999999999999474,2.131390799946008,0.5414925815515912,2.131390799946008,0,0.08763721132153257,0,0,14.142,1.049,0.00624,0,0
COMP_00584,Lot_A,7.965,8.197,8.542,8.651,Healthy,0,0,0.23199999999999932,0.577,0.6859999999999999,0.10899999999999999,-0.23600000000000065,-1.1429852137029224,-0.22500000000001297,-1.9934342284126114,-2.2086266045606067,-0.22500000000001297,0,0.10663432878460372,0,0,9.072,1.107,0.00659,0,0
COMP_00585,Lot_B,13.344,13.737,13.991,14.346,Healthy,0,0,0.3930000000000007,0.6470000000000002,1.0020000000000007,0.3550000000000004,0.10100000000000087,0.19036150354565978,1.3700000000000045,-0.26979630379062847,-0.00949986985179444,1.3700000000000045,0,0.1398051394109847,0,0,14.473,1.129,0.00672,0,0
COMP_00586,Lot_A,7.934,8.226,8.656,8.87,Healthy,0,0,0.2920000000000007,0.7220000000000004,0.935999999999999,0.21399999999999864,-0.21600000000000108,-0.8851955517040148,0.3750000000000009,-0.6280683185409655,-1.282854973906471,0.3750000000000009,0,0.15704045860591126,0,0,9.037,1.103,0.00657,0,0
COMP_00587,Lot_A,7.715,7.899,8.51,8.989,Healthy,0,0,0.18400000000000016,0.7949999999999999,1.274000000000001,0.479000000000001,-0.13199999999999878,-0.7451180641338299,-0.7050000000000045,1.2179063916055166,1.05361628441116,1.2179063916055166,0,0.1400449603658641,0,0,8.867,1.152,0.00686,0,0
COMP_00588,Lot_A,8.251,8.599,9.028,9.346,Healthy,0,0,0.34800000000000075,0.777000000000001,1.0950000000000006,0.3179999999999996,-0.11100000000000065,-0.3248856014232815,0.9350000000000014,0.2403044001374132,-0.3659002159252115,0.9350000000000014,0,0.17712078249062418,0,0,9.404,1.153,0.00686,0,0
COMP_00589,Lot_A,8.546,8.818,9.202,9.554,Healthy,0,0,0.27200000000000024,0.6560000000000006,1.008000000000001,0.3520000000000003,-0.03200000000000003,-0.08004427861153274,0.17499999999999627,-0.2348429364979199,-0.0661265450467195,0.17499999999999627,0,0.19003647441545696,0,0,9.661,1.115,0.00664,0,0
COMP_00590,Lot_A,9.13,9.39,9.845,10.245,Healthy,0,0,0.2599999999999998,0.7149999999999999,1.1149999999999984,0.3999999999999986,-0.05500000000000149,0.7333468466909576,0.05499999999999172,0.3495336729271332,0.35708334325230406,0.7333468466909576,0,0.19267568778931854,0,0,10.187,1.057,0.00629,0,0
COMP_00591,Lot_A,9.033,9.278,9.671,10.04,Healthy,0,0,0.245000000000001,0.6379999999999999,1.0069999999999997,0.3689999999999998,-0.023999999999999133,0.4920368891120708,-0.0949999999999962,-0.2403044001374132,0.08376029039251867,0.4920368891120708,0,0.19751196236208346,0,0,10.035,1.002,0.00596,0,0
COMP_00592,Lot_B,11.247,12.405,18.197,32.008,Latent Defect,1,0,1.1579999999999995,6.949999999999999,20.761000000000003,13.811000000000003,8.019000000000004,14.026430950555696,9.019999999999992,106.34830702819222,127.82074885573797,127.82074885573797,1,-0.06199480595846729,1,1,36.57,25.323,0.15073,1,1
COMP_00593,Lot_A,7.039,7.373,7.825,8.048,Healthy,0,0,0.3340000000000005,0.7860000000000005,1.0090000000000003,0.22299999999999986,-0.2290000000000001,-1.8527896255081355,0.794999999999999,-0.22938147285843632,-1.2035031198503903,0.794999999999999,0,0.09140491143354473,0,0,8.256,1.217,0.00724,0,0
COMP_00594,Lot_A,8.893,9.222,9.733,10.064,Healthy,0,0,0.32899999999999885,0.8399999999999999,1.1709999999999994,0.3309999999999995,-0.1800000000000015,0.5202878109749659,0.7449999999999823,0.6553756367383882,-0.251280871177556,0.7449999999999823,0,0.18069954209985817,0,0,9.997,1.104,0.00657,0,0
COMP_00595,Lot_C,10.209,10.531,10.925,11.278,Healthy,0,0,0.32200000000000095,0.7160000000000011,1.0690000000000008,0.35299999999999976,-0.04100000000000037,0.10644467220875037,0.6099999999999994,-0.015329335442641433,0.0,0.6099999999999994,0,0.18421060509784581,0,0,11.332,1.123,0.00668,0,0
COMP_00596,Lot_B,12.717,12.838,13.398,13.954,Healthy,0,0,0.12099999999999866,0.6809999999999992,1.237,0.5560000000000009,-0.0039999999999995595,-0.11672372028108274,-1.3500000000000156,0.9982463240253494,1.899973970356559,1.899973970356559,0,0.13296236897150387,0,0,13.751,1.034,0.00615,0,0
COMP_00597,Lot_B,12.039,12.366,12.715,13.078,Healthy,0,0,0.32699999999999996,0.6760000000000002,1.0389999999999997,0.36299999999999955,0.013999999999999346,-0.802965189853091,0.7099999999999973,-0.07014703898556436,0.06649908896245982,0.7099999999999973,0,0.16918980709858217,0,0,13.127,1.088,0.00648,0,0
COMP_00598,Lot_A,9.706,9.915,10.363,10.533,Healthy,0,0,0.20899999999999963,0.657,0.827,0.16999999999999993,-0.27800000000000047,1.0723579090456867,-0.45500000000000984,-1.2233678552450002,-1.670797371513912,1.0723579090456867,0,0.1726199154465906,0,0,10.833,1.127,0.00671,0,0
COMP_00599,Lot_A,7.969,8.066,8.568,9.001,Healthy,0,0,0.09700000000000042,0.5989999999999993,1.0319999999999991,0.43299999999999983,-0.06899999999999906,-0.7309926032023845,-1.575000000000002,-0.10376780915025101,0.6480401414579043,0.6480401414579043,0,0.13834454207987334,0,0,8.956,0.987,0.00588,0,0
COMP_00600,Lot_A,8.323,8.596,9.006,9.431,Healthy,0,0,0.2729999999999997,0.6829999999999998,1.1079999999999988,0.42499999999999893,0.014999999999998792,-0.22483025315886612,0.18499999999999073,0.3113034274507288,0.5775051600747233,0.5775051600747233,0,0.18352839865311926,0,0,9.414,1.091,0.00649,0,0
COMP_00601,Lot_A,8.604,8.695,9.258,9.569,Healthy,0,0,0.09100000000000108,0.6539999999999999,0.9650000000000016,0.3110000000000017,-0.2519999999999971,-0.06238745244722327,-1.6349999999999953,-0.4696858729958398,-0.42761832463546945,-0.06238745244722327,0,0.15386988144983638,0,0,9.575,0.971,0.00578,0,0
COMP_00602,Lot_A,7.484,7.699,7.92,8.145,Healthy,0,0,0.21499999999999986,0.43599999999999994,0.6609999999999996,0.22499999999999964,0.0039999999999995595,-1.7386088163122726,-0.39500000000000757,-2.1299708193997784,-1.185869374504599,-0.39500000000000757,0,0.08403736471703738,0,0,8.621,1.137,0.00677,0,0
COMP_00603,Lot_A,8.614,8.882,9.369,9.72,Healthy,0,0,0.2679999999999989,0.754999999999999,1.1059999999999999,0.35100000000000087,-0.13599999999999923,0.11535793094015165,0.1349999999999829,0.30038050017176166,-0.07494341771961126,0.30038050017176166,0,0.18877691375940547,0,0,9.692,1.078,0.00642,0,0
COMP_00604,Lot_A,7.946,8.191,8.589,8.776,Healthy,0,0,0.245000000000001,0.6430000000000007,0.8300000000000001,0.1869999999999994,-0.2110000000000003,-0.9958449956670159,-0.0949999999999962,-1.2069834643265398,-1.5209105360746737,-0.0949999999999962,0,0.15312469949455065,0,0,9.005,1.059,0.0063,0,0
COMP_00605,Lot_A,7.882,8.203,8.844,9.259,Healthy,0,0,0.32099999999999973,0.9619999999999997,1.3770000000000007,0.4150000000000009,-0.2259999999999991,-0.4272951931762722,0.6649999999999912,1.7804371464726354,0.48933643334577437,1.7804371464726354,0,0.1274537554361218,0,0,9.037,1.155,0.00688,0,0
COMP_00606,Lot_B,14.698,14.955,15.614,16.169,Healthy,0,0,0.2569999999999997,0.9160000000000004,1.471,0.5549999999999997,-0.10400000000000098,1.6184644704746203,0.009999999999994458,2.2608930257655175,1.8904741005047645,2.2608930257655175,0,0.05155718916066532,0,0,15.644,0.946,0.00563,0,0
COMP_00607,Lot_A,7.113,7.381,7.841,8.149,Healthy,0,0,0.2679999999999998,0.7279999999999998,1.0359999999999987,0.30799999999999894,-0.15200000000000102,-1.733900329335124,0.1349999999999918,-0.081921954592307,-0.45406894265418385,0.1349999999999918,0,0.10849936187598969,0,0,8.305,1.192,0.0071,0,0
COMP_00608,Lot_B,13.541,13.794,14.156,14.503,Healthy,0,0,0.2530000000000001,0.6150000000000002,0.9619999999999997,0.34699999999999953,-0.015000000000000568,0.3133522692109625,-0.030000000000001137,-0.48563334682314085,-0.08549882866606558,0.3133522692109625,0,0.16337564393245868,0,0,14.544,1.003,0.00597,0,0
COMP_00609,Lot_B,14.325,14.59,15.115,15.437,Healthy,0,0,0.26500000000000057,0.7900000000000009,1.112,0.3219999999999992,-0.20300000000000118,1.0450298178185586,0.09000000000000341,0.32375556454876375,-0.3229955749606397,1.0450298178185586,0,0.12403260506464442,0,0,15.367,1.042,0.0062,0,0
COMP_00610,Lot_B,13.497,13.651,14.041,14.38,Healthy,0,0,0.15399999999999991,0.5440000000000005,0.8830000000000009,0.3390000000000004,-0.051000000000000156,0.21699644642859212,-1.0200000000000031,-0.9119115068123368,-0.16149778748031984,0.21699644642859212,0,0.1539467596233754,0,0,14.49,0.993,0.00591,0,0
COMP_00611,Lot_A,7.479,7.663,8.15,8.513,Healthy,0,0,0.18400000000000016,0.6710000000000003,1.0339999999999998,0.36299999999999955,-0.12400000000000055,-1.3054280144145631,-0.7050000000000045,-0.09284488187127415,0.03085905435513681,0.03085905435513681,0,0.14081665820205852,0,0,8.621,1.142,0.0068,0,0
COMP_00612,Lot_C,10.726,10.928,11.385,11.667,Healthy,0,0,0.20199999999999996,0.6589999999999989,0.940999999999999,0.28200000000000003,-0.17499999999999893,0.5045886865280141,-0.5900000000000105,-0.6693809809957147,-0.6744907594765952,0.5045886865280141,0,0.18474104240722294,0,0,11.697,0.971,0.00578,0,0
COMP_00613,Lot_B,13.777,14.122,14.63,15.086,Healthy,0,0,0.34500000000000064,0.8530000000000015,1.309000000000001,0.4559999999999995,-0.05200000000000138,0.77006320158594,0.8900000000000041,1.3867530014838678,0.9499869851782626,1.3867530014838678,0,0.12288928315839531,0,0,14.859,1.082,0.00644,0,0
COMP_00614,Lot_A,8.526,8.84,9.299,9.547,Healthy,0,0,0.31400000000000006,0.7729999999999997,1.0210000000000008,0.2480000000000011,-0.21099999999999852,-0.08828413082154311,0.5949999999999944,-0.1638439091845946,-0.9830813030279634,0.5949999999999944,0,0.17653789075595572,0,0,9.681,1.155,0.00688,0,0
COMP_00615,Lot_C,10.222,10.392,11.123,11.44,Healthy,0,0,0.16999999999999993,0.9009999999999998,1.218,0.31700000000000017,-0.4139999999999997,0.27225271930314743,-0.9100000000000108,0.7460276582089673,-0.3419953146641865,0.7460276582089673,0,0.14860671285468208,0,0,11.195,0.973,0.00579,0,0
COMP_00616,Lot_C,10.581,10.83,11.132,11.292,Healthy,0,0,0.24900000000000055,0.5510000000000002,0.7110000000000003,0.16000000000000014,-0.14199999999999946,0.12077376269838903,-0.12000000000000455,-1.844630031598869,-1.8334748813941282,0.12077376269838903,0,0.1531782031913107,0,0,11.685,1.104,0.00657,0,0
COMP_00617,Lot_A,9.099,10.609,19.007,32.865,Latent Defect,1,0,1.5099999999999998,9.908000000000001,23.766000000000002,13.858,5.459999999999999,27.359840702468617,12.55499999999999,124.05714657093822,119.01455577509533,124.05714657093822,1,-0.0700308018939989,1,1,34.933,25.834,0.15377,1,1
COMP_00618,Lot_A,8.24,8.415,8.787,9.198,Healthy,0,0,0.17499999999999893,0.5470000000000006,0.9580000000000002,0.4109999999999996,0.038999999999997925,-0.49909961957779453,-0.7950000000000168,-0.5079161184722539,0.454068942654176,0.454068942654176,0,0.16996788354127423,0,0,9.258,1.018,0.00606,0,0
COMP_00619,Lot_C,9.955,10.138,10.659,11.076,Healthy,0,0,0.18299999999999983,0.7040000000000006,1.1210000000000004,0.4169999999999998,-0.10400000000000098,-0.10030363342747431,-0.7800000000000118,0.25037914556328866,0.6079916705141168,0.6079916705141168,0,0.19029563217153572,0,0,10.936,0.981,0.00584,0,0
COMP_00620,Lot_C,9.697,9.958,10.47,10.863,Healthy,0,0,0.261000000000001,0.7730000000000015,1.1660000000000004,0.3929999999999989,-0.11900000000000155,-0.31831051016270234,0.0,0.48031917720303724,0.3799947940713146,0.48031917720303724,0,0.19476695039363928,0,0,10.831,1.134,0.00675,0,0
COMP_00621,Lot_A,8.532,8.897,9.417,9.722,Healthy,0,0,0.3650000000000002,0.8849999999999998,1.1899999999999995,0.3049999999999997,-0.21499999999999986,0.11771217442872485,1.104999999999996,0.7591434458886342,-0.48051956067286694,1.104999999999996,0,0.16175334609577013,0,0,9.685,1.153,0.00686,0,0
COMP_00622,Lot_A,8.144,8.35,8.875,9.163,Healthy,0,0,0.20599999999999952,0.7309999999999999,1.0190000000000001,0.28800000000000026,-0.2370000000000001,-0.5402988806278486,-0.485000000000011,-0.17476683646357147,-0.6304063961121051,-0.17476683646357147,0,0.1734656950567337,0,0,9.25,1.106,0.00658,0,0
COMP_00623,Lot_B,12.533,12.867,13.34,13.81,Healthy,0,0,0.3340000000000014,0.8070000000000004,1.277000000000001,0.47000000000000064,-0.0029999999999983373,-0.22953053719702923,0.7800000000000118,1.2140833670578617,1.082985163103233,1.2140833670578617,0,0.14618717863187397,0,0,13.673,1.14,0.00679,0,0
COMP_00624,Lot_B,13.878,14.034,14.471,14.92,Healthy,0,0,0.15600000000000058,0.593,1.0419999999999998,0.44899999999999984,0.012000000000000455,0.6400220098633904,-0.9999999999999964,-0.053959260758125696,0.8834878962157859,0.8834878962157859,0,0.1412493451320196,0,0,14.842,0.964,0.00574,0,0
COMP_00625,Lot_B,11.656,11.939,12.384,12.559,Healthy,0,0,0.2829999999999995,0.7279999999999998,0.9029999999999987,0.17499999999999893,-0.27000000000000135,-1.2095397591543144,0.26999999999999247,-0.803992985296095,-1.7194764431727179,0.26999999999999247,0,0.15624670991440154,0,0,12.765,1.109,0.0066,0,0
COMP_00626,Lot_B,13.132,13.315,13.625,13.975,Healthy,0,0,0.18299999999999983,0.4930000000000003,0.843,0.34999999999999964,0.03999999999999915,-0.100272726147508,-0.730000000000004,-1.1277485498448492,-0.05699921911071601,-0.05699921911071601,0,0.14532893712881295,0,0,14.142,1.01,0.00601,0,0
COMP_00627,Lot_B,10.876,11.072,11.828,12.243,Healthy,0,0,0.19599999999999973,0.952,1.3670000000000009,0.4150000000000009,-0.3409999999999993,-1.457088051830974,-0.600000000000005,1.6997167138810025,0.56049232125518,1.6997167138810025,0,0.12812529689616292,0,0,12.0,1.124,0.00669,0,0
COMP_00628,Lot_C,9.207,9.569,9.9,10.195,Healthy,0,0,0.3620000000000001,0.6929999999999996,0.9879999999999995,0.29499999999999993,-0.03599999999999959,-1.002012827811207,1.009999999999991,-0.42922139239419616,-0.5509924514034162,1.009999999999991,0,0.17813007132675712,0,0,10.335,1.128,0.00671,0,0
COMP_00629,Lot_A,7.581,7.851,8.466,8.716,Healthy,0,0,0.2699999999999996,0.8849999999999989,1.134999999999999,0.25,-0.3649999999999993,-1.0664723003242516,0.1549999999999896,0.4587629457168678,-0.9654475576821798,0.4587629457168678,0,0.13231061177984693,0,0,8.751,1.17,0.00696,0,0
COMP_00630,Lot_A,6.852,8.27,20.101,33.113,Latent Defect,1,0,1.4179999999999993,13.248999999999999,26.261,13.012,1.181000000000001,27.651766895051853,11.634999999999986,137.68349835145727,111.55548149382477,137.68349835145727,1,-0.08790740531170138,1,1,34.036,27.184,0.16181,1,1
COMP_00631,Lot_C,10.414,10.682,11.038,11.248,Healthy,0,0,0.2680000000000007,0.6240000000000006,0.8339999999999996,0.20999999999999908,-0.1460000000000008,0.07573947830237919,0.06999999999999673,-1.2161272784502255,-1.3584813888049851,0.07573947830237919,0,0.17879553833459905,0,0,11.457,1.043,0.00621,0,0
COMP_00632,Lot_C,10.893,12.128,22.01,38.456,Latent Defect,1,0,1.2349999999999994,11.117,27.563000000000002,16.446,6.564,27.92330333845289,9.739999999999984,135.3631417370798,152.88140552474493,152.88140552474493,1,-0.012535085428235226,1,1,40.224,29.331,0.17459,1,1
COMP_00633,Lot_B,12.118,12.172,12.594,13.088,Healthy,0,0,0.05400000000000027,0.4759999999999991,0.9699999999999989,0.4939999999999998,0.07200000000000095,-0.7951313831228171,-2.0199999999999996,-0.44246593821664415,1.3109820395460126,1.3109820395460126,0,0.12423222633295633,0,0,13.05,0.932,0.00555,0,0
COMP_00634,Lot_B,12.021,12.149,12.651,13.063,Healthy,0,0,0.12799999999999834,0.629999999999999,1.0419999999999998,0.4120000000000008,-0.08999999999999986,-0.814715899948501,-1.280000000000019,-0.053959260758125696,0.5319927116998304,0.5319927116998304,0,0.1577953337228709,0,0,13.05,1.029,0.00612,0,0
COMP_00635,Lot_A,8.031,8.253,8.735,9.069,Healthy,0,0,0.22199999999999953,0.7039999999999988,1.0380000000000003,0.3340000000000014,-0.1479999999999979,-0.6509483245908496,-0.32500000000001084,-0.0709990273133253,-0.2248302531588494,-0.0709990273133253,0,0.17765374548073282,0,0,9.072,1.041,0.0062,0,0
COMP_00636,Lot_B,14.1,14.545,14.79,15.263,Healthy,0,0,0.4450000000000003,0.6899999999999995,1.1630000000000003,0.47300000000000075,0.22800000000000153,0.9087215807117905,1.8900000000000006,0.5989477944152115,1.1114847726585826,1.8900000000000006,0,0.0816597588392789,0,0,15.159,1.059,0.0063,0,0
COMP_00637,Lot_B,13.116,13.477,14.014,14.37,Healthy,0,0,0.36100000000000065,0.8979999999999997,1.2539999999999996,0.35599999999999987,-0.18099999999999916,0.20916263969831683,1.0500000000000043,1.0899770673141622,-1.6875158784626673e-14,1.0899770673141622,0,0.13890332592596827,0,0,14.187,1.071,0.00638,0,0
COMP_00638,Lot_A,9.108,9.326,9.684,10.115,Healthy,0,0,0.21799999999999997,0.5759999999999987,1.0069999999999997,0.43100000000000094,0.07300000000000217,0.580321019933616,-0.36500000000000643,-0.2403044001374132,0.6304063961121208,0.6304063961121208,0,0.18452860559262296,0,0,10.099,0.991,0.0059,0,0
COMP_00639,Lot_A,7.825,8.126,8.58,8.697,Healthy,0,0,0.30099999999999927,0.7549999999999999,0.871999999999999,0.1169999999999991,-0.3370000000000015,-1.0888376134657096,0.46499999999998654,-0.9776019914681083,-2.1380916231774414,0.46499999999998654,0,0.11446676057750022,0,0,8.949,1.124,0.00669,0,0
COMP_00640,Lot_B,12.368,12.645,13.046,13.142,Healthy,0,0,0.27699999999999925,0.677999999999999,0.7739999999999991,0.09600000000000009,-0.3049999999999997,-0.7528288267793369,0.2099999999999902,-1.500067449075929,-2.4699661614635504,0.2099999999999902,0,0.12035146468425051,0,0,13.425,1.057,0.00629,0,0
COMP_00641,Lot_A,9.557,9.82,10.323,10.626,Healthy,0,0,0.2629999999999999,0.766,1.068999999999999,0.30299999999999905,-0.20000000000000107,1.1818302312644011,0.08499999999999286,0.09830634551075289,-0.49815330601866614,1.1818302312644011,0,0.19195289905310792,0,0,10.741,1.184,0.00705,0,0
COMP_00642,Lot_A,8.925,9.322,9.684,10.2,Healthy,0,0,0.39699999999999847,0.7589999999999986,1.2749999999999986,0.516,0.15399999999999991,0.6803763681980314,1.4249999999999785,1.2233678552449905,1.3798405733083272,1.4249999999999785,0,0.1426685274660443,0,0,10.119,1.194,0.00711,0,0
COMP_00643,Lot_A,8.819,21.211,67.273,130.406,Gross Failure,1,1,12.391999999999998,58.45399999999999,121.587,63.13300000000001,17.071000000000012,142.17747276199154,121.37499999999997,658.3029812491573,553.4659567320775,658.3029812491573,1,-0.21458910177342883,1,1,123.127,114.308,0.6804,1,1
COMP_00644,Lot_A,9.041,9.27,9.624,9.991,Healthy,0,0,0.2289999999999992,0.5830000000000002,0.9499999999999993,0.3669999999999991,0.012999999999998124,0.434357923641996,-0.2550000000000141,-0.5516078275881516,0.0661265450467195,0.434357923641996,0,0.19094877201537308,0,0,10.035,0.994,0.00592,0,0
COMP_00645,Lot_A,9.765,9.99,10.437,10.933,Healthy,0,0,0.22499999999999964,0.6719999999999988,1.1679999999999993,0.49600000000000044,0.049000000000001265,1.5432066067605883,-0.2950000000000097,0.6389912458199277,1.2035031198503983,1.5432066067605883,0,0.1795251963729415,0,0,10.874,1.109,0.0066,0,0
COMP_00646,Lot_C,9.73,10.021,10.576,10.906,Healthy,0,0,0.29100000000000037,0.8460000000000001,1.1760000000000002,0.33000000000000007,-0.22499999999999964,-0.2742997322302376,0.2999999999999936,0.5314169620118693,-0.21849700659100757,0.5314169620118693,0,0.18445084269567213,0,0,10.887,1.157,0.00689,0,0
COMP_00647,Lot_B,13.341,13.644,14.046,14.477,Healthy,0,0,0.3030000000000008,0.7050000000000001,1.136000000000001,0.43100000000000094,0.02900000000000169,0.2929843717122501,0.47000000000000597,0.45325779036827313,0.7124902388837054,0.7124902388837054,0,0.16127615052398464,0,0,14.473,1.132,0.00674,0,0
COMP_00648,Lot_B,12.398,12.594,12.861,13.161,Healthy,0,0,0.19599999999999973,0.46300000000000097,0.7629999999999999,0.29999999999999893,0.0329999999999977,-0.7379445939918161,-0.600000000000005,-1.5594226359098644,-0.5319927116998642,-0.5319927116998642,0,0.1459524694047249,0,0,13.373,0.975,0.0058,0,0
COMP_00649,Lot_C,9.266,9.484,10.007,10.185,Healthy,0,0,0.21799999999999997,0.7409999999999997,0.9190000000000005,0.17800000000000082,-0.34499999999999886,-1.0122478924466636,-0.4300000000000104,-0.7817961075751397,-1.6624772240620267,-0.4300000000000104,0,0.17109574445382592,0,0,10.284,1.018,0.00606,0,0
COMP_00650,Lot_B,10.828,11.018,11.523,11.902,Healthy,0,0,0.19000000000000128,0.6950000000000003,1.0739999999999998,0.37899999999999956,-0.12599999999999945,-1.7242208613333199,-0.6599999999999895,0.11871037366788037,0.21849700659098523,0.21849700659098523,0,0.18440962306351638,0,0,11.857,1.029,0.00612,0,0
COMP_00651,Lot_A,7.888,9.322,17.834,36.99,Latent Defect,1,0,1.4339999999999993,9.946,29.102000000000004,19.156000000000002,10.644000000000002,32.21546789765353,11.794999999999986,153.19951655123873,165.72634719610176,165.72634719610176,1,-0.053723478514235534,1,1,36.11,28.222,0.16799,1,1
COMP_00652,Lot_B,12.601,13.627,22.22,42.055,Latent Defect,1,0,1.0259999999999998,9.618999999999998,29.454,19.835,11.242000000000003,21.897056572462038,7.699999999999996,153.2550924052319,185.04796484287772,185.04796484287772,1,-0.057653571109343216,1,1,39.479,26.878,0.15999,1,1
COMP_00653,Lot_B,13.397,13.725,14.218,14.407,Healthy,0,0,0.3279999999999994,0.8209999999999997,1.0099999999999998,0.18900000000000006,-0.30400000000000027,0.23814772460033148,0.7199999999999918,-0.22662889518413176,-1.5864782652477476,0.7199999999999918,0,0.13244419052857542,0,0,14.473,1.076,0.0064,0,0
COMP_00654,Lot_C,11.903,13.178,23.45,40.508,Latent Defect,1,0,1.2750000000000004,11.546999999999999,28.605000000000004,17.058000000000003,6.786000000000005,30.023538601648596,10.139999999999993,140.6875309141602,158.69532587403617,158.69532587403617,1,-0.03536214135064508,1,1,40.032,28.129,0.16743,1,1
COMP_00655,Lot_B,14.224,14.387,14.91,15.052,Healthy,0,0,0.16300000000000026,0.6859999999999999,0.8279999999999994,0.14199999999999946,-0.3810000000000002,0.7434282587030077,-0.9299999999999997,-1.2086874409820425,-2.032972148281546,0.7434282587030077,0,0.09170001694214058,0,0,15.04,0.816,0.00486,0,0
COMP_00656,Lot_A,9.042,9.205,9.689,10.174,Healthy,0,0,0.16300000000000026,0.6470000000000002,1.1319999999999997,0.48499999999999943,0.0009999999999994458,0.649771202846563,-0.9150000000000036,0.44237855479841226,1.1065175204485262,1.1065175204485262,0,0.1772037951955459,0,0,10.03,0.988,0.00588,0,0
COMP_00657,Lot_A,9.158,10.603,21.784,38.474,Latent Defect,1,0,1.4450000000000003,12.626,29.315999999999995,16.689999999999998,5.508999999999999,33.96231656617581,11.904999999999996,154.3682697700888,143.9839391847386,154.3682697700888,1,-0.03455985052278987,1,1,36.927,27.769,0.16529,1,1
COMP_00658,Lot_B,13.658,13.77,14.138,14.627,Healthy,0,0,0.1120000000000001,0.4800000000000004,0.9690000000000012,0.48900000000000077,0.12100000000000044,0.4104914726663612,-1.4400000000000013,-0.44786186429244423,1.263482690287108,1.263482690287108,0,0.11691689898582625,0,0,14.559,0.901,0.00536,0,0
COMP_00659,Lot_B,12.576,12.677,13.369,13.775,Healthy,0,0,0.10099999999999909,0.7929999999999993,1.1989999999999998,0.4060000000000006,-0.2859999999999996,-0.25694886075298856,-1.5500000000000114,0.7932011331444659,0.4749934925891313,0.7932011331444659,0,0.13232911688949367,0,0,13.599,1.023,0.00609,0,0
COMP_00660,Lot_B,13.841,14.012,14.497,14.872,Healthy,0,0,0.17100000000000115,0.6560000000000006,1.0310000000000006,0.375,-0.10999999999999943,0.602419737558075,-0.8499999999999908,-0.1133144475920611,0.1804975271838581,0.602419737558075,0,0.15257127016854677,0,0,14.826,0.985,0.00586,0,0
COMP_00661,Lot_B,12.096,12.333,12.603,12.918,Healthy,0,0,0.2370000000000001,0.5069999999999997,0.8219999999999992,0.3149999999999995,0.04499999999999993,-0.928306097537476,-0.19000000000000128,-1.2410629974369198,-0.3894946639231164,-0.19000000000000128,0,0.15880745097696064,0,0,13.144,1.048,0.00624,0,0
COMP_00662,Lot_C,10.876,11.067,11.746,11.952,Healthy,0,0,0.19100000000000072,0.870000000000001,1.0760000000000005,0.20599999999999952,-0.47300000000000075,0.7962880286385293,-0.7000000000000028,0.020439113923540066,-1.396480868212113,0.7962880286385293,0,0.146789752809023,0,0,11.844,0.968,0.00576,0,0
COMP_00663,Lot_B,12.714,12.911,13.34,13.827,Healthy,0,0,0.19699999999999918,0.6259999999999994,1.1129999999999995,0.4870000000000001,0.05799999999999983,-0.21621306575556376,-0.5900000000000105,0.3291514906245735,1.244482950583536,1.244482950583536,0,0.1592899268118867,0,0,13.751,1.037,0.00617,0,0
COMP_00664,Lot_A,7.712,7.926,8.455,8.814,Healthy,0,0,0.2140000000000004,0.7430000000000003,1.1020000000000003,0.359,-0.16999999999999993,-0.9511143693841,-0.405000000000002,0.27853464561381763,-0.004408436336445878,0.27853464561381763,0,0.15985563418491816,0,0,8.867,1.155,0.00688,0,0
COMP_00665,Lot_A,8.64,8.813,9.254,9.717,Healthy,0,0,0.17300000000000004,0.613999999999999,1.077,0.46300000000000097,0.022000000000002018,0.11182656570728976,-0.8150000000000057,0.1419980546266506,0.9125463216448136,0.9125463216448136,0,0.17495573963440758,0,0,9.674,1.034,0.00615,0,0
COMP_00666,Lot_A,7.212,7.407,7.639,8.042,Healthy,0,0,0.19500000000000028,0.4270000000000005,0.8300000000000001,0.4029999999999996,0.17099999999999937,-1.8598523559738593,-0.5950000000000033,-1.2069834643265398,0.3835339612710028,0.3835339612710028,0,0.06564527377221979,0,0,8.317,1.105,0.00658,0,0
COMP_00667,Lot_A,9.48,9.716,10.045,10.297,Healthy,0,0,0.23599999999999888,0.5649999999999995,0.8170000000000002,0.25200000000000067,-0.07699999999999996,0.7945571773938964,-0.18500000000001737,-1.2779824916398652,-0.9478138123363806,0.7945571773938964,0,0.18720881262904143,0,0,10.459,0.979,0.00583,0,0
COMP_00668,Lot_A,8.262,8.488,9.048,9.331,Healthy,0,0,0.2259999999999991,0.7859999999999996,1.068999999999999,0.2829999999999995,-0.277000000000001,-0.34254242758759096,-0.28500000000001524,0.09830634551075289,-0.6744907594765952,0.09830634551075289,0,0.17193107348289305,0,0,9.322,1.06,0.00631,0,0
COMP_00669,Lot_A,8.848,9.074,9.434,9.751,Healthy,0,0,0.2259999999999991,0.5859999999999985,0.9029999999999987,0.31700000000000017,-0.04299999999999926,0.15184870501305509,-0.28500000000001524,-0.8082966186440252,-0.37471708859810327,0.15184870501305509,0,0.18558844550243742,0,0,9.855,1.007,0.00599,0,0
COMP_00670,Lot_A,8.769,9.092,9.512,9.742,Healthy,0,0,0.3230000000000004,0.7430000000000003,0.9730000000000008,0.23000000000000043,-0.1899999999999995,0.14125460931447148,0.6849999999999978,-0.4259941638799518,-1.1417850111401089,0.6849999999999978,0,0.1781522483039023,0,0,9.811,1.042,0.0062,0,0
COMP_00671,Lot_A,9.3,9.478,9.959,10.307,Healthy,0,0,0.17799999999999905,0.6589999999999989,1.0069999999999997,0.34800000000000075,-0.13299999999999912,0.8063283948367687,-0.7650000000000157,-0.2403044001374132,-0.10139403573830218,0.8063283948367687,0,0.19446408518751285,0,0,10.271,0.971,0.00578,0,0
COMP_00672,Lot_C,9.857,10.068,10.593,10.585,Healthy,0,0,0.2110000000000003,0.7360000000000007,0.7280000000000015,-0.007999999999999119,-0.5329999999999995,-0.6028453070283964,-0.5000000000000071,-1.7577637974238465,-3.4294530164936763,-0.5000000000000071,0,0.10736459697524064,0,0,10.887,1.03,0.00613,0,0
COMP_00673,Lot_A,9.409,9.586,10.085,10.471,Healthy,0,0,0.1769999999999996,0.6760000000000002,1.0619999999999994,0.38599999999999923,-0.11300000000000132,0.9993763608998778,-0.7750000000000101,0.06007610003434845,0.23364712583175684,0.9993763608998778,0,0.1966762840559636,0,0,10.322,0.913,0.00543,0,0
COMP_00674,Lot_B,14.402,14.668,15.019,15.208,Healthy,0,0,0.266,0.6170000000000009,0.8060000000000009,0.18900000000000006,-0.1620000000000008,0.8656356436952835,0.09999999999999787,-1.3273978146499132,-1.5864782652477476,0.8656356436952835,0,0.10969968032885857,0,0,15.367,0.965,0.00574,0,0
COMP_00675,Lot_B,12.616,13.425,21.982,39.25,Latent Defect,1,0,0.809000000000001,9.366,26.634,17.268,8.711000000000002,19.699673784620163,5.530000000000008,138.0385808714401,160.6617989333512,160.6617989333512,1,-0.05009245688066366,1,1,39.489,26.873,0.15996,1,1
COMP_00676,Lot_C,9.379,9.632,10.054,10.371,Healthy,0,0,0.2530000000000001,0.6750000000000007,0.9920000000000009,0.31700000000000017,-0.10500000000000043,-0.8218756902271696,-0.08000000000000895,-0.40878227847065607,-0.3419953146641865,-0.08000000000000895,0,0.19840507261661727,0,0,10.394,1.015,0.00604,0,0
COMP_00677,Lot_A,6.561,17.677,55.89,122.324,Gross Failure,1,1,11.116,49.329,115.763,66.434,28.220999999999997,132.66397482466195,108.615,626.4954170127872,582.5704534253092,626.4954170127872,1,-0.20904345680088876,1,1,101.641,95.08,0.56595,1,1
COMP_00678,Lot_B,10.977,11.162,11.741,12.019,Healthy,0,0,0.1850000000000005,0.7639999999999993,1.0419999999999998,0.27800000000000047,-0.3009999999999984,-1.6325653225891128,-0.7099999999999973,-0.053959260758125696,-0.7409898484390719,-0.053959260758125696,0,0.17147974245283293,0,0,12.067,1.09,0.00649,0,0
COMP_00679,Lot_C,9.9,10.265,10.672,10.971,Healthy,0,0,0.3650000000000002,0.7720000000000002,1.0709999999999997,0.2989999999999995,-0.10800000000000054,-0.20777181209976978,1.039999999999992,-0.005109778480880478,-0.5129929719962881,1.039999999999992,0,0.1768300614408443,0,0,11.124,1.224,0.00729,0,0
COMP_00680,Lot_C,9.859,10.257,10.76,11.112,Healthy,0,0,0.3979999999999997,0.9009999999999998,1.2530000000000001,0.3520000000000003,-0.1509999999999998,-0.06345740073983072,1.3699999999999868,0.9248699050398839,-0.009499869851777802,1.3699999999999868,0,0.154018416995728,0,0,11.101,1.242,0.00739,0,0
COMP_00681,Lot_C,9.528,10.836,21.325,36.642,Latent Defect,1,0,1.3079999999999998,11.796999999999999,27.114000000000004,15.317000000000004,4.828000000000005,26.066662613581048,10.469999999999988,133.0688511991632,142.15605246208185,142.15605246208185,1,-0.030100892972171334,1,1,37.861,28.333,0.16865,1,1
COMP_00682,Lot_A,9.049,10.219,19.756,35.546,Latent Defect,1,0,1.17,10.707,26.497,15.79,6.252999999999998,30.515704098902738,9.154999999999992,138.9724037703761,136.04875377913163,138.9724037703761,1,-0.011122544346488072,1,1,35.541,26.492,0.15769,1,1
COMP_00683,Lot_A,8.18,8.348,8.668,9.056,Healthy,0,0,0.16800000000000104,0.48799999999999955,0.8759999999999994,0.3879999999999999,0.06800000000000139,-0.6662509072665859,-0.8649999999999958,-0.9557561369101595,0.251280871177556,0.251280871177556,0,0.15564268216662652,0,0,9.258,1.078,0.00642,0,0
COMP_00684,Lot_B,12.609,12.755,13.467,13.704,Healthy,0,0,0.1460000000000008,0.8580000000000005,1.0950000000000006,0.2370000000000001,-0.47499999999999964,-0.31256888853793413,-1.0999999999999943,0.23202482125995105,-1.1304845123621714,0.23202482125995105,0,0.1254557365402919,0,0,13.728,1.119,0.00666,0,0
COMP_00685,Lot_C,10.983,11.115,11.62,11.944,Healthy,0,0,0.13199999999999967,0.6369999999999987,0.9610000000000003,0.3240000000000016,-0.18099999999999739,0.788099976930165,-1.2900000000000134,-0.5671854113780417,-0.27549622570169124,0.788099976930165,0,0.16728140854677143,0,0,11.981,0.998,0.00594,0,0
COMP_00686,Lot_B,12.308,12.574,13.031,13.3,Healthy,0,0,0.266,0.7230000000000008,0.9920000000000009,0.26900000000000013,-0.1880000000000006,-0.6290546804410059,0.09999999999999787,-0.3237555645487542,-0.8264886771051205,0.09999999999999787,0,0.16959793433339604,0,0,13.331,1.023,0.00609,0,0
COMP_00687,Lot_B,12.056,22.335,58.863,108.832,Gross Failure,1,1,10.279000000000002,46.807,96.776,49.968999999999994,13.440999999999995,74.2088677752131,100.23,516.5196276810934,471.31704295650144,516.5196276810934,1,-0.2021593467439603,1,1,116.992,104.936,0.62462,1,1
COMP_00688,Lot_A,8.503,8.801,9.276,9.553,Healthy,0,0,0.29800000000000004,0.7729999999999997,1.0500000000000007,0.277000000000001,-0.19799999999999862,-0.08122140035581933,0.4349999999999943,-0.005461463639483577,-0.7273919955139614,0.4349999999999943,0,0.17807878632378898,0,0,9.6,1.097,0.00653,0,0
COMP_00689,Lot_C,10.818,11.035,11.325,11.647,Healthy,0,0,0.21700000000000053,0.5069999999999997,0.8290000000000006,0.32200000000000095,0.032000000000001805,0.48411855725710123,-0.44000000000000483,-1.2416761708546369,-0.29449596540526374,0.48411855725710123,0,0.1697162114167497,0,0,11.771,0.953,0.00567,0,0
COMP_00690,Lot_A,8.969,9.165,9.721,9.994,Healthy,0,0,0.19599999999999973,0.7520000000000007,1.0250000000000004,0.2729999999999997,-0.28300000000000125,0.43788928887485784,-0.5850000000000088,-0.1419980546266506,-0.7626594862055598,0.43788928887485784,0,0.18211137561841723,0,0,9.925,0.956,0.00569,0,0
COMP_00691,Lot_A,7.993,8.159,8.691,9.036,Healthy,0,0,0.16600000000000037,0.6980000000000004,1.0429999999999993,0.34499999999999886,-0.18700000000000117,-0.6897933421523305,-0.8850000000000025,-0.04369170911589772,-0.12784465375700876,-0.04369170911589772,0,0.16594862069589184,0,0,9.013,1.02,0.00607,0,0
COMP_00692,Lot_B,11.922,12.141,12.222,12.65,Healthy,0,0,0.21899999999999942,0.29999999999999893,0.7279999999999998,0.4280000000000008,0.3470000000000013,-1.1382521179088196,-0.3700000000000081,-1.748280048563309,0.6839906293283559,0.6839906293283559,0,0.09620151367087548,0,0,13.05,1.128,0.00671,0,0
COMP_00693,Lot_B,12.812,12.87,13.145,13.453,Healthy,0,0,0.05799999999999983,0.3330000000000002,0.641,0.30799999999999983,0.032999999999999474,-0.5091974374678139,-1.980000000000004,-2.217725617159011,-0.4559937528855931,-0.4559937528855931,0,0.10160280193901788,0,0,13.751,0.939,0.00559,0,0
COMP_00694,Lot_A,7.449,7.762,8.262,8.648,Healthy,0,0,0.3129999999999997,0.8130000000000006,1.1989999999999998,0.38599999999999923,-0.11400000000000166,-1.1465165789357843,0.5849999999999911,0.8082966186440156,0.23364712583175684,0.8082966186440156,0,0.13520486408542826,0,0,8.668,1.219,0.00726,0,0
COMP_00695,Lot_A,6.417,6.624,6.991,7.245,Healthy,0,0,0.20699999999999985,0.5739999999999998,0.8280000000000003,0.25400000000000045,-0.11299999999999955,-2.7980183861707992,-0.47500000000000764,-1.2179063916055117,-0.9301800669905893,-0.47500000000000764,0,0.07066156512700789,0,0,8.256,1.839,0.01095,0,0
COMP_00696,Lot_B,12.543,12.703,13.179,13.606,Healthy,0,0,0.16000000000000014,0.636000000000001,1.0630000000000006,0.4269999999999996,-0.049000000000001265,-0.38934019449462043,-0.9600000000000009,0.05935518683394498,0.6744907594765615,0.6744907594765615,0,0.17028625493913785,0,0,13.599,1.056,0.00629,0,0
COMP_00697,Lot_A,9.044,9.283,9.973,10.437,Healthy,0,0,0.238999999999999,0.9290000000000003,1.392999999999999,0.46399999999999864,-0.22600000000000264,0.9593542215941103,-0.15500000000001624,1.8678205647044115,0.9213631943176898,1.8678205647044115,0,0.14829720943712793,0,0,10.035,0.991,0.0059,0,0
COMP_00698,Lot_B,12.888,13.1,13.71,14.161,Healthy,0,0,0.21199999999999974,0.822000000000001,1.2729999999999997,0.45099999999999874,-0.15900000000000247,0.04543607903558938,-0.44000000000000483,1.1924996627546038,0.9024876359193411,1.1924996627546038,0,0.15347207612661534,0,0,13.922,1.034,0.00615,0,0
COMP_00699,Lot_A,7.372,7.709,8.14,8.404,Healthy,0,0,0.33699999999999974,0.7680000000000007,1.032,0.26399999999999935,-0.1670000000000016,-1.4337342845418737,0.8249999999999913,-0.10376780915024617,-0.8420113402616326,0.8249999999999913,0,0.12177638944952973,0,0,8.597,1.225,0.00729,0,0
COMP_00700,Lot_B,10.823,11.051,11.5,12.009,Healthy,0,0,0.22799999999999976,0.6769999999999996,1.186,0.5090000000000003,0.0600000000000005,-1.6403991293193867,-0.2800000000000047,0.7230540941589017,1.4534800873227605,1.4534800873227605,0,0.16361565269019646,0,0,11.93,1.107,0.00659,0,0
COMP_00701,Lot_B,14.053,14.256,14.753,15.186,Healthy,0,0,0.2029999999999994,0.6999999999999993,1.1329999999999991,0.43299999999999983,-0.06400000000000006,0.8484012688886803,-0.5300000000000082,0.43707001214082486,0.7314899785872605,0.8484012688886803,0,0.14475400942680594,0,0,14.98,0.927,0.00552,0,0
COMP_00702,Lot_A,8.569,8.772,9.158,9.546,Healthy,0,0,0.2029999999999994,0.5889999999999986,0.9769999999999985,0.3879999999999999,0.002000000000000668,-0.0894612525658318,-0.5150000000000121,-0.4041483093220175,0.251280871177556,0.251280871177556,0,0.18524914910455853,0,0,9.607,1.038,0.00618,0,0
COMP_00703,Lot_A,8.83,9.057,9.193,9.414,Healthy,0,0,0.2270000000000003,0.36299999999999955,0.5839999999999996,0.22100000000000009,0.08500000000000085,-0.24484132281174878,-0.275000000000003,-2.550503519640247,-1.2211368651961818,-0.24484132281174878,0,0.10634127921880254,0,0,9.797,0.967,0.00576,0,0
COMP_00704,Lot_A,8.996,9.77,21.046,41.636,Latent Defect,1,0,0.7739999999999991,12.049999999999999,32.64,20.590000000000003,9.314000000000004,37.68437552161211,5.194999999999985,172.5221749077423,178.36974260903557,178.36974260903557,1,-0.04625071633937028,1,1,33.582,24.586,0.14635,1,1
COMP_00705,Lot_A,8.533,8.831,9.344,9.682,Healthy,0,0,0.29800000000000004,0.8109999999999999,1.149000000000001,0.33800000000000097,-0.17499999999999893,0.07062730465723574,0.4349999999999943,0.5352234366696913,-0.18956276246726672,0.5352234366696913,0,0.18191551723369315,0,0,9.681,1.148,0.00683,0,0
COMP_00706,Lot_C,8.763,9.091,9.71,9.939,Healthy,0,0,0.3279999999999994,0.947000000000001,1.1760000000000002,0.2289999999999992,-0.39000000000000234,-1.2640304824788982,0.6699999999999839,0.5314169620118693,-1.1779838616211056,0.6699999999999839,0,0.14629328391873553,0,0,9.824,1.061,0.00632,0,0
COMP_00707,Lot_A,7.371,7.61,7.985,8.349,Healthy,0,0,0.23899999999999988,0.6139999999999999,0.9779999999999998,0.3639999999999999,-0.01100000000000012,-1.4984759804776724,-0.15500000000000735,-0.3986868456825242,0.0396759270280364,0.0396759270280364,0,0.12458051983038876,0,0,8.497,1.126,0.0067,0,0
COMP_00708,Lot_C,11.087,11.158,11.797,12.107,Healthy,0,0,0.07099999999999973,0.7100000000000009,1.0199999999999996,0.3099999999999987,-0.3290000000000024,0.9549315304881071,-1.9000000000000128,-0.2657084810059301,-0.4084944036266817,0.9549315304881071,0,0.15269154222880837,0,0,11.981,0.894,0.00532,0,0
COMP_00709,Lot_A,8.909,10.233,20.836,38.991,Latent Defect,1,0,1.3239999999999998,11.926999999999998,30.082,18.155,7.552000000000003,34.57088850797232,10.694999999999991,158.55175091793558,156.90065765053222,158.55175091793558,1,-0.015315925761291815,1,1,37.144,28.235,0.16807,1,1
COMP_00710,Lot_B,13.325,14.583,23.137,36.742,Latent Defect,1,0,1.258000000000001,9.812000000000001,23.416999999999998,13.604999999999997,5.050999999999997,17.73495505666743,10.020000000000007,120.67988668555068,125.86377566627066,125.86377566627066,1,-0.06768884264788788,1,1,41.074,27.749,0.16517,1,1
COMP_00711,Lot_C,8.903,10.082,18.402,34.44,Latent Defect,1,0,1.1790000000000003,9.499,25.537,16.037999999999997,7.717999999999996,23.812901380853486,9.179999999999993,125.01073053481018,149.0054586252174,149.0054586252174,1,-0.02073819859424275,1,1,36.469,27.566,0.16408,1,1
COMP_00712,Lot_B,14.979,15.298,15.718,16.135,Healthy,0,0,0.31900000000000084,0.7390000000000008,1.1560000000000024,0.4170000000000016,-0.0029999999999983373,1.5918295275916894,0.6300000000000061,0.5611763118845341,0.579492060958752,1.5918295275916894,0,0.08470076440137242,0,0,16.056,1.077,0.00641,0,0
COMP_00713,Lot_B,12.538,12.797,13.3,13.608,Healthy,0,0,0.25900000000000034,0.7620000000000005,1.0700000000000003,0.30799999999999983,-0.19500000000000028,-0.3877734331485651,0.030000000000001137,0.097126669364632,-0.4559937528855931,0.097126669364632,0,0.1716749087580004,0,0,13.679,1.141,0.00679,0,0
COMP_00714,Lot_B,12.246,12.594,13.118,13.242,Healthy,0,0,0.347999999999999,0.8719999999999999,0.9960000000000004,0.12400000000000055,-0.40000000000000036,-0.6744907594765952,0.9199999999999875,-0.30217186024550585,-2.2039698056136268,0.9199999999999875,0,0.11379263522003119,0,0,13.272,1.026,0.00611,0,0
COMP_00715,Lot_A,7.965,8.153,8.528,8.965,Healthy,0,0,0.1880000000000006,0.5630000000000006,1.0,0.4369999999999994,0.06199999999999939,-0.7733689859967251,-0.665,-0.27853464561381763,0.683307632149487,0.683307632149487,0,0.16032537137776148,0,0,9.013,1.048,0.00624,0,0
COMP_00716,Lot_C,10.017,10.156,10.56,10.964,Healthy,0,0,0.13900000000000112,0.543000000000001,0.947000000000001,0.4039999999999999,0.0,-0.2149363573445891,-1.2199999999999989,-0.6387223101104047,0.4844933624409379,0.4844933624409379,0,0.17533342946543934,0,0,10.958,0.941,0.0056,0,0
COMP_00717,Lot_C,9.802,10.001,10.49,11.002,Healthy,0,0,0.19899999999999984,0.6880000000000006,1.200000000000001,0.5120000000000005,0.022999999999999687,-0.1760431117298535,-0.6200000000000117,0.6540516455530734,1.5104793064335142,1.5104793064335142,0,0.17484020120241822,0,0,10.887,1.085,0.00646,0,0
COMP_00718,Lot_C,10.415,10.769,11.15,11.499,Healthy,0,0,0.354000000000001,0.7350000000000012,1.0840000000000014,0.3490000000000002,-0.03200000000000003,0.3326396006523428,0.9299999999999997,0.06131734177061112,-0.037999479407128084,0.9299999999999997,0,0.18092324120141678,0,0,11.457,1.042,0.0062,0,0
COMP_00719,Lot_A,8.477,8.737,9.24,9.498,Healthy,0,0,0.2599999999999998,0.7629999999999999,1.020999999999999,0.2579999999999991,-0.245000000000001,-0.14596309629162,0.05499999999999172,-0.1638439091846043,-0.8949125762990144,0.05499999999999172,0,0.17701562718434427,0,0,9.6,1.123,0.00668,0,0
COMP_00720,Lot_C,10.583,10.702,10.992,11.556,Healthy,0,0,0.11899999999999977,0.4090000000000007,0.972999999999999,0.5639999999999983,0.27399999999999736,0.3909794690744444,-1.4200000000000124,-0.5058680696074487,2.0044725387262132,2.0044725387262132,0,0.11399903802306027,0,0,11.599,1.016,0.00605,0,0
COMP_00721,Lot_C,9.541,9.849,10.503,10.622,Healthy,0,0,0.30799999999999983,0.9619999999999997,1.0809999999999995,0.11899999999999977,-0.5350000000000001,-0.5649755678772077,0.4699999999999882,0.04598800632795153,-2.2229695453172376,0.4699999999999882,0,0.12217602176470188,0,0,10.754,1.213,0.00722,0,0
COMP_00722,Lot_A,9.401,9.703,10.35,10.582,Healthy,0,0,0.3019999999999996,0.9489999999999998,1.181000000000001,0.2320000000000011,-0.41499999999999915,1.1300368745157636,0.4749999999999899,0.7099902731332627,-1.1241512657943098,1.1300368745157636,0,0.15640800328506377,0,0,10.459,1.058,0.0063,0,0
COMP_00723,Lot_A,9.661,9.852,10.428,10.775,Healthy,0,0,0.19100000000000072,0.7670000000000012,1.1140000000000008,0.34699999999999953,-0.22900000000000098,1.3572213711632028,-0.6349999999999989,0.34407220928765936,-0.1102109084112096,1.3572213711632028,0,0.19058520325570483,0,0,10.777,1.116,0.00664,0,0
COMP_00724,Lot_C,10.694,10.948,11.177,11.215,Healthy,0,0,0.25399999999999956,0.48299999999999876,0.520999999999999,0.038000000000000256,-0.19099999999999895,0.04196376500537272,-0.0700000000000145,-2.815487942966705,-2.9924590033116614,0.04196376500537272,0,0.11061499071930875,0,0,11.697,1.003,0.00597,0,0
COMP_00725,Lot_B,13.231,13.46,13.958,14.282,Healthy,0,0,0.22900000000000098,0.7270000000000003,1.0510000000000002,0.32399999999999984,-0.1739999999999995,0.1402251404719058,-0.26999999999999247,-0.005395926075809694,-0.3039958352570677,0.1402251404719058,0,0.16442489718351716,0,0,14.232,1.001,0.00596,0,0
COMP_00726,Lot_C,11.816,12.085,12.481,12.865,Healthy,0,0,0.26900000000000013,0.6649999999999991,1.0489999999999995,0.38400000000000034,-0.011999999999998678,1.7307494298557236,0.07999999999999119,-0.11752490506031453,0.2944959654052806,1.7307494298557236,0,0.17611651056286182,0,0,12.871,1.055,0.00628,0,0
COMP_00727,Lot_A,8.157,8.414,8.718,9.068,Healthy,0,0,0.2569999999999997,0.5609999999999999,0.9109999999999996,0.34999999999999964,0.045999999999999375,-0.6521254463351382,0.024999999999990585,-0.7646049095281275,-0.08376029039251867,0.024999999999990585,0,0.17107403616684164,0,0,9.25,1.093,0.00651,0,0
COMP_00728,Lot_C,9.57,9.73,10.417,10.659,Healthy,0,0,0.16000000000000014,0.8469999999999995,1.0890000000000004,0.24200000000000088,-0.4449999999999985,-0.5271058287260172,-1.0100000000000087,0.08686623417502258,-1.0544855535479098,0.08686623417502258,0,0.15823703891215068,0,0,10.567,0.997,0.00593,0,0
COMP_00729,Lot_A,8.506,8.691,9.177,9.4,Healthy,0,0,0.1850000000000005,0.6709999999999994,0.8940000000000001,0.22300000000000075,-0.2629999999999981,-0.26132102723176953,-0.6950000000000012,-0.8574497913993969,-1.2035031198503825,-0.26132102723176953,0,0.16691467162117263,0,0,9.568,1.062,0.00632,0,0
COMP_00730,Lot_A,9.172,9.585,9.934,10.406,Healthy,0,0,0.41300000000000026,0.7619999999999987,1.234,0.4720000000000013,0.12300000000000288,0.922863447521207,1.5849999999999964,0.9994478460260475,0.9918981757008865,1.5849999999999964,0,0.15709051171619964,0,0,10.322,1.15,0.00685,0,0
COMP_00731,Lot_A,8.194,8.565,9.278,9.604,Healthy,0,0,0.37099999999999866,1.0839999999999996,1.4099999999999984,0.32599999999999874,-0.38700000000000223,-0.02118819139717135,1.1649999999999805,1.9606654465756808,-0.2953652345420461,1.9606654465756808,0,0.10777045105285599,0,0,9.404,1.21,0.0072,0,0
COMP_00732,Lot_C,8.632,8.958,9.435,9.835,Healthy,0,0,0.3260000000000005,0.8030000000000008,1.2030000000000012,0.40000000000000036,-0.07699999999999996,-1.3704751546876466,0.649999999999995,0.6693809809957239,0.4464938830338098,0.6693809809957239,0,0.17711839054569156,0,0,9.801,1.169,0.00696,0,0
COMP_00733,Lot_B,12.626,12.805,13.395,13.777,Healthy,0,0,0.17900000000000027,0.7690000000000001,1.1509999999999998,0.3819999999999997,-0.20800000000000018,-0.25538209940693457,-0.7699999999999996,0.5341966815054568,0.24699661614633478,0.5341966815054568,0,0.16506555270679685,0,0,13.751,1.125,0.0067,0,0
COMP_00734,Lot_B,11.412,12.749,22.979,40.165,Latent Defect,1,0,1.3369999999999997,11.566999999999998,28.753,17.186,6.956000000000001,20.41646710044024,10.809999999999995,149.47254822608718,159.882809605505,159.882809605505,1,-0.025786005899001263,1,1,40.3,28.888,0.17195,1,1
COMP_00735,Lot_B,14.782,14.982,15.412,15.839,Healthy,0,0,0.1999999999999993,0.6300000000000008,1.0570000000000004,0.4269999999999996,-0.00300000000000189,1.3599488483755764,-0.5600000000000094,0.026979630379067643,0.6744907594765615,1.3599488483755764,0,0.10647391777592302,0,0,15.644,0.862,0.00513,0,0
COMP_00736,Lot_C,10.069,10.208,10.68,10.989,Healthy,0,0,0.13899999999999935,0.6109999999999989,0.9199999999999999,0.30900000000000105,-0.16299999999999848,-0.18934869575594707,-1.2200000000000166,-0.7766863290942593,-0.41799427347844265,-0.18934869575594707,0,0.1732239254280447,0,0,11.004,0.935,0.00557,0,0
COMP_00737,Lot_B,13.943,14.205,14.666,14.911,Healthy,0,0,0.26200000000000045,0.7230000000000008,0.968,0.24499999999999922,-0.21600000000000108,0.6329715838061435,0.060000000000002274,-0.4532577903682635,-1.0544855535479172,0.6329715838061435,0,0.14501681358596502,0,0,14.937,0.994,0.00592,0,0
COMP_00738,Lot_C,9.793,10.121,10.477,10.824,Healthy,0,0,0.3280000000000012,0.684000000000001,1.0310000000000006,0.34699999999999953,-0.009000000000000341,-0.35822726224098306,0.6700000000000017,-0.20950091771620852,-0.056999219110700564,0.6700000000000017,0,0.1911909728697812,0,0,10.913,1.12,0.00667,0,0
COMP_00739,Lot_B,11.97,12.125,12.565,12.932,Healthy,0,0,0.15499999999999936,0.5949999999999989,0.9619999999999997,0.3670000000000009,-0.07299999999999862,-0.9173387681150914,-1.0100000000000087,-0.48563334682314085,0.10449856836960383,0.10449856836960383,0,0.17074033717880444,0,0,13.019,1.049,0.00624,0,0
COMP_00740,Lot_B,15.193,15.407,15.851,16.076,Healthy,0,0,0.2140000000000004,0.6580000000000013,0.8830000000000009,0.22499999999999964,-0.2190000000000012,1.5456100678830715,-0.41999999999999815,-0.9119115068123368,-1.2444829505835697,1.5456100678830715,0,0.06737395151708869,0,0,16.174,0.981,0.00584,0,0
COMP_00741,Lot_B,13.673,13.955,14.584,15.045,Healthy,0,0,0.28200000000000003,0.9109999999999996,1.3719999999999999,0.4610000000000003,-0.16799999999999926,0.7379445939918161,0.259999999999998,1.7266963442600607,0.9974863344371843,1.7266963442600607,0,0.11647595399977917,0,0,14.724,1.051,0.00626,0,0
COMP_00742,Lot_A,8.781,8.994,9.468,9.807,Healthy,0,0,0.2129999999999992,0.6869999999999994,1.0259999999999998,0.3390000000000004,-0.1349999999999998,0.21776752269314234,-0.41500000000001425,-0.13653659098716703,-0.18074588979437498,0.21776752269314234,0,0.19298453293241086,0,0,9.797,1.016,0.00605,0,0
COMP_00743,Lot_C,10.858,11.174,11.589,11.792,Healthy,0,0,0.31599999999999895,0.7309999999999999,0.9339999999999993,0.2029999999999994,-0.21200000000000152,0.6325269944712225,0.5499999999999794,-0.7051494303618963,-1.4249804777674635,0.6325269944712225,0,0.16586443387194044,0,0,11.914,1.056,0.00629,0,0
COMP_00744,Lot_B,14.467,14.763,15.175,15.579,Healthy,0,0,0.2959999999999994,0.7080000000000002,1.112,0.4039999999999999,-0.008000000000000895,1.156269873388451,0.3999999999999915,0.32375556454876375,0.4559937528855593,1.156269873388451,0,0.12380533956828432,0,0,15.449,0.982,0.00585,0,0
COMP_00745,Lot_A,8.56,8.915,9.134,9.444,Healthy,0,0,0.35499999999999865,0.5739999999999998,0.8840000000000003,0.3100000000000005,0.0909999999999993,-0.20952767048312987,1.0049999999999804,-0.9120644277942618,-0.4364351973083769,1.0049999999999804,0,0.16239048177845722,0,0,9.775,1.215,0.00723,0,0
COMP_00746,Lot_C,11.439,11.734,12.397,12.625,Healthy,0,0,0.29499999999999993,0.9580000000000002,1.186,0.22799999999999976,-0.4350000000000005,1.4851078786047633,0.3399999999999892,0.5825147468207013,-1.1874837314728834,1.4851078786047633,0,0.13027403648027303,0,0,12.439,1.0,0.00595,0,0
COMP_00747,Lot_B,14.179,14.51,14.759,15.079,Healthy,0,0,0.3309999999999995,0.5800000000000001,0.9000000000000004,0.3200000000000003,0.07099999999999973,0.7645795368747484,0.7499999999999929,-0.8201807635235241,-0.3419953146641948,0.7645795368747484,0,0.11833489277205533,0,0,15.159,0.98,0.00583,0,0
COMP_00748,Lot_B,12.883,13.003,13.42,13.858,Healthy,0,0,0.120000000000001,0.5370000000000008,0.9750000000000014,0.4380000000000006,0.021000000000000796,-0.19192826489171375,-1.3599999999999923,-0.4154863078375669,0.7789893278461821,0.7789893278461821,0,0.1505608729963892,0,0,13.777,0.894,0.00532,0,0
COMP_00749,Lot_C,9.648,9.918,10.397,10.746,Healthy,0,0,0.2699999999999996,0.7490000000000006,1.0980000000000008,0.3490000000000002,-0.13000000000000078,-0.4380607663975445,0.08999999999998565,0.13285424050297412,-0.037999479407128084,0.13285424050297412,0,0.19716145762262693,0,0,10.79,1.142,0.0068,0,0
COMP_00750,Lot_B,12.224,12.527,12.787,13.137,Healthy,0,0,0.30299999999999905,0.5630000000000006,0.9130000000000003,0.34999999999999964,0.08999999999999808,-0.7567457301444732,0.4699999999999882,-0.7500337245379597,-0.05699921911071601,0.4699999999999882,0,0.1637992727054584,0,0,13.22,0.996,0.00593,0,0
COMP_00751,Lot_A,9.608,9.823,10.185,10.608,Healthy,0,0,0.21499999999999986,0.577,1.0,0.42300000000000004,0.06099999999999994,1.160642039867232,-0.39500000000000757,-0.27853464561381763,0.5598714147289398,1.160642039867232,0,0.1890767648723377,0,0,10.741,1.133,0.00674,0,0
COMP_00752,Lot_C,10.147,10.457,10.911,11.023,Healthy,0,0,0.3100000000000005,0.7639999999999993,0.8759999999999994,0.1120000000000001,-0.34199999999999875,-0.1545494759953955,0.4899999999999949,-1.0015165822531273,-2.2894686342797157,0.4899999999999949,0,0.14822884671073855,0,0,11.32,1.173,0.00698,0,0
COMP_00753,Lot_B,14.298,14.714,15.318,15.314,Healthy,0,0,0.41600000000000037,1.0199999999999996,1.016,-0.0039999999999995595,-0.6079999999999988,0.9486739950361883,1.6000000000000014,-0.19425333872925443,-3.41995314664183,1.6000000000000014,0,0.03109892545349402,0,0,15.281,0.983,0.00585,0,0
COMP_00754,Lot_A,8.861,9.074,9.393,9.756,Healthy,0,0,0.2129999999999992,0.532,0.8949999999999996,0.36299999999999955,0.04399999999999871,0.15773431373449226,-0.41500000000001425,-0.8519883277599133,0.03085905435513681,0.15773431373449226,0,0.1773371575508767,0,0,9.855,0.994,0.00592,0,0
COMP_00755,Lot_A,8.381,8.672,9.128,9.366,Healthy,0,0,0.29100000000000037,0.7469999999999999,0.9849999999999994,0.23799999999999955,-0.21799999999999997,-0.30134316653753696,0.36499999999999755,-0.3604566002061198,-1.0712500297569436,0.36499999999999755,0,0.17572096484091398,0,0,9.484,1.103,0.00657,0,0
COMP_00756,Lot_C,9.481,9.672,9.916,10.129,Healthy,0,0,0.19100000000000072,0.4350000000000005,0.6479999999999997,0.2129999999999992,-0.031000000000000583,-1.069564254405222,-0.7000000000000028,-2.1665460758945208,-1.3299817792496347,-0.7000000000000028,0,0.15391415307811163,0,0,10.413,0.932,0.00555,0,0
COMP_00757,Lot_B,12.768,13.132,13.517,13.792,Healthy,0,0,0.363999999999999,0.7489999999999988,1.0239999999999991,0.27500000000000036,-0.10999999999999943,-0.24363138931152306,1.0799999999999876,-0.1510859301227577,-0.7694894579944215,1.0799999999999876,0,0.15629175739094647,0,0,13.893,1.125,0.0067,0,0
COMP_00758,Lot_B,11.701,11.953,12.545,13.095,Healthy,0,0,0.2519999999999989,0.8439999999999994,1.3940000000000001,0.5500000000000007,-0.041999999999999815,-0.7896477184116241,-0.04000000000001336,1.845406717927941,1.8429747512458599,1.845406717927941,0,0.12168951963315777,0,0,12.895,1.194,0.00711,0,0
COMP_00759,Lot_C,10.257,10.518,10.903,11.215,Healthy,0,0,0.261000000000001,0.6460000000000008,0.9580000000000002,0.3119999999999994,-0.0730000000000004,0.04196376500537272,0.0,-0.5825147468206922,-0.3894946639231093,0.04196376500537272,0,0.1932628056227068,0,0,11.332,1.075,0.0064,0,0
COMP_00760,Lot_C,10.566,10.791,11.222,11.569,Healthy,0,0,0.22499999999999964,0.6559999999999988,1.0030000000000001,0.3470000000000013,-0.08399999999999785,0.4042850531005398,-0.36000000000001364,-0.3525747151809436,-0.05699921911068369,0.4042850531005398,0,0.1922970808160045,0,0,11.599,1.033,0.00615,0,0
COMP_00761,Lot_A,8.027,8.271,8.479,8.884,Healthy,0,0,0.24400000000000155,0.45199999999999996,0.8570000000000011,0.40500000000000114,0.19700000000000273,-0.868715847283992,-0.10499999999999066,-1.059523946060396,0.40116770661680984,0.40116770661680984,0,0.1381967680935659,0,0,9.105,1.078,0.00642,0,0
COMP_00762,Lot_A,10.381,10.587,11.082,11.517,Healthy,0,0,0.20599999999999952,0.7010000000000005,1.1359999999999992,0.4349999999999987,-0.060000000000002274,2.2306457054243434,-0.485000000000011,0.4642244093563562,0.6656738868036878,2.2306457054243434,0,0.18827922718537632,0,0,11.403,1.022,0.00608,0,0
COMP_00763,Lot_A,9.524,9.753,9.987,10.363,Healthy,0,0,0.22900000000000098,0.46300000000000097,0.8390000000000004,0.37599999999999945,0.14199999999999946,0.8722472125168539,-0.25499999999999634,-1.1578302915711585,0.14547839910279228,0.8722472125168539,0,0.17001605643799428,0,0,10.554,1.03,0.00613,0,0
COMP_00764,Lot_C,10.116,10.338,10.772,11.136,Healthy,0,0,0.22199999999999953,0.6560000000000006,1.0199999999999996,0.363999999999999,-0.07000000000000206,-0.0388932456147356,-0.3900000000000148,-0.2657084810059301,0.10449856836960644,0.10449856836960644,0,0.19318000340892905,0,0,11.124,1.008,0.006,0,0
COMP_00765,Lot_A,8.789,9.065,9.489,9.877,Healthy,0,0,0.2759999999999998,0.7000000000000011,1.088000000000001,0.3879999999999999,-0.036000000000001364,0.3001660447932504,0.21499999999999186,0.20207415466100875,0.251280871177556,0.3001660447932504,0,0.18995719678716416,0,0,9.797,1.008,0.006,0,0
COMP_00766,Lot_B,12.686,12.988,13.363,13.72,Healthy,0,0,0.3019999999999996,0.6769999999999996,1.0340000000000007,0.3570000000000011,-0.017999999999998906,-0.3000347977694956,0.45999999999999375,-0.09712666936462243,0.009499869851777564,0.45999999999999375,0,0.1695560768213613,0,0,13.749,1.063,0.00633,0,0
COMP_00767,Lot_C,8.539,8.759,9.277,9.524,Healthy,0,0,0.22000000000000064,0.7379999999999995,0.9849999999999994,0.2469999999999999,-0.270999999999999,-1.6887856648503508,-0.4100000000000037,-0.4445507278368467,-1.0069862042890039,-0.4100000000000037,0,0.17578999462774003,0,0,9.62,1.081,0.00643,0,0
COMP_00768,Lot_C,9.712,10.431,17.879,33.113,Latent Defect,1,0,0.7189999999999994,8.167000000000002,23.401,15.233999999999998,7.785999999999996,22.45470830372839,4.579999999999984,114.09624369964344,141.3675632643838,141.3675632643838,1,-0.055297684039744,1,1,31.288,21.576,0.12843,1,1
COMP_00769,Lot_A,8.581,8.858,9.301,9.613,Healthy,0,0,0.277000000000001,0.7200000000000006,1.032,0.3119999999999994,-0.13100000000000023,-0.010594095698585675,0.22500000000000409,-0.10376780915024617,-0.41880145196259333,0.22500000000000409,0,0.18900504887331754,0,0,9.692,1.111,0.00661,0,0
COMP_00770,Lot_C,9.659,9.966,10.442,10.758,Healthy,0,0,0.3069999999999986,0.7829999999999995,1.0989999999999984,0.31599999999999895,-0.16000000000000192,-0.4257786888349978,0.459999999999976,0.13796401898384553,-0.35149518451598116,0.459999999999976,0,0.19221610226235059,0,0,10.831,1.172,0.00698,0,0
COMP_00771,Lot_A,9.535,9.941,10.241,10.643,Healthy,0,0,0.4060000000000006,0.7059999999999995,1.1080000000000005,0.402000000000001,0.10200000000000209,1.201841300917286,1.5149999999999997,0.31130342745073847,0.3747170885981189,1.5149999999999997,0,0.16760023049003814,0,0,10.741,1.206,0.00718,0,0
COMP_00772,Lot_C,12.781,13.053,13.517,13.862,Healthy,0,0,0.27200000000000024,0.7359999999999989,1.0809999999999995,0.34500000000000064,-0.118999999999998,2.7511853740107535,0.10999999999999233,0.04598800632795153,-0.07599895881425617,2.7511853740107535,0,0.17522660865704226,0,0,13.754,0.973,0.00579,0,0
COMP_00773,Lot_A,8.892,10.243,17.876,35.81,Latent Defect,1,0,1.3510000000000009,8.984000000000002,26.918000000000003,17.934,10.301,30.826464239394575,10.965000000000002,141.2716799626,154.95212878982204,154.95212878982204,1,-0.02883266818386243,1,1,36.638,27.746,0.16515,1,1
COMP_00774,Lot_B,10.504,10.737,11.078,11.462,Healthy,0,0,0.23300000000000054,0.5739999999999998,0.9580000000000002,0.38400000000000034,0.04300000000000104,-2.068908357465378,-0.22999999999999687,-0.5072170511263893,0.2659963558499068,0.2659963558499068,0,0.1856457496663712,0,0,11.543,1.039,0.00618,0,0
COMP_00775,Lot_C,8.509,8.718,9.284,9.567,Healthy,0,0,0.20899999999999963,0.7750000000000004,1.0579999999999998,0.2829999999999995,-0.28300000000000125,-1.6447748869178862,-0.5200000000000138,-0.071536898732363,-0.6649908896248173,-0.071536898732363,0,0.17436662928338886,0,0,9.581,1.072,0.00638,0,0
COMP_00776,Lot_A,6.976,7.247,7.626,7.958,Healthy,0,0,0.2709999999999999,0.6500000000000004,0.9820000000000002,0.33199999999999985,-0.0470000000000006,-1.958730582493988,0.16499999999999293,-0.37684099112457536,-0.24246399850465641,0.16499999999999293,0,0.09264528226092755,0,0,8.256,1.28,0.00762,0,0
COMP_00777,Lot_A,7.916,8.324,8.587,9.22,Healthy,0,0,0.4079999999999995,0.6709999999999994,1.3040000000000003,0.6330000000000009,0.370000000000001,-0.47320294120347467,1.5349999999999886,1.3817503007901113,2.4114146760372424,2.4114146760372424,0,0.09381698388878101,0,0,9.103,1.187,0.00707,0,0
COMP_00778,Lot_C,9.648,9.913,10.294,10.582,Healthy,0,0,0.26500000000000057,0.6460000000000008,0.934000000000001,0.28800000000000026,-0.09299999999999997,-0.6059158264190335,0.039999999999995595,-0.7051494303618872,-0.6174915403658946,0.039999999999995595,0,0.19520234551522847,0,0,10.79,1.142,0.0068,0,0
COMP_00779,Lot_C,9.294,9.592,9.872,10.259,Healthy,0,0,0.29800000000000004,0.5779999999999994,0.9649999999999999,0.38700000000000045,0.1070000000000011,-0.9365084141442844,0.36999999999999034,-0.5467462974545106,0.3229955749606309,0.36999999999999034,0,0.18390049758679478,0,0,10.335,1.041,0.0062,0,0
COMP_00780,Lot_B,10.597,10.869,11.421,11.643,Healthy,0,0,0.27200000000000024,0.8239999999999998,1.0460000000000012,0.2220000000000013,-0.3299999999999983,-1.9271164556474167,0.16000000000000014,-0.032375556454867754,-1.2729825601389022,0.16000000000000014,0,0.1714626784435742,0,0,11.754,1.157,0.00689,0,0
COMP_00781,Lot_B,13.747,14.001,14.643,14.907,Healthy,0,0,0.25399999999999956,0.8960000000000008,1.1600000000000001,0.26399999999999935,-0.3780000000000019,0.6298380611140343,-0.02000000000000668,0.5827600161877728,-0.8739880263640422,0.6298380611140343,0,0.12585929181009065,0,0,14.733,0.986,0.00587,0,0
COMP_00782,Lot_B,16.098,16.156,16.567,16.747,Healthy,0,0,0.05799999999999983,0.4690000000000012,0.6490000000000009,0.17999999999999972,-0.23100000000000165,2.0712584994844603,-1.980000000000004,-2.174558208552505,-1.6719770939137963,2.0712584994844603,0,-0.032593580766481334,1,1,16.67,0.572,0.0034,0,1
COMP_00783,Lot_A,9.981,10.21,10.639,11.034,Healthy,0,0,0.22900000000000098,0.6579999999999995,1.0530000000000008,0.39500000000000135,-0.033999999999997144,1.6620959029336018,-0.25499999999999634,0.010922927278976854,0.3129989798878453,1.6620959029336018,0,0.19424250369002183,0,0,10.991,1.01,0.00601,0,0
COMP_00784,Lot_A,8.496,8.699,8.998,9.365,Healthy,0,0,0.2029999999999994,0.5019999999999989,0.8689999999999998,0.3670000000000009,0.06800000000000139,-0.30252028828182354,-0.5150000000000121,-0.9939863823865639,0.06612654504673515,0.06612654504673515,0,0.1665796999482957,0,0,9.568,1.072,0.00638,0,0
COMP_00785,Lot_A,8.803,9.109,9.788,9.921,Healthy,0,0,0.30599999999999916,0.9849999999999994,1.1179999999999986,0.13299999999999912,-0.5460000000000012,0.35195940154188793,0.5149999999999855,0.36591806384559367,-1.9970216604110949,0.5149999999999855,0,0.11183948281267286,0,0,9.848,1.045,0.00622,0,0
COMP_00786,Lot_C,9.939,11.377,20.691,32.845,Latent Defect,1,0,1.4380000000000006,10.751999999999999,22.906,12.154,2.8400000000000016,22.18040857149815,11.769999999999996,111.56690335160619,112.10796412089198,112.10796412089198,1,-0.06667102232066946,1,1,39.57,29.631,0.17638,1,1
COMP_00787,Lot_B,11.58,11.856,12.341,12.758,Healthy,0,0,0.2759999999999998,0.7609999999999992,1.177999999999999,0.4169999999999998,-0.06799999999999962,-1.053647005221861,0.19999999999999574,0.6798866855523953,0.5794920609587352,0.6798866855523953,0,0.17275288691371748,0,0,12.672,1.092,0.0065,0,0
COMP_00788,Lot_B,12.141,12.412,12.748,13.124,Healthy,0,0,0.2710000000000008,0.6069999999999993,0.9830000000000005,0.3760000000000012,0.0400000000000027,-0.7669296788938293,0.15000000000000568,-0.3723188992310702,0.18999739703565252,0.18999739703565252,0,0.1742501677106802,0,0,13.19,1.049,0.00624,0,0
COMP_00789,Lot_B,13.059,14.094,25.932,39.668,Latent Defect,1,0,1.0350000000000001,12.873,26.609,13.736,1.8980000000000015,20.02712690594562,7.789999999999999,137.9036827195448,127.10825861685424,137.9036827195448,1,-0.07858716366696261,1,1,39.656,26.597,0.15832,1,1
COMP_00790,Lot_C,9.873,10.055,10.725,11.135,Healthy,0,0,0.18200000000000038,0.8520000000000003,1.2620000000000005,0.41000000000000014,-0.2599999999999998,-0.03991675207828071,-0.7900000000000063,0.9708579113678354,0.5414925815516385,0.9708579113678354,0,0.16829356239605986,0,0,10.887,1.014,0.00604,0,0
COMP_00791,Lot_A,7.981,8.208,8.882,9.137,Healthy,0,0,0.2270000000000003,0.9009999999999998,1.1560000000000006,0.2550000000000008,-0.4189999999999987,-0.5709040459793169,-0.275000000000003,0.5734536821460957,-0.9213631943176898,0.5734536821460957,0,0.14261226702803653,0,0,9.072,1.091,0.00649,0,0
COMP_00792,Lot_B,11.059,11.332,11.82,12.237,Healthy,0,0,0.27300000000000146,0.761000000000001,1.1780000000000008,0.4169999999999998,-0.07099999999999973,-1.4617883358691384,0.17000000000001236,0.679886685552405,0.5794920609587352,0.679886685552405,0,0.1806946593426001,0,0,12.224,1.165,0.00693,0,0
COMP_00793,Lot_B,13.74,14.132,14.375,14.605,Healthy,0,0,0.39199999999999946,0.6349999999999998,0.8650000000000002,0.23000000000000043,-0.0129999999999999,0.3932570978597581,1.3599999999999923,-1.0090381761769687,-1.196983601324648,1.3599999999999923,0,0.12356199959616998,0,0,14.811,1.071,0.00638,0,0
COMP_00794,Lot_B,13.728,13.89,14.165,14.702,Healthy,0,0,0.1620000000000008,0.4369999999999994,0.9740000000000002,0.5370000000000008,0.26200000000000223,0.46924502314341604,-0.9399999999999942,-0.4208822339133862,1.719476443172684,1.719476443172684,0,0.103296828090292,0,0,14.678,0.95,0.00565,0,0
COMP_00795,Lot_A,7.204,7.426,7.869,8.35,Healthy,0,0,0.22200000000000042,0.665,1.146,0.48099999999999987,0.038000000000000256,-1.4972988587333858,-0.32500000000000195,0.518839045751226,1.0712500297569436,1.0712500297569436,0,0.09766895165677841,0,0,8.317,1.113,0.00662,0,0
COMP_00796,Lot_C,8.318,8.601,8.944,9.357,Healthy,0,0,0.28300000000000125,0.6260000000000012,1.0389999999999997,0.4129999999999985,0.06999999999999851,-1.859711244262477,0.22000000000000242,-0.16862268986914655,0.5699921911069719,0.5699921911069719,0,0.17828173528663382,0,0,9.427,1.109,0.0066,0,0
COMP_00797,Lot_C,9.184,9.56,9.902,10.005,Healthy,0,0,0.3760000000000012,0.718,0.8210000000000015,0.10300000000000153,-0.23899999999999721,-1.1964790558848832,1.1500000000000021,-1.282554398701699,-2.37496746294575,1.1500000000000021,0,0.13304199942915196,0,0,10.335,1.151,0.00685,0,0
COMP_00798,Lot_B,12.132,12.361,12.941,13.165,Healthy,0,0,0.22900000000000098,0.809000000000001,1.0329999999999995,0.22399999999999842,-0.35600000000000165,-0.7348110712997068,-0.26999999999999247,-0.1025225954404417,-1.253982820435364,-0.1025225954404417,0,0.15015862520852152,0,0,13.144,1.012,0.00602,0,0
COMP_00799,Lot_B,11.637,11.964,12.249,12.581,Healthy,0,0,0.32699999999999996,0.6120000000000001,0.9439999999999991,0.33199999999999896,0.04699999999999882,-1.1923053843477114,0.7099999999999973,-0.5827600161877728,-0.2279968764428134,0.7099999999999973,0,0.16450751074587172,0,0,12.765,1.128,0.00671,0,0
COMP_00800,Lot_C,9.857,10.125,10.485,10.742,Healthy,0,0,0.2680000000000007,0.6280000000000001,0.8850000000000016,0.25700000000000145,-0.10299999999999798,-0.4421547922517267,0.06999999999999673,-0.9555285759251667,-0.9119875057711584,0.06999999999999673,0,0.18943410406663064,0,0,10.913,1.056,0.00629,0,0
COMP_00801,Lot_C,10.301,10.48,10.767,11.239,Healthy,0,0,0.17900000000000027,0.4659999999999993,0.9380000000000006,0.4720000000000013,0.18500000000000227,0.06652792013046967,-0.8200000000000074,-0.6847103164383562,1.1304845123621996,1.1304845123621996,0,0.15129298634817528,0,0,11.32,1.019,0.00607,0,0
COMP_00802,Lot_A,8.89,9.282,9.826,10.049,Healthy,0,0,0.39199999999999946,0.9359999999999999,1.158999999999999,0.22299999999999898,-0.3210000000000015,0.5026309848106564,1.3749999999999885,0.5898380730645464,-1.2035031198503983,1.3749999999999885,0,0.14839229548138405,0,0,10.021,1.131,0.00673,0,0
COMP_00803,Lot_B,13.106,13.275,13.527,13.832,Healthy,0,0,0.16900000000000048,0.4209999999999994,0.7260000000000009,0.3050000000000015,0.0530000000000026,-0.21229616239042612,-0.8699999999999974,-1.7590719007149285,-0.4844933624409258,-0.21229616239042612,0,0.12967132806199205,0,0,14.094,0.988,0.00588,0,0
COMP_00804,Lot_B,14.08,14.352,14.635,14.937,Healthy,0,0,0.27200000000000024,0.5549999999999997,0.8569999999999993,0.3019999999999996,0.019000000000000128,0.6533394813048559,0.16000000000000014,-1.052205584783475,-0.5129929719962922,0.6533394813048559,0,0.13747223202367886,0,0,14.998,0.918,0.00546,0,0
COMP_00805,Lot_B,12.843,12.958,13.493,13.82,Healthy,0,0,0.11500000000000021,0.6500000000000004,0.9770000000000003,0.32699999999999996,-0.20800000000000018,-0.22169673046675534,-1.4100000000000001,-0.40469445568594753,-0.2754962257017181,-0.22169673046675534,0,0.15532018262289754,0,0,13.766,0.923,0.00549,0,0
COMP_00806,Lot_C,8.748,8.883,9.465,9.777,Healthy,0,0,0.1349999999999998,0.7170000000000005,1.029,0.3119999999999994,-0.27000000000000135,-1.429838529573297,-1.2600000000000122,-0.21972047467797856,-0.3894946639231093,-0.21972047467797856,0,0.1666914500683806,0,0,9.726,0.978,0.00582,0,0
COMP_00807,Lot_C,11.071,11.447,12.02,12.316,Healthy,0,0,0.37599999999999945,0.9489999999999998,1.245000000000001,0.29600000000000115,-0.27699999999999925,1.168844381369153,1.1499999999999844,0.8839916771928219,-0.5414925815516216,1.168844381369153,0,0.13763322113894083,0,0,12.346,1.275,0.00759,0,0
COMP_00808,Lot_C,7.752,8.027,8.728,9.074,Healthy,0,0,0.27499999999999947,0.976,1.322,0.3460000000000001,-0.3550000000000004,-2.1493635734459002,0.13999999999998458,1.277444620220832,-0.06649908896247836,1.277444620220832,0,0.11939542222201383,0,0,8.88,1.128,0.00671,0,0
COMP_00809,Lot_B,10.811,11.007,11.435,11.675,Healthy,0,0,0.19599999999999973,0.6240000000000006,0.8640000000000008,0.2400000000000002,-0.1880000000000006,-1.9020482741105398,-0.600000000000005,-1.0144341022527785,-1.1019849028068218,-0.600000000000005,0,0.17401663320090194,0,0,11.857,1.046,0.00623,0,0
COMP_00810,Lot_A,6.449,7.629,15.952,38.384,Latent Defect,1,0,1.1799999999999997,9.503,31.935000000000002,22.432000000000002,14.109000000000002,33.85637560918996,9.25499999999999,168.67184304190425,194.61042207251117,194.61042207251117,1,-0.09136095726929028,1,1,36.315,29.866,0.17777,1,1
COMP_00811,Lot_C,10.091,10.378,10.814,11.174,Healthy,0,0,0.2870000000000008,0.7230000000000008,1.0830000000000002,0.35999999999999943,-0.07600000000000051,0.0,0.259999999999998,0.05620756328972157,0.06649908896247836,0.259999999999998,0,0.19082743226853088,0,0,11.195,1.104,0.00657,0,0
COMP_00812,Lot_C,8.513,8.68,9.26,9.631,Healthy,0,0,0.16699999999999982,0.7469999999999999,1.1180000000000003,0.37100000000000044,-0.20899999999999963,-1.5792704732509633,-0.9400000000000119,0.23504981012063814,0.17099765733210168,0.23504981012063814,0,0.17639887005885274,0,0,9.581,1.068,0.00636,0,0
COMP_00813,Lot_A,8.181,8.47,8.981,9.53,Healthy,0,0,0.2890000000000015,0.8000000000000007,1.3490000000000002,0.5489999999999995,0.038000000000000256,-0.10829520047442787,0.34500000000000863,1.627516164567008,1.670797371513912,1.670797371513912,0,0.14204838868721203,0,0,9.322,1.141,0.00679,0,0
COMP_00814,Lot_C,10.147,10.312,10.748,11.159,Healthy,0,0,0.16499999999999915,0.6009999999999991,1.0120000000000005,0.41100000000000136,-0.02499999999999858,-0.015352596953183768,-0.9600000000000186,-0.30658670885299205,0.5509924514034331,0.5509924514034331,0,0.18647490308368586,0,0,11.124,0.977,0.00582,0,0
COMP_00815,Lot_C,10.896,11.017,11.497,11.758,Healthy,0,0,0.12099999999999866,0.6009999999999991,0.8619999999999983,0.26099999999999923,-0.2190000000000012,0.5977277747106691,-1.4000000000000234,-1.0730534809854995,-0.8739880263640472,0.5977277747106691,0,0.1561356195803728,0,0,11.771,0.875,0.00521,0,0
COMP_00816,Lot_B,12.377,12.694,13.234,13.516,Healthy,0,0,0.31700000000000017,0.8569999999999993,1.1389999999999993,0.28200000000000003,-0.2579999999999991,-0.4598444550670868,0.6099999999999994,0.4694455685957022,-0.7029903690319448,0.6099999999999994,0,0.15717203202753605,0,0,13.483,1.106,0.00658,0,0
COMP_00817,Lot_B,12.826,13.033,13.83,14.208,Healthy,0,0,0.20699999999999896,1.0039999999999996,1.3819999999999997,0.3780000000000001,-0.4190000000000005,0.08225497066787792,-0.49000000000001265,1.7806556050181863,0.20899713673920767,1.7806556050181863,0,0.10468119699544859,0,0,13.766,0.94,0.0056,0,0
COMP_00818,Lot_B,12.077,12.432,13.045,13.574,Healthy,0,0,0.3550000000000004,0.968,1.4969999999999999,0.5289999999999999,-0.08399999999999963,-0.41440837603149744,0.990000000000002,2.401187103736646,1.643477484358413,2.401187103736646,0,0.09232851533349018,0,0,13.167,1.09,0.00649,0,0
COMP_00819,Lot_A,10.17,10.477,10.885,11.215,Healthy,0,0,0.3070000000000004,0.7149999999999999,1.045,0.33000000000000007,-0.0779999999999994,1.8751549386495936,0.5249999999999977,-0.03276878183692086,-0.26009774385044776,1.8751549386495936,0,0.1892863653487054,0,0,11.307,1.137,0.00677,0,0
COMP_00820,Lot_A,8.266,8.484,9.083,9.433,Healthy,0,0,0.21799999999999997,0.8170000000000002,1.1669999999999998,0.34999999999999964,-0.24900000000000055,-0.22247600967029083,-0.36500000000000643,0.6335297821804441,-0.08376029039251867,0.6335297821804441,0,0.173117875030316,0,0,9.322,1.056,0.00629,0,0
COMP_00821,Lot_C,10.874,11.178,11.497,11.675,Healthy,0,0,0.30400000000000027,0.6229999999999993,0.8010000000000002,0.17800000000000082,-0.14099999999999824,0.5127767382363804,0.4299999999999926,-1.384749968319372,-1.6624772240620267,0.5127767382363804,0,0.15246723861981215,0,0,11.914,1.04,0.00619,0,0
COMP_00822,Lot_A,7.511,7.727,8.193,8.478,Healthy,0,0,0.2160000000000002,0.6819999999999995,0.9669999999999996,0.28500000000000014,-0.18099999999999916,-1.3466272754646171,-0.3850000000000042,-0.45876294571687753,-0.6568570141307961,-0.3850000000000042,0,0.14147199415374367,0,0,8.68,1.169,0.00696,0,0
COMP_00823,Lot_A,9.062,9.27,9.751,10.113,Healthy,0,0,0.20800000000000018,0.6890000000000001,1.0510000000000002,0.3620000000000001,-0.11899999999999977,0.5779667764450407,-0.4650000000000043,0.0,0.022042181682245053,0.5779667764450407,0,0.194780308733137,0,0,10.035,0.973,0.00579,0,0
COMP_00824,Lot_B,14.908,15.08,15.795,16.085,Healthy,0,0,0.1720000000000006,0.8870000000000005,1.1770000000000014,0.2900000000000009,-0.42499999999999893,1.5526604939403186,-0.8399999999999963,0.6744907594765952,-0.6269914102176736,1.5526604939403186,0,0.057135552123756816,0,0,15.996,1.088,0.00648,0,0
COMP_00825,Lot_B,11.526,11.759,12.597,13.037,Healthy,0,0,0.23300000000000054,1.0709999999999997,1.511000000000001,0.4400000000000013,-0.3979999999999979,-0.8350837974472134,-0.22999999999999687,2.47673006879803,0.7979890675497541,2.47673006879803,0,0.08170106227067564,0,0,12.576,1.05,0.00625,0,0
COMP_00826,Lot_C,10.543,10.856,11.214,11.597,Healthy,0,0,0.3130000000000006,0.6710000000000012,1.0540000000000003,0.3829999999999991,0.02499999999999858,0.43294323407981716,0.519999999999996,-0.09197601265589399,0.28499609555348593,0.519999999999996,0,0.1780201644349455,0,0,11.685,1.142,0.0068,0,0
COMP_00827,Lot_A,8.502,8.897,9.334,9.646,Healthy,0,0,0.3949999999999996,0.831999999999999,1.1440000000000001,0.31200000000000117,-0.12499999999999822,0.028250921862895136,1.4049999999999896,0.5079161184722539,-0.4188014519625777,1.4049999999999896,0,0.16230943669677517,0,0,9.685,1.183,0.00704,0,0
COMP_00828,Lot_A,7.568,7.829,8.315,8.544,Healthy,0,0,0.2610000000000001,0.7469999999999999,0.9760000000000009,0.22900000000000098,-0.2569999999999988,-1.2689372403416577,0.06499999999999506,-0.40960977296149137,-1.1506018838130008,0.06499999999999506,0,0.1451268630257368,0,0,8.751,1.183,0.00704,0,0
COMP_00829,Lot_C,10.408,11.654,22.675,43.706,Latent Defect,1,0,1.2460000000000004,12.267000000000001,33.298,21.031000000000002,10.010000000000002,33.296712272067644,9.849999999999994,164.66772132494555,196.4383087951703,196.4383087951703,1,-0.04860222729133201,1,1,40.218,29.81,0.17744,1,1
COMP_00830,Lot_B,13.104,13.271,13.621,14.147,Healthy,0,0,0.1670000000000016,0.5170000000000012,1.043000000000001,0.5259999999999998,0.17600000000000016,0.03446874961320622,-0.8899999999999864,-0.04856333468230642,1.6149778748030634,1.6149778748030634,0,0.1375825259425572,0,0,14.094,0.99,0.00589,0,0
COMP_00831,Lot_A,8.632,9.022,9.532,9.957,Healthy,0,0,0.39000000000000057,0.9000000000000004,1.325000000000001,0.4250000000000007,-0.08499999999999908,0.3943357843362307,1.3549999999999995,1.4964410372193342,0.577505160074739,1.4964410372193342,0,0.14636128607086424,0,0,9.788,1.156,0.00688,0,0
COMP_00832,Lot_B,14.033,14.185,14.672,14.898,Healthy,0,0,0.15200000000000102,0.6390000000000011,0.8650000000000002,0.2259999999999991,-0.261000000000001,0.6227876350567874,-1.039999999999992,-1.0090381761769687,-1.234983080731792,0.6227876350567874,0,0.12231561506785726,0,0,14.937,0.904,0.00538,0,0
COMP_00833,Lot_A,8.272,9.6,17.562,36.96,Latent Defect,1,0,1.3279999999999994,9.290000000000001,28.688000000000002,19.398,11.435999999999998,32.180154245324914,10.734999999999987,150.93847060449127,167.86003038294274,167.86003038294274,1,-0.04687779082242227,1,1,36.311,28.039,0.1669,1,1
COMP_00834,Lot_A,7.301,7.643,8.013,8.26,Healthy,0,0,0.34199999999999964,0.7119999999999997,0.9589999999999996,0.2469999999999999,-0.12300000000000022,-1.6032398157192382,0.8749999999999902,-0.5024546548327704,-0.9918981757008708,0.8749999999999902,0,0.11380348850265354,0,0,8.497,1.196,0.00712,0,0
COMP_00835,Lot_B,11.421,11.625,11.846,12.141,Healthy,0,0,0.20400000000000063,0.4250000000000007,0.7200000000000006,0.29499999999999993,0.07399999999999984,-1.5369928804797695,-0.519999999999996,-1.7914474571698058,-0.5794920609587689,-0.519999999999996,0,0.14136406255878242,0,0,12.432,1.011,0.00602,0,0
COMP_00836,Lot_B,14.209,14.444,14.753,15.126,Healthy,0,0,0.2350000000000012,0.5440000000000005,0.9169999999999998,0.37299999999999933,0.06400000000000006,0.8013984285070356,-0.2099999999999902,-0.7284500202347113,0.1614977874802861,0.8013984285070356,0,0.13421191240335556,0,0,15.131,0.922,0.00549,0,0
COMP_00837,Lot_C,10.124,10.531,11.076,11.456,Healthy,0,0,0.40700000000000003,0.952,1.331999999999999,0.379999999999999,-0.16500000000000092,0.2886288227198781,1.4599999999999902,1.3285424050296595,0.2564964859981356,1.4599999999999902,0,0.13857375427094293,0,0,11.332,1.208,0.00719,0,0
COMP_00838,Lot_B,13.996,14.235,14.676,15.192,Healthy,0,0,0.238999999999999,0.6799999999999997,1.1959999999999997,0.516,0.07499999999999929,0.8531015529268449,-0.17000000000001236,0.7770133549170273,1.519979176285237,1.519979176285237,0,0.13290317452865869,0,0,14.98,0.984,0.00586,0,0
COMP_00839,Lot_B,11.201,11.528,11.965,12.286,Healthy,0,0,0.32699999999999996,0.7639999999999993,1.084999999999999,0.32099999999999973,-0.11599999999999966,-1.423402682890796,0.7099999999999973,0.17806556050181577,-0.3324954448124172,0.7099999999999973,0,0.1756464825888645,0,0,12.415,1.214,0.00723,0,0
COMP_00840,Lot_B,12.392,12.654,13.099,13.407,Healthy,0,0,0.26200000000000045,0.7070000000000007,1.0150000000000006,0.30799999999999983,-0.13700000000000045,-0.545232948427074,0.060000000000002274,-0.19964926480506412,-0.4559937528855931,0.060000000000002274,0,0.17419168409908226,0,0,13.442,1.05,0.00625,0,0
COMP_00841,Lot_A,7.938,8.035,8.399,8.697,Healthy,0,0,0.09700000000000042,0.4609999999999994,0.7589999999999995,0.29800000000000004,-0.06599999999999895,-1.0888376134657096,-1.575000000000002,-1.594747382730092,-0.5422376693831406,-0.5422376693831406,0,0.10678378642230957,0,0,8.921,0.983,0.00585,0,0
COMP_00842,Lot_B,13.166,13.573,13.949,14.197,Healthy,0,0,0.40700000000000003,0.7829999999999995,1.0309999999999988,0.24799999999999933,-0.1280000000000001,0.07363778326457567,1.509999999999998,-0.11331444759207068,-1.0259859439925676,1.509999999999998,0,0.1380160533711028,0,0,14.216,1.05,0.00625,0,0
COMP_00843,Lot_A,7.928,8.191,8.711,9.134,Healthy,0,0,0.2630000000000008,0.7830000000000004,1.2060000000000004,0.42300000000000004,-0.09699999999999953,-0.5744354112121788,0.08500000000000174,0.8465268641204249,0.5598714147289398,0.8465268641204249,0,0.16526338238422372,0,0,9.005,1.077,0.00641,0,0
COMP_00844,Lot_C,10.745,11.072,11.489,12.044,Healthy,0,0,0.32699999999999996,0.7440000000000015,1.2990000000000013,0.5549999999999997,0.13799999999999812,0.8904506232847312,0.6599999999999895,1.159919715160522,1.9189737100601791,1.9189737100601791,0,0.13747248878867752,0,0,11.914,1.169,0.00696,0,0
COMP_00845,Lot_A,8.216,8.475,9.08,9.487,Healthy,0,0,0.25900000000000034,0.8640000000000008,1.2710000000000008,0.40700000000000003,-0.1980000000000004,-0.15891143547877887,0.044999999999997264,1.2015220006870562,0.41880145196259333,1.2015220006870562,0,0.16686938004507834,0,0,9.322,1.106,0.00658,0,0
COMP_00846,Lot_B,10.535,10.786,11.339,11.555,Healthy,0,0,0.25099999999999945,0.8040000000000003,1.0199999999999996,0.2159999999999993,-0.3370000000000015,-1.9960539548738292,-0.050000000000007816,-0.17266963442600608,-1.3299817792496182,-0.050000000000007816,0,0.17132994122357548,0,0,11.668,1.133,0.00674,0,0
COMP_00847,Lot_A,9.101,9.382,9.974,10.255,Healthy,0,0,0.2809999999999988,0.8729999999999993,1.154,0.2810000000000006,-0.31099999999999994,0.745118064133832,0.2649999999999819,0.5625307548671188,-0.6921245048223787,0.745118064133832,0,0.17418054098087882,0,0,10.12,1.019,0.00607,0,0
COMP_00848,Lot_C,10.896,11.159,11.821,12.45,Healthy,0,0,0.2629999999999999,0.9249999999999989,1.5539999999999985,0.6289999999999996,-0.032999999999999474,1.3059942474842707,0.019999999999988916,2.462913227785752,2.6219640790921246,2.6219640790921246,0,0.10365399943572295,0,0,11.914,1.018,0.00606,0,0
COMP_00849,Lot_B,14.692,14.981,15.709,16.119,Healthy,0,0,0.2889999999999997,1.0169999999999995,1.4269999999999996,0.41000000000000014,-0.3179999999999996,1.5792954368232495,0.32999999999999474,2.023472278429757,0.5129929719962585,2.023472278429757,0,0.047713571944255406,0,0,15.644,0.952,0.00567,0,0
COMP_00850,Lot_B,12.001,12.248,12.79,13.222,Healthy,0,0,0.2469999999999999,0.7889999999999997,1.221,0.4320000000000004,-0.10999999999999943,-0.6901583729371444,-0.09000000000000341,0.9119115068123463,0.721990108735483,0.9119115068123463,0,0.16499500518261606,0,0,13.074,1.073,0.00639,0,0
COMP_00851,Lot_A,7.6,7.762,8.171,8.575,Healthy,0,0,0.16199999999999992,0.5709999999999997,0.9749999999999996,0.4039999999999999,-0.004999999999999893,-1.2324464662687542,-0.9250000000000069,-0.41507123660098466,0.3923508339439024,0.3923508339439024,0,0.14066094210667424,0,0,8.727,1.127,0.00671,0,0
COMP_00852,Lot_C,10.596,10.858,11.207,11.731,Healthy,0,0,0.26200000000000045,0.6110000000000007,1.1349999999999998,0.5239999999999991,0.17499999999999893,0.5700931001949369,0.009999999999994458,0.3219160442956516,1.6244777446548986,1.6244777446548986,0,0.16019289518682128,0,0,11.685,1.089,0.00648,0,0
COMP_00853,Lot_A,7.642,7.997,8.535,9.013,Healthy,0,0,0.35499999999999954,0.8929999999999998,1.3709999999999996,0.47799999999999976,-0.0600000000000005,-0.7168671422709368,1.0049999999999892,1.7476683646357098,1.0447994117382526,1.7476683646357098,0,0.11160038409788092,0,0,8.824,1.182,0.00704,0,0
COMP_00854,Lot_C,9.6,10.771,20.354,37.163,Latent Defect,1,0,1.1710000000000012,10.754,27.562999999999995,16.808999999999997,7.225999999999999,26.599909481088336,9.100000000000001,135.36314173707976,156.32985828094212,156.32985828094212,1,-0.0006455955347891562,1,1,36.0,26.4,0.15714,1,1
COMP_00855,Lot_A,8.68,9.057,9.351,9.635,Healthy,0,0,0.37700000000000067,0.6710000000000012,0.9550000000000001,0.2839999999999989,-0.010000000000001563,0.015302582675734169,1.2250000000000005,-0.5243005093907144,-0.6656738868037034,1.2250000000000005,0,0.16281082313752038,0,0,9.788,1.108,0.0066,0,0
COMP_00856,Lot_A,7.887,8.13,8.564,8.991,Healthy,0,0,0.24300000000000122,0.6770000000000005,1.104,0.4269999999999996,-0.006999999999999673,-0.7427638206452567,-0.114999999999994,0.2894575728927896,0.5951389054205225,0.5951389054205225,0,0.16617500484819347,0,0,8.978,1.091,0.00649,0,0
COMP_00857,Lot_A,8.527,8.801,9.299,9.674,Healthy,0,0,0.2740000000000009,0.7720000000000002,1.1470000000000002,0.375,-0.12299999999999933,0.061210330702936674,0.19500000000000295,0.5243005093907144,0.13666152642990054,0.5243005093907144,0,0.18325751718686123,0,0,9.6,1.073,0.00639,0,0
COMP_00858,Lot_B,13.774,14.014,14.661,15.266,Healthy,0,0,0.2400000000000002,0.8870000000000005,1.4920000000000009,0.6050000000000004,-0.041999999999999815,0.9110717227308728,-0.16000000000000014,2.3742074733575884,2.365467593093913,2.3742074733575884,0,0.08515653934822687,0,0,14.826,1.052,0.00626,0,0
COMP_00859,Lot_B,13.777,14.045,14.57,14.81,Healthy,0,0,0.2680000000000007,0.793000000000001,1.0330000000000013,0.2400000000000002,-0.28500000000000014,0.5538501358303762,0.12000000000000455,-0.10252259544043212,-1.1019849028068218,0.5538501358303762,0,0.14283605151152612,0,0,14.826,1.049,0.00624,0,0
COMP_00860,Lot_A,8.644,8.836,9.347,9.624,Healthy,0,0,0.19200000000000017,0.7029999999999994,0.9800000000000004,0.277000000000001,-0.2339999999999982,0.0023542434885752916,-0.6250000000000044,-0.38776391840354735,-0.7273919955139614,0.0023542434885752916,0,0.18207076573702152,0,0,9.7,1.056,0.00629,0,0
COMP_00861,Lot_C,9.69,9.79,10.099,10.485,Healthy,0,0,0.09999999999999964,0.4090000000000007,0.7949999999999999,0.38599999999999923,0.07699999999999818,-0.7051959533829646,-1.6100000000000136,-1.415408639204673,0.31349570510883623,0.31349570510883623,0,0.14457487251459222,0,0,10.79,1.1,0.00655,0,0
COMP_00862,Lot_B,12.044,13.457,21.526,40.659,Latent Defect,1,0,1.4130000000000003,9.482,28.615,19.133,11.064,20.80345715291578,11.57,148.72791042762503,178.37905620692615,178.37905620692615,1,-0.05203555504095436,1,1,40.03,27.986,0.16658,1,1
COMP_00863,Lot_B,12.162,12.443,12.709,13.013,Healthy,0,0,0.2809999999999988,0.5469999999999988,0.8509999999999991,0.30400000000000027,0.038000000000000256,-0.8538849335998718,0.2499999999999858,-1.0845811412383524,-0.4939932322927202,0.2499999999999858,0,0.1619744784718417,0,0,13.19,1.028,0.00612,0,0
COMP_00864,Lot_B,12.069,12.39,12.895,13.122,Healthy,0,0,0.32099999999999973,0.8259999999999987,1.052999999999999,0.2270000000000003,-0.2779999999999987,-0.7684964402398847,0.649999999999995,0.005395926075809694,-1.2254832108799976,0.649999999999995,0,0.15546913277030044,0,0,13.167,1.098,0.00654,0,0
COMP_00865,Lot_B,12.777,12.965,13.529,14.006,Healthy,0,0,0.1880000000000006,0.7520000000000007,1.229000000000001,0.4770000000000003,-0.08699999999999974,-0.07598792528365797,-0.6799999999999962,0.9550789154188527,1.1494842520657096,1.1494842520657096,0,0.15966217213875472,0,0,13.766,0.989,0.00589,0,0
COMP_00866,Lot_B,11.414,11.73,12.082,12.406,Healthy,0,0,0.3160000000000007,0.668000000000001,0.9920000000000009,0.32399999999999984,-0.02800000000000047,-1.3293970021275066,0.600000000000005,-0.3237555645487542,-0.3039958352570677,0.600000000000005,0,0.17665821919143088,0,0,12.415,1.001,0.00596,0,0
COMP_00867,Lot_A,8.526,8.921,9.251,9.684,Healthy,0,0,0.3949999999999996,0.7249999999999996,1.1579999999999995,0.43299999999999983,0.10299999999999976,0.07298154814580894,1.4049999999999896,0.5843766094250629,0.6480401414579043,1.4049999999999896,0,0.15669785249280677,0,0,9.768,1.242,0.00739,0,0
COMP_00868,Lot_A,7.563,8.515,18.057,36.112,Latent Defect,1,0,0.9520000000000008,10.494,28.549000000000003,18.055000000000003,8.513000000000005,31.181955006169325,6.975000000000002,150.17932715860263,156.01897038324256,156.01897038324256,1,-0.05008342254905074,1,1,36.277,28.714,0.17092,1,1
COMP_00869,Lot_C,7.451,7.794,7.987,8.322,Healthy,0,0,0.34299999999999997,0.5360000000000005,0.8709999999999996,0.3349999999999991,0.14199999999999857,-2.9190404340322424,0.8199999999999896,-1.0270654746575434,-0.17099765733210168,0.8199999999999896,0,0.11466888086876625,0,0,8.681,1.23,0.00732,0,0
COMP_00870,Lot_C,11.195,11.622,12.028,12.235,Healthy,0,0,0.4269999999999996,0.8330000000000002,1.0399999999999991,0.20699999999999896,-0.19900000000000162,1.0859403578219526,1.659999999999986,-0.16351291138826607,-1.3869809983603354,1.659999999999986,0,0.14025169960890466,0,0,12.346,1.151,0.00685,0,0
COMP_00871,Lot_B,14.42,14.739,15.13,15.419,Healthy,0,0,0.31900000000000084,0.7100000000000009,0.9990000000000006,0.2889999999999997,-0.10200000000000031,1.0309289657040661,0.6300000000000061,-0.2859840820180672,-0.636491280069468,1.0309289657040661,0,0.11986318130956641,0,0,15.429,1.009,0.00601,0,0
COMP_00872,Lot_A,7.926,8.149,8.636,8.93,Healthy,0,0,0.22299999999999898,0.7099999999999991,1.0039999999999996,0.2940000000000005,-0.19299999999999962,-0.8145682470467791,-0.3150000000000164,-0.2566887910558736,-0.5775051600747233,-0.2566887910558736,0,0.16866643389013036,0,0,8.978,1.052,0.00626,0,0
COMP_00873,Lot_B,12.516,12.818,13.09,13.402,Healthy,0,0,0.3019999999999996,0.5739999999999998,0.8859999999999992,0.3119999999999994,0.03999999999999915,-0.5491498517922117,0.45999999999999375,-0.8957237285849077,-0.41799427347846596,0.45999999999999375,0,0.15730853846887233,0,0,13.673,1.157,0.00689,0,0
COMP_00874,Lot_B,11.156,11.415,11.632,12.071,Healthy,0,0,0.25899999999999856,0.4759999999999991,0.9149999999999991,0.43900000000000006,0.22199999999999953,-1.591829527591688,0.029999999999983373,-0.7392418723863403,0.7884891976979597,0.7884891976979597,0,0.13857710987973676,0,0,12.29,1.134,0.00675,0,0
COMP_00875,Lot_A,7.448,7.556,7.963,8.484,Healthy,0,0,0.10799999999999965,0.5149999999999997,1.0359999999999996,0.5209999999999999,0.11399999999999988,-1.3395645449988933,-1.4650000000000096,-0.08192195459230216,1.4239249366728095,1.4239249366728095,0,0.09081275410909018,0,0,8.502,1.054,0.00627,0,0
COMP_00876,Lot_A,9.069,9.165,9.454,9.764,Healthy,0,0,0.09599999999999831,0.3849999999999998,0.6949999999999985,0.3099999999999987,0.020999999999997243,0.16715128768878926,-1.585000000000023,-1.9442810556572399,-0.43643519730839253,0.16715128768878926,0,0.12075375088370766,0,0,9.925,0.856,0.0051,0,0
COMP_00877,Lot_C,12.015,12.189,12.528,13.03,Healthy,0,0,0.1739999999999995,0.5129999999999999,1.0149999999999988,0.5019999999999989,0.16299999999999848,1.8996279963407576,-0.8700000000000152,-0.29125737341035063,1.4154806079156688,1.8996279963407576,0,0.1429971467741613,0,0,12.964,0.949,0.00565,0,0
COMP_00878,Lot_B,13.214,13.549,13.911,14.251,Healthy,0,0,0.3349999999999991,0.6969999999999992,1.036999999999999,0.33999999999999986,-0.02200000000000024,0.11594033960805578,0.7899999999999885,-0.08093889113719334,-0.15199791762854228,0.7899999999999885,0,0.16104452201002134,0,0,14.216,1.002,0.00596,0,0
COMP_00879,Lot_A,9.553,9.791,10.376,10.764,Healthy,0,0,0.23799999999999955,0.8229999999999986,1.2109999999999985,0.3879999999999999,-0.19699999999999918,1.3442730319760419,-0.1650000000000107,0.8738341823178476,0.251280871177556,1.3442730319760419,0,0.18690037886715682,0,0,10.741,1.188,0.00707,0,0
COMP_00880,Lot_A,7.668,22.619,62.526,127.882,Gross Failure,1,1,14.951,54.858000000000004,120.214,65.356,25.44899999999999,139.2064174794105,146.965,650.8043916721421,573.0658646839266,650.8043916721421,1,-0.21807550889009464,1,1,121.06,113.392,0.67495,1,1
COMP_00881,Lot_A,8.468,8.566,8.801,8.993,Healthy,0,0,0.09800000000000075,0.3330000000000002,0.5250000000000004,0.19200000000000017,-0.04299999999999926,-0.7404095771566814,-1.5649999999999986,-2.872729874369952,-1.4768261727101837,-0.7404095771566814,0,0.07171529858110604,0,0,9.498,1.03,0.00613,0,0
COMP_00882,Lot_B,12.439,12.658,12.931,13.384,Healthy,0,0,0.21899999999999942,0.4919999999999991,0.9450000000000003,0.4530000000000012,0.1800000000000015,-0.5632507039067041,-0.3700000000000081,-0.5773640901119536,0.9214873756229299,0.9214873756229299,0,0.14854765561494504,0,0,13.442,1.003,0.00597,0,0
COMP_00883,Lot_A,7.489,7.629,8.09,8.537,Healthy,0,0,0.13999999999999968,0.601,1.048000000000001,0.44700000000000095,-0.013999999999999346,-1.2771770925516681,-1.1450000000000093,-0.01638439091845558,0.7714763588784672,0.7714763588784672,0,0.12158644417851061,0,0,8.656,1.167,0.00695,0,0
COMP_00884,Lot_A,10.144,11.46,23.33,38.3,Latent Defect,1,0,1.3160000000000007,13.185999999999998,28.156,14.969999999999999,3.1000000000000014,33.75749738266983,10.615,148.03297194828437,128.8189181873564,148.03297194828437,1,-0.0457446222923793,1,1,39.253,29.109,0.17327,1,1
COMP_00885,Lot_C,11.944,12.771,21.516,40.917,Latent Defect,1,0,0.827,9.571999999999997,28.973,19.401000000000003,10.656000000000006,30.442152745238776,5.6599999999999895,142.56792939512522,180.95352093676388,180.95352093676388,1,-0.054786622143029096,1,1,39.032,27.088,0.16124,1,1
COMP_00886,Lot_A,7.216,7.392,7.711,8.03,Healthy,0,0,0.17600000000000016,0.4950000000000001,0.8139999999999992,0.31899999999999906,-8.881784197001252e-16,-1.873977816905307,-0.7850000000000046,-1.2943668825583303,-0.3570833432523197,-0.3570833432523197,0,0.08532610461825046,0,0,8.317,1.101,0.00655,0,0
COMP_00887,Lot_B,14.564,14.815,15.21,15.271,Healthy,0,0,0.25099999999999945,0.6460000000000008,0.7070000000000007,0.06099999999999994,-0.3340000000000014,0.9149886260960104,-0.050000000000007816,-1.86159449615537,-2.802461606275951,0.9149886260960104,0,0.08376978970400883,0,0,15.528,0.964,0.00574,0,0
COMP_00888,Lot_A,8.873,9.187,9.433,9.776,Healthy,0,0,0.31400000000000006,0.5600000000000005,0.9030000000000005,0.34299999999999997,0.09699999999999953,0.18127674862023682,0.5949999999999944,-0.8082966186440156,-0.14547839910279228,0.5949999999999944,0,0.17512203928562814,0,0,9.892,1.019,0.00607,0,0
COMP_00889,Lot_A,8.654,8.982,9.345,9.607,Healthy,0,0,0.3279999999999994,0.6910000000000007,0.9529999999999994,0.2619999999999987,-0.10100000000000264,-0.01765682616430946,0.7349999999999879,-0.5352234366696913,-0.8596450856074318,0.7349999999999879,0,0.17970870536559286,0,0,9.788,1.134,0.00675,0,0
COMP_00890,Lot_A,8.135,8.488,9.063,9.411,Healthy,0,0,0.35299999999999976,0.9280000000000008,1.2759999999999998,0.347999999999999,-0.2270000000000021,-0.24837268804461066,0.9849999999999914,1.2288293188844839,-0.10139403573831784,1.2288293188844839,0,0.1528889841428624,0,0,9.314,1.179,0.00702,0,0
COMP_00891,Lot_C,10.918,10.978,11.523,11.761,Healthy,0,0,0.0600000000000005,0.6050000000000004,0.843,0.23799999999999955,-0.3070000000000004,0.6007982941013063,-2.010000000000005,-1.1701392721222739,-1.0924850329550546,0.6007982941013063,0,0.14183208433286731,0,0,11.771,0.853,0.00508,0,0
COMP_00892,Lot_C,11.59,11.755,12.103,12.509,Healthy,0,0,0.16500000000000092,0.5129999999999999,0.9190000000000005,0.4060000000000006,0.058000000000001606,1.3663811288334662,-0.9600000000000009,-0.7817961075751397,0.5034931021445104,1.3663811288334662,0,0.1584842847975848,0,0,12.537,0.947,0.00564,0,0
COMP_00893,Lot_C,10.593,10.807,11.302,11.701,Healthy,0,0,0.2140000000000004,0.7089999999999996,1.1080000000000005,0.3990000000000009,-0.09599999999999831,0.5393879062885675,-0.47000000000000597,0.18395202531180613,0.436994013182032,0.5393879062885675,0,0.1925262290757141,0,0,11.685,1.092,0.0065,0,0
COMP_00894,Lot_B,13.432,13.65,14.161,14.651,Healthy,0,0,0.21799999999999997,0.7289999999999992,1.2189999999999994,0.4900000000000002,-0.02099999999999902,0.42929260881901826,-0.38000000000000256,0.9011196546607174,1.2729825601388853,1.2729825601388853,0,0.14514478571033668,0,0,14.49,1.058,0.0063,0,0
COMP_00895,Lot_B,11.652,11.835,12.288,12.532,Healthy,0,0,0.1830000000000016,0.636000000000001,0.8800000000000008,0.24399999999999977,-0.20899999999999963,-1.2306910373260538,-0.7299999999999862,-0.9280992850397755,-1.0639854233996946,-0.7299999999999862,0,0.1662276377036122,0,0,12.736,1.084,0.00645,0,0
COMP_00896,Lot_A,7.057,7.395,7.577,7.887,Healthy,0,0,0.3379999999999992,0.5199999999999996,0.8299999999999992,0.3099999999999996,0.12799999999999923,-2.042306226338384,0.8349999999999858,-1.2069834643265447,-0.4364351973083847,0.8349999999999858,0,0.0680920405702361,0,0,8.305,1.248,0.00743,0,0
COMP_00897,Lot_A,9.107,9.378,9.782,10.022,Healthy,0,0,0.2710000000000008,0.6750000000000007,0.9150000000000009,0.2400000000000002,-0.1639999999999997,0.4708486977149015,0.1650000000000018,-0.7427590549701739,-1.0536162844111443,0.4708486977149015,0,0.18719516458450902,0,0,10.12,1.013,0.00603,0,0
COMP_00898,Lot_C,10.309,10.48,10.962,11.326,Healthy,0,0,0.17100000000000115,0.6530000000000005,1.0170000000000012,0.36400000000000077,-0.11799999999999855,0.1555729824589424,-0.8999999999999986,-0.2810378164485715,0.10449856836962332,0.1555729824589424,0,0.18994635044588842,0,0,11.32,1.011,0.00602,0,0
COMP_00899,Lot_A,8.621,8.82,9.514,9.9,Healthy,0,0,0.19899999999999984,0.8929999999999989,1.279,0.386000000000001,-0.30799999999999805,0.3272398449118568,-0.5550000000000077,1.2452137098029443,0.2336471258317725,1.2452137098029443,0,0.15986061814764901,0,0,9.7,1.079,0.00642,0,0
COMP_00900,Lot_A,8.277,8.548,8.905,9.217,Healthy,0,0,0.2710000000000008,0.6280000000000001,0.9400000000000013,0.31200000000000117,-0.04499999999999815,-0.4767343064363366,0.1650000000000018,-0.6062224639830068,-0.4188014519625777,0.1650000000000018,0,0.18233590361125018,0,0,9.322,1.045,0.00622,0,0
COMP_00901,Lot_A,10.414,11.46,20.843,37.703,Latent Defect,1,0,1.0460000000000012,10.429,27.289,16.860000000000003,7.477000000000004,33.05475570133034,7.915000000000005,143.2978829728495,145.48280753913107,145.48280753913107,1,-0.009643963355589147,1,1,38.128,27.714,0.16496,1,1
COMP_00902,Lot_A,7.668,7.952,8.406,8.847,Healthy,0,0,0.2839999999999998,0.7380000000000004,1.1789999999999994,0.44099999999999895,-0.013000000000001677,-0.9122693518226213,0.29499999999999194,0.699067345854281,0.7185751228410697,0.7185751228410697,0,0.1508066833897838,0,0,8.824,1.156,0.00688,0,0
COMP_00903,Lot_A,9.148,10.529,18.651,38.254,Latent Defect,1,0,1.3810000000000002,9.503,29.105999999999998,19.602999999999998,11.480999999999998,33.70334978243262,11.264999999999995,153.22136240579667,169.6674892808865,169.6674892808865,1,-0.033790621447029046,1,1,37.4,28.252,0.16817,1,1
COMP_00904,Lot_B,13.732,14.728,23.75,38.109,Latent Defect,1,0,0.9960000000000004,10.018,24.377000000000002,14.359000000000002,5.3370000000000015,18.8058364366959,7.400000000000002,125.85997571833089,133.02667753451496,133.02667753451496,1,-0.06596524852104368,1,1,40.562,26.83,0.1597,1,1
COMP_00905,Lot_B,13.737,14.04,14.661,14.989,Healthy,0,0,0.30299999999999905,0.9239999999999995,1.2520000000000007,0.3280000000000012,-0.29299999999999926,0.694075276302282,0.4699999999999882,1.0791852151625427,-0.26599635584992365,1.0791852151625427,0,0.12599157157154045,0,0,14.778,1.041,0.0062,0,0
COMP_00906,Lot_C,10.406,10.735,11.095,11.354,Healthy,0,0,0.32899999999999885,0.6890000000000001,0.9479999999999986,0.25899999999999856,-0.10100000000000264,0.18423116343821977,0.6799999999999784,-0.6336125316295332,-0.8929877660676196,0.6799999999999784,0,0.1806242139630953,0,0,11.421,1.015,0.00604,0,0
COMP_00907,Lot_C,9.349,9.571,9.917,10.199,Healthy,0,0,0.22199999999999953,0.5679999999999996,0.8499999999999996,0.28200000000000003,-0.06400000000000006,-0.9979188019570249,-0.3900000000000148,-1.1343708227560925,-0.6744907594765952,-0.3900000000000148,0,0.18844345576770916,0,0,10.335,0.986,0.00587,0,0
COMP_00908,Lot_A,9.205,9.447,9.934,10.229,Healthy,0,0,0.2419999999999991,0.7289999999999992,1.0239999999999991,0.29499999999999993,-0.19200000000000017,0.7145128987823616,-0.1250000000000151,-0.14745951826614387,-0.5686882874018315,0.7145128987823616,0,0.19105343544998654,0,0,10.266,1.061,0.00632,0,0
COMP_00909,Lot_A,8.007,8.28,8.745,9.173,Healthy,0,0,0.2729999999999997,0.7379999999999995,1.1660000000000004,0.4280000000000008,-0.036999999999999034,-0.5285276631849762,0.18499999999999073,0.6280683185409606,0.6039557780934298,0.6280683185409606,0,0.17063522575647783,0,0,9.105,1.098,0.00654,0,0
COMP_00910,Lot_B,14.432,15.493,26.285,41.586,Latent Defect,1,0,1.061,11.853,27.153999999999996,15.300999999999998,4.508999999999999,21.529651036812183,8.049999999999997,140.84446243086268,141.97555493489435,141.97555493489435,1,-0.08495600435099793,1,1,42.437,28.005,0.1667,1,1
COMP_00911,Lot_B,15.281,15.468,16.001,16.242,Healthy,0,0,0.1869999999999994,0.7200000000000006,0.9610000000000003,0.24099999999999966,-0.2920000000000016,1.6756512596056212,-0.6900000000000084,-0.49102927289895054,-1.0924850329550442,1.6756512596056212,0,0.05087820748568106,0,0,16.174,0.893,0.00532,0,0
COMP_00912,Lot_A,8.378,8.752,9.104,9.674,Healthy,0,0,0.37400000000000055,0.7259999999999991,1.2959999999999994,0.5700000000000003,0.21800000000000175,0.061210330702936674,1.1949999999999994,1.3380585916742136,1.8559516976447483,1.8559516976447483,0,0.11811445168285356,0,0,9.516,1.138,0.00677,0,0
COMP_00913,Lot_B,12.994,13.322,13.821,14.216,Healthy,0,0,0.3279999999999994,0.827,1.2219999999999995,0.3949999999999996,-0.10400000000000098,0.08852201605209646,0.7199999999999918,0.9173074328881561,0.37049492421951064,0.9173074328881561,0,0.15594332431433916,0,0,14.015,1.021,0.00608,0,0
COMP_00914,Lot_B,11.431,12.537,23.831,40.97,Latent Defect,1,0,1.1060000000000016,12.4,29.539,17.139,5.845000000000001,21.0470885422273,8.500000000000014,153.71374612167597,159.4363157224712,159.4363157224712,1,-0.038218470885254985,1,1,39.141,27.71,0.16494,1,1
COMP_00915,Lot_B,13.153,13.279,13.664,14.127,Healthy,0,0,0.12599999999999945,0.5109999999999992,0.9740000000000002,0.46300000000000097,0.07800000000000118,0.018801136152658444,-1.3000000000000078,-0.4208822339133862,1.0164860741407562,1.0164860741407562,0,0.14197488392097235,0,0,14.122,0.969,0.00577,0,0
COMP_00916,Lot_B,11.589,11.896,12.368,12.694,Healthy,0,0,0.3070000000000004,0.7789999999999999,1.1050000000000004,0.3260000000000005,-0.14599999999999902,-1.1037833682956135,0.5100000000000016,0.28598408201807674,-0.28499609555349564,0.5100000000000016,0,0.17150969142148004,0,0,12.719,1.13,0.00673,0,0
COMP_00917,Lot_A,8.276,8.487,8.889,9.332,Healthy,0,0,0.2110000000000003,0.6129999999999995,1.056000000000001,0.4430000000000014,0.041000000000002146,-0.34136530584330227,-0.43500000000000316,0.027307318197437286,0.7362088681868845,0.7362088681868845,0,0.17369159172190723,0,0,9.322,1.046,0.00623,0,0
COMP_00918,Lot_C,9.611,10.006,10.492,10.784,Healthy,0,0,0.3949999999999996,0.8810000000000002,1.173,0.2919999999999998,-0.19400000000000084,-0.39916752078280887,1.3399999999999856,0.5160876265692187,-0.5794920609587665,1.3399999999999856,0,0.16202052190983923,0,0,10.795,1.184,0.00705,0,0
COMP_00919,Lot_C,10.876,11.176,11.427,11.674,Healthy,0,0,0.3000000000000007,0.5510000000000002,0.798,0.2469999999999999,-0.0039999999999995595,0.5117532317728335,0.389999999999997,-1.4000793037620225,-1.0069862042890039,0.5117532317728335,0,0.1613568316196129,0,0,11.914,1.038,0.00618,0,0
COMP_00920,Lot_A,8.408,8.531,9.232,9.664,Healthy,0,0,0.12300000000000111,0.8239999999999998,1.2560000000000002,0.4320000000000004,-0.26899999999999835,0.04943911326006439,-1.314999999999995,1.1196000460947542,0.6392232687850126,1.1196000460947542,0,0.13837708063017307,0,0,9.372,0.964,0.00574,0,0
COMP_00921,Lot_C,9.988,10.211,10.589,10.742,Healthy,0,0,0.22300000000000075,0.6010000000000009,0.7540000000000013,0.15300000000000047,-0.22499999999999964,-0.4421547922517267,-0.38000000000000256,-1.6249095569208816,-1.8999739703566065,-0.38000000000000256,0,0.16311588172663988,0,0,11.004,1.016,0.00605,0,0
COMP_00922,Lot_B,11.094,11.496,12.135,12.427,Healthy,0,0,0.402000000000001,1.0410000000000004,1.3330000000000002,0.2919999999999998,-0.34699999999999953,-1.3129460079939317,1.460000000000008,1.5162552273033676,-0.6079916705141185,1.5162552273033676,0,0.10720150786880911,0,0,12.415,1.321,0.00786,0,0
COMP_00923,Lot_C,10.817,11.108,11.633,11.84,Healthy,0,0,0.29100000000000037,0.815999999999999,1.0229999999999997,0.20700000000000074,-0.31799999999999784,0.6816553047214146,0.2999999999999936,-0.25037914556327956,-1.3869809983603185,0.6816553047214146,0,0.16589130696380955,0,0,11.914,1.097,0.00653,0,0
COMP_00924,Lot_C,8.373,8.717,8.93,9.265,Healthy,0,0,0.3440000000000012,0.5570000000000004,0.8920000000000012,0.33500000000000085,0.12200000000000166,-1.9538738389086772,0.8300000000000018,-0.9197601265589853,-0.1709976573320848,0.8300000000000018,0,0.16092634086140278,0,0,9.497,1.124,0.00669,0,0
COMP_00925,Lot_B,12.596,13.703,23.675,39.981,Latent Defect,1,0,1.1069999999999993,11.079,27.385,16.306,6.334,20.2723250566032,8.509999999999991,142.09092135437544,151.5229241359361,151.5229241359361,1,-0.03254693314624013,1,1,39.712,27.116,0.1614,1,1
COMP_00926,Lot_A,8.817,9.078,9.78,9.991,Healthy,0,0,0.26099999999999923,0.9629999999999992,1.1739999999999995,0.2110000000000003,-0.49099999999999966,0.434357923641996,0.06499999999998618,0.6717600276568486,-1.3093055919251462,0.6717600276568486,0,0.1400234791475044,0,0,9.811,0.994,0.00592,0,0
COMP_00927,Lot_A,8.523,9.81,18.925,33.582,Latent Defect,1,0,1.2870000000000008,10.402000000000001,25.059,14.657,5.542,28.203836993122575,10.325000000000001,131.1188190567944,126.05923704073975,131.1188190567944,1,-0.03946010143318979,1,1,36.983,28.46,0.1694,1,1
COMP_00928,Lot_B,14.383,14.66,14.958,15.352,Healthy,0,0,0.277000000000001,0.5750000000000011,0.9690000000000012,0.39400000000000013,0.09600000000000009,0.9784424606112299,0.21000000000000796,-0.44786186429244423,0.36099505436773305,0.9784424606112299,0,0.12385481738045423,0,0,15.367,0.984,0.00586,0,0
COMP_00929,Lot_B,14.872,15.119,15.569,16.075,Healthy,0,0,0.2469999999999999,0.697000000000001,1.2029999999999994,0.5059999999999985,0.055999999999997385,1.5448266872100433,-0.09000000000000341,0.8147848374477143,1.424980477767394,1.5448266872100433,0,0.08167903062715753,0,0,15.996,1.124,0.00669,0,0
COMP_00930,Lot_A,7.724,9.269,20.229,35.918,Latent Defect,1,0,1.545,12.504999999999999,28.194,15.689,4.729000000000001,30.953593387777595,12.904999999999992,148.24050756658488,135.15824963916907,148.24050756658488,1,-0.06628110992762071,1,1,36.237,28.513,0.16972,1,1
COMP_00931,Lot_A,7.965,8.173,8.403,8.779,Healthy,0,0,0.20800000000000018,0.4380000000000006,0.8140000000000001,0.37599999999999945,0.14599999999999902,-0.992313630434154,-0.4650000000000043,-1.2943668825583254,0.14547839910279228,0.14547839910279228,0,0.14127968054427925,0,0,9.04,1.075,0.0064,0,0
COMP_00932,Lot_C,9.209,9.483,9.778,10.22,Healthy,0,0,0.2740000000000009,0.5690000000000008,1.011000000000001,0.44200000000000017,0.14700000000000024,-0.9764251662225651,0.129999999999999,-0.31169648733387256,0.8454884168086969,0.8454884168086969,0,0.17935727811433644,0,0,10.284,1.075,0.0064,0,0
COMP_00933,Lot_C,10.664,10.857,11.351,11.709,Healthy,0,0,0.19299999999999962,0.6870000000000012,1.045,0.35799999999999876,-0.13600000000000279,0.5475759579969319,-0.6800000000000139,-0.13796401898384553,0.047499349258905886,0.5475759579969319,0,0.1899280291785596,0,0,11.697,1.033,0.00615,0,0
COMP_00934,Lot_B,14.631,14.798,15.23,15.516,Healthy,0,0,0.16699999999999982,0.5990000000000002,0.8849999999999998,0.2859999999999996,-0.1460000000000008,1.1069168909877243,-0.8900000000000041,-0.9011196546607174,-0.6649908896248176,1.1069168909877243,0,0.10943664471574849,0,0,15.449,0.818,0.00487,0,0
COMP_00935,Lot_A,8.536,8.829,9.2,9.514,Healthy,0,0,0.29300000000000104,0.6639999999999997,0.9779999999999998,0.31400000000000006,-0.05699999999999861,-0.12712914838302392,0.3850000000000042,-0.3986868456825242,-0.4011677066167942,0.3850000000000042,0,0.1865888456446314,0,0,9.681,1.145,0.00682,0,0
COMP_00936,Lot_A,9.273,9.631,10.141,10.477,Healthy,0,0,0.35800000000000054,0.8680000000000003,1.2040000000000006,0.3360000000000003,-0.1739999999999995,1.0064390913656016,1.0349999999999993,0.8356039368414528,-0.2071965078130659,1.0349999999999993,0,0.1746859310628736,0,0,10.381,1.108,0.0066,0,0
COMP_00937,Lot_A,8.314,8.607,9.085,9.27,Healthy,0,0,0.29299999999999926,0.7710000000000008,0.9559999999999995,0.18499999999999872,-0.2930000000000028,-0.4143468539891133,0.38499999999998646,-0.5188390457512309,-1.5385442814204728,0.38499999999998646,0,0.16378371433182942,0,0,9.414,1.1,0.00655,0,0
COMP_00938,Lot_C,10.515,10.696,10.976,11.159,Healthy,0,0,0.18099999999999916,0.4610000000000003,0.6440000000000001,0.18299999999999983,-0.09700000000000131,-0.015352596953183768,-0.8000000000000185,-2.186985189818052,-1.6149778748031207,-0.015352596953183768,0,0.15042796915595885,0,0,11.457,0.942,0.00561,0,0
COMP_00939,Lot_A,8.327,8.496,8.667,8.981,Healthy,0,0,0.16900000000000048,0.33999999999999986,0.6539999999999999,0.31400000000000006,0.14300000000000068,-0.7545350380881289,-0.8550000000000013,-2.168201064876183,-0.4011677066167942,-0.4011677066167942,0,0.10223663184991155,0,0,9.333,1.006,0.00599,0,0
COMP_00940,Lot_B,12.46,12.698,13.073,13.606,Healthy,0,0,0.23799999999999955,0.6129999999999995,1.145999999999999,0.5329999999999995,0.15799999999999947,-0.38934019449462043,-0.18000000000000682,0.5072170511263893,1.68147696376554,1.68147696376554,0,0.15016321849212716,0,0,13.5,1.04,0.00619,0,0
COMP_00941,Lot_A,8.914,9.124,9.566,10.058,Healthy,0,0,0.21000000000000085,0.652000000000001,1.1440000000000001,0.4919999999999991,0.049999999999998934,0.5132250805092421,-0.4449999999999976,0.5079161184722539,1.1682356291587999,1.1682356291587999,0,0.17245323603888058,0,0,9.925,1.011,0.00602,0,0
COMP_00942,Lot_B,14.052,14.191,14.524,14.795,Healthy,0,0,0.13900000000000112,0.47199999999999953,0.7430000000000003,0.2710000000000008,-0.06199999999999761,0.5420994257349647,-1.169999999999991,-1.6673411574261157,-0.8074889374015486,0.5420994257349647,0,0.10095261493722335,0,0,14.937,0.885,0.00527,0,0
COMP_00943,Lot_B,12.516,12.719,13.173,13.596,Healthy,0,0,0.2029999999999994,0.657,1.08,0.42300000000000004,-0.031000000000000583,-0.3971740012248943,-0.5300000000000082,0.1510859301227577,0.6364912800694342,0.6364912800694342,0,0.1772369528043654,0,0,13.599,1.083,0.00645,0,0
COMP_00944,Lot_C,10.812,11.036,11.29,11.536,Healthy,0,0,0.2240000000000002,0.47799999999999976,0.7240000000000002,0.24600000000000044,-0.007999999999999119,0.3705093398035315,-0.3700000000000081,-1.7782029113473867,-1.0164860741407817,0.3705093398035315,0,0.15467749541176173,0,0,11.771,0.959,0.00571,0,0
COMP_00945,Lot_A,8.084,8.235,8.821,9.054,Healthy,0,0,0.1509999999999998,0.7370000000000001,0.9700000000000006,0.23300000000000054,-0.35299999999999976,-0.668605150755159,-1.0350000000000081,-0.44237855479841226,-1.115334393121418,-0.44237855479841226,0,0.14807291145262613,0,0,9.072,0.988,0.00588,0,0
COMP_00946,Lot_A,8.994,9.109,9.638,9.974,Healthy,0,0,0.11500000000000021,0.6440000000000001,0.9800000000000004,0.3360000000000003,-0.19299999999999962,0.4143468539891133,-1.395000000000004,-0.38776391840354735,-0.2071965078130659,0.4143468539891133,0,0.1724761320546554,0,0,9.925,0.931,0.00554,0,0
COMP_00947,Lot_A,9.71,9.869,10.252,10.565,Healthy,0,0,0.15899999999999892,0.5419999999999998,0.8549999999999986,0.31299999999999883,-0.07000000000000206,1.1100258048628788,-0.955000000000017,-1.0704468733393826,-0.4099845792897016,1.1100258048628788,0,0.18634275137980433,0,0,10.833,1.123,0.00668,0,0
COMP_00948,Lot_C,9.863,10.085,10.496,10.812,Healthy,0,0,0.2220000000000013,0.6330000000000009,0.9489999999999998,0.31599999999999895,-0.09500000000000064,-0.3705093398035315,-0.389999999999997,-0.6285027531486437,-0.35149518451598116,-0.35149518451598116,0,0.19493765978521288,0,0,10.91,1.047,0.00623,0,0
COMP_00949,Lot_C,8.136,8.465,9.259,9.639,Healthy,0,0,0.3290000000000006,1.123000000000001,1.5030000000000001,0.379999999999999,-0.4140000000000015,-1.571082421542599,0.6799999999999962,2.2023145252607113,0.2564964859981356,2.2023145252607113,0,0.10198189619353132,0,0,9.327,1.191,0.00709,0,0
COMP_00950,Lot_B,11.751,11.918,12.441,12.83,Healthy,0,0,0.16699999999999982,0.6900000000000013,1.0790000000000006,0.38899999999999935,-0.13400000000000212,-0.997243596763887,-0.8900000000000041,0.145690004046948,0.3134957051088115,0.3134957051088115,0,0.17273095767327679,0,0,12.895,1.144,0.00681,0,0
COMP_00951,Lot_B,12.687,12.998,13.2,13.625,Healthy,0,0,0.31099999999999994,0.5129999999999999,0.9380000000000006,0.4250000000000007,0.22300000000000075,-0.37445596170709966,0.5499999999999972,-0.6151355726426406,0.6554910197730063,0.6554910197730063,0,0.13348404442479933,0,0,13.749,1.062,0.00632,0,0
COMP_00952,Lot_B,13.262,13.432,13.71,14.072,Healthy,0,0,0.16999999999999993,0.4480000000000004,0.8099999999999987,0.3619999999999983,0.08399999999999785,-0.02428480086385003,-0.860000000000003,-1.3058141103466745,0.05699921911066538,0.05699921911066538,0,0.1400386119875357,0,0,14.247,0.985,0.00586,0,0
COMP_00953,Lot_A,9.626,9.858,10.205,10.574,Healthy,0,0,0.2320000000000011,0.5790000000000006,0.9480000000000004,0.3689999999999998,0.02200000000000024,1.1206199005614645,-0.2249999999999952,-0.5625307548671188,0.08376029039251867,1.1206199005614645,0,0.19248071718976184,0,0,10.741,1.115,0.00664,0,0
COMP_00954,Lot_C,11.639,11.923,12.438,12.91,Healthy,0,0,0.2840000000000007,0.7990000000000013,1.2710000000000008,0.47199999999999953,-0.04300000000000104,1.7768072207152785,0.22999999999999687,1.016845917695787,1.1304845123621827,1.7768072207152785,0,0.15695631680505423,0,0,12.696,1.057,0.00629,0,0
COMP_00955,Lot_B,13.52,13.707,13.948,14.206,Healthy,0,0,0.18700000000000117,0.4280000000000008,0.6859999999999999,0.2579999999999991,0.01699999999999946,0.08068820932182258,-0.6899999999999906,-1.9749089437474407,-0.9309872454747413,0.08068820932182258,0,0.12447244032488897,0,0,14.49,0.97,0.00577,0,0
COMP_00956,Lot_B,11.785,12.088,12.633,13.001,Healthy,0,0,0.30299999999999905,0.847999999999999,1.2159999999999993,0.3680000000000003,-0.1769999999999996,-0.8632855016762011,0.4699999999999882,0.8849318764332788,0.11399843822138139,0.8849318764332788,0,0.15653970587886473,0,0,12.94,1.155,0.00688,0,0
COMP_00957,Lot_B,11.604,11.997,12.397,12.808,Healthy,0,0,0.3930000000000007,0.793000000000001,1.2040000000000006,0.4109999999999996,0.010999999999999233,-1.0144779715704901,1.3700000000000045,0.8201807635235336,0.522492841848036,1.3700000000000045,0,0.14791245021155625,0,0,12.765,1.161,0.00691,0,0
COMP_00958,Lot_A,8.539,8.806,9.324,9.605,Healthy,0,0,0.26699999999999946,0.7850000000000001,1.0660000000000007,0.2810000000000006,-0.2370000000000001,-0.02001106965288266,0.12499999999998845,0.08192195459230216,-0.6921245048223787,0.12499999999998845,0,0.18132876295067574,0,0,9.607,1.068,0.00636,0,0
COMP_00959,Lot_A,9.544,9.668,9.993,10.473,Healthy,0,0,0.12399999999999878,0.44899999999999984,0.9290000000000003,0.4800000000000004,0.15499999999999936,1.001730604388453,-1.3050000000000184,-0.666298564017365,1.0624331570840517,1.0624331570840517,0,0.14949211143392882,0,0,10.495,0.951,0.00566,0,0
COMP_00960,Lot_C,10.531,10.984,11.442,11.962,Healthy,0,0,0.4529999999999994,0.9109999999999996,1.4309999999999992,0.5199999999999996,0.06199999999999939,0.8065230932739859,1.919999999999984,1.8344104746371082,1.5864782652477705,1.919999999999984,0,0.1078089623563499,0,0,11.685,1.154,0.00687,0,0
COMP_00961,Lot_A,7.014,7.151,7.708,7.884,Healthy,0,0,0.13699999999999957,0.694,0.8700000000000001,0.17600000000000016,-0.3810000000000002,-2.0458375915712446,-1.1750000000000105,-0.9885249187470755,-1.61789613547653,-0.9885249187470755,0,0.056270336082622996,0,0,8.256,1.242,0.00739,0,0
COMP_00962,Lot_B,12.783,13.126,13.636,13.988,Healthy,0,0,0.34299999999999997,0.8529999999999998,1.205,0.3520000000000003,-0.15799999999999947,-0.0900887773981518,0.8699999999999974,0.8255766895993433,-0.03799947940714401,0.8699999999999974,0,0.15372865845695072,0,0,13.893,1.11,0.00661,0,0
COMP_00963,Lot_A,8.141,8.407,8.926,9.21,Healthy,0,0,0.266,0.7850000000000001,1.0690000000000008,0.2840000000000007,-0.23499999999999943,-0.48497415864634696,0.114999999999994,0.09830634551076259,-0.6656738868036878,0.114999999999994,0,0.1763922759710878,0,0,9.25,1.109,0.0066,0,0
COMP_00964,Lot_B,13.409,13.745,14.168,14.525,Healthy,0,0,0.3359999999999985,0.7589999999999986,1.1159999999999997,0.3570000000000011,-0.06599999999999895,0.3305866440175656,0.799999999999983,0.34533926885201216,0.009499869851777564,0.799999999999983,0,0.15513021076878208,0,0,14.527,1.118,0.00665,0,0
COMP_00965,Lot_A,8.887,9.181,9.737,9.985,Healthy,0,0,0.2939999999999987,0.8499999999999996,1.097999999999999,0.24799999999999933,-0.3080000000000016,0.4272951931762722,0.3949999999999809,0.2566887910558639,-0.983081303027979,0.4272951931762722,0,0.1719678527331439,0,0,9.892,1.005,0.00598,0,0
COMP_00966,Lot_B,12.418,12.629,12.97,13.141,Healthy,0,0,0.2110000000000003,0.5520000000000014,0.7230000000000008,0.17099999999999937,-0.1700000000000017,-0.7536122074523639,-0.4499999999999993,-1.7752596789423671,-1.7574759225798449,-0.4499999999999993,0,0.1352869944591113,0,0,13.373,0.955,0.00568,0,0
COMP_00967,Lot_C,7.071,7.417,7.68,8.187,Healthy,0,0,0.3460000000000001,0.609,1.1159999999999997,0.5069999999999997,0.24399999999999977,-3.0572138066109074,0.8499999999999908,0.2248302531588681,1.4629799571745914,1.4629799571745914,0,0.07010258313770268,0,0,8.318,1.247,0.00742,0,0
COMP_00968,Lot_A,9.092,9.309,9.833,10.226,Healthy,0,0,0.21699999999999875,0.7409999999999997,1.1340000000000003,0.3930000000000007,-0.13100000000000023,0.7109815335495018,-0.37500000000001865,0.4533014820773891,0.2953652345420461,0.7109815335495018,0,0.19021029321584454,0,0,10.035,0.943,0.00561,0,0
COMP_00969,Lot_B,11.788,12.037,12.369,12.785,Healthy,0,0,0.24900000000000055,0.5809999999999995,0.9969999999999999,0.41600000000000037,0.0840000000000014,-1.03249572705012,-0.06999999999999673,-0.2967759341696961,0.5699921911069575,0.5699921911069575,0,0.17028748463949184,0,0,12.957,1.169,0.00696,0,0
COMP_00970,Lot_B,12.213,12.456,12.889,13.251,Healthy,0,0,0.24300000000000033,0.6760000000000002,1.0380000000000003,0.3620000000000001,-0.07099999999999973,-0.6674403334193497,-0.129999999999999,-0.07554296506137406,0.05699921911068226,0.05699921911068226,0,0.17765548834387274,0,0,13.237,1.024,0.0061,0,0
COMP_00971,Lot_B,14.829,15.06,15.656,16.054,Healthy,0,0,0.23099999999999987,0.827,1.2249999999999979,0.3979999999999979,-0.19800000000000217,1.5283756930764671,-0.25000000000000355,0.9334952111155851,0.3989945337748433,1.5283756930764671,0,0.0900429280554012,0,0,15.996,1.167,0.00695,0,0
COMP_00972,Lot_C,11.277,11.499,12.033,12.377,Healthy,0,0,0.2220000000000013,0.7560000000000002,1.1000000000000014,0.3440000000000012,-0.18999999999999773,1.2312782756454386,-0.389999999999997,0.14307379746474416,-0.08549882866603396,1.2312782756454386,0,0.179687180158689,0,0,12.346,1.069,0.00636,0,0
COMP_00973,Lot_C,7.31,7.472,7.992,8.394,Healthy,0,0,0.1620000000000008,0.6820000000000004,1.0840000000000005,0.40200000000000014,-0.11799999999999944,-2.8453479686569536,-0.990000000000002,0.06131734177060658,0.4654936227373739,0.4654936227373739,0,0.11526123034117652,0,0,8.44,1.13,0.00673,0,0
COMP_00974,Lot_A,7.464,7.732,8.242,8.589,Healthy,0,0,0.2679999999999998,0.7780000000000005,1.125,0.34699999999999953,-0.16300000000000114,-1.2159667618487313,0.1349999999999918,0.4041483093220078,-0.1102109084112096,0.4041483093220078,0,0.13949018631296406,0,0,8.621,1.157,0.00689,0,0
COMP_00975,Lot_A,9.083,9.38,9.826,10.125,Healthy,0,0,0.2970000000000006,0.7430000000000003,1.0419999999999998,0.2989999999999995,-0.14700000000000024,0.5920922373764882,0.4249999999999998,-0.049153172755381294,-0.5334207967102488,0.5920922373764882,0,0.18962599872436892,0,0,10.12,1.037,0.00617,0,0
COMP_00976,Lot_A,9.334,9.621,9.905,10.277,Healthy,0,0,0.2870000000000008,0.5709999999999997,0.9429999999999996,0.3719999999999999,0.08800000000000097,0.7710147425081497,0.32500000000000195,-0.5898380730645562,0.1102109084112096,0.7710147425081497,0,0.18675280750548484,0,0,10.381,1.047,0.00623,0,0
COMP_00977,Lot_B,11.734,11.907,12.278,12.633,Healthy,0,0,0.17300000000000004,0.5440000000000005,0.8989999999999991,0.35499999999999865,-0.01600000000000179,-1.1515695893502866,-0.8300000000000018,-0.8255766895993433,-0.009499869851811314,-0.009499869851811314,0,0.1702134995434343,0,0,12.895,1.161,0.00691,0,0
COMP_00978,Lot_A,8.8,9.017,9.423,9.723,Healthy,0,0,0.21699999999999875,0.6229999999999993,0.923,0.3000000000000007,-0.10599999999999987,0.11888929617301354,-0.37500000000001865,-0.6990673458542859,-0.5246039240373415,0.11888929617301354,0,0.1855308343523,0,0,9.797,0.997,0.00593,0,0
COMP_00979,Lot_B,14.152,14.174,14.587,15.091,Healthy,0,0,0.02200000000000024,0.4350000000000005,0.9390000000000001,0.5039999999999996,0.0909999999999993,0.7739801049510763,-2.34,-0.6097396465668309,1.405980738063839,1.405980738063839,0,0.08200522228036067,0,0,14.948,0.796,0.00474,0,0
COMP_00980,Lot_B,13.569,13.92,14.126,14.352,Healthy,0,0,0.3509999999999991,0.5569999999999986,0.7829999999999995,0.22600000000000087,0.02000000000000135,0.1950617875838244,0.9499999999999886,-1.451504114393613,-1.2349830807317752,0.9499999999999886,0,0.12803186154806123,0,0,14.542,0.973,0.00579,0,0
COMP_00981,Lot_A,8.911,9.285,9.598,9.91,Healthy,0,0,0.37400000000000055,0.6870000000000012,0.9990000000000006,0.3119999999999994,-0.0010000000000012221,0.33901106235472905,1.1949999999999994,-0.2839961092533012,-0.41880145196259333,1.1949999999999994,0,0.17300526579553022,0,0,10.054,1.143,0.0068,0,0
COMP_00982,Lot_C,10.361,10.495,11.008,11.09,Healthy,0,0,0.13399999999999856,0.6469999999999985,0.7289999999999992,0.08200000000000074,-0.43099999999999916,-0.08597454293783564,-1.2700000000000244,-1.7526540189429751,-2.5744647298332017,-0.08597454293783564,0,0.09928267412997438,0,0,11.32,0.959,0.00571,0,0
COMP_00983,Lot_A,8.894,9.895,18.723,38.353,Latent Defect,1,0,1.0009999999999994,9.828999999999999,29.459000000000003,19.630000000000003,10.802000000000003,33.81988483511706,7.464999999999988,155.14925907053544,169.90554484305477,169.90554484305477,1,-0.02845378730114878,1,1,36.919,28.025,0.16682,1,1
COMP_00984,Lot_A,8.858,10.056,21.01,34.759,Latent Defect,1,0,1.1979999999999986,12.152000000000001,25.901,13.748999999999999,2.7949999999999964,29.589309286148673,9.43499999999998,135.7173714412421,118.05351665374958,135.7173714412421,1,-0.0562667320378053,1,1,36.413,27.555,0.16402,1,1
COMP_00985,Lot_C,10.184,10.371,10.931,11.35,Healthy,0,0,0.18700000000000117,0.7469999999999999,1.1660000000000004,0.4190000000000005,-0.14099999999999824,0.18013713758403754,-0.7399999999999984,0.48031917720303724,0.6269914102176893,0.6269914102176893,0,0.1818044858235281,0,0,11.195,1.011,0.00602,0,0
COMP_00986,Lot_B,13.796,15.325,26.514,44.121,Latent Defect,1,0,1.529,12.718,30.325000000000003,17.607000000000003,6.418000000000003,23.51552104293666,12.729999999999997,157.95494401726475,163.8822548131056,163.8822548131056,1,-0.09862050746099194,1,1,44.426,30.63,0.18232,1,1
COMP_00987,Lot_B,12.999,14.319,24.023,43.786,Latent Defect,1,0,1.3200000000000003,11.024,30.787,19.763,10.059000000000003,23.253088517472477,10.64,160.4478618642902,184.36397421354937,184.36397421354937,1,-0.06985649290219775,1,1,41.67,28.671,0.17066,1,1
COMP_00988,Lot_B,10.547,31.189,66.494,113.514,Gross Failure,1,1,20.642,55.947,102.967,47.019999999999996,11.714999999999996,77.87665608632742,203.85999999999999,549.9258060164498,443.3019267635939,549.9258060164498,1,-0.22086768035136572,1,1,115.284,104.737,0.62343,1,1
COMP_00989,Lot_A,7.769,7.849,8.168,8.504,Healthy,0,0,0.08000000000000007,0.39899999999999913,0.7349999999999994,0.3360000000000003,0.017000000000001236,-1.3160221101131488,-1.7450000000000054,-1.7258225100777707,-0.2071965078130659,-0.2071965078130659,0,0.0874603489775711,0,0,8.811,1.042,0.0062,0,0
COMP_00990,Lot_C,11.363,11.646,12.124,12.361,Healthy,0,0,0.28300000000000125,0.761000000000001,0.9980000000000011,0.2370000000000001,-0.24099999999999966,1.2149021722287079,0.22000000000000242,-0.37812360758535507,-1.1019849028068325,1.2149021722287079,0,0.17109438288639645,0,0,12.346,0.983,0.00585,0,0
COMP_00991,Lot_C,9.258,9.448,9.813,10.128,Healthy,0,0,0.19000000000000128,0.5550000000000015,0.870000000000001,0.3149999999999995,-0.05000000000000071,-1.070587760868767,-0.7099999999999973,-1.0321752531384194,-0.36099505436775897,-0.36099505436775897,0,0.18671116245258462,0,0,10.284,1.026,0.00611,0,0
COMP_00992,Lot_B,12.696,12.919,13.289,13.652,Healthy,0,0,0.22300000000000075,0.593,0.9559999999999995,0.36299999999999955,-0.006999999999999673,-0.35330468353536026,-0.32999999999999474,-0.5180089032780182,0.06649908896245982,0.06649908896245982,0,0.1720369837476715,0,0,13.751,1.055,0.00628,0,0
COMP_00993,Lot_A,8.248,8.371,8.825,9.163,Healthy,0,0,0.12300000000000111,0.577,0.9150000000000009,0.33800000000000097,-0.11599999999999788,-0.5402988806278486,-1.314999999999995,-0.7427590549701739,-0.18956276246726672,-0.18956276246726672,0,0.1595198081038438,0,0,9.258,1.01,0.00601,0,0
COMP_00994,Lot_B,11.262,11.465,11.987,12.223,Healthy,0,0,0.2029999999999994,0.7249999999999996,0.9610000000000003,0.23600000000000065,-0.2859999999999996,-1.4727556652915215,-0.5300000000000082,-0.49102927289895054,-1.1399843822139488,-0.49102927289895054,0,0.1699377706342941,0,0,12.432,1.17,0.00696,0,0
COMP_00995,Lot_B,11.634,11.858,12.382,12.913,Healthy,0,0,0.2240000000000002,0.7479999999999993,1.279,0.5310000000000006,0.0070000000000014495,-0.9322230009026121,-0.3200000000000003,1.2248752192094812,1.662477224061985,1.662477224061985,0,0.1444479642653811,0,0,12.736,1.102,0.00656,0,0
COMP_00996,Lot_A,9.027,9.364,9.856,10.137,Healthy,0,0,0.3370000000000015,0.8290000000000006,1.1100000000000012,0.2810000000000006,-0.21099999999999852,0.6062176983079358,0.8250000000000091,0.32222635472971534,-0.6921245048223787,0.8250000000000091,0,0.17805266028758582,0,0,10.099,1.072,0.00638,0,0
COMP_00997,Lot_C,10.587,10.83,11.325,11.58,Healthy,0,0,0.24300000000000033,0.7379999999999995,0.9930000000000003,0.2550000000000008,-0.23999999999999844,0.4155436241995414,-0.18000000000000682,-0.4036724999897756,-0.9309872454747309,0.4155436241995414,0,0.18571070496071562,0,0,11.685,1.098,0.00654,0,0
COMP_00998,Lot_A,8.873,10.049,19.896,37.683,Latent Defect,1,0,1.1760000000000002,11.023000000000001,28.810000000000002,17.787,7.939999999999998,33.031213266444595,9.214999999999995,151.60476916850862,153.65604850690622,153.65604850690622,1,7.173283719874579e-05,0,1,36.486,27.613,0.16436,1,1
COMP_00999,Lot_C,9.751,10.039,10.441,10.632,Healthy,0,0,0.28800000000000026,0.6900000000000013,0.8810000000000002,0.19099999999999895,-0.21100000000000207,-0.5547405032417513,0.26999999999999247,-0.9759676898487069,-1.5389789159888645,0.26999999999999247,0,0.182602472222532,0,0,10.887,1.136,0.00676,0,0
COMP_01000,Lot_B,10.939,11.203,11.6,11.777,Healthy,0,0,0.26399999999999935,0.6609999999999996,0.8379999999999992,0.1769999999999996,-0.22000000000000064,-1.8221434454617456,0.07999999999999119,-1.1547281802239169,-1.700476703469146,0.07999999999999119,0,0.1635554510340122,0,0,11.983,1.044,0.00621,0,0
COMP_01001,Lot_A,8.585,8.828,9.218,9.592,Healthy,0,0,0.24299999999999855,0.6329999999999991,1.0069999999999997,0.37400000000000055,-0.016000000000000014,-0.03531365232861683,-0.11500000000002064,-0.2403044001374132,0.12784465375700876,0.12784465375700876,0,0.18834183808424465,0,0,9.688,1.103,0.00657,0,0
COMP_01002,Lot_B,14.447,14.799,15.267,15.608,Healthy,0,0,0.3520000000000003,0.8200000000000003,1.1610000000000014,0.3410000000000011,-0.1269999999999989,1.178987912906246,0.9600000000000009,0.5881559422635921,-0.14249804777674782,1.178987912906246,0,0.11381184318133447,0,0,15.511,1.064,0.00633,0,0
COMP_01003,Lot_C,10.142,10.417,10.834,11.202,Healthy,0,0,0.27500000000000036,0.6920000000000002,1.0600000000000005,0.3680000000000003,-0.04899999999999949,0.028658180979279156,0.13999999999999346,-0.06131734177059297,0.1424980477767514,0.1424980477767514,0,0.19197893066329363,0,0,11.195,1.053,0.00627,0,0
COMP_01004,Lot_C,8.584,8.84,9.347,9.648,Healthy,0,0,0.2560000000000002,0.7629999999999999,1.064,0.30100000000000016,-0.20599999999999952,-1.5618708633706875,-0.050000000000007816,-0.04087822784706198,-0.4939932322927157,-0.04087822784706198,0,0.1834992083936074,0,0,9.701,1.117,0.00665,0,0
COMP_01005,Lot_C,9.914,10.075,10.375,10.746,Healthy,0,0,0.1609999999999996,0.4610000000000003,0.8320000000000007,0.37100000000000044,0.07099999999999973,-0.4380607663975445,-1.0000000000000142,-1.2263468354119864,0.17099765733210168,0.17099765733210168,0,0.17025789457461504,0,0,10.918,1.004,0.00598,0,0
COMP_01006,Lot_B,12.197,12.305,12.622,12.875,Healthy,0,0,0.10800000000000054,0.4250000000000007,0.6780000000000008,0.2530000000000001,-0.06400000000000006,-0.9619914664776538,-1.4799999999999969,-2.0180763523539373,-0.978486594733646,-0.9619914664776538,0,0.12317812003140671,0,0,13.096,0.899,0.00535,0,0
COMP_01007,Lot_B,13.852,14.116,14.462,14.753,Healthy,0,0,0.26399999999999935,0.6099999999999994,0.9009999999999998,0.29100000000000037,-0.054999999999999716,0.5091974374678139,0.07999999999999119,-0.8147848374477143,-0.617491540365896,0.5091974374678139,0,0.1536061337157109,0,0,14.826,0.974,0.0058,0,0
COMP_01008,Lot_C,11.181,12.568,20.391,41.3,Latent Defect,1,0,1.3870000000000005,9.209999999999999,30.119,20.909,13.086,30.83415572077676,11.259999999999994,148.4237355342175,195.2793246732527,195.2793246732527,1,-0.05819666045862448,1,1,39.697,28.516,0.16974,1,1
COMP_01009,Lot_A,8.435,25.834,60.018,129.504,Gross Failure,1,1,17.399,51.583,121.06899999999999,69.48599999999999,35.30199999999999,141.11570894864442,171.445,655.4739430839031,609.4795488229897,655.4739430839031,1,-0.22686063797996026,1,1,127.474,119.039,0.70857,1,1
COMP_01010,Lot_B,11.724,11.954,12.55,12.661,Healthy,0,0,0.23000000000000043,0.8260000000000005,0.9369999999999994,0.11099999999999888,-0.4850000000000012,-1.1296349305055189,-0.259999999999998,-0.6205314987184599,-2.3274681136868196,-0.259999999999998,0,0.1228876749382441,0,0,12.895,1.171,0.00697,0,0
COMP_01011,Lot_A,8.463,8.682,9.214,9.671,Healthy,0,0,0.2190000000000012,0.7510000000000012,1.2080000000000002,0.45699999999999896,-0.07500000000000107,0.057678965470074776,-0.3549999999999942,0.8574497913993969,0.859645085607416,0.859645085607416,0,0.17287896854499046,0,0,9.568,1.105,0.00658,0,0
COMP_01012,Lot_C,10.657,11.905,21.466,38.61,Latent Defect,1,0,1.2479999999999993,10.809000000000001,27.953,17.144,7.582999999999997,28.080923333838918,9.869999999999983,137.35595534462425,159.51231468128944,159.51231468128944,1,-0.00735462020026556,1,1,40.373,29.716,0.17688,1,1
COMP_01013,Lot_C,10.189,10.556,10.906,11.216,Healthy,0,0,0.3669999999999991,0.7170000000000005,1.0269999999999992,0.3099999999999987,-0.0400000000000027,0.04298727146891782,1.059999999999981,-0.22994003163974858,-0.4084944036266817,1.059999999999981,0,0.1724223303305667,0,0,11.332,1.143,0.0068,0,0
COMP_01014,Lot_A,8.44,8.77,9.246,9.695,Healthy,0,0,0.33000000000000007,0.8060000000000009,1.2550000000000008,0.44899999999999984,-0.027000000000001023,0.08592988733296991,0.7549999999999946,1.1141385824552705,0.7891101042242508,1.1141385824552705,0,0.1657816373462498,0,0,9.556,1.116,0.00664,0,0
COMP_01015,Lot_C,10.931,11.228,11.55,12.066,Healthy,0,0,0.2970000000000006,0.6190000000000015,1.1350000000000016,0.516,0.19399999999999906,0.9129677654827362,0.3599999999999959,0.32191604429566073,1.5484787858406424,1.5484787858406424,0,0.1408233629658806,0,0,11.998,1.067,0.00635,0,0
COMP_01016,Lot_C,11.271,12.484,19.911,34.01,Latent Defect,1,0,1.2129999999999992,8.64,22.738999999999997,14.098999999999997,6.671999999999995,23.372793601528848,9.519999999999982,110.71357034529866,130.58521098261002,130.58521098261002,1,-0.05021976678132245,1,1,37.63,26.359,0.1569,1,1
COMP_01017,Lot_A,8.703,8.897,9.141,9.333,Healthy,0,0,0.19400000000000084,0.4380000000000006,0.6300000000000008,0.19200000000000017,-0.0519999999999996,-0.3401881840990157,-0.6049999999999978,-2.2992761922238567,-1.4768261727101837,-0.3401881840990157,0,0.13826134713023658,0,0,9.704,1.001,0.00596,0,0
COMP_01018,Lot_B,12.483,12.749,13.367,13.766,Healthy,0,0,0.266,0.8840000000000003,1.2829999999999995,0.39899999999999913,-0.2190000000000012,-0.26399928681023543,0.09999999999999787,1.2464589235127295,0.40849440362663775,1.2464589235127295,0,0.15077401461177076,0,0,13.599,1.116,0.00664,0,0
COMP_01019,Lot_C,9.657,9.937,10.422,10.846,Healthy,0,0,0.27999999999999936,0.7650000000000006,1.189,0.4239999999999995,-0.06100000000000172,-0.3357101200429781,0.18999999999998352,0.5978440822633517,0.6744907594765952,0.6744907594765952,0,0.19081262283396805,0,0,10.79,1.133,0.00674,0,0
COMP_01020,Lot_A,8.468,8.801,9.35,9.708,Healthy,0,0,0.3330000000000002,0.8819999999999997,1.2400000000000002,0.35800000000000054,-0.19099999999999895,0.10123247000870408,0.7849999999999957,1.0322166278629683,-0.013225309009337634,1.0322166278629683,0,0.16520059511189117,0,0,9.6,1.132,0.00674,0,0
COMP_01021,Lot_B,12.869,13.192,13.557,13.756,Healthy,0,0,0.3230000000000004,0.6880000000000006,0.8870000000000005,0.19899999999999984,-0.16600000000000037,-0.27183309354050933,0.6700000000000017,-0.8903278025090884,-1.4914795667299212,0.6700000000000017,0,0.14767835766987258,0,0,13.857,0.988,0.00588,0,0
COMP_01022,Lot_A,7.29,8.331,18.82,35.763,Latent Defect,1,0,1.0409999999999995,11.530000000000001,28.473,16.942999999999998,6.453999999999997,30.77113951741307,7.864999999999989,149.7642559220016,146.21460797098146,149.7642559220016,1,-0.054049465718465806,1,1,35.969,28.679,0.17071,1,1
COMP_01023,Lot_C,10.184,11.285,20.054,35.49,Latent Defect,1,0,1.1010000000000009,9.87,25.306000000000004,15.436000000000003,6.667000000000005,24.88758316757644,8.399999999999999,123.83037170572617,143.28653697444403,143.28653697444403,1,-0.01973859026029512,1,1,37.959,27.775,0.16533,1,1
COMP_01024,Lot_C,9.917,10.153,10.653,11.032,Healthy,0,0,0.23600000000000065,0.7360000000000007,1.1150000000000002,0.37899999999999956,-0.12100000000000044,-0.14533791782348415,-0.25000000000000355,0.21972047467798764,0.24699661614635784,0.24699661614635784,0,0.19456672819903909,0,0,10.958,1.041,0.0062,0,0
COMP_01025,Lot_C,9.823,9.952,10.531,10.872,Healthy,0,0,0.12899999999999956,0.7080000000000002,1.0489999999999995,0.3409999999999993,-0.23800000000000132,-0.309098951990791,-1.3200000000000145,-0.11752490506031453,-0.11399843822140113,-0.11399843822140113,0,0.17590375403835534,0,0,10.846,1.023,0.00609,0,0
COMP_01026,Lot_B,13.088,13.466,14.025,14.419,Healthy,0,0,0.3780000000000001,0.9370000000000012,1.3310000000000013,0.39400000000000013,-0.16500000000000092,0.2475482926766607,1.2199999999999989,1.505463375151748,0.36099505436773305,1.505463375151748,0,0.1252482866883809,0,0,14.187,1.099,0.00654,0,0
COMP_01027,Lot_C,9.998,10.247,10.726,11.116,Healthy,0,0,0.24900000000000055,0.7280000000000015,1.1180000000000003,0.3899999999999988,-0.08900000000000219,-0.05936337488564851,-0.12000000000000455,0.23504981012063814,0.3514951845159643,0.3514951845159643,0,0.19570740379594548,0,0,11.097,1.099,0.00654,0,0
COMP_01028,Lot_C,11.54,11.988,12.473,12.608,Healthy,0,0,0.4480000000000004,0.9330000000000016,1.0680000000000014,0.1349999999999998,-0.3500000000000014,1.4677082687244876,1.869999999999994,-0.020439113923521914,-2.0709716276887082,1.869999999999994,0,0.09586987347963943,0,0,12.648,1.108,0.0066,0,0
COMP_01029,Lot_A,7.739,8.134,8.67,9.062,Healthy,0,0,0.39500000000000046,0.931,1.3229999999999995,0.39199999999999946,-0.14400000000000013,-0.6591881768008621,1.4049999999999985,1.4855181099403525,0.2865483618691387,1.4855181099403525,0,0.12217496444303938,0,0,8.924,1.185,0.00705,0,0
COMP_01030,Lot_C,9.85,10.005,10.656,10.924,Healthy,0,0,0.15500000000000114,0.8060000000000009,1.0739999999999998,0.2679999999999989,-0.3830000000000009,-0.25587661588641675,-1.0599999999999987,0.010219556961770033,-0.8074889374015688,0.010219556961770033,0,0.16073181558278166,0,0,10.887,1.037,0.00617,0,0
COMP_01031,Lot_A,9.083,9.229,9.654,10.103,Healthy,0,0,0.14599999999999902,0.5709999999999997,1.0199999999999996,0.44899999999999984,0.023999999999999133,0.5661955590021683,-1.085000000000016,-0.1693053728240879,0.7891101042242508,0.7891101042242508,0,0.17780715789520457,0,0,10.03,0.947,0.00564,0,0
COMP_01032,Lot_B,12.725,12.946,13.397,13.614,Healthy,0,0,0.22100000000000009,0.6720000000000006,0.8890000000000011,0.21700000000000053,-0.23399999999999999,-0.3830731491104005,-0.3500000000000014,-0.8795359503574595,-1.320481909397824,-0.3500000000000014,0,0.1580063813594194,0,0,13.751,1.026,0.00611,0,0
COMP_01033,Lot_A,7.281,7.588,7.987,8.408,Healthy,0,0,0.3070000000000004,0.7060000000000004,1.1269999999999998,0.4209999999999994,0.021999999999999353,-1.4290257975647251,0.5249999999999977,0.4150712366009798,0.5422376693831406,0.5422376693831406,0,0.11421789800383947,0,0,8.497,1.216,0.00724,0,0
COMP_01034,Lot_A,9.395,9.74,9.996,10.276,Healthy,0,0,0.34500000000000064,0.6010000000000009,0.8810000000000002,0.27999999999999936,0.023999999999999133,0.7698376207638632,0.9050000000000002,-0.9284488187127222,-0.7009413774952862,0.9050000000000002,0,0.17421034853735368,0,0,10.459,1.064,0.00633,0,0
COMP_01035,Lot_A,8.93,9.224,9.944,10.203,Healthy,0,0,0.2940000000000005,1.0140000000000011,1.2729999999999997,0.25899999999999856,-0.4610000000000021,0.6839077334308933,0.3949999999999987,1.2124449279660234,-0.8860957036261227,1.2124449279660234,0,0.13724979446375707,0,0,10.03,1.1,0.00655,0,0
COMP_01036,Lot_B,14.285,14.565,14.818,15.113,Healthy,0,0,0.27999999999999936,0.5329999999999995,0.8279999999999994,0.29499999999999993,0.041999999999999815,0.7912144797576793,0.23999999999999133,-1.2086874409820425,-0.5794920609587689,0.7912144797576793,0,0.1147877224470058,0,0,15.239,0.954,0.00568,0,0
COMP_01037,Lot_A,8.71,8.824,9.025,9.199,Healthy,0,0,0.11399999999999899,0.3149999999999995,0.488999999999999,0.1739999999999995,-0.027000000000001023,-0.49792249783350795,-1.4050000000000162,-3.0693425653914774,-1.635529880822329,-0.49792249783350795,0,0.07551751127463302,0,0,9.7,0.99,0.00589,0,0
COMP_01038,Lot_C,10.233,10.444,10.82,11.111,Healthy,0,0,0.2110000000000003,0.5869999999999997,0.8780000000000001,0.29100000000000037,-0.08499999999999908,-0.06448090720337582,-0.5000000000000071,-0.9912970252913573,-0.5889919308105444,-0.06448090720337582,0,0.1853619111464131,0,0,11.32,1.087,0.00647,0,0
COMP_01039,Lot_A,7.361,7.574,7.806,8.275,Healthy,0,0,0.21300000000000008,0.4450000000000003,0.9140000000000006,0.4690000000000003,0.2370000000000001,-1.5855829895549287,-0.41500000000000536,-0.7482205186096623,0.9654475576821876,0.9654475576821876,0,0.07860631124480288,0,0,8.497,1.136,0.00676,0,0
COMP_01040,Lot_A,9.854,9.918,10.311,10.621,Healthy,0,0,0.06400000000000006,0.45700000000000074,0.7670000000000012,0.3100000000000005,-0.08300000000000018,1.1759446225429662,-1.9050000000000056,-1.5510556736141894,-0.4364351973083769,1.1759446225429662,0,0.14733354169195684,0,0,10.833,0.979,0.00583,0,0
COMP_01041,Lot_B,12.808,13.138,13.532,13.873,Healthy,0,0,0.33000000000000007,0.7240000000000002,1.0649999999999995,0.3409999999999993,-0.053000000000000824,-0.1801775547963036,0.7399999999999984,0.07014703898556436,-0.1424980477767647,0.7399999999999984,0,0.1671730915513236,0,0,13.893,1.085,0.00646,0,0
COMP_01042,Lot_C,12.681,12.922,13.584,13.984,Healthy,0,0,0.24100000000000144,0.9030000000000005,1.3030000000000008,0.40000000000000036,-0.2619999999999987,2.8760531625633248,-0.19999999999999574,1.180358829084053,0.4464938830338098,2.8760531625633248,0,0.14262708141901126,0,0,13.665,0.984,0.00586,0,0
COMP_01043,Lot_A,8.057,8.249,8.699,8.936,Healthy,0,0,0.19200000000000017,0.6419999999999995,0.8789999999999996,0.2370000000000001,-0.2129999999999992,-0.8075055165810553,-0.6250000000000044,-0.939371745991699,-1.0800669024298353,-0.6250000000000044,0,0.16283598009716055,0,0,9.072,1.015,0.00604,0,0
COMP_01044,Lot_B,12.05,12.266,12.751,13.284,Healthy,0,0,0.2159999999999993,0.7009999999999987,1.234,0.5330000000000013,0.04800000000000182,-0.6415887712094444,-0.40000000000000924,0.9820585457979107,1.6814769637655569,1.6814769637655569,0,0.14474824385754465,0,0,13.074,1.024,0.0061,0,0
COMP_01045,Lot_C,9.564,9.85,10.105,10.561,Healthy,0,0,0.2859999999999996,0.5410000000000004,0.9969999999999999,0.4559999999999995,0.20099999999999874,-0.6274094621534934,0.2499999999999858,-0.38323338606624463,0.9784865947336536,0.9784865947336536,0,0.16994516262528947,0,0,10.754,1.19,0.00708,0,0
COMP_01046,Lot_B,11.106,11.42,11.86,12.198,Healthy,0,0,0.31400000000000006,0.7539999999999996,1.0920000000000005,0.33800000000000097,-0.10199999999999854,-1.4923401821172069,0.5799999999999983,0.2158370430325124,-0.1709976573320974,0.5799999999999983,0,0.17809726772872342,0,0,12.29,1.184,0.00705,0,0
COMP_01047,Lot_A,8.26,8.406,8.706,9.14,Healthy,0,0,0.1460000000000008,0.44599999999999973,0.8800000000000008,0.43400000000000105,0.13400000000000212,-0.567372680746455,-1.0849999999999982,-0.9339102823522057,0.6568570141308118,0.6568570141308118,0,0.14520052887717866,0,0,9.258,0.998,0.00594,0,0
COMP_01048,Lot_A,8.51,8.735,9.238,9.598,Healthy,0,0,0.22499999999999964,0.7279999999999998,1.088000000000001,0.3600000000000012,-0.1429999999999989,-0.028250921862893043,-0.2950000000000097,0.20207415466100875,0.00440843633646154,0.20207415466100875,0,0.18542866365626354,0,0,9.568,1.058,0.0063,0,0
COMP_01049,Lot_C,9.286,9.733,10.272,10.635,Healthy,0,0,0.44700000000000095,0.9860000000000007,1.3490000000000002,0.36299999999999955,-0.17600000000000016,-0.5516699838511142,1.8599999999999994,1.415408639204682,0.09499869851782865,1.8599999999999994,0,0.13352135090243084,0,0,10.324,1.038,0.00618,0,0
COMP_01050,Lot_A,8.089,8.415,8.771,9.034,Healthy,0,0,0.32599999999999874,0.6820000000000004,0.9450000000000003,0.2629999999999999,-0.09300000000000175,-0.6921475856409036,0.7149999999999812,-0.5789151457855792,-0.8508282129345244,0.7149999999999812,0,0.16974359196699323,0,0,9.138,1.049,0.00624,0,0
COMP_01051,Lot_C,11.524,11.776,12.135,12.485,Healthy,0,0,0.25200000000000067,0.6110000000000007,0.9610000000000003,0.34999999999999964,-0.009000000000000341,1.3418169737083694,-0.09000000000000341,-0.5671854113780417,-0.028499609555350282,1.3418169737083694,0,0.17762105651090004,0,0,12.548,1.024,0.0061,0,0
COMP_01052,Lot_B,13.935,14.235,14.802,15.027,Healthy,0,0,0.29999999999999893,0.8669999999999991,1.0919999999999987,0.22499999999999964,-0.3420000000000005,0.7238437418773223,0.43999999999998707,0.21583704303250278,-1.2444829505835697,0.7238437418773223,0,0.11832834553021099,0,0,14.98,1.045,0.00622,0,0
COMP_01053,Lot_C,10.854,11.09,11.551,12.022,Healthy,0,0,0.23600000000000065,0.697000000000001,1.168000000000001,0.4710000000000001,0.009999999999999787,0.8679334810867263,-0.25000000000000355,0.49053873416480726,1.120984642510405,1.120984642510405,0,0.17399716254422415,0,0,11.914,1.06,0.00631,0,0
COMP_01054,Lot_C,10.632,10.911,11.122,11.468,Healthy,0,0,0.2789999999999999,0.4900000000000002,0.8360000000000003,0.3460000000000001,0.1349999999999998,0.30091090028242656,0.17999999999998906,-1.2059077214884555,-0.06649908896247836,0.30091090028242656,0,0.16457725843007942,0,0,11.685,1.053,0.00627,0,0
COMP_01055,Lot_C,9.294,9.601,10.17,10.489,Healthy,0,0,0.3070000000000004,0.8759999999999994,1.1950000000000003,0.31900000000000084,-0.24999999999999822,-0.7011019275287805,0.45999999999999375,0.6285027531486528,-0.32299557496061404,0.6285027531486528,0,0.1795190512012913,0,0,10.394,1.1,0.00655,0,0
COMP_01056,Lot_B,12.266,12.641,13.018,13.249,Healthy,0,0,0.375,0.7520000000000007,0.9830000000000005,0.23099999999999987,-0.1460000000000008,-0.6690070947654037,1.1899999999999977,-0.3723188992310702,-1.1874837314728706,1.1899999999999977,0,0.14867877245478484,0,0,13.314,1.048,0.00624,0,0
COMP_01057,Lot_C,9.251,10.34,18.548,38.661,Latent Defect,1,0,1.0890000000000004,9.296999999999999,29.410000000000004,20.113000000000003,11.905000000000005,28.13312216347975,8.279999999999994,144.80090259127127,187.71742827123344,187.71742827123344,1,-0.03328576919915793,1,1,36.984,27.733,0.16508,1,1
COMP_01058,Lot_B,10.582,10.762,11.206,11.577,Healthy,0,0,0.17999999999999972,0.6239999999999988,0.9949999999999992,0.37100000000000044,-0.07299999999999862,-1.9788195800672261,-0.7600000000000051,-0.3075677863213251,0.14249804777673095,0.14249804777673095,0,0.18901958803042562,0,0,11.685,1.103,0.00657,0,0
COMP_01059,Lot_B,14.861,15.235,15.493,15.652,Healthy,0,0,0.3739999999999988,0.6319999999999997,0.7909999999999986,0.15899999999999892,-0.09900000000000198,1.2134566625194507,1.1799999999999855,-1.4083367057871161,-1.8714743608012432,1.2134566625194507,0,0.06026860552783658,0,0,15.979,1.118,0.00665,0,0
COMP_01060,Lot_B,13.027,13.224,13.531,13.882,Healthy,0,0,0.19700000000000095,0.5040000000000013,0.8550000000000004,0.3509999999999991,0.04399999999999871,-0.1731271287390567,-0.5899999999999928,-1.0629974369350945,-0.04749934925893844,-0.04749934925893844,0,0.15393733642324092,0,0,13.997,0.97,0.00577,0,0
COMP_01061,Lot_C,10.208,10.391,10.766,11.039,Healthy,0,0,0.18299999999999983,0.5579999999999998,0.8309999999999995,0.2729999999999997,-0.10200000000000031,-0.13817337257866483,-0.7800000000000118,-1.231456613892876,-0.759989588142646,-0.13817337257866483,0,0.18267556491678544,0,0,11.195,0.987,0.00588,0,0
COMP_01062,Lot_C,9.63,9.923,10.244,10.53,Healthy,0,0,0.29299999999999926,0.613999999999999,0.8999999999999986,0.2859999999999996,-0.03500000000000014,-0.6591381625234096,0.3199999999999825,-0.8788818987119323,-0.6364912800694671,0.3199999999999825,0,0.19015365404423207,0,0,10.754,1.124,0.00669,0,0
COMP_01063,Lot_C,9.641,10.839,20.753,43.859,Latent Defect,1,0,1.1980000000000004,11.112,34.218,23.106,13.192000000000002,33.453308760990126,9.369999999999994,169.3687175273582,216.1505387376201,216.1505387376201,1,-0.05389606579557993,1,1,37.21,27.569,0.1641,1,1
COMP_01064,Lot_B,13.629,13.927,14.345,14.597,Healthy,0,0,0.29800000000000004,0.7160000000000011,0.968,0.2519999999999989,-0.16600000000000215,0.38699005247553814,0.41999999999999815,-0.4532577903682635,-0.9879864645854404,0.41999999999999815,0,0.15188726009720938,0,0,14.615,0.986,0.00587,0,0
COMP_01065,Lot_B,12.419,13.477,23.565,37.437,Latent Defect,1,0,1.0579999999999998,11.146,25.017999999999997,13.871999999999996,3.7839999999999954,18.279404624421478,8.019999999999996,129.3187643329268,128.40024091669667,129.3187643329268,1,-0.05695199027435116,1,1,38.876,26.457,0.15748,1,1
COMP_01066,Lot_C,10.533,10.774,11.312,11.59,Healthy,0,0,0.24099999999999966,0.7789999999999999,1.0570000000000004,0.27800000000000047,-0.2599999999999998,0.4257786888349978,-0.2000000000000135,-0.07664667721324347,-0.7124902388837233,0.4257786888349978,0,0.18297706499319877,0,0,11.599,1.066,0.00635,0,0
COMP_01067,Lot_A,7.779,7.996,8.395,8.825,Healthy,0,0,0.21700000000000053,0.6159999999999997,1.0459999999999994,0.4299999999999997,0.031000000000000583,-0.9381660301969411,-0.3750000000000009,-0.027307318197437286,0.6215895234392134,0.6215895234392134,0,0.15773109634997823,0,0,8.892,1.113,0.00662,0,0
COMP_01068,Lot_A,9.137,9.54,9.93,9.946,Healthy,0,0,0.4029999999999987,0.7929999999999993,0.8089999999999993,0.016000000000000014,-0.37400000000000055,0.3813874451490697,1.4849999999999808,-1.321674200755763,-3.028595763139994,1.4849999999999808,0,0.11341691725630315,0,0,10.204,1.067,0.00635,0,0
COMP_01069,Lot_B,12.55,12.818,13.354,13.734,Healthy,0,0,0.2679999999999989,0.8039999999999985,1.1839999999999993,0.3800000000000008,-0.1559999999999988,-0.28906746834711244,0.11999999999998678,0.7122622420072726,0.22799687644277966,0.7122622420072726,0,0.16629742047305235,0,0,13.69,1.14,0.00679,0,0
COMP_01070,Lot_A,8.103,8.49,8.816,9.139,Healthy,0,0,0.38700000000000045,0.713000000000001,1.0359999999999996,0.3229999999999986,-0.00300000000000189,-0.5685498024907437,1.3249999999999984,-0.08192195459230216,-0.321815852560737,1.3249999999999984,0,0.1577803987839148,0,0,9.202,1.099,0.00654,0,0
COMP_01071,Lot_A,7.636,8.84,20.723,38.371,Latent Defect,1,0,1.2039999999999997,13.087,30.735000000000003,17.648000000000003,5.765000000000004,33.84107302651423,9.49499999999999,162.11808667452036,152.43050320537364,162.11808667452036,1,-0.044314576524506544,1,1,38.16,30.524,0.18169,1,1
COMP_01072,Lot_A,8.392,8.506,8.922,9.387,Healthy,0,0,0.11400000000000077,0.5300000000000011,0.995000000000001,0.46499999999999986,0.04899999999999949,-0.27662360990750373,-1.4049999999999985,-0.30584196381124523,0.9301800669905971,0.9301800669905971,0,0.14705642577196087,0,0,9.333,0.941,0.0056,0,0
COMP_01073,Lot_A,8.3,8.524,9.107,9.426,Healthy,0,0,0.22399999999999842,0.8069999999999986,1.1259999999999994,0.31900000000000084,-0.26399999999999935,-0.23071586188030122,-0.3050000000000219,0.40960977296149137,-0.35708334325230406,0.40960977296149137,0,0.17433483918782322,0,0,9.333,1.033,0.00615,0,0
COMP_01074,Lot_A,9.534,9.681,10.212,10.727,Healthy,0,0,0.14699999999999847,0.677999999999999,1.1929999999999996,0.5150000000000006,-0.016000000000000014,1.3007195274374148,-1.0750000000000215,0.7755278368070947,1.3710237006354355,1.3710237006354355,0,0.17016954308751603,0,0,10.554,1.02,0.00607,0,0
COMP_01075,Lot_C,10.907,11.008,11.381,11.707,Healthy,0,0,0.10099999999999909,0.4740000000000002,0.8000000000000007,0.3260000000000005,-0.0470000000000006,0.5455289450698417,-1.6000000000000192,-1.3898597468002525,-0.2564964859981356,0.5455289450698417,0,0.1502675415734534,0,0,11.771,0.864,0.00514,0,0
COMP_01076,Lot_B,14.111,14.254,14.582,14.772,Healthy,0,0,0.1429999999999989,0.4710000000000001,0.6609999999999996,0.1899999999999995,-0.13800000000000168,0.5240816702553347,-1.1300000000000132,-2.10980709564276,-1.57697839539597,0.5240816702553347,0,0.0877161236716632,0,0,14.992,0.881,0.00524,0,0
COMP_01077,Lot_B,12.092,12.241,12.883,13.169,Healthy,0,0,0.14899999999999913,0.7909999999999986,1.077,0.28600000000000136,-0.3559999999999981,-0.7316775486075962,-1.070000000000011,0.13489815189531904,-0.6649908896248007,0.13489815189531904,0,0.13968251389998415,0,0,13.074,0.982,0.00585,0,0
COMP_01078,Lot_B,13.76,14.011,14.462,14.753,Healthy,0,0,0.25099999999999945,0.702,0.9930000000000003,0.29100000000000037,-0.16000000000000014,0.5091974374678139,-0.050000000000007816,-0.3183596384729445,-0.617491540365896,0.5091974374678139,0,0.1552099680743591,0,0,14.778,1.018,0.00606,0,0
COMP_01079,Lot_A,9.116,9.378,9.84,10.131,Healthy,0,0,0.26200000000000045,0.7240000000000002,1.0150000000000006,0.29100000000000037,-0.17099999999999937,0.599154967842212,0.0749999999999984,-0.19661269102151546,-0.6039557780934142,0.599154967842212,0,0.18933158457039762,0,0,10.12,1.004,0.00598,0,0
COMP_01080,Lot_C,9.613,9.91,10.388,10.75,Healthy,0,0,0.2970000000000006,0.7750000000000004,1.1370000000000005,0.3620000000000001,-0.11599999999999966,-0.43396674054336226,0.3599999999999959,0.3321356012574217,0.08549882866605084,0.3599999999999959,0,0.19268431923106105,0,0,10.754,1.141,0.00679,0,0
COMP_01081,Lot_C,9.321,9.727,10.119,10.466,Healthy,0,0,0.4060000000000006,0.798,1.1449999999999996,0.34699999999999953,-0.04499999999999993,-0.7246425761903323,1.4499999999999957,0.37301382910448366,-0.056999219110700564,1.4499999999999957,0,0.1729194402318825,0,0,10.472,1.151,0.00685,0,0
COMP_01082,Lot_A,8.35,8.757,9.172,9.484,Healthy,0,0,0.40700000000000003,0.822000000000001,1.1340000000000003,0.3119999999999994,-0.10300000000000153,-0.16244280071164074,1.5249999999999941,0.4533014820773891,-0.41880145196259333,1.5249999999999941,0,0.16322724664964544,0,0,9.516,1.166,0.00694,0,0
COMP_01083,Lot_B,13.13,13.325,13.788,14.375,Healthy,0,0,0.1949999999999985,0.6579999999999995,1.2449999999999992,0.5869999999999997,0.12399999999999878,0.21307954306345447,-0.6100000000000172,1.0414137326318462,2.1944699357618154,2.1944699357618154,0,0.12856370969720288,0,0,14.148,1.018,0.00606,0,0
COMP_01084,Lot_C,10.27,10.541,10.905,11.426,Healthy,0,0,0.2710000000000008,0.6349999999999998,1.1560000000000006,0.5210000000000008,0.1570000000000018,0.2579236288135088,0.09999999999999787,0.4292213923942052,1.595978135099565,1.595978135099565,0,0.15368721392292872,0,0,11.332,1.062,0.00632,0,0
COMP_01085,Lot_C,11.745,12.063,12.592,12.918,Healthy,0,0,0.3180000000000014,0.8470000000000013,1.173,0.32599999999999874,-0.20300000000000118,1.7849952724236429,0.5700000000000038,0.5160876265692187,-0.2564964859981525,1.7849952724236429,0,0.16108051146313895,0,0,12.871,1.126,0.0067,0,0
COMP_01086,Lot_B,13.43,13.614,13.929,14.13,Healthy,0,0,0.18400000000000105,0.49900000000000055,0.7000000000000011,0.2010000000000005,-0.11399999999999899,0.02115127817174075,-0.7199999999999918,-1.8993659786860573,-1.4724798270263493,0.02115127817174075,0,0.12753533830209152,0,0,14.275,0.845,0.00503,0,0
COMP_01087,Lot_B,13.452,14.376,23.127,40.974,Latent Defect,1,0,0.9239999999999995,9.674999999999999,27.522,17.846999999999998,9.095999999999998,21.05022206491941,6.679999999999993,142.83016322676175,166.1622235775334,166.1622235775334,1,-0.05470217313406989,1,1,40.687,27.235,0.16211,1,1
COMP_01088,Lot_A,9.296,9.5,10.084,10.527,Healthy,0,0,0.20400000000000063,0.7880000000000003,1.2309999999999999,0.4429999999999996,-0.14100000000000001,1.065295178579963,-0.5049999999999999,0.9830634551075871,0.7362088681868688,1.065295178579963,0,0.18335640536950992,0,0,10.271,0.975,0.0058,0,0
COMP_01089,Lot_C,9.036,9.376,9.792,10.092,Healthy,0,0,0.33999999999999986,0.7560000000000002,1.056000000000001,0.3000000000000007,-0.11599999999999966,-1.1074339935564106,0.7899999999999885,-0.08175645569412396,-0.5034931021444935,0.7899999999999885,0,0.18316452250036847,0,0,10.133,1.097,0.00653,0,0
COMP_01090,Lot_A,8.277,8.526,8.926,9.192,Healthy,0,0,0.24900000000000055,0.6490000000000009,0.9150000000000009,0.266,-0.13400000000000034,-0.5061623500435183,-0.055000000000000604,-0.7427590549701739,-0.8243775949158334,-0.055000000000000604,0,0.18235911499663643,0,0,9.322,1.045,0.00622,0,0
COMP_01091,Lot_C,9.324,9.585,10.016,10.418,Healthy,0,0,0.261000000000001,0.6920000000000002,1.0939999999999994,0.40199999999999925,-0.028999999999999915,-0.7737708864405245,0.0,0.11241512657943405,0.46549362273736544,0.46549362273736544,0,0.1991002843501748,0,0,10.335,1.011,0.00602,0,0
COMP_01092,Lot_B,13.058,13.314,13.835,14.327,Healthy,0,0,0.2560000000000002,0.777000000000001,1.2690000000000001,0.4919999999999991,-0.02900000000000169,0.175477270758139,0.0,1.1709159584513555,1.2919822998424406,1.2919822998424406,0,0.15141036404408004,0,0,14.101,1.043,0.00621,0,0
COMP_01093,Lot_B,14.605,14.962,15.517,16.075,Healthy,0,0,0.3569999999999993,0.911999999999999,1.4699999999999989,0.5579999999999998,0.0030000000000001137,1.5448266872100433,1.009999999999991,2.2554970996896984,1.918973710060114,2.2554970996896984,0,0.04115230030328254,0,0,15.627,1.022,0.00608,0,0
COMP_01094,Lot_B,13.482,13.758,14.477,14.554,Healthy,0,0,0.2759999999999998,0.995000000000001,1.072000000000001,0.07699999999999996,-0.6420000000000012,0.35330468353536026,0.19999999999999574,0.10791852151626098,-2.6504636886474255,0.35330468353536026,0,0.07766201206692908,0,0,14.544,1.062,0.00632,0,0
COMP_01095,Lot_A,8.329,8.679,9.247,9.853,Healthy,0,0,0.34999999999999964,0.9179999999999993,1.5239999999999991,0.6059999999999999,0.038000000000000256,0.27191512293035525,0.9549999999999903,2.583272301477158,2.173359113869024,2.583272301477158,0,0.10013767175540361,0,0,9.484,1.155,0.00688,0,0
COMP_01096,Lot_A,8.586,8.802,9.212,9.593,Healthy,0,0,0.2159999999999993,0.6259999999999994,1.0069999999999997,0.3810000000000002,-0.028999999999999915,-0.03413653058433023,-0.3850000000000131,-0.2403044001374132,0.1895627624672824,0.1895627624672824,0,0.18515882510972076,0,0,9.607,1.021,0.00608,0,0
COMP_01097,Lot_A,9.797,10.178,10.621,10.997,Healthy,0,0,0.3810000000000002,0.8239999999999998,1.1999999999999993,0.37599999999999945,-0.06700000000000017,1.6185423983949725,1.2649999999999961,0.8137580822834992,0.14547839910279228,1.6185423983949725,0,0.17076231961800353,0,0,10.944,1.147,0.00683,0,0
COMP_01098,Lot_A,8.011,8.22,8.796,9.306,Healthy,0,0,0.2090000000000014,0.7850000000000001,1.295,0.5099999999999998,-0.06599999999999895,-0.3719704711947727,-0.4549999999999921,1.33259712803473,1.3269393372709455,1.33259712803473,0,0.1527840745910365,0,0,9.072,1.061,0.00632,0,0
COMP_01099,Lot_C,9.372,9.642,10.063,10.499,Healthy,0,0,0.2699999999999996,0.6910000000000007,1.1270000000000007,0.43599999999999994,0.014999999999998792,-0.6908668628933241,0.08999999999998565,0.28103781644858966,0.7884891976979963,0.7884891976979963,0,0.19438605836372308,0,0,10.413,1.041,0.0062,0,0
COMP_01100,Lot_B,12.573,12.669,13.239,13.559,Healthy,0,0,0.09600000000000009,0.6660000000000004,0.9859999999999989,0.3199999999999985,-0.2500000000000018,-0.42615908612690895,-1.6000000000000014,-0.35613112100364114,-0.3419953146642117,-0.3419953146642117,0,0.1540537264816828,0,0,13.599,1.026,0.00611,0,0
COMP_01101,Lot_A,8.34,8.625,9.118,9.513,Healthy,0,0,0.28500000000000014,0.7780000000000005,1.173,0.3949999999999996,-0.09800000000000075,-0.12830627012731052,0.3049999999999953,0.666298564017365,0.31299897988782965,0.666298564017365,0,0.17858722030037655,0,0,9.433,1.093,0.00651,0,0
COMP_01102,Lot_C,8.533,8.828,9.049,9.476,Healthy,0,0,0.29499999999999993,0.516,0.9430000000000014,0.4270000000000014,0.2060000000000013,-1.737913975100541,0.3399999999999892,-0.6591614240339356,0.7029903690319623,0.7029903690319623,0,0.1512280363501115,0,0,9.694,1.161,0.00691,0,0
COMP_01103,Lot_C,11.007,11.147,11.636,12.092,Healthy,0,0,0.14000000000000057,0.6289999999999996,1.0850000000000009,0.4560000000000013,-0.0329999999999977,0.9395789335349233,-1.2100000000000044,0.0664271202514916,0.9784865947336705,0.9784865947336705,0,0.1626451481588821,0,0,11.981,0.974,0.0058,0,0
COMP_01104,Lot_C,9.596,9.9,10.016,10.475,Healthy,0,0,0.30400000000000027,0.41999999999999993,0.8789999999999996,0.45899999999999963,0.34299999999999997,-0.715431018018421,0.4299999999999926,-0.9861872468104769,1.0069862042890039,1.0069862042890039,0,0.13433133896721766,0,0,10.754,1.158,0.00689,0,0
COMP_01105,Lot_C,10.027,10.256,10.824,11.347,Healthy,0,0,0.22900000000000098,0.7970000000000006,1.3200000000000003,0.5229999999999997,-0.04499999999999993,0.17706661819340042,-0.3200000000000003,1.2672250632590665,1.6149778748031207,1.6149778748031207,0,0.158162497637942,0,0,11.097,1.07,0.00637,0,0
COMP_01106,Lot_A,8.889,9.267,9.531,9.947,Healthy,0,0,0.3780000000000001,0.6420000000000012,1.0579999999999998,0.4159999999999986,0.15199999999999747,0.3825645668933563,1.234999999999995,0.03823024547640444,0.4981533060186505,1.234999999999995,0,0.15793873735569441,0,0,10.021,1.132,0.00674,0,0
COMP_01107,Lot_B,12.855,13.042,13.26,13.671,Healthy,0,0,0.1869999999999994,0.40499999999999936,0.815999999999999,0.4109999999999996,0.19299999999999962,-0.3384204507478395,-0.6900000000000084,-1.2734385538917972,0.522492841848036,0.522492841848036,0,0.12090883749139247,0,0,13.772,0.917,0.00546,0,0
COMP_01108,Lot_C,10.788,11.145,11.736,12.009,Healthy,0,0,0.3569999999999993,0.9480000000000004,1.221,0.2729999999999997,-0.3180000000000014,0.8546278970606328,0.9599999999999831,0.7613569936516178,-0.759989588142646,0.9599999999999831,0,0.14200426509769337,0,0,11.914,1.126,0.0067,0,0
COMP_01109,Lot_B,14.42,14.781,15.2,15.553,Healthy,0,0,0.36100000000000065,0.7799999999999994,1.133000000000001,0.35300000000000153,-0.06599999999999717,1.1359019758897388,1.0500000000000043,0.43707001214083446,-0.028499609555349567,1.1359019758897388,0,0.11383416385908673,0,0,15.412,0.992,0.0059,0,0
COMP_01110,Lot_A,7.753,8.121,8.39,8.793,Healthy,0,0,0.3680000000000003,0.6370000000000005,1.0399999999999991,0.4029999999999987,0.13399999999999856,-0.9758339260141332,1.1349999999999971,-0.06007610003435815,0.383533961270995,1.1349999999999971,0,0.1427803863105157,0,0,8.924,1.171,0.00697,0,0
COMP_01111,Lot_C,9.463,9.624,9.849,10.178,Healthy,0,0,0.16100000000000136,0.386000000000001,0.7150000000000016,0.3290000000000006,0.10400000000000098,-1.0194124376914828,-0.9999999999999964,-1.824190917675329,-0.22799687644278538,-0.22799687644278538,0,0.14673327072048387,0,0,10.394,0.931,0.00554,0,0
COMP_01112,Lot_A,7.488,7.743,8.405,8.775,Healthy,0,0,0.2549999999999999,0.9169999999999989,1.287,0.370000000000001,-0.29199999999999804,-0.9970221174113024,0.004999999999992788,1.2889054189188371,0.09257716306542609,1.2889054189188371,0,0.12095950607616801,0,0,8.727,1.239,0.00738,0,0
COMP_01113,Lot_A,10.098,11.101,18.68,34.112,Latent Defect,1,0,1.0030000000000001,8.581999999999999,24.014000000000003,15.432000000000002,7.853000000000003,28.82771151759482,7.484999999999995,125.41158955353087,132.89231336223466,132.89231336223466,1,-0.0457760302551834,1,1,37.384,27.286,0.16242,1,1
COMP_01114,Lot_B,12.928,36.097,62.787,127.744,Gross Failure,1,1,23.169,49.858999999999995,114.816,64.957,38.266999999999996,89.02416306350739,229.13,613.8621340887544,613.7010922950225,613.8621340887544,1,-0.24473090281212007,1,1,127.678,114.75,0.68304,1,1
COMP_01115,Lot_B,12.23,12.462,12.761,13.199,Healthy,0,0,0.23199999999999932,0.5309999999999988,0.9689999999999994,0.4380000000000006,0.13900000000000112,-0.7081761284167745,-0.2400000000000091,-0.44786186429245384,0.7789893278461821,0.7789893278461821,0,0.16218969564475838,0,0,13.237,1.007,0.00599,0,0
COMP_01116,Lot_B,12.952,13.289,13.76,13.917,Healthy,0,0,0.33699999999999974,0.8079999999999998,0.9649999999999999,0.15700000000000003,-0.31400000000000006,-0.14570880518309737,0.8099999999999952,-0.4694455685957022,-1.8904741005047982,0.8099999999999952,0,0.1279322145956583,0,0,14.009,1.057,0.00629,0,0
COMP_01117,Lot_A,9.377,9.466,9.692,9.95,Healthy,0,0,0.08899999999999864,0.3149999999999995,0.5729999999999986,0.2579999999999991,0.03199999999999825,0.3860959321262182,-1.6550000000000198,-2.610579619674605,-0.8949125762990144,0.3860959321262182,0,0.10637431575085432,0,0,10.271,0.894,0.00532,0,0
COMP_01118,Lot_C,9.187,9.548,9.978,10.452,Healthy,0,0,0.36100000000000065,0.7910000000000004,1.2650000000000006,0.4740000000000002,0.04400000000000048,-0.738971666679971,0.9999999999999964,0.986187246810486,1.1494842520657553,1.1494842520657553,0,0.16034939641391643,0,0,10.284,1.097,0.00653,0,0
COMP_01119,Lot_A,8.046,8.321,8.828,9.248,Healthy,0,0,0.27500000000000036,0.782,1.202,0.41999999999999993,-0.08699999999999974,-0.44024353236343317,0.2049999999999974,0.824681009562476,0.5334207967102488,0.824681009562476,0,0.17229740608995248,0,0,9.138,1.092,0.0065,0,0
COMP_01120,Lot_A,8.128,8.348,8.762,8.947,Healthy,0,0,0.22000000000000064,0.6340000000000003,0.8189999999999991,0.18499999999999872,-0.22900000000000098,-0.7945571773938964,-0.34499999999999975,-1.267059564360898,-1.5385442814204728,-0.34499999999999975,0,0.15537807160839429,0,0,9.25,1.122,0.00668,0,0
COMP_01121,Lot_C,9.924,11.048,21.418,39.646,Latent Defect,1,0,1.1240000000000006,11.494,29.722,18.228,7.858000000000002,29.14127603007223,8.629999999999995,146.39515347730685,169.81017360062233,169.81017360062233,1,-0.008767319294902931,1,1,37.756,27.832,0.16567,1,1
COMP_01122,Lot_C,11.203,12.417,21.073,39.218,Latent Defect,1,0,1.2140000000000004,9.870000000000001,28.015000000000004,18.145000000000003,9.489000000000003,28.70321526367469,9.529999999999994,137.67276161043904,169.02168440292434,169.02168440292434,1,-0.019101806496324314,1,1,37.811,26.608,0.15838,1,1
COMP_01123,Lot_C,10.652,10.76,11.124,11.405,Healthy,0,0,0.10800000000000054,0.4720000000000013,0.7530000000000001,0.2809999999999988,-0.08300000000000196,0.23642999307904894,-1.5300000000000047,-1.6300193354017711,-0.6839906293283898,0.23642999307904894,0,0.14956257374747256,0,0,11.599,0.947,0.00564,0,0
COMP_01124,Lot_C,10.37,10.662,11.124,11.226,Healthy,0,0,0.2920000000000016,0.7540000000000013,0.8560000000000016,0.10200000000000031,-0.35999999999999943,0.05322233610437609,0.3100000000000058,-1.1037121518707824,-2.3844673327975445,0.3100000000000058,0,0.14208207227730324,0,0,11.421,1.051,0.00626,0,0
COMP_01125,Lot_B,11.183,11.414,11.804,12.154,Healthy,0,0,0.23099999999999987,0.6210000000000004,0.9710000000000001,0.34999999999999964,-0.040000000000000924,-1.5268089317304132,-0.25000000000000355,-0.43707001214082486,-0.05699921911071601,-0.05699921911071601,0,0.1813679009228727,0,0,12.307,1.124,0.00669,0,0
COMP_01126,Lot_B,12.484,12.856,13.031,13.411,Healthy,0,0,0.3719999999999999,0.5470000000000006,0.9269999999999996,0.379999999999999,0.2049999999999983,-0.5420994257349647,1.1599999999999966,-0.6744907594765857,0.22799687644276279,1.1599999999999966,0,0.13017467980148822,0,0,13.673,1.189,0.00708,0,0
COMP_01127,Lot_A,9.162,9.469,10.013,10.456,Healthy,0,0,0.3069999999999986,0.8509999999999991,1.2939999999999987,0.4429999999999996,-0.10100000000000087,0.9817195347355683,0.5249999999999799,1.3271356643952368,0.7362088681868688,1.3271356643952368,0,0.17044218964154934,0,0,10.271,1.109,0.0066,0,0
COMP_01128,Lot_B,12.336,12.498,12.703,13.017,Healthy,0,0,0.16199999999999903,0.3669999999999991,0.6809999999999992,0.31400000000000006,0.10899999999999999,-0.8507514109077626,-0.9400000000000119,-2.0018885741265087,-0.3989945337748939,-0.3989945337748939,0,0.12667135951643926,0,0,13.279,0.943,0.00561,0,0
COMP_01129,Lot_B,12.145,12.488,12.903,13.15,Healthy,0,0,0.34299999999999997,0.7580000000000009,1.0050000000000008,0.2469999999999999,-0.16800000000000104,-0.746561781395117,0.8699999999999974,-0.2536085255631898,-1.035485813844345,0.8699999999999974,0,0.15989672881990957,0,0,13.19,1.045,0.00622,0,0
COMP_01130,Lot_A,7.549,7.958,8.406,8.677,Healthy,0,0,0.4089999999999998,0.8570000000000002,1.1279999999999992,0.270999999999999,-0.17700000000000138,-1.112380048351454,1.544999999999992,0.42053270024046335,-0.780293231551359,1.544999999999992,0,0.125035756272168,0,0,8.807,1.258,0.00749,0,0
COMP_01131,Lot_C,10.112,10.513,10.917,11.335,Healthy,0,0,0.4009999999999998,0.8049999999999997,1.2230000000000008,0.41800000000000104,0.014000000000001123,0.16478454063085377,1.399999999999988,0.7715765506133878,0.6174915403659115,1.399999999999988,0,0.16018256225719685,0,0,11.332,1.22,0.00726,0,0
COMP_01132,Lot_B,14.305,14.404,14.777,15.233,Healthy,0,0,0.0990000000000002,0.47199999999999953,0.9280000000000008,0.4560000000000013,0.08300000000000196,0.8852201605209689,-1.5700000000000003,-0.6690948334007664,0.9499869851782795,0.9499869851782795,0,0.09438739859276185,0,0,15.104,0.799,0.00476,0,0
COMP_01133,Lot_A,7.941,8.224,8.583,8.888,Healthy,0,0,0.28300000000000036,0.6420000000000003,0.9470000000000001,0.3049999999999997,-0.05400000000000027,-0.8640073603068434,0.2849999999999975,-0.5679922185066073,-0.48051956067286694,0.2849999999999975,0,0.16904766194607096,0,0,9.037,1.096,0.00652,0,0
COMP_01134,Lot_A,8.046,8.347,8.821,9.181,Healthy,0,0,0.30100000000000016,0.7750000000000004,1.1349999999999998,0.35999999999999943,-0.11400000000000077,-0.5191106892306793,0.4649999999999954,0.45876294571687265,0.004408436336445878,0.4649999999999954,0,0.17403708077217783,0,0,9.138,1.092,0.0065,0,0
COMP_01135,Lot_B,15.758,16.147,16.36,16.665,Healthy,0,0,0.38899999999999935,0.6020000000000003,0.907,0.3049999999999997,0.09199999999999875,2.0070212842962123,1.3299999999999912,-0.782409280992837,-0.48449336244094265,2.0070212842962123,0,0.012867586852814972,0,0,16.721,0.963,0.00573,0,0
COMP_01136,Lot_A,10.441,10.645,11.346,11.653,Healthy,0,0,0.20399999999999885,0.9049999999999994,1.2119999999999997,0.3070000000000004,-0.39400000000000013,2.390734262647411,-0.5050000000000177,0.8792956459573409,-0.4628858153270678,2.390734262647411,0,0.1551146081661916,0,0,11.444,1.003,0.00597,0,0
COMP_01137,Lot_C,9.789,10.108,10.548,10.947,Healthy,0,0,0.31900000000000084,0.7590000000000003,1.1579999999999995,0.39899999999999913,-0.04100000000000037,-0.2323359672248667,0.5799999999999983,0.43944094935596617,0.43699401318201514,0.5799999999999983,0,0.18972150999692544,0,0,10.91,1.121,0.00667,0,0
COMP_01138,Lot_B,14.732,15.043,15.51,16.027,Healthy,0,0,0.31099999999999994,0.7780000000000005,1.2950000000000017,0.5170000000000012,0.05000000000000071,1.5072244149047291,0.5499999999999972,1.3112100364224937,1.5294790461370316,1.5294790461370316,0,0.08038956777692763,0,0,15.996,1.264,0.00752,0,0
COMP_01139,Lot_B,13.964,14.156,14.843,15.258,Healthy,0,0,0.19200000000000017,0.8789999999999996,1.2939999999999987,0.41499999999999915,-0.27200000000000024,0.9048046773466528,-0.6400000000000006,1.305814110346665,0.5604923212551631,1.305814110346665,0,0.11406768485955643,0,0,14.937,0.973,0.00579,0,0
COMP_01140,Lot_B,12.765,12.853,13.138,13.658,Healthy,0,0,0.08799999999999919,0.37299999999999933,0.8929999999999989,0.5199999999999996,0.23499999999999943,-0.3486043994971957,-1.6800000000000104,-0.8579522460542206,1.5579786556923643,1.5579786556923643,0,0.09931635789886684,0,0,13.751,0.986,0.00587,0,0
COMP_01141,Lot_C,11.566,11.823,12.06,12.301,Healthy,0,0,0.2569999999999997,0.4939999999999998,0.7349999999999994,0.24099999999999966,0.0039999999999995595,1.1534917844159673,-0.04000000000001336,-1.7219953480576742,-1.0639854233997044,1.1534917844159673,0,0.14823086242919842,0,0,12.548,0.982,0.00585,0,0
COMP_01142,Lot_A,7.201,7.318,8.011,8.567,Healthy,0,0,0.11699999999999999,0.8099999999999996,1.3660000000000005,0.5560000000000009,-0.13699999999999868,-1.2418634402230513,-1.3750000000000062,1.7203610464382821,1.732515480224201,1.732515480224201,0,0.052094087267375744,0,0,8.317,1.116,0.00664,0,0
COMP_01143,Lot_B,11.767,12.016,12.312,12.661,Healthy,0,0,0.24900000000000055,0.5449999999999999,0.8940000000000001,0.3490000000000002,0.053000000000000824,-1.1296349305055189,-0.06999999999999673,-0.8525563199784014,-0.06649908896249357,-0.06649908896249357,0,0.16758114112148226,0,0,12.895,1.128,0.00671,0,0
COMP_01144,Lot_B,14.803,15.14,15.687,16.017,Healthy,0,0,0.33699999999999974,0.8839999999999986,1.2139999999999986,0.33000000000000007,-0.21699999999999875,1.499390608174454,0.8099999999999952,0.8741400242816497,-0.24699661614636853,1.499390608174454,0,0.08114492277060353,0,0,15.979,1.176,0.007,0,0
COMP_01145,Lot_A,9.51,9.811,10.31,10.648,Healthy,0,0,0.30100000000000016,0.8000000000000007,1.138,0.3379999999999992,-0.16100000000000136,1.207726909638721,0.4649999999999954,0.4751473366353331,-0.1895627624672824,1.207726909638721,0,0.18958634600941016,0,0,10.741,1.231,0.00733,0,0
COMP_01146,Lot_C,10.287,10.56,10.945,11.217,Healthy,0,0,0.2729999999999997,0.6579999999999995,0.9299999999999997,0.27200000000000024,-0.11299999999999955,0.04401077793246474,0.11999999999998678,-0.7255885442854273,-0.7694894579944238,0.11999999999998678,0,0.18749813890399308,0,0,11.332,1.045,0.00622,0,0
COMP_01147,Lot_C,9.103,9.278,9.706,10.02,Healthy,0,0,0.1750000000000007,0.6029999999999998,0.9169999999999998,0.31400000000000006,-0.11399999999999899,-1.1811264589316997,-0.860000000000003,-0.7920156645369097,-0.3704949242195368,-0.3704949242195368,0,0.18828861904350075,0,0,10.048,0.945,0.00562,0,0
COMP_01148,Lot_B,12.317,12.512,12.997,13.484,Healthy,0,0,0.19500000000000028,0.6799999999999997,1.1669999999999998,0.4870000000000001,0.002000000000000668,-0.48491263660396383,-0.6099999999999994,0.6205314987184599,1.244482950583536,1.244482950583536,0,0.16136289242626073,0,0,13.279,0.962,0.00573,0,0
COMP_01149,Lot_C,9.99,10.234,10.572,10.9,Healthy,0,0,0.24399999999999977,0.581999999999999,0.9100000000000001,0.3280000000000012,-0.00999999999999801,-0.2804407710115119,-0.17000000000001236,-0.8277841139030913,-0.23749674629456316,-0.17000000000001236,0,0.19340240442573225,0,0,11.097,1.107,0.00659,0,0
COMP_01150,Lot_C,11.071,11.404,11.97,12.414,Healthy,0,0,0.3330000000000002,0.8990000000000009,1.343,0.44399999999999906,-0.12200000000000166,1.2691480147966272,0.7199999999999918,1.3847499683193811,0.8644881565122525,1.3847499683193811,0,0.14787095938089206,0,0,12.221,1.15,0.00685,0,0
COMP_01151,Lot_C,10.393,10.675,11.155,11.463,Healthy,0,0,0.28200000000000003,0.7619999999999987,1.0699999999999985,0.30799999999999983,-0.17199999999999882,0.29579336796469746,0.2099999999999902,-0.010219556961770033,-0.42749414333023733,0.29579336796469746,0,0.18717646752956574,0,0,11.421,1.028,0.00612,0,0
COMP_01152,Lot_C,10.075,10.343,10.869,11.229,Healthy,0,0,0.2680000000000007,0.7940000000000005,1.154,0.35999999999999943,-0.16600000000000037,0.05629285549501139,0.06999999999999673,0.4190018354324352,0.06649908896247836,0.4190018354324352,0,0.18593628154433278,0,0,11.165,1.09,0.00649,0,0
COMP_01153,Lot_B,15.316,15.469,16.009,16.355,Healthy,0,0,0.1529999999999987,0.6929999999999996,1.0389999999999997,0.3460000000000001,-0.19400000000000084,1.7641732756577178,-1.0300000000000153,-0.07014703898556436,-0.09499869851784314,1.7641732756577178,0,0.048180098863780274,0,0,16.174,0.858,0.00511,0,0
COMP_01154,Lot_B,13.002,13.187,13.76,14.175,Healthy,0,0,0.18499999999999872,0.7579999999999991,1.173,0.4150000000000009,-0.15799999999999947,0.05640340845797394,-0.7100000000000151,0.6529070551733372,0.56049232125518,0.6529070551733372,0,0.16335106137487648,0,0,13.997,0.995,0.00592,0,0
COMP_01155,Lot_B,13.917,14.181,14.592,14.935,Healthy,0,0,0.26399999999999935,0.6750000000000007,1.0180000000000007,0.34299999999999997,-0.06800000000000139,0.6517727199588019,0.07999999999999119,-0.18346148657762545,-0.1234983080731927,0.6517727199588019,0,0.1534957106193391,0,0,14.892,0.975,0.0058,0,0
COMP_01156,Lot_C,10.39,10.48,11.034,11.627,Healthy,0,0,0.08999999999999986,0.6440000000000001,1.237,0.593,0.0389999999999997,0.4636484279861883,-1.7100000000000115,0.8431134493457508,2.279968764427938,2.279968764427938,0,0.1237954480177183,0,0,11.32,0.93,0.00554,0,0
COMP_01157,Lot_A,8.884,9.112,9.542,9.963,Healthy,0,0,0.22799999999999976,0.6579999999999995,1.0789999999999988,0.4209999999999994,-0.009000000000000341,0.4013985148019523,-0.26500000000000856,0.15292098190561776,0.5422376693831406,0.5422376693831406,0,0.18931500480966001,0,0,9.892,1.008,0.006,0,0
COMP_01158,Lot_C,9.768,11.141,20.38,42.666,Latent Defect,1,0,1.3729999999999993,10.611999999999998,32.897999999999996,22.285999999999998,13.046999999999999,32.23226554998014,11.119999999999983,162.6238099325922,208.360645459158,208.360645459158,1,-0.05760904386244814,1,1,39.798,30.03,0.17875,1,1
COMP_01159,Lot_C,11.518,11.742,12.182,12.53,Healthy,0,0,0.2240000000000002,0.6639999999999997,1.0119999999999987,0.347999999999999,-0.09200000000000053,1.3878747645679244,-0.3700000000000081,-0.30658670885300116,-0.04749934925892276,1.3878747645679244,0,0.17961924991077988,0,0,12.49,0.972,0.00579,0,0
COMP_01160,Lot_A,8.493,8.667,8.987,9.462,Healthy,0,0,0.1739999999999995,0.4939999999999998,0.9689999999999994,0.47499999999999964,0.15499999999999936,-0.1883394790859606,-0.8050000000000113,-0.4478400184379055,1.0183487937195617,1.0183487937195617,0,0.1528490366088271,0,0,9.568,1.075,0.0064,0,0
COMP_01161,Lot_C,10.981,11.317,11.758,12.297,Healthy,0,0,0.3360000000000003,0.7769999999999992,1.3160000000000007,0.5390000000000015,0.09800000000000253,1.1493977585617852,0.7499999999999929,1.2467859493355355,1.7669757924316667,1.7669757924316667,0,0.13498182841465928,0,0,12.155,1.174,0.00699,0,0
COMP_01162,Lot_A,8.482,8.801,9.084,9.411,Healthy,0,0,0.31900000000000084,0.6020000000000003,0.9290000000000003,0.32699999999999996,0.04400000000000048,-0.24837268804461066,0.6450000000000022,-0.666298564017365,-0.2865483618691387,0.6450000000000022,0,0.17341693389438,0,0,9.6,1.118,0.00665,0,0
COMP_01163,Lot_A,8.375,8.62,8.911,9.331,Healthy,0,0,0.24499999999999922,0.5359999999999996,0.9559999999999995,0.41999999999999993,0.12899999999999956,-0.34254242758759096,-0.09500000000001396,-0.5188390457512309,0.5334207967102488,0.5334207967102488,0,0.17013839083467897,0,0,9.433,1.058,0.0063,0,0
COMP_01164,Lot_C,10.926,11.116,11.429,11.702,Healthy,0,0,0.1899999999999995,0.5030000000000001,0.7759999999999998,0.2729999999999997,-0.040000000000000924,0.5404114127521127,-0.7100000000000151,-1.5124944303414565,-0.759989588142646,0.5404114127521127,0,0.16549241064706943,0,0,11.914,0.988,0.00588,0,0
COMP_01165,Lot_A,8.896,9.099,9.533,9.775,Healthy,0,0,0.2029999999999994,0.6369999999999987,0.8789999999999996,0.24200000000000088,-0.1919999999999984,0.18009962687595021,-0.5150000000000121,-0.939371745991699,-1.0359825390653452,0.18009962687595021,0,0.18206941884719358,0,0,9.855,0.959,0.00571,0,0
COMP_01166,Lot_C,11.781,12.037,12.625,13.024,Healthy,0,0,0.2560000000000002,0.8439999999999994,1.2429999999999986,0.39899999999999913,-0.18900000000000006,1.8934869575594835,-0.050000000000007816,0.8737721202310428,0.43699401318201514,1.8934869575594835,0,0.1532179979899128,0,0,12.871,1.09,0.00649,0,0
COMP_01167,Lot_C,9.962,10.205,10.568,10.873,Healthy,0,0,0.24300000000000033,0.6059999999999999,0.9109999999999996,0.3049999999999997,-0.05799999999999983,-0.3080754455272459,-0.18000000000000682,-0.8226743354222108,-0.45599375288558763,-0.18000000000000682,0,0.19331186057166444,0,0,10.98,1.018,0.00606,0,0
COMP_01168,Lot_B,11.891,12.052,12.752,13.13,Healthy,0,0,0.1609999999999996,0.8610000000000007,1.2390000000000008,0.3780000000000001,-0.32200000000000095,-0.7622293948556648,-0.9500000000000064,1.0090381761769784,0.20899713673920767,1.0090381761769784,0,0.13720520165863903,0,0,12.966,1.075,0.0064,0,0
COMP_01169,Lot_A,9.673,9.859,10.159,10.411,Healthy,0,0,0.18599999999999994,0.48600000000000065,0.7379999999999995,0.2519999999999989,-0.04800000000000182,0.928749056242642,-0.6850000000000067,-1.7094381191593102,-0.9478138123363963,0.928749056242642,0,0.1694209991172999,0,0,10.777,1.104,0.00657,0,0
COMP_01170,Lot_A,8.162,8.415,8.847,9.12,Healthy,0,0,0.25299999999999834,0.6849999999999987,0.9579999999999984,0.2729999999999997,-0.1590000000000007,-0.5909151156322017,-0.015000000000022773,-0.5079161184722637,-0.7626594862055598,-0.015000000000022773,0,0.17906465763132562,0,0,9.25,1.088,0.00648,0,0
COMP_01171,Lot_B,13.096,13.361,13.895,14.392,Healthy,0,0,0.26500000000000057,0.7989999999999995,1.2959999999999994,0.4969999999999999,-0.036999999999999034,0.22639701450491995,0.09000000000000341,1.316605962498294,1.3394816491013621,1.3394816491013621,0,0.1460085087832531,0,0,14.148,1.052,0.00626,0,0
COMP_01172,Lot_C,9.672,10.02,10.478,10.675,Healthy,0,0,0.347999999999999,0.8059999999999992,1.0030000000000001,0.19700000000000095,-0.26099999999999923,-0.5107297253092865,0.8699999999999797,-0.3525747151809436,-1.4819796968781471,0.8699999999999797,0,0.17455630195713662,0,0,10.831,1.159,0.0069,0,0
COMP_01173,Lot_B,14.962,15.393,15.918,16.277,Healthy,0,0,0.43100000000000094,0.9559999999999995,1.3150000000000013,0.35900000000000176,-0.16599999999999682,1.7030695831615805,1.750000000000007,1.4191285579387451,0.028499609555349567,1.750000000000007,0,0.04365380947947273,0,0,16.039,1.077,0.00641,0,0
COMP_01174,Lot_A,8.283,8.496,9.091,9.439,Healthy,0,0,0.21300000000000097,0.8079999999999998,1.1560000000000006,0.34800000000000075,-0.2469999999999981,-0.21541327920456704,-0.4149999999999965,0.5734536821460957,-0.10139403573830218,0.5734536821460957,0,0.17153397135984244,0,0,9.322,1.039,0.00618,0,0
COMP_01175,Lot_B,14.841,15.094,15.495,15.785,Healthy,0,0,0.2530000000000001,0.6539999999999999,0.9440000000000008,0.2900000000000009,-0.11099999999999888,1.3176462920320964,-0.030000000000001137,-0.5827600161877633,-0.6269914102176736,1.3176462920320964,0,0.10333691636763614,0,0,15.996,1.155,0.00688,0,0
COMP_01176,Lot_B,12.182,12.473,12.768,13.036,Healthy,0,0,0.29100000000000037,0.5860000000000003,0.8539999999999992,0.2679999999999989,-0.027000000000001023,-0.8358671781202418,0.3500000000000014,-1.0683933630109137,-0.835988546956915,0.3500000000000014,0,0.1644603012614012,0,0,13.19,1.008,0.006,0,0
COMP_01177,Lot_C,11.192,11.366,11.919,12.063,Healthy,0,0,0.1739999999999995,0.7270000000000003,0.8710000000000004,0.14400000000000013,-0.4090000000000007,0.9098972460920991,-0.8700000000000152,-1.027065474657539,-1.9854727990226575,0.9098972460920991,0,0.13863856121576307,0,0,12.155,0.963,0.00573,0,0
COMP_01178,Lot_A,9.66,20.849,51.467,116.91,Gross Failure,1,1,11.189,41.807,107.25,65.443,34.825,126.29103770109076,109.345,580.0019770498378,573.8329326064686,580.0019770498378,1,-0.20216744594488156,1,1,117.083,107.423,0.63942,1,1
COMP_01179,Lot_C,10.243,10.565,10.862,11.183,Healthy,0,0,0.3219999999999992,0.6189999999999998,0.9399999999999995,0.32099999999999973,0.023999999999999133,0.009211558171911351,0.6099999999999817,-0.6744907594765952,-0.3039958352570584,0.6099999999999817,0,0.17674401609175622,0,0,11.332,1.089,0.00648,0,0
COMP_01180,Lot_B,12.321,12.482,13.004,13.448,Healthy,0,0,0.1609999999999996,0.6829999999999998,1.1270000000000007,0.44400000000000084,-0.0779999999999994,-0.5131143408329502,-0.9500000000000064,0.40469445568595713,0.8359885469568813,0.8359885469568813,0,0.1649892201872311,0,0,13.279,0.958,0.0057,0,0
COMP_01181,Lot_C,9.697,10.069,10.424,10.924,Healthy,0,0,0.37200000000000166,0.7270000000000003,1.2270000000000003,0.5,0.14500000000000135,-0.25587661588641675,1.1100000000000065,0.7920156645369189,1.396480868212113,1.396480868212113,0,0.15266114587582758,0,0,10.839,1.142,0.0068,0,0
COMP_01182,Lot_A,8.95,9.905,22.377,39.266,Latent Defect,1,0,0.9550000000000001,13.427,30.316,16.889,4.417,34.89459698765132,7.004999999999995,159.82973340957545,145.73849684664503,159.82973340957545,1,-0.044795781759295994,1,1,38.051,29.101,0.17322,1,1
COMP_01183,Lot_B,14.326,14.587,15.082,15.522,Healthy,0,0,0.26099999999999923,0.7560000000000002,1.1959999999999997,0.4399999999999995,-0.05500000000000149,1.1116171750258887,0.04999999999999005,0.7770133549170273,0.7979890675497372,1.1116171750258887,0,0.12923585547858518,0,0,15.367,1.041,0.0062,0,0
COMP_01184,Lot_C,10.761,10.984,11.498,11.893,Healthy,0,0,0.22300000000000075,0.7370000000000001,1.1320000000000014,0.39500000000000135,-0.118999999999998,0.7359011472893358,-0.38000000000000256,0.3065867088530102,0.3989945337749039,0.7359011472893358,0,0.18516036148290504,0,0,11.771,1.01,0.00601,0,0
COMP_01185,Lot_A,8.671,8.905,9.38,9.927,Healthy,0,0,0.23399999999999999,0.7090000000000014,1.2560000000000002,0.5469999999999988,0.0719999999999974,0.35902213200761174,-0.2050000000000063,1.1196000460947542,1.6531636261681126,1.6531636261681126,0,0.1572641902469864,0,0,9.788,1.117,0.00665,0,0
COMP_01186,Lot_C,9.734,10.081,10.457,10.719,Healthy,0,0,0.34699999999999953,0.7230000000000008,0.9849999999999994,0.2619999999999987,-0.11400000000000254,-0.4656954409132785,0.8599999999999852,-0.4445507278368467,-0.8644881565122694,0.8599999999999852,0,0.18696610198147068,0,0,10.895,1.161,0.00691,0,0
COMP_01187,Lot_B,16.604,16.897,17.415,17.825,Healthy,0,0,0.29299999999999926,0.8109999999999999,1.221,0.41000000000000014,-0.10800000000000054,2.915742865008003,0.36999999999999034,0.9119115068123463,0.5129929719962585,2.915742865008003,0,0.012292956535513877,0,0,17.062,0.458,0.00273,0,0
COMP_01188,Lot_A,9.626,9.908,10.456,10.701,Healthy,0,0,0.28200000000000003,0.8300000000000001,1.075000000000001,0.245000000000001,-0.30299999999999905,1.2701143620859463,0.27499999999999414,0.13107512734768345,-1.0095319210466542,1.2701143620859463,0,0.17756695206756146,0,0,10.741,1.115,0.00664,0,0
COMP_01189,Lot_A,9.287,10.44,20.947,34.66,Latent Defect,1,0,1.1529999999999987,11.659999999999998,25.372999999999998,13.712999999999997,3.2059999999999977,29.47277423346423,8.98499999999998,132.83371863959314,117.7361092375253,132.83371863959314,1,-0.046401134759479934,1,1,35.843,26.556,0.15807,1,1
COMP_01190,Lot_C,10.567,11.319,20.405,34.141,Latent Defect,1,0,0.7520000000000007,9.838000000000001,23.573999999999998,13.735999999999997,4.649999999999997,23.50687294825333,4.909999999999997,114.98023537683623,127.13675822641277,127.13675822641277,1,-0.0556170352494012,1,1,32.223,21.656,0.1289,1,1
COMP_01191,Lot_A,9.006,9.262,9.619,10.113,Healthy,0,0,0.2560000000000002,0.6129999999999995,1.1069999999999993,0.4939999999999998,0.13700000000000045,0.5779667764450407,0.014999999999996128,0.30584196381124523,1.185869374504599,1.185869374504599,0,0.17655083438984437,0,0,10.054,1.048,0.00624,0,0
COMP_01192,Lot_B,12.014,12.021,12.533,12.706,Healthy,0,0,0.0070000000000014495,0.5190000000000001,0.6920000000000002,0.17300000000000004,-0.33899999999999864,-1.0943828002192857,-2.489999999999988,-1.9425333872925634,-1.738476182876273,-1.0943828002192857,0,0.09539706892395022,0,0,12.905,0.891,0.0053,0,0
COMP_01193,Lot_A,7.808,8.017,8.296,8.596,Healthy,0,0,0.20899999999999963,0.48799999999999955,0.7880000000000003,0.3000000000000007,0.021000000000000796,-1.207726909638721,-0.45500000000000984,-1.436364937184976,-0.5246039240373415,-0.45500000000000984,0,0.13628045122645255,0,0,8.892,1.084,0.00645,0,0
COMP_01194,Lot_B,11.454,11.717,12.02,12.373,Healthy,0,0,0.2629999999999999,0.565999999999999,0.9189999999999987,0.35299999999999976,0.05000000000000071,-1.355248564337412,0.06999999999999673,-0.7176581680830919,-0.028499609555366442,0.06999999999999673,0,0.16989727129158572,0,0,12.466,1.012,0.00602,0,0
COMP_01195,Lot_A,9.43,9.742,10.182,10.434,Healthy,0,0,0.31200000000000117,0.7520000000000007,1.0039999999999996,0.2519999999999989,-0.1880000000000006,0.9558228563612484,0.5750000000000055,-0.2566887910558736,-0.9478138123363963,0.9558228563612484,0,0.18743883763247804,0,0,10.459,1.029,0.00612,0,0
COMP_01196,Lot_C,10.143,10.338,10.812,10.99,Healthy,0,0,0.1949999999999985,0.6689999999999987,0.8469999999999995,0.17800000000000082,-0.2959999999999994,-0.18832518929240197,-0.660000000000025,-1.149700158198743,-1.6624772240620267,-0.18832518929240197,0,0.17034048975088223,0,0,11.124,0.981,0.00584,0,0
COMP_01197,Lot_C,10.727,10.979,11.694,12.175,Healthy,0,0,0.2519999999999989,0.9670000000000005,1.4480000000000004,0.48099999999999987,-0.23400000000000176,1.0245299700092139,-0.09000000000002117,1.9212767088121308,1.2159833410282337,1.9212767088121308,0,0.12372442465456973,0,0,11.771,1.044,0.00621,0,0
COMP_01198,Lot_C,10.51,10.75,11.112,11.556,Healthy,0,0,0.2400000000000002,0.6020000000000003,1.0459999999999994,0.44399999999999906,0.08199999999999896,0.3909794690744444,-0.21000000000000796,-0.13285424050296504,0.8644881565122525,0.8644881565122525,0,0.181617196789086,0,0,11.457,0.947,0.00564,0,0
COMP_01199,Lot_C,9.793,10.137,10.635,11.026,Healthy,0,0,0.3440000000000012,0.8420000000000005,1.2330000000000005,0.391,-0.10699999999999932,-0.15147895660475838,0.8300000000000018,0.8226743354222199,0.36099505436775897,0.8300000000000018,0,0.17560777755821766,0,0,10.913,1.12,0.00667,0,0
COMP_01200,Lot_A,8.976,9.152,9.479,9.724,Healthy,0,0,0.17599999999999838,0.5029999999999983,0.7479999999999993,0.245000000000001,-0.08199999999999896,0.12006641791730015,-0.7850000000000223,-1.6548234827644452,-1.0095319210466542,0.12006641791730015,0,0.1618090490402782,0,0,9.925,0.949,0.00565,0,0
COMP_01201,Lot_C,10.943,11.117,11.469,11.872,Healthy,0,0,0.17400000000000126,0.5259999999999998,0.9290000000000003,0.40300000000000047,0.05100000000000193,0.7144075115548759,-0.8699999999999974,-0.7306983227663078,0.47499349258916007,0.7144075115548759,0,0.1624973599253104,0,0,11.914,0.971,0.00578,0,0
COMP_01202,Lot_A,8.298,9.422,18.223,30.408,Latent Defect,1,0,1.1240000000000006,9.924999999999999,22.11,12.185000000000002,3.384000000000004,24.467652576754837,8.694999999999999,115.01296278394837,104.26392779333926,115.01296278394837,1,-0.06797913169397818,1,1,36.006,27.708,0.16493,1,1
COMP_01203,Lot_A,7.726,8.071,8.456,8.616,Healthy,0,0,0.34499999999999975,0.7299999999999995,0.8899999999999997,0.16000000000000014,-0.22499999999999964,-1.1841844747529764,0.9049999999999914,-0.8792956459573458,-1.7589660982428763,0.9049999999999914,0,0.13361119724707748,0,0,8.867,1.141,0.00679,0,0
COMP_01204,Lot_A,7.694,7.972,8.463,8.784,Healthy,0,0,0.27800000000000047,0.7689999999999992,1.0900000000000007,0.3210000000000015,-0.16999999999999726,-0.9864280217127168,0.23499999999999854,0.21299708193998076,-0.3394495979065049,0.23499999999999854,0,0.16436067312167368,0,0,8.85,1.156,0.00688,0,0
COMP_01205,Lot_B,12.242,12.38,12.874,13.308,Healthy,0,0,0.1379999999999999,0.6319999999999997,1.065999999999999,0.4339999999999993,-0.0600000000000005,-0.6227876350567874,-1.1800000000000033,0.07554296506137406,0.7409898484390381,0.7409898484390381,0,0.15483663812999088,0,0,13.237,0.995,0.00592,0,0
COMP_01206,Lot_C,11.16,11.321,11.935,12.279,Healthy,0,0,0.1609999999999996,0.7750000000000004,1.1189999999999998,0.3439999999999994,-0.27000000000000135,1.1309746422179625,-1.0000000000000142,0.24015958860151862,-0.08549882866605084,1.1309746422179625,0,0.1692716431641677,0,0,12.155,0.995,0.00592,0,0
COMP_01207,Lot_B,13.029,13.351,13.736,13.869,Healthy,0,0,0.32200000000000095,0.7070000000000007,0.8399999999999999,0.13299999999999912,-0.25200000000000067,-0.18331107748841288,0.6600000000000072,-1.1439363280722878,-2.1184709769475947,0.6600000000000072,0,0.13261486056698224,0,0,14.09,1.061,0.00632,0,0
COMP_01208,Lot_B,13.775,14.053,14.46,14.872,Healthy,0,0,0.27800000000000047,0.6850000000000005,1.0969999999999995,0.41199999999999903,0.004999999999999005,0.602419737558075,0.22000000000000242,0.24281667341157043,0.5319927116998135,0.602419737558075,0,0.15414824641616087,0,0,14.826,1.051,0.00626,0,0
COMP_01209,Lot_A,9.162,9.291,9.743,9.866,Healthy,0,0,0.12899999999999956,0.5809999999999995,0.7039999999999988,0.12299999999999933,-0.3290000000000006,0.2872177056060894,-1.2550000000000106,-1.8951278829018585,-2.0851903871400594,0.2872177056060894,0,0.11431335896646483,0,0,10.102,0.94,0.0056,0,0
COMP_01210,Lot_C,9.889,10.109,10.618,10.861,Healthy,0,0,0.22000000000000064,0.729000000000001,0.9720000000000013,0.24300000000000033,-0.266,-0.32035752308979254,-0.4100000000000037,-0.5109778480883201,-1.044985683696132,-0.32035752308979254,0,0.18362620250688355,0,0,10.933,1.044,0.00621,0,0
COMP_01211,Lot_B,12.536,12.529,13.046,13.387,Healthy,0,0,-0.006999999999999673,0.5099999999999998,0.8510000000000009,0.3410000000000011,-0.17599999999999838,-0.5609005618876218,-2.629999999999999,-1.0845811412383428,-0.14249804777674782,-0.14249804777674782,0,0.12419256166987841,0,0,13.42,0.884,0.00526,0,0
COMP_01212,Lot_B,13.096,13.226,13.724,14.24,Healthy,0,0,0.13000000000000078,0.6280000000000001,1.1440000000000001,0.516,0.018000000000000682,0.10732315220475491,-1.2599999999999945,0.49642519897476983,1.519979176285237,1.519979176285237,0,0.13469539838535366,0,0,14.037,0.941,0.0056,0,0
COMP_01213,Lot_A,8.352,8.654,9.0,9.342,Healthy,0,0,0.3019999999999996,0.6479999999999997,0.9900000000000002,0.3420000000000005,-0.0039999999999995595,-0.32959408840043,0.4749999999999899,-0.3331492820086825,-0.15429527177568406,0.4749999999999899,0,0.1836926736813531,0,0,9.433,1.081,0.00643,0,0
COMP_01214,Lot_C,8.622,8.935,9.404,9.632,Healthy,0,0,0.3130000000000006,0.782,1.0099999999999998,0.22799999999999976,-0.24099999999999966,-1.5782469667874182,0.519999999999996,-0.31680626581476207,-1.1874837314728834,0.519999999999996,0,0.17608983095204628,0,0,9.801,1.179,0.00702,0,0
COMP_01215,Lot_B,12.118,12.373,12.934,13.432,Healthy,0,0,0.254999999999999,0.815999999999999,1.314,0.4980000000000011,-0.06299999999999883,-0.5256484316013886,-0.010000000000012221,1.413732631862926,1.3489815189531567,1.413732631862926,0,0.1433708370816666,0,0,13.184,1.066,0.00635,0,0
COMP_01216,Lot_A,8.393,9.32,19.177,41.64,Latent Defect,1,0,0.9269999999999996,10.783999999999999,33.247,22.463,12.606000000000002,37.689084008589255,6.72499999999999,175.83728333691067,194.88374512537095,194.88374512537095,1,-0.06386223339191821,1,1,38.183,29.79,0.17732,1,1
COMP_01217,Lot_A,7.202,7.375,7.899,8.264,Healthy,0,0,0.17300000000000004,0.6970000000000001,1.0619999999999994,0.3649999999999993,-0.1590000000000007,-1.5985313287420897,-0.8150000000000057,0.06007610003434845,0.04849279970092815,0.06007610003434845,0,0.10871559021724697,0,0,8.317,1.115,0.00664,0,0
COMP_01218,Lot_B,12.4,12.668,13.235,13.576,Healthy,0,0,0.2679999999999989,0.8349999999999991,1.1760000000000002,0.3410000000000011,-0.2259999999999991,-0.4128416146854421,0.11999999999998678,0.6690948334007759,-0.14249804777674782,0.6690948334007759,0,0.16851206888094467,0,0,13.442,1.042,0.0062,0,0
COMP_01219,Lot_B,12.795,13.093,13.51,13.974,Healthy,0,0,0.29800000000000004,0.7149999999999999,1.1790000000000003,0.4640000000000004,0.0470000000000006,-0.10105610682053497,0.41999999999999815,0.6852826116282146,1.0259859439925338,1.0259859439925338,0,0.16278429077766443,0,0,13.893,1.098,0.00654,0,0
COMP_01220,Lot_A,10.121,10.3,10.6,10.987,Healthy,0,0,0.17900000000000027,0.4789999999999992,0.8659999999999997,0.38700000000000045,0.08700000000000152,1.6067711809521001,-0.7550000000000034,-1.0103707733050244,0.24246399850466424,1.6067711809521001,0,0.17012477044351737,0,0,11.111,0.99,0.00589,0,0
COMP_01221,Lot_C,8.843,8.989,9.193,9.505,Healthy,0,0,0.1460000000000008,0.34999999999999964,0.6620000000000008,0.31200000000000117,0.10800000000000232,-1.7082322876577167,-1.1500000000000021,-2.0950091771621486,-0.3894946639230924,-0.3894946639230924,0,0.11435018725075158,0,0,9.81,0.967,0.00576,0,0
COMP_01222,Lot_A,8.474,8.682,9.299,9.781,Healthy,0,0,0.20800000000000018,0.8249999999999993,1.3070000000000004,0.4820000000000011,-0.134999999999998,0.187162357341674,-0.4650000000000043,1.3981346917085717,1.080066902429851,1.3981346917085717,0,0.15845718762852012,0,0,9.568,1.094,0.00651,0,0
COMP_01223,Lot_B,15.122,15.375,15.968,16.348,Healthy,0,0,0.2530000000000001,0.8460000000000001,1.225999999999999,0.379999999999999,-0.21300000000000097,1.7586896109465247,-0.030000000000001137,0.9388911371914044,0.22799687644276279,1.7586896109465247,0,0.061155304000024946,0,0,16.136,1.014,0.00604,0,0
COMP_01224,Lot_C,10.188,10.4,10.579,10.992,Healthy,0,0,0.21199999999999974,0.391,0.8040000000000003,0.41300000000000026,0.23399999999999999,-0.18627817636530997,-0.49000000000001265,-1.3694206328767216,0.5699921911069887,0.5699921911069887,0,0.14158754991811873,0,0,11.195,1.007,0.00599,0,0
COMP_01225,Lot_B,14.27,14.398,14.846,15.296,Healthy,0,0,0.1280000000000001,0.5760000000000005,1.0259999999999998,0.4499999999999993,0.0019999999999988916,0.9345731429216945,-1.2800000000000011,-0.14029407797112872,0.8929877660675635,0.9345731429216945,0,0.11886223792841294,0,0,15.104,0.834,0.00496,0,0
COMP_01226,Lot_B,12.605,12.95,13.383,13.681,Healthy,0,0,0.34499999999999886,0.7779999999999987,1.0759999999999987,0.29800000000000004,-0.1349999999999998,-0.3305866440175656,0.8899999999999864,0.12950222581949977,-0.5509924514034193,0.8899999999999864,0,0.16057104450598192,0,0,13.737,1.132,0.00674,0,0
COMP_01227,Lot_B,14.375,15.389,23.801,39.562,Latent Defect,1,0,1.0139999999999993,9.425999999999998,25.186999999999998,15.761,7.349,19.944088554604715,7.579999999999991,130.23067583973915,146.34549506671445,146.34549506671445,1,-0.07729605628072722,1,1,42.723,28.348,0.16874,1,1
COMP_01228,Lot_A,7.586,7.848,8.237,8.635,Healthy,0,0,0.26199999999999957,0.6509999999999998,1.0489999999999995,0.3979999999999997,0.008999999999999453,-1.1618191616115185,0.07499999999998952,-0.010922927278976854,0.3394495979065206,0.3394495979065206,0,0.15215188750991931,0,0,8.751,1.165,0.00693,0,0
COMP_01229,Lot_C,8.439,8.599,9.055,9.552,Healthy,0,0,0.16000000000000014,0.6159999999999997,1.1129999999999995,0.4969999999999999,0.04100000000000037,-1.6601274838710718,-1.0100000000000087,0.2095009177162176,1.3679812586567628,1.3679812586567628,0,0.1617746313649817,0,0,9.467,1.028,0.00612,0,0
COMP_01230,Lot_B,13.416,13.619,13.89,14.176,Healthy,0,0,0.2029999999999994,0.4740000000000002,0.7599999999999998,0.2859999999999996,0.014999999999998792,0.05718678913100091,-0.5300000000000082,-1.575610414137303,-0.6649908896248176,0.05718678913100091,0,0.13496451869979254,0,0,14.275,0.859,0.00511,0,0
COMP_01231,Lot_C,9.962,10.023,10.328,10.604,Healthy,0,0,0.06099999999999994,0.36599999999999966,0.6419999999999995,0.2759999999999998,-0.028999999999999915,-0.5833986842210305,-2.0000000000000107,-2.1972047467798217,-0.7314899785872957,-0.5833986842210305,0,0.1235200548161518,0,0,10.91,0.948,0.00564,0,0
COMP_01232,Lot_A,8.294,23.131,55.077,119.124,Gross Failure,1,1,14.837,46.783,110.83,64.047,32.101,128.89718524294273,145.825,599.5540168791998,561.524578355105,599.5540168791998,1,-0.20353769023557666,1,1,113.708,105.414,0.62746,1,1
COMP_01233,Lot_A,8.6,8.82,9.347,9.754,Healthy,0,0,0.22000000000000064,0.7469999999999999,1.154,0.40700000000000003,-0.11999999999999922,0.15538007024591696,-0.34499999999999975,0.5625307548671188,0.41880145196259333,0.5625307548671188,0,0.18297337153242732,0,0,9.688,1.088,0.00648,0,0
COMP_01234,Lot_A,7.337,8.531,19.366,40.01,Latent Defect,1,0,1.1940000000000008,12.029,32.673,20.644,9.809,35.77037556540103,9.395000000000001,172.70240320784538,178.84585373337194,178.84585373337194,1,-0.05977270922042632,1,1,37.0,29.663,0.17657,1,1
COMP_01235,Lot_B,13.408,13.639,14.14,14.571,Healthy,0,0,0.23099999999999987,0.7320000000000011,1.1630000000000003,0.43099999999999916,-0.07000000000000206,0.36662215497682576,-0.25000000000000355,0.5989477944152115,0.7124902388836886,0.7124902388836886,0,0.16070112236371548,0,0,14.49,1.082,0.00644,0,0
COMP_01236,Lot_B,13.127,13.396,13.816,14.032,Healthy,0,0,0.26900000000000013,0.6890000000000001,0.9049999999999994,0.2159999999999993,-0.20400000000000063,-0.055620027784945576,0.129999999999999,-0.7932011331444659,-1.3299817792496182,0.129999999999999,0,0.15588597942585886,0,0,14.187,1.06,0.00631,0,0
COMP_01237,Lot_C,9.843,10.039,10.408,10.901,Healthy,0,0,0.19599999999999973,0.5649999999999995,1.0579999999999998,0.4930000000000003,0.12400000000000055,-0.2794172645479668,-0.6500000000000128,-0.071536898732363,1.3299817792496347,1.3299817792496347,0,0.17443180160955823,0,0,10.887,1.044,0.00621,0,0
COMP_01238,Lot_B,14.047,14.161,14.481,14.795,Healthy,0,0,0.11399999999999899,0.4339999999999993,0.7479999999999993,0.31400000000000006,-0.006000000000000227,0.5420994257349647,-1.4200000000000124,-1.6403615270470577,-0.3989945337748939,0.5420994257349647,0,0.09836198793996714,0,0,14.937,0.89,0.0053,0,0
COMP_01239,Lot_C,9.423,10.687,18.322,38.718,Latent Defect,1,0,1.2639999999999993,8.899,29.295,20.396000000000004,12.761000000000005,28.191462031901853,10.029999999999983,144.21327806596966,190.40589143928807,190.40589143928807,1,-0.0412940317230176,1,1,38.299,28.876,0.17188,1,1
COMP_01240,Lot_A,8.465,8.688,9.136,9.444,Healthy,0,0,0.22300000000000075,0.6709999999999994,0.979000000000001,0.3080000000000016,-0.13999999999999702,-0.20952767048312987,-0.3149999999999986,-0.3932253820430309,-0.45406894265416037,-0.20952767048312987,0,0.18661084167682546,0,0,9.568,1.103,0.00657,0,0
COMP_01241,Lot_C,8.172,8.423,8.835,9.089,Healthy,0,0,0.25099999999999945,0.6630000000000003,0.9169999999999998,0.25399999999999956,-0.15800000000000125,-2.1340109764927147,-0.10000000000001563,-0.7920156645369097,-0.9404871153265255,-0.10000000000001563,0,0.17488922050233147,0,0,9.263,1.091,0.00649,0,0
COMP_01242,Lot_C,10.988,11.291,12.034,12.467,Healthy,0,0,0.3030000000000008,1.0460000000000012,1.479000000000001,0.43299999999999983,-0.3100000000000005,1.3233938573645485,0.41999999999999815,2.0796798417195164,0.759989588142646,2.0796798417195164,0,0.10285629520402917,0,0,12.065,1.077,0.00641,0,0
COMP_01243,Lot_C,9.421,9.598,9.989,10.272,Healthy,0,0,0.17700000000000138,0.5680000000000014,0.8510000000000009,0.2829999999999995,-0.10800000000000054,-0.9232028301181908,-0.8399999999999963,-1.129261044275203,-0.6649908896248173,-0.6649908896248173,0,0.1869863564972976,0,0,10.335,0.914,0.00544,0,0
COMP_01244,Lot_C,10.098,10.225,10.752,11.112,Healthy,0,0,0.1269999999999989,0.6539999999999999,1.0139999999999993,0.35999999999999943,-0.1670000000000016,-0.06345740073983072,-1.3400000000000212,-0.2963671518912311,0.06649908896247836,0.06649908896247836,0,0.1728141308927003,0,0,11.068,0.97,0.00577,0,0
COMP_01245,Lot_C,10.479,10.638,11.117,11.597,Healthy,0,0,0.1590000000000007,0.6380000000000017,1.1180000000000003,0.47999999999999865,0.0009999999999976694,0.43294323407981716,-1.0200000000000031,0.23504981012063814,1.206483471176439,1.206483471176439,0,0.1755300461487183,0,0,11.452,0.973,0.00579,0,0
COMP_01246,Lot_B,12.053,12.232,12.768,13.021,Healthy,0,0,0.1789999999999985,0.7149999999999999,0.968,0.2530000000000001,-0.28300000000000125,-0.847617888215652,-0.7700000000000173,-0.4532577903682635,-0.978486594733646,-0.4532577903682635,0,0.1604876952749717,0,0,13.074,1.021,0.00608,0,0
COMP_01247,Lot_A,8.313,8.681,9.027,9.531,Healthy,0,0,0.36799999999999855,0.7139999999999986,1.218,0.5040000000000013,0.15800000000000125,-0.10711807873013918,1.1349999999999794,0.9120644277942618,1.2740381012335793,1.2740381012335793,0,0.14650054380071642,0,0,9.484,1.171,0.00697,0,0
COMP_01248,Lot_A,8.231,8.392,8.914,9.275,Healthy,0,0,0.1609999999999996,0.6829999999999998,1.0440000000000005,0.36100000000000065,-0.1609999999999996,-0.40846124526767613,-0.9350000000000103,-0.03823024547640444,0.013225309009353297,0.013225309009353297,0,0.17721560628583288,0,0,9.258,1.027,0.00611,0,0
COMP_01249,Lot_C,10.012,10.2,10.662,10.806,Healthy,0,0,0.18799999999999883,0.6500000000000004,0.7939999999999987,0.14399999999999835,-0.31800000000000317,-0.37665037858480577,-0.7300000000000217,-1.4205184176855625,-1.9854727990226744,-0.37665037858480577,0,0.1603770679050246,0,0,10.98,0.968,0.00576,0,0
COMP_01250,Lot_B,13.241,13.594,13.833,14.142,Healthy,0,0,0.35299999999999976,0.5920000000000005,0.9009999999999998,0.3089999999999993,0.06999999999999851,0.03055184624806858,0.9699999999999953,-0.8147848374477143,-0.4464938830338155,0.9699999999999953,0,0.14626621951585506,0,0,14.216,0.975,0.0058,0,0
COMP_01251,Lot_C,9.213,9.342,9.546,9.778,Healthy,0,0,0.12900000000000134,0.3330000000000002,0.5650000000000013,0.2320000000000011,0.028000000000002245,-1.42881502310975,-1.3199999999999967,-2.5906576898078275,-1.1494842520657385,-1.1494842520657385,0,0.10827687207960962,0,0,10.179,0.966,0.00575,0,0
COMP_01252,Lot_B,12.733,31.181,58.567,120.922,Gross Failure,1,1,18.448,45.834,108.189,62.355,34.968999999999994,83.67994011211444,181.92,578.1033319843436,588.9824309406836,588.9824309406836,1,-0.22827547468820175,1,1,134.511,121.778,0.72487,1,1
COMP_01253,Lot_A,8.676,9.059,9.578,9.991,Healthy,0,0,0.3829999999999991,0.9019999999999992,1.3149999999999995,0.41300000000000026,-0.10599999999999987,0.434357923641996,1.284999999999985,1.4418264008244597,0.4717026879999752,1.4418264008244597,0,0.1503869432927668,0,0,9.788,1.112,0.00662,0,0
COMP_01254,Lot_A,9.059,21.287,53.423,122.358,Gross Failure,1,1,12.228,44.364000000000004,113.299,68.935,36.799,132.7039969639677,119.73499999999999,613.0383706050923,604.6214519802238,613.0383706050923,1,-0.20353769023557666,1,1,124.766,115.707,0.68873,1,1
COMP_01255,Lot_B,10.744,10.94,11.23,11.603,Healthy,0,0,0.19599999999999973,0.48600000000000065,0.859,0.37299999999999933,0.08299999999999841,-1.9584516825685137,-0.600000000000005,-1.0414137326318462,0.1614977874802861,0.1614977874802861,0,0.1669475530045279,0,0,11.857,1.113,0.00662,0,0
COMP_01256,Lot_B,12.536,13.861,23.198,37.333,Latent Defect,1,0,1.325000000000001,10.662,24.796999999999997,14.134999999999998,4.797999999999998,18.197933034426626,10.690000000000008,128.1262646701722,130.89870668771556,130.89870668771556,1,-0.058136954902702875,1,1,40.3,27.764,0.16526,1,1
COMP_01257,Lot_A,7.3,7.55,7.907,8.204,Healthy,0,0,0.25,0.6070000000000002,0.9040000000000008,0.2970000000000006,-0.05999999999999961,-1.6691586333993234,-0.045000000000006146,-0.8028351550045272,-0.5510545420560323,-0.045000000000006146,0,0.11322274580669084,0,0,8.427,1.127,0.00671,0,0
COMP_01258,Lot_B,14.032,14.343,15.009,15.327,Healthy,0,0,0.31099999999999994,0.9770000000000003,1.295,0.3179999999999996,-0.34800000000000075,0.9588579437855445,0.5499999999999972,1.3112100364224841,-0.3609950543677668,1.3112100364224841,0,0.09563295957783485,0,0,14.998,0.966,0.00575,0,0
COMP_01259,Lot_A,7.987,8.271,8.653,8.95,Healthy,0,0,0.2840000000000007,0.6660000000000004,0.9629999999999992,0.2969999999999988,-0.08500000000000085,-0.7910258121610345,0.2950000000000008,-0.4806088002748264,-0.551054542056048,0.2950000000000008,0,0.17198483881846338,0,0,9.105,1.118,0.00665,0,0
COMP_01260,Lot_B,12.778,13.16,13.694,14.125,Healthy,0,0,0.3819999999999997,0.9160000000000004,1.3469999999999995,0.43099999999999916,-0.10300000000000153,0.01723437480660311,1.2599999999999945,1.5917981923647417,0.7124902388836886,1.5917981923647417,0,0.13118168234325117,0,0,13.893,1.115,0.00664,0,0
COMP_01261,Lot_A,9.786,11.167,18.97,39.188,Latent Defect,1,0,1.3810000000000002,9.184,29.402,20.218000000000004,12.415000000000004,34.80278149159692,11.264999999999995,154.83795564308468,175.089865974718,175.089865974718,1,-0.038468247618401175,1,1,39.594,29.808,0.17743,1,1
COMP_01262,Lot_C,10.913,11.215,11.642,12.046,Healthy,0,0,0.3019999999999996,0.7289999999999992,1.1329999999999991,0.4039999999999999,-0.022999999999999687,0.8924976362118214,0.40999999999998593,0.3116964873338816,0.4844933624409379,0.8924976362118214,0,0.17685180572776604,0,0,11.998,1.085,0.00646,0,0
COMP_01263,Lot_A,8.484,8.656,9.018,9.438,Healthy,0,0,0.1720000000000006,0.5340000000000007,0.9540000000000006,0.41999999999999993,0.05799999999999983,-0.21659040094885365,-0.8250000000000002,-0.529761973030198,0.5334207967102488,0.5334207967102488,0,0.16937153962405066,0,0,9.568,1.084,0.00645,0,0
COMP_01264,Lot_B,12.004,12.189,12.729,13.092,Healthy,0,0,0.1850000000000005,0.7249999999999996,1.088000000000001,0.3630000000000013,-0.17699999999999783,-0.7919978604307064,-0.7099999999999973,0.194253338729264,0.0664990889624767,0.194253338729264,0,0.16949489875410367,0,0,13.05,1.046,0.00623,0,0
COMP_01265,Lot_A,8.962,9.113,9.629,9.913,Healthy,0,0,0.1509999999999998,0.6669999999999998,0.9510000000000005,0.2840000000000007,-0.23199999999999932,0.34254242758759096,-1.0350000000000081,-0.5461463639486585,-0.6656738868036878,0.34254242758759096,0,0.18164194952616974,0,0,9.925,0.963,0.00573,0,0
COMP_01266,Lot_A,7.686,7.896,8.51,8.823,Healthy,0,0,0.20999999999999996,0.8239999999999998,1.1370000000000005,0.3130000000000006,-0.30099999999999927,-0.9405202736855143,-0.4450000000000065,0.4696858729958495,-0.40998457928968596,0.4696858729958495,0,0.14469286682192845,0,0,8.85,1.164,0.00693,0,0
COMP_01267,Lot_B,15.422,24.235,51.504,122.097,Gross Failure,1,1,8.812999999999999,36.081999999999994,106.675,70.59299999999999,43.32399999999999,84.60041240292163,85.56999999999998,569.9338999055632,667.2423587796706,667.2423587796706,1,-0.2219287636698899,1,1,71.833,56.411,0.33578,1,1
COMP_01268,Lot_B,14.733,14.914,15.372,15.794,Healthy,0,0,0.18099999999999916,0.6389999999999993,1.061,0.4220000000000006,-0.03599999999999959,1.3246967180893432,-0.7500000000000107,0.048563334682316,0.6269914102176567,1.3246967180893432,0,0.1087333092520903,0,0,15.644,0.911,0.00542,0,0
COMP_01269,Lot_B,12.748,13.01,13.461,13.663,Healthy,0,0,0.26200000000000045,0.713000000000001,0.9150000000000009,0.20199999999999996,-0.24900000000000055,-0.344687496132058,0.060000000000002274,-0.7392418723863307,-1.4629799571745716,0.060000000000002274,0,0.15937658498696888,0,0,13.766,1.018,0.00606,0,0
COMP_01270,Lot_A,8.224,23.261,58.777,104.933,Gross Failure,1,1,15.036999999999999,50.553,96.709,46.156000000000006,10.64,112.19265056976235,147.825,522.4326888260096,403.78190936431116,522.4326888260096,1,-0.20318678718797656,1,1,108.814,100.59,0.59875,1,1
COMP_01271,Lot_B,13.829,14.089,14.413,14.943,Healthy,0,0,0.2599999999999998,0.5839999999999996,1.113999999999999,0.5299999999999994,0.20599999999999952,0.6580397653430206,0.039999999999995595,0.3345474167003832,1.6529773542101904,1.6529773542101904,0,0.1273218088940572,0,0,14.826,0.997,0.00593,0,0
COMP_01272,Lot_C,9.688,9.916,10.443,10.981,Healthy,0,0,0.22799999999999976,0.754999999999999,1.2929999999999993,0.5380000000000003,0.011000000000001009,-0.19753674746431332,-0.3300000000000125,1.129261044275212,1.7574759225798722,1.7574759225798722,0,0.17113760144233298,0,0,10.79,1.102,0.00656,0,0
COMP_01273,Lot_C,10.613,10.929,11.259,11.618,Healthy,0,0,0.3160000000000007,0.6460000000000008,1.0050000000000008,0.359,0.028999999999999915,0.454436869814277,0.5499999999999972,-0.34235515821917356,0.056999219110700564,0.5499999999999972,0,0.17673653761802044,0,0,11.685,1.072,0.00638,0,0
COMP_01274,Lot_A,8.074,8.381,8.926,9.439,Healthy,0,0,0.3070000000000004,0.8520000000000003,1.3650000000000002,0.5129999999999999,-0.03200000000000003,-0.21541327920456704,0.5249999999999977,1.7148995827987938,1.3533899552896365,1.7148995827987938,0,0.13996460607766137,0,0,9.138,1.064,0.00633,0,0
COMP_01275,Lot_B,10.626,10.825,11.431,11.641,Healthy,0,0,0.19899999999999984,0.8049999999999997,1.0150000000000006,0.21000000000000085,-0.395999999999999,-1.9286832169934722,-0.5700000000000038,-0.19964926480506412,-1.3869809983603005,-0.19964926480506412,0,0.1603272557088643,0,0,11.771,1.145,0.00682,0,0
COMP_01276,Lot_A,9.145,9.485,9.932,10.14,Healthy,0,0,0.33999999999999986,0.7870000000000008,0.995000000000001,0.20800000000000018,-0.23900000000000077,0.6097490635407977,0.8549999999999924,-0.30584196381124523,-1.3357562099438371,0.8549999999999924,0,0.17424747823058134,0,0,10.204,1.059,0.0063,0,0
COMP_01277,Lot_A,8.403,8.769,9.404,9.775,Healthy,0,0,0.36599999999999966,1.0009999999999994,1.3719999999999999,0.37100000000000044,-0.26399999999999935,0.18009962687595021,1.1149999999999904,1.7531298282751981,0.10139403573831784,1.7531298282751981,0,0.1274961509373625,0,0,9.556,1.153,0.00686,0,0
COMP_01278,Lot_C,9.12,9.51,10.058,10.317,Healthy,0,0,0.39000000000000057,0.9380000000000006,1.197000000000001,0.25900000000000034,-0.2889999999999997,-0.8771450392586359,1.2899999999999956,0.6387223101104228,-0.8929877660676028,1.2899999999999956,0,0.1524122706706929,0,0,10.217,1.097,0.00653,0,0
COMP_01279,Lot_A,8.774,9.048,9.421,9.806,Healthy,0,0,0.2740000000000009,0.6470000000000002,1.032,0.3849999999999998,0.012000000000000455,0.21659040094885365,0.19500000000000295,-0.10376780915024617,0.22483025315886507,0.22483025315886507,0,0.18723694099133442,0,0,9.797,1.023,0.00609,0,0
COMP_01280,Lot_B,14.217,14.443,15.038,15.213,Healthy,0,0,0.2259999999999991,0.8209999999999997,0.9959999999999987,0.17499999999999893,-0.4200000000000017,0.8695525470604196,-0.30000000000001137,-0.3021718602455154,-1.7194764431727179,0.8695525470604196,0,0.09976615093899294,0,0,15.131,0.914,0.00544,0,0
COMP_01281,Lot_B,15.44,15.695,16.273,16.645,Healthy,0,0,0.2550000000000008,0.8330000000000002,1.205,0.3719999999999999,-0.20599999999999952,1.9913536708356647,-0.009999999999994458,0.8255766895993433,0.15199791762850853,1.9913536708356647,0,0.039116357955022774,0,0,16.174,0.734,0.00437,0,0
COMP_01282,Lot_C,9.259,9.506,9.727,10.146,Healthy,0,0,0.2469999999999999,0.46799999999999997,0.8870000000000005,0.4190000000000005,0.1980000000000004,-1.0521646445249442,-0.14000000000001123,-0.9453090189634058,0.6269914102176893,0.6269914102176893,0,0.16016244495922644,0,0,10.284,1.025,0.0061,0,0
COMP_01283,Lot_B,13.213,13.448,13.988,14.342,Healthy,0,0,0.2350000000000012,0.7750000000000004,1.1290000000000013,0.354000000000001,-0.18599999999999817,0.18722798085355052,-0.2099999999999902,0.4154863078375861,-0.018999739703572004,0.4154863078375861,0,0.16284414163081706,0,0,14.232,1.019,0.00607,0,0
COMP_01284,Lot_A,8.985,9.312,9.697,9.963,Healthy,0,0,0.32699999999999996,0.7119999999999997,0.9779999999999998,0.266,-0.11899999999999977,0.4013985148019523,0.7249999999999934,-0.3986868456825242,-0.8243775949158334,0.7249999999999934,0,0.18744890990806423,0,0,10.054,1.069,0.00636,0,0
COMP_01285,Lot_A,7.122,7.382,7.886,8.104,Healthy,0,0,0.2599999999999998,0.7640000000000002,0.9819999999999993,0.21799999999999908,-0.28600000000000136,-1.7868708078280504,0.05499999999999172,-0.3768409911245802,-1.2475874832148806,0.05499999999999172,0,0.09314440793394524,0,0,8.305,1.183,0.00704,0,0
COMP_01286,Lot_B,14.562,14.747,14.944,15.444,Healthy,0,0,0.1850000000000005,0.38200000000000145,0.8820000000000014,0.5,0.30299999999999905,1.0505134825297515,-0.7099999999999973,-0.9173074328881464,1.3679812586567117,1.3679812586567117,0,0.05629744354672328,0,0,15.449,0.887,0.00528,0,0
COMP_01287,Lot_A,6.922,7.249,7.785,8.167,Healthy,0,0,0.32699999999999996,0.8630000000000004,1.245,0.3819999999999997,-0.1540000000000008,-1.7127121379379526,0.7249999999999934,1.0595239460604007,0.19837963514017415,1.0595239460604007,0,0.08381799062806933,0,0,8.256,1.334,0.00794,0,0
COMP_01288,Lot_B,12.425,12.715,13.291,13.542,Healthy,0,0,0.28999999999999915,0.8659999999999997,1.116999999999999,0.25099999999999945,-0.32500000000000107,-0.43947655756837445,0.3399999999999892,0.35073519492782185,-0.997486334437218,0.35073519492782185,0,0.1529160332003897,0,0,13.483,1.058,0.0063,0,0
COMP_01289,Lot_A,9.281,9.606,10.091,10.387,Healthy,0,0,0.3249999999999993,0.8099999999999987,1.1059999999999999,0.29600000000000115,-0.18899999999999828,0.900498134379749,0.7049999999999867,0.30038050017176166,-0.5598714147289241,0.900498134379749,0,0.18624436053648763,0,0,10.381,1.1,0.00655,0,0
COMP_01290,Lot_A,9.248,10.55,18.526,35.608,Latent Defect,1,0,1.3020000000000014,9.278,26.36,17.081999999999997,9.105999999999998,30.588685647048546,10.475000000000007,138.22418325176642,147.44015327251407,147.44015327251407,1,-0.02281281492158782,1,1,37.949,28.701,0.17084,1,1
COMP_01291,Lot_B,13.901,14.16,14.74,15.056,Healthy,0,0,0.25900000000000034,0.8390000000000004,1.1549999999999994,0.31599999999999895,-0.2640000000000011,0.746561781395117,0.030000000000001137,0.5557803858087053,-0.3799947940713388,0.746561781395117,0,0.1351901603554031,0,0,14.892,0.991,0.0059,0,0
COMP_01292,Lot_A,7.7,8.126,8.374,8.674,Healthy,0,0,0.42599999999999927,0.6740000000000004,0.9739999999999993,0.29999999999999893,0.051999999999997826,-1.115911413584316,1.7149999999999865,-0.42053270024047307,-0.5246039240373571,1.7149999999999865,0,0.1318496679165339,0,0,8.775,1.075,0.0064,0,0
COMP_01293,Lot_B,13.308,13.637,14.164,14.745,Healthy,0,0,0.3290000000000006,0.8559999999999999,1.4369999999999994,0.5809999999999995,0.05400000000000027,0.5029303920835939,0.730000000000004,2.0774315391878826,2.137470716651116,2.137470716651116,0,0.09463371455637676,0,0,14.473,1.165,0.00693,0,0
COMP_01294,Lot_B,12.871,13.051,13.474,13.792,Healthy,0,0,0.17999999999999972,0.6029999999999998,0.9209999999999994,0.3179999999999996,-0.10500000000000043,-0.24363138931152306,-0.7600000000000051,-0.706866315931463,-0.3609950543677668,-0.24363138931152306,0,0.16722337348573268,0,0,13.803,0.932,0.00555,0,0
COMP_01295,Lot_C,9.939,10.11,10.654,11.041,Healthy,0,0,0.17099999999999937,0.7149999999999999,1.1020000000000003,0.38700000000000045,-0.15700000000000003,-0.1361263596515728,-0.9000000000000163,0.1532933544265051,0.3229955749606309,0.3229955749606309,0,0.18806267145786632,0,0,10.936,0.997,0.00593,0,0
COMP_01296,Lot_A,7.489,8.883,17.165,32.208,Latent Defect,1,0,1.3939999999999992,9.675999999999998,24.718999999999998,15.043,6.760999999999999,26.586471716471888,11.394999999999985,129.26192141936892,129.46254989247785,129.46254989247785,1,-0.069734645541912,1,1,36.051,28.562,0.17001,1,1
COMP_01297,Lot_A,8.57,8.679,9.2,9.266,Healthy,0,0,0.10899999999999999,0.629999999999999,0.6959999999999997,0.06600000000000072,-0.4549999999999983,-0.4190553409662618,-1.4550000000000063,-1.9388195920177465,-2.5877521294951555,-0.4190553409662618,0,0.0821814701257994,0,0,9.575,1.005,0.00598,0,0
COMP_01298,Lot_A,7.677,8.053,8.42,8.719,Healthy,0,0,0.3760000000000012,0.7430000000000003,1.0419999999999998,0.2989999999999995,-0.06799999999999962,-1.0629409350913896,1.215000000000006,-0.049153172755381294,-0.5334207967102488,1.215000000000006,0,0.14146463360365108,0,0,8.85,1.173,0.00698,0,0
COMP_01299,Lot_B,14.401,14.588,15.129,15.597,Healthy,0,0,0.1869999999999994,0.7279999999999998,1.1959999999999997,0.46799999999999997,-0.0730000000000004,1.1703707255029436,-0.6900000000000084,0.7770133549170273,1.0639854233996608,1.1703707255029436,0,0.11508955134086613,0,0,15.367,0.966,0.00575,0,0
COMP_01300,Lot_C,10.431,10.565,10.943,11.564,Healthy,0,0,0.13400000000000034,0.5120000000000005,1.133000000000001,0.6210000000000004,0.24300000000000033,0.3991675207828107,-1.2700000000000067,0.3116964873338907,2.5459651202778684,2.5459651202778684,0,0.1089697857917763,0,0,11.369,0.938,0.00558,0,0
COMP_01301,Lot_A,8.108,8.596,9.252,9.653,Healthy,0,0,0.48799999999999955,1.1440000000000001,1.545,0.4009999999999998,-0.2550000000000008,0.03649077407290552,2.3349999999999893,2.697963037906381,0.3659002159252115,2.697963037906381,0,0.08564194342507969,0,0,16.366,8.258,0.04915,1,1
COMP_01302,Lot_C,10.268,10.48,10.92,11.201,Healthy,0,0,0.21199999999999974,0.6519999999999992,0.9329999999999998,0.2810000000000006,-0.15899999999999892,0.027634674515734054,-0.49000000000001265,-0.7102592088427767,-0.683990629328373,0.027634674515734054,0,0.18791820958897926,0,0,11.32,1.052,0.00626,0,0
COMP_01303,Lot_A,8.449,8.59,8.87,9.35,Healthy,0,0,0.14100000000000001,0.4209999999999994,0.9009999999999998,0.4800000000000004,0.20000000000000107,-0.320177114446133,-1.135000000000006,-0.8192195459229924,1.0624331570840517,1.0624331570840517,0,0.12532301824346664,0,0,9.454,1.005,0.00598,0,0
COMP_01304,Lot_B,11.226,12.604,19.262,38.836,Latent Defect,1,0,1.3779999999999983,8.036,27.61,19.573999999999998,12.915999999999997,19.37535418598682,11.219999999999981,143.30500472143328,182.56849881156236,182.56849881156236,1,-0.050922276462520566,1,1,39.601,28.375,0.1689,1,1
COMP_01305,Lot_C,9.813,10.169,10.579,10.728,Healthy,0,0,0.35599999999999987,0.766,0.9149999999999991,0.14899999999999913,-0.261000000000001,-0.4564838827413672,0.9499999999999886,-0.8022352214986798,-1.9379734497637515,0.9499999999999886,0,0.15714354294032673,0,0,10.957,1.144,0.00681,0,0
COMP_01306,Lot_C,9.831,10.094,10.528,10.935,Healthy,0,0,0.2629999999999999,0.697000000000001,1.104000000000001,0.40700000000000003,-0.027000000000001023,-0.24461804478741336,0.019999999999988916,0.16351291138827515,0.5129929719962881,0.5129929719962881,0,0.19801627664897642,0,0,10.91,1.079,0.00642,0,0
COMP_01307,Lot_C,9.492,9.641,9.971,10.269,Healthy,0,0,0.14899999999999913,0.4789999999999992,0.7769999999999992,0.29800000000000004,-0.03200000000000003,-0.9262733495088279,-1.1200000000000188,-1.507384651860576,-0.522492841848066,-0.522492841848066,0,0.16888746627197526,0,0,10.489,0.997,0.00593,0,0
COMP_01308,Lot_C,9.528,9.971,10.571,10.99,Healthy,0,0,0.4429999999999996,1.0429999999999993,1.4619999999999997,0.4190000000000005,-0.18099999999999916,-0.18832518929240197,1.819999999999986,1.9928136075444938,0.6269914102176893,1.9928136075444938,0,0.10639605906935745,0,0,10.795,1.267,0.00754,0,0
COMP_01309,Lot_A,8.857,9.131,9.617,9.984,Healthy,0,0,0.2740000000000009,0.7600000000000016,1.1270000000000007,0.3669999999999991,-0.11900000000000155,0.4261180714319856,0.19500000000000295,0.41507123660098466,0.0661265450467195,0.4261180714319856,0,0.19124147817796722,0,0,9.892,1.035,0.00616,0,0
COMP_01310,Lot_C,10.036,10.119,10.524,10.85,Healthy,0,0,0.08300000000000018,0.48799999999999955,0.8140000000000001,0.3260000000000005,-0.07899999999999885,-0.33161609418879595,-1.7800000000000082,-1.3183228480678895,-0.2564964859981356,-0.2564964859981356,0,0.15657308131003933,0,0,10.936,0.9,0.00536,0,0
COMP_01311,Lot_A,7.901,8.106,8.592,9.019,Healthy,0,0,0.20500000000000007,0.6910000000000007,1.1180000000000003,0.4269999999999996,-0.05900000000000105,-0.709804411805213,-0.49500000000000544,0.3659180638456034,0.5951389054205225,0.5951389054205225,0,0.16332950003655572,0,0,8.978,1.077,0.00641,0,0
COMP_01312,Lot_C,10.269,10.579,11.12,11.44,Healthy,0,0,0.3100000000000005,0.8509999999999991,1.1709999999999994,0.3200000000000003,-0.2209999999999983,0.27225271930314743,0.4899999999999949,0.5058680696074487,-0.31349570510883623,0.5058680696074487,0,0.1790228616063016,0,0,11.332,1.063,0.00633,0,0
COMP_01313,Lot_B,13.578,13.688,14.092,14.392,Healthy,0,0,0.11000000000000121,0.5140000000000011,0.8140000000000001,0.29999999999999893,-0.10400000000000098,0.22639701450491995,-1.4599999999999902,-1.2842304060434167,-0.5319927116998642,0.22639701450491995,0,0.12186346576520252,0,0,14.505,0.927,0.00552,0,0
COMP_01314,Lot_C,11.378,11.655,11.945,12.354,Healthy,0,0,0.27699999999999925,0.5670000000000002,0.9759999999999991,0.4089999999999989,0.118999999999998,1.2077376269838866,0.15999999999998238,-0.4905387341647982,0.5319927116998437,1.2077376269838866,0,0.16518830349950336,0,0,12.346,0.968,0.00576,0,0
COMP_01315,Lot_B,14.001,14.244,14.776,14.877,Healthy,0,0,0.24300000000000033,0.7750000000000004,0.8760000000000012,0.10100000000000087,-0.43099999999999916,0.6063366409232126,-0.129999999999999,-0.9496829893430238,-2.422466812204629,0.6063366409232126,0,0.1000453029014548,0,0,14.98,0.979,0.00583,0,0
COMP_01316,Lot_B,10.031,10.186,10.654,11.158,Healthy,0,0,0.15499999999999936,0.6229999999999993,1.126999999999999,0.5039999999999996,0.03599999999999959,-2.3070560820657096,-1.0100000000000087,0.40469445568594753,1.405980738063839,1.405980738063839,0,0.1713166092598319,0,0,11.066,1.035,0.00616,0,0
COMP_01317,Lot_B,11.761,12.79,22.423,39.192,Latent Defect,1,0,1.029,10.661999999999999,27.431,16.769000000000002,7.136000000000003,19.654237705584574,7.729999999999997,142.3391339538628,155.92136387731156,155.92136387731156,1,-0.02733222717507,1,1,39.232,27.471,0.16352,1,1
COMP_01318,Lot_C,9.506,9.722,10.33,10.791,Healthy,0,0,0.2159999999999993,0.8239999999999998,1.2850000000000001,0.4610000000000003,-0.14700000000000024,-0.3920029755379895,-0.45000000000001705,1.08838281642815,1.0259859439925763,1.08838281642815,0,0.17419352631213308,0,0,10.567,1.061,0.00632,0,0
COMP_01319,Lot_A,8.519,8.901,9.412,9.878,Healthy,0,0,0.3819999999999997,0.8930000000000007,1.359,0.4659999999999993,-0.045000000000001705,0.30134316653753696,1.2749999999999906,1.682130800961873,0.9389969396634888,1.682130800961873,0,0.13563703312951864,0,0,9.685,1.166,0.00694,0,0
COMP_01320,Lot_A,7.812,8.009,8.38,8.721,Healthy,0,0,0.19700000000000006,0.5680000000000005,0.9089999999999998,0.3409999999999993,-0.030000000000001137,-1.0605866916028144,-0.5750000000000055,-0.7755278368070996,-0.16311214444859146,-0.16311214444859146,0,0.16166695351294214,0,0,8.892,1.08,0.00643,0,0
COMP_01321,Lot_A,8.548,8.824,9.511,9.933,Healthy,0,0,0.2759999999999998,0.9629999999999992,1.3849999999999998,0.4220000000000006,-0.2649999999999988,0.3660848624733355,0.21499999999999186,1.8241288555885236,0.551054542056048,1.8241288555885236,0,0.13921578851138183,0,0,9.688,1.14,0.00679,0,0
COMP_01322,Lot_A,8.088,8.338,8.968,9.397,Healthy,0,0,0.25,0.8800000000000008,1.309000000000001,0.42900000000000027,-0.2010000000000005,-0.26485239246463144,-0.045000000000006146,1.4090576189875486,0.6127726507663216,1.4090576189875486,0,0.15327930314234317,0,0,9.138,1.05,0.00625,0,0
COMP_01323,Lot_C,11.343,11.554,11.919,12.199,Healthy,0,0,0.2110000000000003,0.5760000000000005,0.8559999999999999,0.27999999999999936,-0.08500000000000085,1.0490941251343089,-0.5000000000000071,-1.1037121518707913,-0.6934904991801677,1.0490941251343089,0,0.17413962489180518,0,0,12.346,1.003,0.00597,0,0
COMP_01324,Lot_A,8.178,8.343,8.829,9.21,Healthy,0,0,0.16499999999999915,0.6509999999999998,1.032,0.3810000000000002,-0.10500000000000043,-0.48497415864634696,-0.8950000000000147,-0.10376780915024617,0.1895627624672824,0.1895627624672824,0,0.17920193659942985,0,0,9.25,1.072,0.00638,0,0
COMP_01325,Lot_C,11.205,11.314,11.651,12.081,Healthy,0,0,0.10899999999999999,0.44599999999999973,0.8759999999999994,0.4299999999999997,0.09299999999999997,0.92832036243592,-1.5200000000000102,-1.0015165822531273,0.7314899785872957,0.92832036243592,0,0.14539506528186058,0,0,12.155,0.95,0.00565,0,0
COMP_01326,Lot_A,8.647,8.9,9.502,9.751,Healthy,0,0,0.2530000000000001,0.8550000000000004,1.1039999999999992,0.24899999999999878,-0.35300000000000153,0.15184870501305509,-0.01500000000000501,0.2894575728927848,-0.9742644303550873,0.2894575728927848,0,0.1665424003951207,0,0,9.704,1.057,0.00629,0,0
COMP_01327,Lot_A,7.917,8.099,8.308,8.671,Healthy,0,0,0.18200000000000038,0.391,0.7539999999999996,0.36299999999999955,0.15399999999999991,-1.119442778817178,-0.7250000000000023,-1.6220547009275246,0.03085905435513681,0.03085905435513681,0,0.11206225382819401,0,0,8.978,1.061,0.00632,0,0
COMP_01328,Lot_C,9.529,10.583,18.713,36.668,Latent Defect,1,0,1.0540000000000003,9.184000000000001,27.139,17.955,9.824999999999998,26.093273781633233,7.929999999999993,133.19659566118523,167.2167091310855,167.2167091310855,1,-0.025344782733825566,1,1,36.409,26.88,0.16,1,1
COMP_01329,Lot_B,12.122,12.389,12.894,13.215,Healthy,0,0,0.26699999999999946,0.7720000000000002,1.093,0.32099999999999973,-0.18400000000000105,-0.695642037648336,0.10999999999999233,0.22123296910832208,-0.3324954448124172,0.22123296910832208,0,0.17371141681238983,0,0,13.184,1.062,0.00632,0,0
COMP_01330,Lot_B,12.601,12.866,13.313,13.796,Healthy,0,0,0.2649999999999988,0.7119999999999997,1.1949999999999985,0.48299999999999876,0.03599999999999781,-0.2404978666194138,0.08999999999998565,0.771617428841208,1.2064834711763919,1.2064834711763919,0,0.16128610908952767,0,0,13.739,1.138,0.00677,0,0
COMP_01331,Lot_B,13.35,14.769,25.185,39.889,Latent Defect,1,0,1.4190000000000005,11.834999999999999,26.539,14.704000000000004,4.288000000000006,20.20025403468468,11.630000000000003,137.5259678942379,136.30413263338005,137.5259678942379,1,-0.07092876085748889,1,1,42.035,28.685,0.17074,1,1
COMP_01332,Lot_C,9.498,9.744,10.298,10.841,Healthy,0,0,0.24600000000000044,0.8000000000000007,1.343,0.5429999999999993,-0.011000000000001009,-0.3408276523607073,-0.15000000000000568,1.3847499683193811,1.804975271838778,1.804975271838778,0,0.16087420942742126,0,0,10.567,1.069,0.00636,0,0
COMP_01333,Lot_A,8.113,8.367,8.913,9.257,Healthy,0,0,0.25400000000000134,0.8000000000000007,1.1440000000000001,0.3439999999999994,-0.20199999999999996,-0.4296494366648475,-0.004999999999992788,0.5079161184722539,-0.13666152642990054,0.5079161184722539,0,0.1757867605045672,0,0,9.138,1.025,0.0061,0,0
COMP_01334,Lot_C,11.48,11.622,12.153,12.57,Healthy,0,0,0.14199999999999946,0.673,1.0899999999999999,0.4169999999999998,-0.11400000000000077,1.4288150231097518,-1.1900000000000155,0.09197601265590306,0.6079916705141168,1.4288150231097518,0,0.15953431456665534,0,0,12.397,0.917,0.00546,0,0
COMP_01335,Lot_C,11.037,11.292,11.849,12.174,Healthy,0,0,0.254999999999999,0.8119999999999994,1.1369999999999987,0.3249999999999993,-0.2320000000000011,1.023506463545667,-0.06000000000002004,0.3321356012574126,-0.2659963558499303,1.023506463545667,0,0.17859546239341223,0,0,12.065,1.028,0.00612,0,0
COMP_01336,Lot_B,12.118,12.293,12.57,12.876,Healthy,0,0,0.17499999999999893,0.45199999999999996,0.7579999999999991,0.30599999999999916,0.02899999999999814,-0.9612080858046268,-0.8100000000000129,-1.5864022662889319,-0.47499349258916507,-0.47499349258916507,0,0.1467302540151058,0,0,13.074,0.956,0.00569,0,0
COMP_01337,Lot_A,8.749,8.983,9.456,9.93,Healthy,0,0,0.23399999999999999,0.706999999999999,1.1809999999999992,0.4740000000000002,0.0010000000000012221,0.36255349724047364,-0.2050000000000063,0.709990273133253,1.00953192104667,1.00953192104667,0,0.17544898805334375,0,0,9.797,1.048,0.00624,0,0
COMP_01338,Lot_B,12.431,12.868,13.409,13.739,Healthy,0,0,0.43700000000000117,0.9780000000000015,1.3080000000000016,0.33000000000000007,-0.2110000000000003,-0.28515056498197483,1.8100000000000094,1.3813570754080582,-0.24699661614636853,1.8100000000000094,0,0.10905879350429476,0,0,13.573,1.142,0.0068,0,0
COMP_01339,Lot_A,8.324,8.494,8.941,9.074,Healthy,0,0,0.16999999999999993,0.6170000000000009,0.75,0.13299999999999912,-0.31400000000000183,-0.6450627158694145,-0.8450000000000069,-1.6439005554854684,-1.9970216604110949,-0.6450627158694145,0,0.12700674247001464,0,0,9.333,1.009,0.00601,0,0
COMP_01340,Lot_A,9.505,9.529,9.984,10.22,Healthy,0,0,0.023999999999999133,0.4789999999999992,0.7149999999999999,0.23600000000000065,-0.21899999999999942,0.703918803083778,-2.305000000000015,-1.8350517828675004,-1.0888837751027272,0.703918803083778,0,0.11835223436179432,0,0,10.366,0.861,0.00512,0,0
COMP_01341,Lot_A,7.939,8.143,8.824,9.064,Healthy,0,0,0.20400000000000063,0.8849999999999998,1.125,0.2400000000000002,-0.44099999999999895,-0.6568339333122868,-0.5049999999999999,0.4041483093220078,-1.0536162844111443,0.4041483093220078,0,0.1414155862081236,0,0,8.978,1.039,0.00618,0,0
COMP_01342,Lot_B,14.006,14.349,14.518,14.806,Healthy,0,0,0.34299999999999997,0.5120000000000005,0.7999999999999989,0.2879999999999985,0.118999999999998,0.5507166131382656,0.8699999999999974,-1.3597733711048001,-0.6459911499212625,0.8699999999999974,0,0.10425264275056534,0,0,14.981,0.975,0.0058,0,0
COMP_01343,Lot_C,11.336,11.481,12.075,12.423,Healthy,0,0,0.14499999999999957,0.738999999999999,1.0869999999999997,0.34800000000000075,-0.24599999999999866,1.2783595729685386,-1.1600000000000144,0.07664667721325255,-0.047499349258905886,1.2783595729685386,0,0.1667295940151174,0,0,12.346,1.01,0.00601,0,0
COMP_01344,Lot_C,9.945,10.201,10.692,10.946,Healthy,0,0,0.2560000000000002,0.7469999999999999,1.0009999999999994,0.25399999999999956,-0.2370000000000001,-0.2333594736884118,-0.050000000000007816,-0.36279427214271365,-0.9404871153265255,-0.050000000000007816,0,0.18946659629369045,0,0,10.98,1.035,0.00616,0,0
COMP_01345,Lot_C,9.766,10.045,10.516,10.901,Healthy,0,0,0.2789999999999999,0.75,1.1349999999999998,0.3849999999999998,-0.0860000000000003,-0.2794172645479668,0.17999999999998906,0.3219160442956516,0.3039958352570584,0.3219160442956516,0,0.19534814068723683,0,0,10.887,1.121,0.00667,0,0
COMP_01346,Lot_B,12.209,12.51,12.975,13.167,Healthy,0,0,0.30100000000000016,0.766,0.9580000000000002,0.19200000000000017,-0.2729999999999997,-0.7332443099536515,0.4499999999999993,-0.5072170511263893,-1.557978655692398,0.4499999999999993,0,0.1490051114357464,0,0,13.19,0.981,0.00584,0,0
COMP_01347,Lot_A,8.075,8.253,8.594,8.897,Healthy,0,0,0.17800000000000082,0.5190000000000001,0.822000000000001,0.3030000000000008,-0.03799999999999848,-0.8534132646082577,-0.7649999999999979,-1.2506751734424277,-0.4981533060186505,-0.4981533060186505,0,0.15412880160317827,0,0,9.072,0.997,0.00593,0,0
COMP_01348,Lot_B,13.675,13.875,14.352,14.708,Healthy,0,0,0.1999999999999993,0.6769999999999996,1.0329999999999995,0.35599999999999987,-0.12100000000000044,0.4739453071815807,-0.5600000000000094,-0.1025225954404417,-1.6875158784626673e-14,0.4739453071815807,0,0.16202370941264976,0,0,14.668,0.993,0.00591,0,0
COMP_01349,Lot_C,9.299,9.521,10.075,10.44,Healthy,0,0,0.2220000000000013,0.7759999999999998,1.141,0.3650000000000002,-0.18899999999999828,-0.7512537442425196,-0.389999999999997,0.3525747151809527,0.11399843822140113,0.3525747151809527,0,0.189817055046823,0,0,10.284,0.985,0.00586,0,0
COMP_01350,Lot_A,8.939,9.291,9.793,9.951,Healthy,0,0,0.3520000000000003,0.8539999999999992,1.0120000000000005,0.15800000000000125,-0.34399999999999764,0.38727305387050687,0.974999999999997,-0.2129970819399759,-1.7765998435886599,0.974999999999997,0,0.15397607756842058,0,0,10.054,1.115,0.00664,0,0
COMP_01351,Lot_C,10.244,10.444,11.111,11.501,Healthy,0,0,0.20000000000000107,0.8670000000000009,1.2569999999999997,0.3899999999999988,-0.277000000000001,0.334686613579433,-0.6099999999999994,0.9453090189634149,0.3514951845159643,0.9453090189634149,0,0.16977503058438714,0,0,11.32,1.076,0.0064,0,0
COMP_01352,Lot_B,12.343,12.638,13.099,13.277,Healthy,0,0,0.29499999999999993,0.7560000000000002,0.9339999999999993,0.17799999999999905,-0.28300000000000125,-0.6470724359206373,0.389999999999997,-0.6367192769458986,-1.6909768336173683,0.389999999999997,0,0.14747335728416694,0,0,13.314,0.971,0.00578,0,0
COMP_01353,Lot_B,13.949,14.167,14.787,15.125,Healthy,0,0,0.21799999999999997,0.838000000000001,1.1760000000000002,0.3379999999999992,-0.2820000000000018,0.8006150478340086,-0.38000000000000256,0.6690948334007759,-0.17099765733211428,0.8006150478340086,0,0.1339661185391805,0,0,14.937,0.988,0.00588,0,0
COMP_01354,Lot_C,11.295,11.579,12.146,12.447,Healthy,0,0,0.2840000000000007,0.8510000000000009,1.1519999999999992,0.3009999999999984,-0.2660000000000018,1.3029237280936337,0.22999999999999687,0.4087822784706652,-0.49399323229273256,1.3029237280936337,0,0.1656308400383265,0,0,12.346,1.051,0.00626,0,0
COMP_01355,Lot_B,13.388,13.5,13.935,14.137,Healthy,0,0,0.1120000000000001,0.5470000000000006,0.7490000000000006,0.20199999999999996,-0.23300000000000054,0.026634942882932333,-1.4400000000000013,-1.6349656009712383,-1.4629799571745716,0.026634942882932333,0,0.11569165375343948,0,0,14.247,0.859,0.00511,0,0
COMP_01356,Lot_C,8.971,9.15,9.679,10.015,Healthy,0,0,0.17900000000000027,0.7080000000000002,1.0440000000000005,0.3360000000000003,-0.19299999999999962,-1.186243991249427,-0.8200000000000074,-0.143073797464726,-0.16149778748030702,-0.143073797464726,0,0.1886314604107398,0,0,9.938,0.967,0.00576,0,0
COMP_01357,Lot_C,10.028,10.264,10.844,11.194,Healthy,0,0,0.23599999999999888,0.815999999999999,1.1660000000000004,0.3500000000000014,-0.22999999999999865,0.02047012927091472,-0.2500000000000213,0.48031917720303724,-0.028499609555333406,0.48031917720303724,0,0.1872879589083271,0,0,11.124,1.096,0.00652,0,0
COMP_01358,Lot_B,13.274,13.478,14.066,14.538,Healthy,0,0,0.20400000000000063,0.7920000000000016,1.2640000000000011,0.47199999999999953,-0.11600000000000144,0.3407705927669218,-0.519999999999996,1.1439363280722974,1.101984902806788,1.1439363280722974,0,0.1486890117492622,0,0,14.247,0.973,0.00579,0,0
COMP_01359,Lot_A,8.47,8.674,8.93,9.193,Healthy,0,0,0.20399999999999885,0.4599999999999991,0.722999999999999,0.2629999999999999,0.006999999999999673,-0.5049852282992318,-0.5050000000000177,-1.7913600737516124,-0.8508282129345244,-0.5049852282992318,0,0.14321175331910824,0,0,9.568,1.098,0.00654,0,0
COMP_01360,Lot_B,10.616,10.793,11.286,11.631,Healthy,0,0,0.1769999999999996,0.6699999999999999,1.0150000000000006,0.34500000000000064,-0.1479999999999997,-1.9365170237237461,-0.7900000000000063,-0.19964926480506412,-0.10449856836962071,-0.10449856836962071,0,0.18909025932327267,0,0,11.685,1.069,0.00636,0,0
COMP_01361,Lot_C,12.091,12.311,12.707,13.164,Healthy,0,0,0.22000000000000064,0.6160000000000014,1.0730000000000004,0.45699999999999896,0.06099999999999817,2.0367778624558777,-0.4100000000000037,0.0051097784808895545,0.9879864645854314,2.0367778624558777,0,0.16616318475487113,0,0,12.988,0.897,0.00534,0,0
COMP_01362,Lot_A,6.958,7.09,7.62,7.95,Healthy,0,0,0.13199999999999967,0.6619999999999999,0.992,0.33000000000000007,-0.20000000000000018,-1.9681475564482862,-1.2250000000000094,-0.3222263547297105,-0.26009774385044776,-0.26009774385044776,0,0.07347893731926375,0,0,8.256,1.298,0.00773,0,0
COMP_01363,Lot_B,12.81,12.985,13.464,13.733,Healthy,0,0,0.17499999999999893,0.6539999999999999,0.923,0.26900000000000013,-0.21000000000000085,-0.2898508490201394,-0.8100000000000129,-0.696074463779834,-0.8264886771051205,-0.2898508490201394,0,0.1672398543722951,0,0,13.766,0.956,0.00569,0,0
COMP_01364,Lot_B,13.08,13.237,13.665,14.218,Healthy,0,0,0.15700000000000003,0.5849999999999991,1.138,0.5530000000000008,0.12500000000000178,0.0900887773981518,-0.990000000000002,0.4640496425198925,1.8714743608012094,1.8714743608012094,0,0.13742070058515982,0,0,14.037,0.957,0.0057,0,0
COMP_01365,Lot_C,9.618,9.857,10.283,10.65,Healthy,0,0,0.238999999999999,0.6649999999999991,1.032,0.3670000000000009,-0.058999999999999275,-0.5363173868979286,-0.22000000000002018,-0.20439113923532803,0.1329981779249736,0.1329981779249736,0,0.19905078200135412,0,0,10.754,1.136,0.00676,0,0
COMP_01366,Lot_A,8.875,9.145,9.629,9.961,Healthy,0,0,0.2699999999999996,0.7539999999999996,1.0860000000000003,0.33200000000000074,-0.15199999999999925,0.39904427131337916,0.1549999999999896,0.19115122738203189,-0.2424639985046486,0.39904427131337916,0,0.19149200828722157,0,0,9.892,1.017,0.00605,0,0
COMP_01367,Lot_C,10.09,10.323,10.556,11.169,Healthy,0,0,0.23300000000000054,0.4659999999999993,1.0790000000000006,0.6130000000000013,0.38000000000000256,-0.005117532317727317,-0.2800000000000047,0.03576844936619058,2.469966161463612,2.469966161463612,0,0.11678571247710245,0,0,11.124,1.034,0.00615,0,0
COMP_01368,Lot_C,10.655,10.827,11.305,11.52,Healthy,0,0,0.1720000000000006,0.6500000000000004,0.8650000000000002,0.21499999999999986,-0.2629999999999999,0.35413323638680083,-0.8900000000000041,-1.0577241455428399,-1.3109820395460623,0.35413323638680083,0,0.16999141939432377,0,0,11.697,1.042,0.0062,0,0
COMP_01369,Lot_A,8.105,8.236,8.68,8.872,Healthy,0,0,0.13100000000000023,0.5749999999999993,0.7669999999999995,0.19200000000000017,-0.2519999999999989,-0.8828413082154395,-1.2350000000000039,-1.5510556736141992,-1.4768261727101837,-0.8828413082154395,0,0.12101548286636377,0,0,9.072,0.967,0.00576,0,0
COMP_01370,Lot_A,8.811,9.115,9.466,9.832,Healthy,0,0,0.30400000000000027,0.6549999999999994,1.0210000000000008,0.36600000000000144,0.015000000000002345,0.24719556630032408,0.49499999999999655,-0.1638439091845946,0.0573096723738434,0.49499999999999655,0,0.1871594795895778,0,0,9.848,1.037,0.00617,0,0
COMP_01371,Lot_C,9.208,9.499,9.866,10.295,Healthy,0,0,0.29100000000000037,0.6579999999999995,1.0869999999999997,0.42900000000000027,0.062000000000001165,-0.8996621814566408,0.2999999999999936,0.07664667721325255,0.7219901087355179,0.7219901087355179,0,0.18123278322516384,0,0,10.284,1.076,0.0064,0,0
COMP_01372,Lot_A,7.051,7.22,7.537,7.908,Healthy,0,0,0.1689999999999996,0.48599999999999977,0.8570000000000002,0.37100000000000044,0.05400000000000027,-2.0175866697083507,-0.8550000000000102,-1.0595239460604007,0.10139403573831784,0.10139403573831784,0,0.07146402302453664,0,0,8.256,1.205,0.00717,0,0
COMP_01373,Lot_C,10.5,10.772,11.161,11.231,Healthy,0,0,0.27200000000000024,0.6609999999999996,0.7309999999999999,0.07000000000000028,-0.31899999999999906,0.05833986842210341,0.10999999999999233,-1.742434461981205,-2.6884631680546027,0.10999999999999233,0,0.13462849978919633,0,0,11.457,0.957,0.0057,0,0
COMP_01374,Lot_B,13.043,13.356,14.127,14.435,Healthy,0,0,0.3130000000000006,1.0840000000000014,1.3920000000000012,0.30799999999999983,-0.46300000000000097,0.2600823834450992,0.5700000000000038,1.8346148657763217,-0.4559937528855931,1.8346148657763217,0,0.09715293889368637,0,0,14.09,1.047,0.00623,0,0
COMP_01375,Lot_A,7.968,8.243,8.663,9.14,Healthy,0,0,0.27500000000000036,0.6950000000000003,1.1720000000000006,0.4770000000000003,0.057000000000000384,-0.567372680746455,0.2049999999999974,0.6608371003778815,1.0359825390653608,1.0359825390653608,0,0.15751809964391555,0,0,9.072,1.104,0.00657,0,0
COMP_01376,Lot_C,9.273,9.503,10.058,10.439,Healthy,0,0,0.23000000000000043,0.7850000000000001,1.1660000000000004,0.3810000000000002,-0.1739999999999995,-0.7522772507060647,-0.3100000000000058,0.48031917720303724,0.2659963558499303,0.48031917720303724,0,0.18942309224142218,0,0,10.284,1.011,0.00602,0,0
COMP_01377,Lot_B,14.277,14.492,15.094,15.278,Healthy,0,0,0.21500000000000163,0.8170000000000002,1.0010000000000012,0.18400000000000105,-0.4179999999999975,0.920472290807202,-0.40999999999998593,-0.2751922298664382,-1.6339776145066522,0.920472290807202,0,0.09902234314475111,0,0,15.239,0.962,0.00573,0,0
COMP_01378,Lot_B,11.214,30.051,65.088,132.454,Gross Failure,1,1,18.836999999999996,53.873999999999995,121.24000000000001,67.36600000000001,32.32900000000002,92.71388603346648,185.80999999999995,648.5255631997751,636.5862787679675,648.5255631997751,1,-0.23860973930451979,1,1,129.736,118.522,0.70549,1,1
COMP_01379,Lot_B,13.109,13.359,13.649,13.997,Healthy,0,0,0.25,0.5399999999999991,0.8879999999999999,0.34800000000000075,0.058000000000001606,-0.08303835134090488,-0.060000000000002274,-0.8849318764332788,-0.07599895881427114,-0.060000000000002274,0,0.16302769502533904,0,0,14.148,1.039,0.00618,0,0
COMP_01380,Lot_B,14.498,14.752,15.284,15.7,Healthy,0,0,0.25400000000000134,0.7860000000000014,1.202,0.4159999999999986,-0.11600000000000144,1.2510589348247663,-0.019999999999988916,0.8093889113719046,0.5699921911069407,1.2510589348247663,0,0.12223239194869018,0,0,15.449,0.951,0.00566,0,0
COMP_01381,Lot_A,7.69,8.008,8.421,8.745,Healthy,0,0,0.31799999999999873,0.730999999999999,1.0549999999999988,0.32399999999999984,-0.08900000000000041,-1.0323357697399214,0.6349999999999811,0.021845854557939158,-0.31299897988782965,0.6349999999999811,0,0.16223903713200943,0,0,8.85,1.16,0.0069,0,0
COMP_01382,Lot_B,15.307,15.605,15.979,16.335,Healthy,0,0,0.29800000000000004,0.6719999999999988,1.0280000000000005,0.35600000000000165,-0.01799999999999713,1.74850566219717,0.41999999999999815,-0.12950222581949977,0.0,1.74850566219717,0,0.06575182520822909,0,0,16.174,0.867,0.00516,0,0
COMP_01383,Lot_C,10.033,10.418,10.873,11.443,Healthy,0,0,0.3849999999999998,0.8399999999999999,1.4100000000000001,0.5700000000000003,0.11500000000000021,0.27532323869378456,1.2399999999999878,1.7271051265385637,2.0614717578369306,2.0614717578369306,0,0.1044980320981374,0,0,11.195,1.162,0.00692,0,0
COMP_01384,Lot_A,7.463,7.71,8.068,8.369,Healthy,0,0,0.2469999999999999,0.6049999999999995,0.9059999999999997,0.30100000000000016,-0.056999999999999496,-1.4749335455919277,-0.07500000000000728,-0.79191222772556,-0.5157870513644497,-0.07500000000000728,0,0.13483204086886408,0,0,8.621,1.158,0.00689,0,0
COMP_01385,Lot_B,12.48,12.673,13.33,13.823,Healthy,0,0,0.19299999999999962,0.8499999999999996,1.343,0.4930000000000003,-0.1639999999999997,-0.21934658844767305,-0.6300000000000061,1.5702144880614932,1.301482169694235,1.5702144880614932,0,0.1392951618932976,0,0,13.599,1.119,0.00666,0,0
COMP_01386,Lot_A,8.822,9.034,9.402,9.826,Healthy,0,0,0.21200000000000152,0.5800000000000001,1.0040000000000013,0.42400000000000126,0.056000000000002714,0.2401328358346003,-0.42499999999999094,-0.2566887910558639,0.5686882874018472,0.5686882874018472,0,0.18135568224374582,0,0,9.797,0.975,0.0058,0,0
COMP_01387,Lot_C,10.27,10.509,11.023,11.463,Healthy,0,0,0.23900000000000077,0.7530000000000001,1.1929999999999996,0.4399999999999995,-0.07399999999999984,0.29579336796469746,-0.22000000000000242,0.6182831961868828,0.8264886771051244,0.8264886771051244,0,0.18595160938413635,0,0,11.332,1.062,0.00632,0,0
COMP_01388,Lot_A,8.377,9.419,16.938,35.564,Latent Defect,1,0,1.0419999999999998,8.560999999999998,27.186999999999998,18.626,11.107000000000003,30.53689229029991,7.874999999999992,142.74081368162183,161.05340467946652,161.05340467946652,1,-0.045365929452682585,1,1,36.069,27.692,0.16483,1,1
COMP_01389,Lot_C,11.951,12.112,12.694,12.976,Healthy,0,0,0.1609999999999996,0.7430000000000003,1.0250000000000004,0.28200000000000003,-0.3000000000000007,1.8443586473092932,-1.0000000000000142,-0.24015958860150954,-0.6744907594765952,1.8443586473092932,0,0.1558846759572985,0,0,12.933,0.982,0.00585,0,0
COMP_01390,Lot_B,12.479,30.223,63.947,125.933,Gross Failure,1,1,17.744,51.468,113.45400000000001,61.986000000000004,28.262,87.60546066465477,174.88,606.5128827734975,585.4769789653758,606.5128827734975,1,-0.22933827868285583,1,1,130.798,118.319,0.70428,1,1
COMP_01391,Lot_A,8.683,8.879,9.437,9.781,Healthy,0,0,0.19599999999999973,0.7539999999999996,1.0980000000000008,0.3440000000000012,-0.21399999999999864,0.187162357341674,-0.5850000000000088,0.2566887910558736,-0.13666152642988488,0.2566887910558736,0,0.18472479293822963,0,0,9.704,1.021,0.00608,0,0
COMP_01392,Lot_A,7.389,7.568,7.644,7.999,Healthy,0,0,0.17899999999999938,0.2549999999999999,0.6099999999999994,0.35499999999999954,0.278999999999999,-1.9104685909782113,-0.7550000000000123,-2.408505465013596,-0.0396759270280364,-0.0396759270280364,0,0.02188192626912966,0,0,8.502,1.113,0.00662,0,0
COMP_01393,Lot_A,9.543,9.709,10.23,10.623,Healthy,0,0,0.16600000000000037,0.6870000000000012,1.08,0.3929999999999989,-0.1280000000000019,1.1782988660315392,-0.8850000000000025,0.15838244554511102,0.29536523454203045,1.1782988660315392,0,0.1937808822752461,0,0,10.554,1.011,0.00602,0,0
COMP_01394,Lot_B,12.173,12.546,12.963,13.514,Healthy,0,0,0.37299999999999933,0.7899999999999991,1.3409999999999993,0.5510000000000002,0.13400000000000034,-0.46141121641314214,1.169999999999991,1.5594226359098644,1.8524746210976375,1.8524746210976375,0,0.11676515134600163,0,0,13.19,1.017,0.00605,0,0
COMP_01395,Lot_A,7.191,7.42,7.852,8.198,Healthy,0,0,0.2290000000000001,0.6610000000000005,1.0070000000000006,0.3460000000000001,-0.0860000000000003,-1.6762213638650472,-0.2550000000000052,-0.24030440013740834,-0.11902778108410136,-0.11902778108410136,0,0.11365960521630691,0,0,8.317,1.126,0.0067,0,0
COMP_01396,Lot_C,10.645,11.167,11.671,12.024,Healthy,0,0,0.5220000000000002,1.0259999999999998,1.3789999999999996,0.35299999999999976,-0.1509999999999998,0.8699804940138165,2.6099999999999923,1.5687019936311781,0.0,2.6099999999999923,0,0.10205835850470196,0,0,14.677,4.032,0.024,0,0
COMP_01397,Lot_B,11.794,11.893,12.483,12.779,Healthy,0,0,0.0990000000000002,0.6890000000000001,0.9849999999999994,0.2959999999999994,-0.2940000000000005,-1.0371960110882847,-1.5700000000000003,-0.3615270470794508,-0.5699921911069913,-0.3615270470794508,0,0.1502146549741879,0,0,12.85,1.056,0.00629,0,0
COMP_01398,Lot_A,10.583,10.903,11.394,11.783,Healthy,0,0,0.3200000000000003,0.8109999999999999,1.1999999999999993,0.38899999999999935,-0.10200000000000031,2.5437600894047527,0.6549999999999967,0.8137580822834992,0.26009774385044776,2.5437600894047527,0,0.1788044751390817,0,0,11.672,1.089,0.00648,0,0
COMP_01399,Lot_B,13.444,13.639,13.879,14.174,Healthy,0,0,0.1949999999999985,0.4349999999999987,0.7299999999999986,0.29499999999999993,0.054999999999999716,0.055620027784945576,-0.6100000000000172,-1.7374881964116897,-0.5794920609587689,0.055620027784945576,0,0.1278561935092124,0,0,14.49,1.046,0.00623,0,0
COMP_01400,Lot_C,9.983,10.182,10.477,10.753,Healthy,0,0,0.19899999999999984,0.4939999999999998,0.7699999999999996,0.2759999999999998,-0.019000000000000128,-0.43089622115272513,-0.6200000000000117,-1.5431531012267576,-0.7314899785872957,-0.43089622115272513,0,0.17585245035958696,0,0,10.98,0.997,0.00593,0,0
COMP_01401,Lot_A,9.329,9.638,10.109,10.518,Healthy,0,0,0.3089999999999993,0.7799999999999994,1.189,0.4090000000000007,-0.06199999999999939,1.0547010828813794,0.5449999999999866,0.7536819822491507,0.43643519730839253,1.0547010828813794,0,0.1904543670277981,0,0,10.381,1.052,0.00626,0,0
COMP_01402,Lot_A,7.594,7.781,8.268,8.518,Healthy,0,0,0.1869999999999994,0.6740000000000004,0.9240000000000004,0.25,-0.237000000000001,-1.299542405693126,-0.6750000000000123,-0.6936058822147975,-0.9654475576821798,-0.6750000000000123,0,0.14510062379818295,0,0,8.727,1.133,0.00674,0,0
COMP_01403,Lot_A,8.587,8.736,8.988,9.411,Healthy,0,0,0.1490000000000009,0.4009999999999998,0.8239999999999998,0.42300000000000004,0.17100000000000115,-0.24837268804461066,-1.054999999999997,-1.2397522461634607,0.5598714147289398,0.5598714147289398,0,0.13813946654373804,0,0,9.575,0.988,0.00588,0,0
COMP_01404,Lot_C,10.924,11.124,11.391,11.521,Healthy,0,0,0.20000000000000107,0.4670000000000005,0.5970000000000013,0.13000000000000078,-0.13699999999999868,0.35515674285034776,-0.6099999999999994,-2.4271447784195614,-2.118470976947614,0.35515674285034776,0,0.1251664052513065,0,0,11.914,0.99,0.00589,0,0
COMP_01405,Lot_B,15.026,15.285,15.662,15.976,Healthy,0,0,0.25900000000000034,0.636000000000001,0.9500000000000011,0.31400000000000006,-0.06300000000000061,1.4672720005803315,0.030000000000001137,-0.550384459732886,-0.3989945337748939,1.4672720005803315,0,0.08767790916647711,0,0,16.076,1.05,0.00625,0,0
COMP_01406,Lot_B,10.895,12.219,24.719,40.763,Latent Defect,1,0,1.3239999999999998,13.824000000000002,29.868,16.043999999999997,3.543999999999995,20.884928742910628,10.679999999999996,155.48900580061832,149.033958234769,155.48900580061832,1,-0.05456743155750332,1,1,39.888,28.993,0.17258,1,1
COMP_01407,Lot_C,12.145,12.386,13.036,13.417,Healthy,0,0,0.24099999999999966,0.891,1.2720000000000002,0.3810000000000002,-0.26900000000000013,2.2957249977329313,-0.2000000000000135,1.0219556961766674,0.2659963558499303,2.2957249977329313,0,0.14093129657517012,0,0,13.121,0.976,0.00581,0,0
COMP_01408,Lot_C,10.276,10.673,11.217,11.604,Healthy,0,0,0.39700000000000024,0.9410000000000007,1.3279999999999994,0.3869999999999987,-0.1570000000000018,0.4401077793246365,1.3599999999999923,1.3081032911061286,0.32299557496061404,1.3599999999999923,0,0.14101556436763968,0,0,11.421,1.145,0.00682,0,0
COMP_01409,Lot_B,10.865,21.343,58.636,130.378,Gross Failure,1,1,10.478,47.771,119.51299999999999,71.74199999999999,34.448999999999984,91.08758775626157,102.21999999999998,639.2067988668464,678.157709239369,678.157709239369,1,-0.21912450122753158,1,1,122.825,111.96,0.66643,1,1
COMP_01410,Lot_C,10.116,11.197,17.939,33.98,Latent Defect,1,0,1.0809999999999995,7.823,23.863999999999997,16.040999999999997,9.298999999999996,23.342088407622477,8.199999999999985,116.4620711362924,149.0339582347727,149.0339582347727,1,-0.0494330039468347,1,1,37.178,27.062,0.16108,1,1
COMP_01411,Lot_A,8.605,8.786,9.121,9.465,Healthy,0,0,0.18099999999999916,0.516,0.8599999999999994,0.3439999999999994,0.008999999999998565,-0.1848081138530987,-0.7350000000000145,-1.0431395551419451,-0.13666152642990054,-0.13666152642990054,0,0.1714329484001278,0,0,9.607,1.002,0.00596,0,0
COMP_01412,Lot_A,9.659,9.964,10.448,10.817,Healthy,0,0,0.3049999999999997,0.7889999999999997,1.1579999999999995,0.3689999999999998,-0.11500000000000021,1.4066604844232673,0.504999999999991,0.5843766094250629,0.08376029039251867,1.4066604844232673,0,0.19085038503901908,0,0,10.818,1.159,0.0069,0,0
COMP_01413,Lot_A,8.941,9.182,9.583,10.007,Healthy,0,0,0.24099999999999966,0.6419999999999995,1.065999999999999,0.4239999999999995,0.022999999999999687,0.45319187155059204,-0.13500000000000956,0.08192195459229246,0.5686882874018315,0.5686882874018315,0,0.18597367964495376,0,0,9.925,0.984,0.00586,0,0
COMP_01414,Lot_A,8.32,8.475,9.098,9.261,Healthy,0,0,0.15499999999999936,0.7780000000000005,0.940999999999999,0.16299999999999848,-0.46000000000000263,-0.42494094968769897,-0.9950000000000125,-0.600761000343533,-1.732515480224201,-0.42494094968769897,0,0.14132519758765216,0,0,9.333,1.013,0.00603,0,0
COMP_01415,Lot_B,14.67,14.961,15.294,15.647,Healthy,0,0,0.29100000000000037,0.6240000000000006,0.9770000000000003,0.35299999999999976,0.019999999999999574,1.2095397591543144,0.3500000000000014,-0.40469445568594753,-0.028499609555366442,1.2095397591543144,0,0.1156922604963232,0,0,15.644,0.974,0.0058,0,0
COMP_01416,Lot_C,9.614,9.929,10.473,10.869,Healthy,0,0,0.3149999999999995,0.859,1.254999999999999,0.395999999999999,-0.14800000000000146,-0.31216947138142814,0.5399999999999849,0.9350894620016449,0.40849440362666484,0.9350894620016449,0,0.17578114471059286,0,0,10.754,1.14,0.00679,0,0
COMP_01417,Lot_A,9.097,9.338,9.999,10.472,Healthy,0,0,0.24099999999999966,0.902000000000001,1.375,0.472999999999999,-0.1880000000000024,1.0005534826441644,-0.13500000000000956,1.7695142191936586,1.0007150483737626,1.7695142191936586,0,0.15574323011525926,0,0,10.099,1.002,0.00596,0,0
COMP_01418,Lot_A,8.118,8.433,8.97,9.294,Healthy,0,0,0.3149999999999995,0.8520000000000003,1.1760000000000002,0.32399999999999984,-0.21300000000000097,-0.3860959321262182,0.6049999999999889,0.6826829549358254,-0.31299897988782965,0.6826829549358254,0,0.17167961743271637,0,0,9.174,1.056,0.00629,0,0
COMP_01419,Lot_B,12.628,12.975,13.423,13.799,Healthy,0,0,0.34699999999999953,0.7949999999999999,1.1709999999999994,0.37599999999999945,-0.07200000000000095,-0.23814772460033148,0.909999999999993,0.6421152030217083,0.18999739703563565,0.909999999999993,0,0.16173171597260544,0,0,13.749,1.121,0.00667,0,0
COMP_01420,Lot_C,11.261,11.714,12.1,12.428,Healthy,0,0,0.4530000000000012,0.8390000000000004,1.1670000000000016,0.3280000000000012,-0.05799999999999805,1.2834771052862677,1.9200000000000017,0.4854289556839268,-0.23749674629456316,1.9200000000000017,0,0.1442343412148116,0,0,12.346,1.085,0.00646,0,0
COMP_01421,Lot_A,8.559,8.817,9.312,9.613,Healthy,0,0,0.2580000000000009,0.7530000000000001,1.0540000000000003,0.30100000000000016,-0.19399999999999906,-0.010594095698585675,0.03500000000000281,0.01638439091846043,-0.5157870513644497,0.03500000000000281,0,0.1853895921312933,0,0,9.661,1.102,0.00656,0,0
COMP_01422,Lot_B,11.607,11.997,12.521,12.829,Healthy,0,0,0.39000000000000057,0.9140000000000015,1.2220000000000013,0.30799999999999983,-0.21600000000000108,-0.9980269774369139,1.3400000000000034,0.9173074328881656,-0.4559937528855931,1.3400000000000034,0,0.1386641325970755,0,0,12.765,1.158,0.00689,0,0
COMP_01423,Lot_A,8.85,9.246,9.602,9.973,Healthy,0,0,0.3960000000000008,0.7520000000000007,1.123000000000001,0.37100000000000044,0.015000000000000568,0.4131697322448267,1.4150000000000018,0.39322538204304064,0.10139403573831784,1.4150000000000018,0,0.17024905155205344,0,0,9.997,1.147,0.00683,0,0
COMP_01424,Lot_A,7.388,7.629,8.153,8.391,Healthy,0,0,0.24099999999999966,0.7650000000000006,1.0030000000000001,0.23799999999999955,-0.28600000000000136,-1.449036867217608,-0.13500000000000956,-0.2621502546953572,-1.0712500297569436,-0.13500000000000956,0,0.12671846599544329,0,0,8.573,1.185,0.00705,0,0
COMP_01425,Lot_C,9.832,10.146,10.666,10.9,Healthy,0,0,0.31400000000000006,0.8339999999999996,1.0679999999999996,0.23399999999999999,-0.2859999999999996,-0.2804407710115119,0.5299999999999905,-0.02043911392353099,-1.1304845123621827,0.5299999999999905,0,0.1766376955955824,0,0,10.935,1.103,0.00657,0,0
COMP_01426,Lot_C,10.336,10.631,11.094,11.553,Healthy,0,0,0.29499999999999993,0.7579999999999991,1.2170000000000005,0.4590000000000014,-0.003999999999997783,0.3879089496838091,0.3399999999999892,0.7409178797280869,1.0069862042890207,1.0069862042890207,0,0.1818347809890029,0,0,11.416,1.08,0.00643,0,0
COMP_01427,Lot_A,8.028,8.311,8.622,8.812,Healthy,0,0,0.2829999999999995,0.5939999999999994,0.7839999999999989,0.1899999999999995,-0.12100000000000044,-0.9534686128726753,0.2849999999999886,-1.45821079174293,-1.4944599180559828,0.2849999999999886,0,0.14463968197277155,0,0,9.138,1.11,0.00661,0,0
COMP_01428,Lot_C,10.703,11.907,20.712,36.049,Latent Defect,1,0,1.2040000000000006,10.009,25.346,15.337,6.532,25.459723280698466,9.429999999999996,124.03476284496148,142.34604985911747,142.34604985911747,1,-0.02272759088198384,1,1,38.84,28.137,0.16748,1,1
COMP_01429,Lot_B,13.91,14.808,25.798,44.925,Latent Defect,1,0,0.8979999999999997,11.887999999999998,31.014999999999997,19.127,8.137,24.145359104050687,6.419999999999995,161.67813300957548,178.32205698781544,178.32205698781544,1,-0.09081410275151891,1,1,43.113,29.203,0.17383,1,1
COMP_01430,Lot_C,8.688,8.948,9.717,10.185,Healthy,0,0,0.2599999999999998,1.029,1.4969999999999999,0.46799999999999997,-0.30100000000000016,-1.0122478924466636,-0.010000000000012221,2.1716558543754103,1.0924850329550546,2.1716558543754103,0,0.11529756464555746,0,0,9.801,1.113,0.00662,0,0
COMP_01431,Lot_B,12.089,12.397,12.677,12.889,Healthy,0,0,0.30799999999999983,0.5879999999999992,0.7999999999999989,0.21199999999999974,-0.06799999999999962,-0.9510241370552706,0.519999999999996,-1.3597733711048001,-1.3679812586567455,0.519999999999996,0,0.15255906081719411,0,0,13.167,1.078,0.00642,0,0
COMP_01432,Lot_B,12.926,13.22,13.767,14.2,Healthy,0,0,0.2940000000000005,0.8409999999999993,1.2739999999999991,0.43299999999999983,-0.11399999999999899,0.07598792528365797,0.38000000000000256,1.1978955888304135,0.7314899785872605,1.1978955888304135,0,0.15204795842275132,0,0,13.905,0.979,0.00583,0,0
COMP_01433,Lot_B,13.544,13.665,14.108,14.555,Healthy,0,0,0.12099999999999866,0.5640000000000001,1.0109999999999992,0.4469999999999992,0.003999999999997783,0.35408806420838723,-1.3500000000000156,-0.22123296910832208,0.8644881565122139,0.8644881565122139,0,0.14268224870293716,0,0,14.49,0.946,0.00563,0,0
COMP_01434,Lot_B,13.488,13.752,14.242,14.623,Healthy,0,0,0.2640000000000011,0.7540000000000013,1.1349999999999998,0.38099999999999845,-0.10900000000000176,0.4073579499742505,0.08000000000000895,0.44786186429245384,0.23749674629454035,0.44786186429245384,0,0.1619292229983293,0,0,14.544,1.056,0.00629,0,0
COMP_01435,Lot_A,6.928,7.27,7.707,8.128,Healthy,0,0,0.34199999999999964,0.7789999999999999,1.2000000000000002,0.42100000000000026,-0.016000000000000014,-1.7586198859651552,0.8749999999999902,0.813758082283504,0.5422376693831484,0.8749999999999902,0,0.08706346407998294,0,0,8.256,1.328,0.0079,0,0
COMP_01436,Lot_A,6.655,7.038,7.35,7.954,Healthy,0,0,0.383,0.6949999999999994,1.2989999999999995,0.6040000000000001,0.2920000000000007,-1.9634390694711377,1.284999999999994,1.354442982592674,2.1557253685232327,2.1557253685232327,0,0.029737504599475106,0,0,8.256,1.601,0.00953,0,0
COMP_01437,Lot_A,10.195,10.339,10.887,11.136,Healthy,0,0,0.14400000000000013,0.6920000000000002,0.940999999999999,0.24899999999999878,-0.29900000000000126,1.7821623208508999,-1.1050000000000049,-0.600761000343533,-0.9742644303550873,1.7821623208508999,0,0.16411776231935682,0,0,11.111,0.916,0.00545,0,0
COMP_01438,Lot_C,9.425,9.625,10.129,10.511,Healthy,0,0,0.1999999999999993,0.7039999999999988,1.0859999999999985,0.3819999999999997,-0.12199999999999989,-0.6785847853307775,-0.6100000000000172,0.071536898732363,0.2754962257017081,0.2754962257017081,0,0.19637841258157573,0,0,10.394,0.969,0.00577,0,0
COMP_01439,Lot_A,7.539,7.824,8.249,8.417,Healthy,0,0,0.28500000000000014,0.7100000000000009,0.8780000000000001,0.16799999999999926,-0.25700000000000145,-1.4184317018661396,0.3049999999999953,-0.9448332096311827,-1.688431116859711,0.3049999999999953,0,0.12347715443574958,0,0,8.727,1.188,0.00707,0,0
COMP_01440,Lot_B,12.523,12.905,13.307,13.474,Healthy,0,0,0.3819999999999997,0.7840000000000007,0.9510000000000005,0.16699999999999982,-0.2350000000000012,-0.4927464433342377,1.2599999999999945,-0.5449885336570762,-1.795475401986972,1.2599999999999945,0,0.12603300033057485,0,0,13.673,1.15,0.00685,0,0
COMP_01441,Lot_C,10.733,10.909,11.385,11.717,Healthy,0,0,0.17600000000000016,0.6519999999999992,0.984,0.33200000000000074,-0.14399999999999835,0.5557640097052983,-0.8500000000000085,-0.44966050631772714,-0.19949726688743508,0.5557640097052983,0,0.1880095120716742,0,0,11.771,1.038,0.00618,0,0
COMP_01442,Lot_A,9.909,10.146,10.458,10.761,Healthy,0,0,0.2370000000000001,0.5489999999999995,0.8519999999999985,0.30299999999999905,-0.009000000000000341,1.34074166674318,-0.17500000000000515,-1.0868312642578428,-0.49815330601866614,1.34074166674318,0,0.18903818897077318,0,0,10.945,1.036,0.00617,0,0
COMP_01443,Lot_B,11.648,11.882,12.544,13.019,Healthy,0,0,0.23399999999999999,0.8960000000000008,1.3710000000000004,0.47499999999999964,-0.18700000000000117,-0.8491846495617072,-0.22000000000000242,1.721300418184251,1.1304845123621377,1.721300418184251,0,0.13562669129312738,0,0,12.736,1.088,0.00648,0,0
COMP_01444,Lot_B,15.245,15.534,16.001,16.251,Healthy,0,0,0.2890000000000015,0.756000000000002,1.006000000000002,0.25,-0.21700000000000053,1.6827016856628683,0.3300000000000125,-0.24821259948737054,-1.0069862042889954,1.6827016856628683,0,0.062029477332741556,0,0,16.174,0.929,0.00553,0,0
COMP_01445,Lot_C,10.243,10.482,11.026,11.263,Healthy,0,0,0.238999999999999,0.7829999999999995,1.0199999999999996,0.2370000000000001,-0.3070000000000004,0.09109207525556479,-0.22000000000002018,-0.2657084810059301,-1.1019849028068325,0.09109207525556479,0,0.1795907098243375,0,0,11.32,1.077,0.00641,0,0
COMP_01446,Lot_A,8.542,8.666,9.157,9.574,Healthy,0,0,0.12400000000000055,0.6150000000000002,1.032,0.4169999999999998,-0.07399999999999984,-0.056501843725788176,-1.3050000000000006,-0.10376780915024617,0.5069701786915579,0.5069701786915579,0,0.16697242947229368,0,0,9.575,1.033,0.00615,0,0
COMP_01447,Lot_B,11.216,11.359,11.654,11.986,Healthy,0,0,0.14300000000000068,0.4380000000000006,0.7700000000000014,0.33200000000000074,0.03700000000000081,-1.6584168847990168,-1.1299999999999955,-1.5216511533791677,-0.22799687644279654,-0.22799687644279654,0,0.15002224944779646,0,0,12.241,1.025,0.0061,0,0
COMP_01448,Lot_C,8.742,9.103,9.605,10.015,Healthy,0,0,0.3609999999999989,0.8629999999999995,1.2729999999999997,0.41000000000000014,-0.09200000000000053,-1.186243991249427,0.9999999999999787,1.0270654746575478,0.5414925815516385,1.0270654746575478,0,0.1618808655106782,0,0,9.861,1.119,0.00666,0,0
COMP_01449,Lot_C,8.57,8.923,9.451,9.733,Healthy,0,0,0.35299999999999976,0.8810000000000002,1.1630000000000003,0.28200000000000003,-0.24600000000000044,-1.474872813969305,0.9199999999999875,0.4649898417603867,-0.6744907594765952,0.9199999999999875,0,0.16219878761844259,0,0,9.788,1.218,0.00725,0,0
COMP_01450,Lot_B,11.304,11.548,11.942,12.25,Healthy,0,0,0.24399999999999977,0.6379999999999999,0.9459999999999997,0.30799999999999983,-0.0860000000000003,-1.4516043871197821,-0.12000000000000455,-0.5719681640361439,-0.4559937528855931,-0.12000000000000455,0,0.18132033686838522,0,0,12.432,1.128,0.00671,0,0
COMP_01451,Lot_B,12.224,12.532,12.67,13.163,Healthy,0,0,0.30799999999999983,0.44599999999999973,0.9390000000000001,0.4930000000000003,0.3550000000000004,-0.7363778326457607,0.519999999999996,-0.6097396465668309,1.301482169694235,1.301482169694235,0,0.11181659329399934,0,0,13.22,0.996,0.00593,0,0
COMP_01452,Lot_B,14.098,14.365,14.797,15.256,Healthy,0,0,0.26699999999999946,0.6989999999999998,1.1579999999999995,0.45899999999999963,0.026999999999999247,0.9032379160005989,0.10999999999999233,0.5719681640361439,0.9784865947336122,0.9784865947336122,0,0.14118561369807897,0,0,15.01,0.912,0.00543,0,0
COMP_01453,Lot_C,9.962,11.106,22.314,45.548,Latent Defect,1,0,1.1440000000000001,12.352,35.586,23.234,12.026000000000002,35.18201117791876,8.829999999999991,176.35889448920653,217.36652207864836,217.36652207864836,1,-0.06283550940557736,1,1,37.691,27.729,0.16505,1,1
COMP_01454,Lot_B,11.932,12.216,12.536,12.936,Healthy,0,0,0.2839999999999989,0.6039999999999992,1.0039999999999996,0.40000000000000036,0.08000000000000007,-0.9142052454229821,0.2799999999999869,-0.2590044516390091,0.4179942734784322,0.4179942734784322,0,0.16965677004312746,0,0,13.033,1.101,0.00655,0,0
COMP_01455,Lot_A,7.877,8.224,8.662,9.017,Healthy,0,0,0.3470000000000004,0.785000000000001,1.1399999999999997,0.35499999999999865,-0.08300000000000196,-0.7121586552937884,0.924999999999998,0.4860702639143051,-0.039675927028044226,0.924999999999998,0,0.1625301824405318,0,0,9.037,1.16,0.0069,0,0
COMP_01456,Lot_C,11.468,24.269,62.693,117.626,Gross Failure,1,1,12.800999999999998,51.224999999999994,106.158,54.93300000000001,16.509000000000007,108.95431005736333,125.39999999999996,536.9661814421034,518.5028965103198,536.9661814421034,1,-0.1960318487660011,1,1,117.643,106.175,0.63199,1,1
COMP_01457,Lot_B,14.316,14.709,15.127,15.258,Healthy,0,0,0.3929999999999989,0.8109999999999999,0.9419999999999984,0.13099999999999845,-0.2870000000000026,0.9048046773466528,1.3699999999999868,-0.5935518683394019,-2.137470716651167,1.3699999999999868,0,0.07776932546539822,0,0,15.281,0.965,0.00574,0,0
COMP_01458,Lot_B,12.243,12.688,13.067,13.594,Healthy,0,0,0.4450000000000003,0.8239999999999998,1.350999999999999,0.5269999999999992,0.1479999999999997,-0.39874076257094965,1.8900000000000006,1.61338189666799,1.6244777446548408,1.8900000000000006,0,0.10310713125880289,0,0,13.399,1.156,0.00688,0,0
COMP_01459,Lot_A,8.015,8.214,8.758,9.174,Healthy,0,0,0.19899999999999984,0.7429999999999986,1.158999999999999,0.41600000000000037,-0.12799999999999834,-0.5273505414406897,-0.5550000000000077,0.5898380730645464,0.49815330601866614,0.5898380730645464,0,0.16784857690038862,0,0,9.072,1.057,0.00629,0,0
COMP_01460,Lot_B,13.937,14.188,14.762,15.208,Healthy,0,0,0.2510000000000012,0.8250000000000011,1.2710000000000008,0.44599999999999973,-0.1280000000000001,0.8656356436952835,-0.04999999999999005,1.1817078106029844,0.8549882866604364,1.1817078106029844,0,0.13251500780786085,0,0,14.937,1.0,0.00595,0,0
COMP_01461,Lot_B,14.264,14.464,15.038,15.336,Healthy,0,0,0.20000000000000107,0.7740000000000009,1.072000000000001,0.29800000000000004,-0.2759999999999998,0.9659083698427914,-0.5599999999999916,0.10791852151626098,-0.5509924514034193,0.9659083698427914,0,0.1301237673714828,0,0,15.239,0.975,0.0058,0,0
COMP_01462,Lot_B,12.827,13.063,13.393,13.57,Healthy,0,0,0.23600000000000065,0.5660000000000007,0.7430000000000003,0.1769999999999996,-0.15300000000000047,-0.4175418987236067,-0.19999999999999574,-1.6673411574261157,-1.700476703469146,-0.19999999999999574,0,0.13778948524533685,0,0,13.84,1.013,0.00603,0,0
COMP_01463,Lot_A,9.479,9.673,10.09,10.367,Healthy,0,0,0.19400000000000084,0.6110000000000007,0.8880000000000017,0.277000000000001,-0.1399999999999988,0.8769556994940044,-0.6049999999999978,-0.890218573236308,-0.7273919955139614,0.8769556994940044,0,0.19078190339100876,0,0,10.4,0.921,0.00548,0,0
COMP_01464,Lot_B,12.718,12.927,13.531,13.822,Healthy,0,0,0.20899999999999963,0.8130000000000006,1.1039999999999992,0.2909999999999986,-0.3130000000000024,-0.2201299691207014,-0.47000000000000597,0.28058815594225744,-0.6174915403659129,0.28058815594225744,0,0.15920347086847314,0,0,13.751,1.033,0.00615,0,0
COMP_01465,Lot_C,11.543,11.884,12.277,12.659,Healthy,0,0,0.3410000000000011,0.734,1.1160000000000014,0.38200000000000145,-0.010999999999997456,1.5199070983653167,0.8000000000000007,0.2248302531588772,0.275496225701725,1.5199070983653167,0,0.16153396879779736,0,0,12.603,1.06,0.00631,0,0
COMP_01466,Lot_A,8.915,9.233,9.796,10.164,Healthy,0,0,0.3180000000000014,0.8810000000000002,1.2490000000000006,0.3680000000000003,-0.1949999999999985,0.6379999854036907,0.6350000000000078,1.0813698006183496,0.07494341771962691,1.0813698006183496,0,0.17235986802249575,0,0,10.03,1.115,0.00664,0,0
COMP_01467,Lot_C,9.141,9.442,9.864,9.935,Healthy,0,0,0.30100000000000016,0.7230000000000008,0.7940000000000005,0.07099999999999973,-0.35100000000000087,-1.2681245083330803,0.3999999999999915,-1.4205184176855534,-2.678963298202825,0.3999999999999915,0,0.1318228299889892,0,0,10.212,1.071,0.00638,0,0
COMP_01468,Lot_B,13.429,13.621,14.016,14.366,Healthy,0,0,0.19200000000000017,0.5869999999999997,0.9369999999999994,0.34999999999999964,-0.04499999999999993,0.20602911700620757,-0.6400000000000006,-0.6205314987184599,-0.05699921911071601,0.20602911700620757,0,0.162271167443995,0,0,14.275,0.846,0.00504,0,0
COMP_01469,Lot_C,8.602,8.863,9.275,9.537,Healthy,0,0,0.26099999999999923,0.673,0.9350000000000005,0.26200000000000045,-0.15000000000000036,-1.6754800808242554,-1.7763568394002505e-14,-0.7000396518810067,-0.8644881565122525,-1.7763568394002505e-14,0,0.1852326029304806,0,0,9.705,1.103,0.00657,0,0
COMP_01470,Lot_C,10.042,10.156,10.615,11.013,Healthy,0,0,0.11400000000000077,0.5730000000000004,0.9710000000000001,0.3979999999999997,-0.06099999999999994,-0.16478454063085196,-1.4700000000000024,-0.5160876265692097,0.42749414333023733,0.42749414333023733,0,0.1734782446361844,0,0,10.958,0.916,0.00545,0,0
COMP_01471,Lot_B,13.336,13.649,14.239,14.581,Healthy,0,0,0.31299999999999883,0.9030000000000005,1.2449999999999992,0.34199999999999875,-0.24800000000000288,0.37445596170709966,0.5699999999999861,1.0414137326318462,-0.13299817792498714,1.0414137326318462,0,0.13948581191223464,0,0,14.473,1.137,0.00677,0,0
COMP_01472,Lot_C,10.986,11.229,11.595,11.906,Healthy,0,0,0.24299999999999855,0.609,0.9199999999999999,0.31099999999999994,-0.05500000000000149,0.7492067313154294,-0.18000000000002458,-0.7766863290942593,-0.39899453377488703,0.7492067313154294,0,0.18179680251924135,0,0,12.065,1.079,0.00642,0,0
COMP_01473,Lot_C,10.24,10.577,11.027,11.31,Healthy,0,0,0.33699999999999974,0.786999999999999,1.0700000000000003,0.28300000000000125,-0.16699999999999804,0.13919687904221173,0.7599999999999874,-0.010219556961760957,-0.6649908896248005,0.7599999999999874,0,0.17528396855335965,0,0,11.332,1.092,0.0065,0,0
COMP_01474,Lot_B,14.589,15.502,24.001,44.233,Latent Defect,1,0,0.9130000000000003,9.412,29.644,20.231999999999996,11.732999999999995,23.603259678315723,6.57,154.28031835963628,188.81941317403545,188.81941317403545,1,-0.10116130339842566,1,1,43.494,28.905,0.17205,1,1
COMP_01475,Lot_A,9.913,11.209,21.084,38.357,Latent Defect,1,0,1.2959999999999994,11.171,28.444,17.273,7.398,33.8245933220942,10.414999999999987,149.60587347645654,149.12417595303737,149.60587347645654,1,-0.004395206702558219,1,1,39.363,29.45,0.1753,1,1
COMP_01476,Lot_B,13.603,13.863,14.223,14.542,Healthy,0,0,0.2599999999999998,0.620000000000001,0.9390000000000001,0.31899999999999906,-0.041000000000002146,0.34390411545903105,0.039999999999995595,-0.6097396465668309,-0.35149518451598927,0.34390411545903105,0,0.16028441926110354,0,0,14.559,0.956,0.00569,0,0
COMP_01477,Lot_C,9.219,9.47,9.94,10.453,Healthy,0,0,0.2510000000000012,0.7210000000000001,1.234,0.5129999999999999,0.04300000000000104,-0.737948160216426,-0.09999999999999787,0.8277841139031004,1.519979176285292,1.519979176285292,0,0.17223602113829095,0,0,10.284,1.065,0.00634,0,0
COMP_01478,Lot_C,9.462,9.698,10.299,10.829,Healthy,0,0,0.23600000000000065,0.8369999999999997,1.3670000000000009,0.5300000000000011,-0.07099999999999795,-0.35310972992325396,-0.25000000000000355,1.5073846518605851,1.681476963765616,1.681476963765616,0,0.16091099366103778,0,0,10.472,1.01,0.00601,0,0
COMP_01479,Lot_C,10.427,10.657,11.05,11.216,Healthy,0,0,0.23000000000000043,0.6230000000000011,0.7889999999999997,0.1659999999999986,-0.2270000000000021,0.04298727146891782,-0.3100000000000058,-1.4460673100899741,-1.7764756622834446,0.04298727146891782,0,0.16784922022849863,0,0,11.457,1.03,0.00613,0,0
COMP_01480,Lot_B,11.979,12.238,12.666,13.078,Healthy,0,0,0.25900000000000034,0.6870000000000012,1.0990000000000002,0.41199999999999903,-0.01600000000000179,-0.802965189853091,0.030000000000001137,0.2536085255631994,0.5319927116998135,0.5319927116998135,0,0.17451809948894997,0,0,13.074,1.095,0.00652,0,0
COMP_01481,Lot_C,9.824,10.016,10.507,11.108,Healthy,0,0,0.19200000000000017,0.6829999999999998,1.2840000000000007,0.6010000000000009,0.11000000000000121,-0.06755142659401295,-0.6900000000000084,1.0832730379472695,2.355967723242211,2.355967723242211,0,0.14298263934059885,0,0,10.887,1.063,0.00633,0,0
COMP_01482,Lot_A,8.246,8.507,9.059,9.352,Healthy,0,0,0.26099999999999923,0.8129999999999988,1.1059999999999999,0.29300000000000104,-0.25899999999999856,-0.31782287095755773,0.06499999999998618,0.30038050017176166,-0.5863220327476151,0.30038050017176166,0,0.17482902960032576,0,0,9.322,1.076,0.0064,0,0
COMP_01483,Lot_B,14.4,14.524,14.925,15.244,Healthy,0,0,0.12399999999999878,0.5250000000000004,0.8439999999999994,0.31899999999999906,-0.08200000000000252,0.8938373479242697,-1.3200000000000145,-1.1223526237690395,-0.35149518451598927,0.8938373479242697,0,0.10188868565904746,0,0,15.308,0.908,0.0054,0,0
COMP_01484,Lot_A,8.621,8.713,9.326,9.717,Healthy,0,0,0.09199999999999875,0.7050000000000001,1.096,0.391,-0.2220000000000013,0.11182656570728976,-1.6250000000000187,0.24576586377689677,0.27773148919624696,0.27773148919624696,0,0.15530799022126368,0,0,9.587,0.966,0.00575,0,0
COMP_01485,Lot_A,9.398,9.777,10.138,10.239,Healthy,0,0,0.37899999999999956,0.7400000000000002,0.8410000000000011,0.10100000000000087,-0.2599999999999998,0.7262841162252359,1.2449999999999894,-1.1469073642921817,-2.279161585943772,1.2449999999999894,0,0.13355174466478392,0,0,10.613,1.215,0.00723,0,0
COMP_01486,Lot_B,14.261,14.488,14.802,15.21,Healthy,0,0,0.2270000000000003,0.5410000000000004,0.9490000000000016,0.40800000000000125,0.0940000000000012,0.8672024050413387,-0.28999999999999915,-0.5557803858086957,0.4939932322927033,0.8672024050413387,0,0.12776659047545375,0,0,15.239,0.978,0.00582,0,0
COMP_01487,Lot_B,15.71,15.951,16.515,16.767,Healthy,0,0,0.24099999999999966,0.8049999999999997,1.0569999999999986,0.2519999999999989,-0.31200000000000117,2.086926112945008,-0.15000000000000568,0.026979630379058057,-0.9879864645854404,2.086926112945008,0,0.017479341180283492,0,0,16.67,0.96,0.00571,0,0
COMP_01488,Lot_B,11.145,11.468,11.983,12.287,Healthy,0,0,0.3230000000000004,0.838000000000001,1.1420000000000012,0.30400000000000027,-0.2110000000000003,-1.4226193022177676,0.6700000000000017,0.48563334682315046,-0.4939932322927202,0.6700000000000017,0,0.16792777447386675,0,0,12.415,1.27,0.00756,0,0
COMP_01489,Lot_B,14.877,14.986,15.288,15.584,Healthy,0,0,0.10899999999999999,0.4109999999999996,0.706999999999999,0.2959999999999994,-0.006000000000000227,1.1601867767535874,-1.4700000000000024,-1.8615944961553796,-0.5699921911069913,1.1601867767535874,0,0.060382751082490915,0,0,15.644,0.767,0.00457,0,0
COMP_01490,Lot_B,12.608,12.975,13.431,13.762,Healthy,0,0,0.3669999999999991,0.8229999999999986,1.154,0.3310000000000013,-0.12499999999999822,-0.26713280950234475,1.1099999999999888,0.5503844597328955,-0.2374967462945741,1.1099999999999888,0,0.1549628180969434,0,0,13.737,1.129,0.00672,0,0
COMP_01491,Lot_A,7.484,7.821,8.135,8.357,Healthy,0,0,0.33699999999999974,0.6509999999999998,0.8729999999999993,0.22199999999999953,-0.09200000000000053,-1.4890590065233753,0.8249999999999913,-0.9721405278286199,-1.21231999252329,0.8249999999999913,0,0.12853544091137747,0,0,8.668,1.184,0.00705,0,0
COMP_01492,Lot_B,12.56,12.823,13.186,13.607,Healthy,0,0,0.2629999999999999,0.6259999999999994,1.0469999999999988,0.4209999999999994,0.05799999999999983,-0.38855681382159346,0.06999999999999673,-0.026979630379067643,0.6174915403658623,0.6174915403658623,0,0.17085710113429836,0,0,13.69,1.13,0.00673,0,0
COMP_01493,Lot_A,8.274,8.608,9.118,9.648,Healthy,0,0,0.3340000000000014,0.8440000000000012,1.3740000000000006,0.5299999999999994,0.019999999999999574,0.030605165351468337,0.7950000000000079,1.7640527555541752,1.5032767907288744,1.7640527555541752,0,0.13528518420127594,0,0,9.404,1.13,0.00673,0,0
COMP_01494,Lot_A,8.146,8.464,8.699,9.338,Healthy,0,0,0.3179999999999996,0.552999999999999,1.1919999999999984,0.6389999999999993,0.4039999999999999,-0.33430257537758057,0.63499999999999,0.7700663731676014,2.4643159120746083,2.4643159120746083,0,0.09793879013015311,0,0,9.314,1.168,0.00695,0,0
COMP_01495,Lot_B,13.873,14.1,14.519,14.844,Healthy,0,0,0.2270000000000003,0.6460000000000008,0.9710000000000001,0.3249999999999993,-0.0940000000000012,0.5804850787133072,-0.28999999999999915,-0.43707001214082486,-0.2944959654052901,0.5804850787133072,0,0.15327725708138723,0,0,14.842,0.969,0.00577,0,0
COMP_01496,Lot_B,15.024,15.346,15.743,15.969,Healthy,0,0,0.32200000000000095,0.7190000000000012,0.9450000000000003,0.2259999999999991,-0.17100000000000115,1.4617883358691384,0.6600000000000072,-0.5773640901119536,-1.234983080731792,1.4617883358691384,0,0.06903545400199634,0,0,16.136,1.112,0.00662,0,0
COMP_01497,Lot_B,14.316,14.633,15.168,15.509,Healthy,0,0,0.3169999999999984,0.8519999999999985,1.1929999999999996,0.3410000000000011,-0.19399999999999906,1.1014332262765325,0.6099999999999817,0.7608255766895886,-0.14249804777674782,1.1014332262765325,0,0.11615793107725797,0,0,15.298,0.982,0.00585,0,0
COMP_01498,Lot_B,12.67,13.055,13.719,14.133,Healthy,0,0,0.3849999999999998,1.0489999999999995,1.4629999999999992,0.4139999999999997,-0.25,0.023501420190821663,1.2899999999999956,2.217725617159011,0.5509924514033856,2.217725617159011,0,0.08825619196499351,0,0,13.823,1.153,0.00686,0,0
COMP_01499,Lot_B,14.067,14.336,14.621,14.873,Healthy,0,0,0.26900000000000013,0.5540000000000003,0.8059999999999992,0.2519999999999989,-0.03300000000000125,0.603203118231102,0.129999999999999,-1.3273978146499228,-0.9879864645854404,0.603203118231102,0,0.12924821851866197,0,0,14.998,0.931,0.00554,0,0
COMP_01500,Lot_C,11.032,11.383,11.96,12.345,Healthy,0,0,0.3509999999999991,0.9280000000000008,1.3130000000000006,0.3849999999999998,-0.19200000000000195,1.1985260688119772,0.8999999999999808,1.231456613892885,0.3039958352570584,1.231456613892885,0,0.14533093521539298,0,0,12.155,1.123,0.00668,0,0
COMP_01501,Lot_B,14.2,14.446,14.97,15.3,Healthy,0,0,0.24600000000000044,0.7700000000000014,1.1000000000000014,0.33000000000000007,-0.19400000000000084,0.9377066656138051,-0.09999999999999787,0.2590044516390187,-0.24699661614636853,0.9377066656138051,0,0.1403515551878322,0,0,15.131,0.931,0.00554,0,0
COMP_01502,Lot_B,11.838,12.157,12.76,13.357,Healthy,0,0,0.31900000000000084,0.9220000000000006,1.5190000000000001,0.5969999999999995,-0.006000000000000227,-0.5844019820784448,0.6300000000000061,2.519897477404527,2.2894686342796415,2.519897477404527,0,0.08692193673933035,0,0,13.033,1.195,0.00711,0,0
COMP_01503,Lot_A,8.711,8.877,9.288,9.624,Healthy,0,0,0.16600000000000037,0.577,0.9130000000000003,0.3360000000000003,-0.07499999999999929,0.0023542434885752916,-0.8850000000000025,-0.7536819822491507,-0.2071965078130659,0.0023542434885752916,0,0.18052450276116083,0,0,9.704,0.993,0.00591,0,0
COMP_01504,Lot_A,8.619,8.906,9.4,9.828,Healthy,0,0,0.2870000000000008,0.7810000000000006,1.2089999999999996,0.42799999999999905,-0.06600000000000072,0.24248707932317348,0.32500000000000195,0.8629112550388804,0.6039557780934142,0.8629112550388804,0,0.18135304351344061,0,0,9.788,1.169,0.00696,0,0
COMP_01505,Lot_B,13.217,13.289,13.766,14.125,Healthy,0,0,0.07199999999999918,0.5489999999999995,0.9079999999999995,0.359,-0.11800000000000033,0.01723437480660311,-1.8400000000000105,-0.7770133549170273,0.02849960955533269,0.02849960955533269,0,0.13800436842281266,0,0,14.17,0.953,0.00567,0,0
COMP_01506,Lot_B,13.605,13.826,14.303,14.709,Healthy,0,0,0.22100000000000009,0.6980000000000004,1.1039999999999992,0.4059999999999988,-0.0710000000000015,0.47472868785460764,-0.3500000000000014,0.28058815594225744,0.47499349258911444,0.47499349258911444,0,0.16031575272602483,0,0,14.559,0.954,0.00568,0,0
COMP_01507,Lot_B,12.824,13.128,13.586,13.952,Healthy,0,0,0.30400000000000027,0.7620000000000005,1.1280000000000001,0.36599999999999966,-0.09200000000000053,-0.11829048162713808,0.4800000000000004,0.4100903817617668,0.09499869851780939,0.4800000000000004,0,0.1710604543963425,0,0,13.893,1.069,0.00636,0,0
COMP_01508,Lot_B,9.785,9.944,10.257,10.628,Healthy,0,0,0.1590000000000007,0.47199999999999953,0.843,0.37100000000000044,0.058000000000001606,-2.722247838770234,-0.9699999999999953,-1.1277485498448492,0.14249804777673095,0.14249804777673095,0,0.17303396978321411,0,0,10.932,1.147,0.00683,0,0
COMP_01509,Lot_B,14.399,14.639,15.191,15.606,Healthy,0,0,0.2400000000000002,0.7920000000000016,1.2070000000000007,0.41499999999999915,-0.13700000000000223,1.1774211515601904,-0.16000000000000014,0.8363685417509723,0.5604923212551631,1.1774211515601904,0,0.12568946359981498,0,0,15.367,0.968,0.00576,0,0
COMP_01510,Lot_C,10.126,10.422,10.901,11.237,Healthy,0,0,0.29600000000000115,0.7750000000000004,1.1110000000000007,0.3360000000000003,-0.1429999999999989,0.06448090720337764,0.3500000000000014,0.19928136075445663,-0.16149778748030702,0.3500000000000014,0,0.1898290552773153,0,0,11.195,1.069,0.00636,0,0
COMP_01511,Lot_C,10.352,11.841,22.05,40.595,Latent Defect,1,0,1.488999999999999,11.698,30.243,18.544999999999998,8.335999999999997,30.112583663977066,12.27999999999998,149.05734806584704,172.82163234363756,172.82163234363756,1,-0.033144509458521654,1,1,39.838,29.486,0.17551,1,1
COMP_01512,Lot_C,9.21,9.574,9.855,10.034,Healthy,0,0,0.363999999999999,0.6449999999999996,0.8239999999999998,0.17900000000000027,-0.10200000000000031,-1.1667973684420592,1.0299999999999798,-1.2672250632590574,-1.6529773542102488,1.0299999999999798,0,0.15961160413776915,0,0,10.335,1.125,0.0067,0,0
COMP_01513,Lot_C,10.334,10.514,11.095,11.276,Healthy,0,0,0.17999999999999972,0.761000000000001,0.9420000000000002,0.18099999999999916,-0.40000000000000213,0.10439765928165835,-0.8100000000000129,-0.6642712025148252,-1.633977614506693,0.10439765928165835,0,0.15655111906783864,0,0,11.332,0.998,0.00594,0,0
COMP_01514,Lot_A,9.269,9.585,10.049,10.189,Healthy,0,0,0.3160000000000007,0.7799999999999994,0.9199999999999999,0.14000000000000057,-0.32399999999999807,0.6674280290108725,0.6150000000000011,-0.7154517367727463,-1.9353035517008055,0.6674280290108725,0,0.162030629653726,0,0,10.322,1.053,0.00627,0,0
COMP_01515,Lot_A,7.121,7.391,7.813,8.235,Healthy,0,0,0.2699999999999996,0.6919999999999993,1.113999999999999,0.4219999999999997,0.0,-1.6326678593264201,0.1549999999999896,0.34407220928764964,0.5510545420560402,0.5510545420560402,0,0.10241374037549622,0,0,8.305,1.184,0.00705,0,0
COMP_01516,Lot_A,8.445,8.683,8.842,9.274,Healthy,0,0,0.23799999999999955,0.39700000000000024,0.8289999999999988,0.4319999999999986,0.2729999999999979,-0.4096383670119648,-0.1650000000000107,-1.212444927966033,0.6392232687849969,0.6392232687849969,0,0.12428801369822001,0,0,9.524,1.079,0.00642,0,0
COMP_01517,Lot_B,12.286,12.504,12.826,13.022,Healthy,0,0,0.21799999999999997,0.5400000000000009,0.7360000000000007,0.19599999999999973,-0.12600000000000122,-0.846834507542625,-0.38000000000000256,-1.7051126399568028,-1.5199791762852708,-0.38000000000000256,0,0.14507736809783073,0,0,13.279,0.993,0.00591,0,0
COMP_01518,Lot_C,11.325,11.639,12.186,12.514,Healthy,0,0,0.31400000000000006,0.8610000000000007,1.189,0.3279999999999994,-0.2190000000000012,1.3714986611511937,0.5299999999999905,0.5978440822633517,-0.23749674629458004,1.3714986611511937,0,0.16403582539260858,0,0,12.346,1.021,0.00608,0,0
COMP_01519,Lot_A,7.11,7.528,8.029,8.392,Healthy,0,0,0.41799999999999926,0.9189999999999996,1.2819999999999991,0.36299999999999955,-0.1380000000000008,-1.4478597454733213,1.6349999999999865,1.2615981007213999,0.03085905435513681,1.6349999999999865,0,0.07351303979217433,0,0,8.038,0.928,0.00552,0,0
COMP_01520,Lot_C,9.677,9.763,10.35,10.594,Healthy,0,0,0.0860000000000003,0.673,0.9169999999999998,0.24399999999999977,-0.34299999999999997,-0.5936337488564869,-1.750000000000007,-0.7920156645369097,-1.0354858138443541,-0.5936337488564869,0,0.1551919474953823,0,0,10.603,0.926,0.00551,0,0
COMP_01521,Lot_A,8.937,9.249,9.739,10.136,Healthy,0,0,0.31200000000000117,0.8020000000000014,1.1989999999999998,0.39699999999999847,-0.09300000000000175,0.6050405765636471,0.5750000000000055,0.8082966186440156,0.33063272523361315,0.8082966186440156,0,0.1845313455067898,0,0,10.03,1.093,0.00651,0,0
COMP_01522,Lot_C,11.212,11.398,11.868,12.195,Healthy,0,0,0.18599999999999994,0.6560000000000006,0.9830000000000005,0.32699999999999996,-0.14300000000000068,1.0450000992801267,-0.7500000000000107,-0.4547702847986076,-0.24699661614635784,1.0450000992801267,0,0.181934929579595,0,0,12.221,1.009,0.00601,0,0
COMP_01523,Lot_B,10.976,11.249,11.85,12.337,Healthy,0,0,0.2729999999999997,0.8739999999999988,1.3609999999999989,0.4870000000000001,-0.11399999999999899,-1.383450268566398,0.1699999999999946,1.6673411574261157,1.244482950583536,1.6673411574261157,0,0.1446217900074404,0,0,12.067,1.091,0.00649,0,0
COMP_01524,Lot_A,9.986,10.094,10.74,11.108,Healthy,0,0,0.10799999999999876,0.7539999999999996,1.1219999999999999,0.3680000000000003,-0.27800000000000047,1.7492029120108583,-1.4650000000000185,0.38776391840354735,0.07494341771962691,1.7492029120108583,0,0.16506549176794993,0,0,10.92,0.934,0.00556,0,0
COMP_01525,Lot_B,14.761,14.979,15.365,15.594,Healthy,0,0,0.21799999999999997,0.604000000000001,0.8330000000000002,0.2289999999999992,-0.1570000000000018,1.1680205834838613,-0.38000000000000256,-1.1817078106029748,-1.2064834711764425,1.1680205834838613,0,0.09261704247538383,0,0,15.644,0.883,0.00526,0,0
COMP_01526,Lot_A,9.121,9.412,9.728,9.861,Healthy,0,0,0.29100000000000037,0.6069999999999993,0.7400000000000002,0.1330000000000009,-0.18299999999999805,0.28133209688465427,0.36499999999999755,-1.6985151918803334,-1.997021660411079,0.36499999999999755,0,0.1421318928637445,0,0,10.187,1.066,0.00635,0,0
COMP_01527,Lot_A,8.832,9.125,9.456,9.687,Healthy,0,0,0.29299999999999926,0.6239999999999988,0.8549999999999986,0.23099999999999987,-0.09999999999999964,0.07651291337867083,0.38499999999998646,-1.0704468733393826,-1.1329681384672172,0.38499999999998646,0,0.17797444518583716,0,0,9.848,1.016,0.00605,0,0
COMP_01528,Lot_A,9.025,9.423,9.814,10.076,Healthy,0,0,0.3979999999999997,0.7889999999999997,1.0510000000000002,0.26200000000000045,-0.12899999999999956,0.5344132719064134,1.4349999999999907,0.0,-0.859645085607416,1.4349999999999907,0,0.16902650791186719,0,0,10.207,1.182,0.00704,0,0
COMP_01529,Lot_C,10.269,11.596,20.55,43.612,Latent Defect,1,0,1.327,10.281,33.343,23.062,14.108,33.200502664494344,10.65999999999999,164.8976613565853,215.7325444641417,215.7325444641417,1,-0.06569499296439918,1,1,40.025,29.756,0.17712,1,1
COMP_01530,Lot_B,13.992,14.211,14.47,14.952,Healthy,0,0,0.21899999999999942,0.47799999999999976,0.9599999999999991,0.4819999999999993,0.22299999999999898,0.6650901914002674,-0.3700000000000081,-0.49642519897476983,1.1969836013246142,1.1969836013246142,0,0.10613003219532663,0,0,14.937,0.945,0.00562,0,0
COMP_01531,Lot_A,9.454,9.679,10.171,10.506,Healthy,0,0,0.22499999999999964,0.7169999999999987,1.0519999999999996,0.33500000000000085,-0.15699999999999825,1.0405756219499318,-0.2950000000000097,0.005461463639483577,-0.21601338048595767,1.0405756219499318,0,0.19634722500562712,0,0,10.4,0.946,0.00563,0,0
COMP_01532,Lot_B,13.573,13.741,14.051,14.482,Healthy,0,0,0.16799999999999926,0.47799999999999976,0.9089999999999989,0.43099999999999916,0.12099999999999866,0.29690127507738634,-0.8800000000000097,-0.7716174288412176,0.7124902388836886,0.7124902388836886,0,0.1343392760411377,0,0,14.559,0.986,0.00587,0,0
COMP_01533,Lot_C,10.844,11.946,20.322,41.191,Latent Defect,1,0,1.1020000000000003,9.478,30.347,20.869000000000003,12.493000000000004,30.72259351625029,8.409999999999993,149.5887650278589,194.89932987918147,194.89932987918147,1,-0.04431778949898568,1,1,38.712,27.868,0.16588,1,1
COMP_01534,Lot_A,7.928,9.139,18.532,32.864,Latent Defect,1,0,1.2109999999999994,10.604,24.935999999999996,14.331999999999997,4.9389999999999965,27.358663580724322,9.564999999999987,130.4470590291375,123.19375342204832,130.4470590291375,1,-0.060559895275904,1,1,36.918,28.99,0.17256,1,1
COMP_01535,Lot_B,13.211,13.469,13.962,14.328,Healthy,0,0,0.2579999999999991,0.7509999999999994,1.116999999999999,0.36599999999999966,-0.12700000000000067,0.17626065143116595,0.019999999999988916,0.35073519492782185,0.09499869851780939,0.35073519492782185,0,0.16793309924856026,0,0,14.232,1.021,0.00608,0,0
COMP_01536,Lot_A,10.209,10.551,11.006,11.369,Healthy,0,0,0.3420000000000005,0.7970000000000006,1.1600000000000001,0.36299999999999955,-0.09200000000000053,2.0564316872698303,0.8749999999999991,0.5952995367040397,0.03085905435513681,2.0564316872698303,0,0.1774132872040307,0,0,11.319,1.11,0.00661,0,0
COMP_01537,Lot_A,9.911,10.23,10.532,10.977,Healthy,0,0,0.31900000000000084,0.6210000000000004,1.0660000000000007,0.4450000000000003,0.14300000000000068,1.5949999635092278,0.6450000000000022,0.08192195459230216,0.753842613532668,1.5949999635092278,0,0.17396388213652525,0,0,11.055,1.144,0.00681,0,0
COMP_01538,Lot_B,14.367,14.746,15.148,15.451,Healthy,0,0,0.37899999999999956,0.7809999999999988,1.0839999999999996,0.3030000000000008,-0.09899999999999842,1.0559971472409433,1.2299999999999933,0.17266963442600608,-0.5034931021444977,1.2299999999999933,0,0.11028108491764493,0,0,15.412,1.045,0.00622,0,0
COMP_01539,Lot_A,7.747,8.021,8.559,8.858,Healthy,0,0,0.2740000000000009,0.8119999999999994,1.1110000000000007,0.29900000000000126,-0.23899999999999721,-0.8993210126354603,0.19500000000000295,0.3276878183691989,-0.5334207967102331,0.3276878183691989,0,0.1578581047756507,0,0,8.867,1.12,0.00667,0,0
COMP_01540,Lot_B,12.844,12.93,13.561,13.754,Healthy,0,0,0.0860000000000003,0.7170000000000005,0.9100000000000001,0.19299999999999962,-0.4380000000000006,-0.27339985488656465,-1.6999999999999993,-0.7662215027653984,-1.5484787858406204,-0.27339985488656465,0,0.12268449356124222,0,0,13.751,0.907,0.0054,0,0
COMP_01541,Lot_C,10.337,10.606,11.062,11.419,Healthy,0,0,0.26900000000000013,0.7249999999999996,1.0820000000000007,0.3570000000000011,-0.09899999999999842,0.2507590835686894,0.07999999999999119,0.051097784808841085,0.03799947940714496,0.2507590835686894,0,0.19081081468208022,0,0,11.416,1.079,0.00642,0,0
COMP_01542,Lot_A,7.691,7.914,8.481,8.957,Healthy,0,0,0.22299999999999986,0.79,1.266000000000001,0.47600000000000087,-0.0909999999999993,-0.7827859599510221,-0.3150000000000075,1.1742146824896238,1.027165666392469,1.1742146824896238,0,0.14292659064411423,0,0,8.85,1.159,0.0069,0,0
COMP_01543,Lot_B,12.537,12.662,13.019,13.554,Healthy,0,0,0.125,0.4819999999999993,1.0169999999999995,0.5350000000000001,0.17800000000000082,-0.43007598949204523,-1.3100000000000023,-0.18885741265344475,1.7004767034691122,1.7004767034691122,0,0.12849681045646622,0,0,13.541,1.004,0.00598,0,0
COMP_01544,Lot_A,7.925,8.167,8.787,9.084,Healthy,0,0,0.242,0.862000000000001,1.1589999999999998,0.2969999999999988,-0.3230000000000022,-0.6332914984265422,-0.12500000000000622,0.5898380730645513,-0.551054542056048,0.5898380730645513,0,0.15501383117661832,0,0,9.005,1.08,0.00643,0,0
COMP_01545,Lot_C,9.851,10.165,10.82,11.105,Healthy,0,0,0.3139999999999983,0.9689999999999994,1.2539999999999996,0.28500000000000014,-0.370000000000001,-0.07062194598465006,0.5299999999999727,0.9299796835207643,-0.645991149921245,0.9299796835207643,0,0.1475716729819621,0,0,10.957,1.106,0.00658,0,0
COMP_01546,Lot_B,14.531,14.759,15.102,15.477,Healthy,0,0,0.22799999999999976,0.5709999999999997,0.9459999999999997,0.375,0.03200000000000003,1.0763650447396556,-0.2800000000000047,-0.5719681640361439,0.1804975271838581,1.0763650447396556,0,0.11388543974979076,0,0,15.449,0.918,0.00546,0,0
COMP_01547,Lot_C,8.958,9.246,10.074,10.534,Healthy,0,0,0.28800000000000026,1.1159999999999997,1.5760000000000005,0.46000000000000085,-0.36799999999999855,-0.6550441366692256,0.26999999999999247,2.5753283543651952,1.0164860741407986,2.5753283543651952,0,0.09986911055935349,0,0,10.043,1.085,0.00646,0,0
COMP_01548,Lot_B,12.885,13.219,13.557,13.831,Healthy,0,0,0.33399999999999963,0.6720000000000006,0.9459999999999997,0.27399999999999913,-0.06400000000000183,-0.21307954306345447,0.779999999999994,-0.5719681640361439,-0.7789893278462159,0.779999999999994,0,0.1601867843591775,0,0,13.905,1.02,0.00607,0,0
COMP_01549,Lot_A,8.438,8.695,8.99,9.309,Healthy,0,0,0.2569999999999997,0.5519999999999996,0.8709999999999987,0.31899999999999906,0.023999999999999133,-0.3684391059619108,0.024999999999990585,-0.9830634551075967,-0.3570833432523197,0.024999999999990585,0,0.17591612309156357,0,0,9.524,1.086,0.00646,0,0
COMP_01550,Lot_B,12.841,13.214,13.509,13.721,Healthy,0,0,0.3730000000000011,0.668000000000001,0.8800000000000008,0.21199999999999974,-0.08300000000000018,-0.29925141709646863,1.1700000000000088,-0.9280992850397755,-1.3679812586567455,1.1700000000000088,0,0.14047703664463973,0,0,13.893,1.052,0.00626,0,0
COMP_01551,Lot_C,10.158,10.5,11.016,11.397,Healthy,0,0,0.3420000000000005,0.8580000000000005,1.2390000000000008,0.3810000000000002,-0.1349999999999998,0.22824194137068451,0.8099999999999952,0.8533330063075208,0.2659963558499303,0.8533330063075208,0,0.16861347341432464,0,0,11.332,1.174,0.00699,0,0
COMP_01552,Lot_B,12.683,12.987,13.536,13.86,Healthy,0,0,0.30400000000000027,0.8529999999999998,1.1769999999999996,0.32399999999999984,-0.22499999999999964,-0.19036150354565978,0.4800000000000004,0.6744907594765857,-0.3039958352570677,0.6744907594765857,0,0.15900575233904807,0,0,13.749,1.066,0.00635,0,0
COMP_01553,Lot_C,9.146,9.321,9.876,10.072,Healthy,0,0,0.17499999999999893,0.7299999999999986,0.9259999999999984,0.19599999999999973,-0.359,-1.1279041228273252,-0.8600000000000207,-0.7460276582089673,-1.4914795667299419,-0.7460276582089673,0,0.16670583073153555,0,0,10.112,0.966,0.00575,0,0
COMP_01554,Lot_C,11.509,12.618,22.582,42.337,Latent Defect,1,0,1.109,11.073,30.828000000000003,19.755000000000003,9.791000000000002,31.895531923473623,8.47999999999999,152.0465684771638,184.31647486429506,184.31647486429506,1,-0.03840648410391401,1,1,38.99,27.481,0.16358,1,1
COMP_01555,Lot_A,7.953,8.166,8.632,8.897,Healthy,0,0,0.21300000000000008,0.6789999999999994,0.944,0.26500000000000057,-0.20099999999999874,-0.8534132646082577,-0.41500000000000536,-0.5843766094250676,-0.8331944675887252,-0.41500000000000536,0,0.16421017416577538,0,0,9.005,1.052,0.00626,0,0
COMP_01556,Lot_A,7.646,7.818,8.413,8.803,Healthy,0,0,0.1719999999999997,0.7670000000000003,1.157000000000001,0.39000000000000057,-0.20500000000000007,-0.9640627085712589,-0.8250000000000091,0.5789151457855841,0.2689146165233552,0.5789151457855841,0,0.1475125117100971,0,0,8.744,1.098,0.00654,0,0
COMP_01557,Lot_B,12.128,12.447,12.809,12.964,Healthy,0,0,0.31899999999999906,0.6809999999999992,0.8360000000000003,0.15500000000000114,-0.20699999999999896,-0.8922705865782143,0.6299999999999883,-1.1655200323755361,-1.9094738402083535,0.6299999999999883,0,0.1418314444724592,0,0,13.167,1.039,0.00618,0,0
COMP_01558,Lot_B,13.766,14.148,14.665,14.826,Healthy,0,0,0.3819999999999997,0.8989999999999991,1.0600000000000005,0.16100000000000136,-0.3559999999999981,0.5663842265988148,1.2599999999999945,0.04316740860650631,-1.8524746210976544,1.2599999999999945,0,0.0921204402486483,0,0,14.859,1.093,0.00651,0,0
COMP_01559,Lot_C,9.979,10.207,10.702,10.967,Healthy,0,0,0.22800000000000153,0.7230000000000008,0.9880000000000013,0.26500000000000057,-0.22999999999999865,-0.211865837953952,-0.32999999999999474,-0.42922139239418705,-0.8359885469569022,-0.211865837953952,0,0.18886794885819447,0,0,10.98,1.001,0.00596,0,0
COMP_01560,Lot_C,9.7,9.836,10.313,10.525,Healthy,0,0,0.136000000000001,0.6130000000000013,0.8250000000000011,0.21199999999999974,-0.26500000000000057,-0.664255694841137,-1.25,-1.2621152847781678,-1.3394816491014125,-0.664255694841137,0,0.16314336332804125,0,0,10.79,1.09,0.00649,0,0
COMP_01561,Lot_B,13.481,13.671,13.744,14.174,Healthy,0,0,0.1899999999999995,0.2629999999999999,0.6929999999999996,0.4299999999999997,0.3569999999999993,0.055620027784945576,-0.6600000000000072,-1.9371374612167538,0.702990369031911,0.702990369031911,0,0.08796648401201307,0,0,14.49,1.009,0.00601,0,0
COMP_01562,Lot_A,8.895,10.366,16.731,33.094,Latent Defect,1,0,1.471,7.836000000000002,24.199,16.363,9.997999999999998,27.629401581910397,12.164999999999994,126.42196032683592,141.1008218207014,141.1008218207014,1,-0.061424980632377,1,1,35.803,26.908,0.16017,1,1
COMP_01563,Lot_C,10.118,10.414,10.689,11.082,Healthy,0,0,0.2959999999999994,0.5709999999999997,0.9640000000000004,0.3930000000000007,0.11800000000000033,-0.09416259464620008,0.34999999999998366,-0.5518560759353912,0.37999479407133147,0.37999479407133147,0,0.17495015976234113,0,0,11.195,1.077,0.00641,0,0
COMP_01564,Lot_A,8.043,8.144,8.504,8.906,Healthy,0,0,0.10100000000000087,0.4610000000000003,0.8630000000000013,0.402000000000001,0.04200000000000159,-0.8428191689096721,-1.5349999999999975,-1.0267551642234751,0.3747170885981189,0.3747170885981189,0,0.12227024501799671,0,0,9.013,0.97,0.00577,0,0
COMP_01565,Lot_C,8.368,8.669,9.153,9.478,Healthy,0,0,0.30100000000000016,0.7850000000000001,1.1099999999999994,0.3249999999999993,-0.1590000000000007,-1.7358669621734508,0.3999999999999915,0.1941715822735671,-0.2659963558499303,0.3999999999999915,0,0.18166686599909865,0,0,9.497,1.129,0.00672,0,0
COMP_01566,Lot_B,11.201,11.327,11.729,11.967,Healthy,0,0,0.12599999999999945,0.5279999999999987,0.766,0.23800000000000132,-0.16399999999999793,-1.6733011175865375,-1.3000000000000078,-1.5432348576824257,-1.1209846425103769,-1.1209846425103769,0,0.14456694494037498,0,0,12.241,1.04,0.00619,0,0
COMP_01567,Lot_B,12.633,12.955,13.373,13.693,Healthy,0,0,0.32200000000000095,0.7400000000000002,1.0600000000000005,0.3200000000000003,-0.09799999999999898,-0.3211860759412364,0.6600000000000072,0.04316740860650631,-0.3419953146641948,0.6600000000000072,0,0.16692162015276507,0,0,13.749,1.116,0.00664,0,0
COMP_01568,Lot_A,8.26,8.591,9.197,9.589,Healthy,0,0,0.3309999999999995,0.9369999999999994,1.3290000000000006,0.39200000000000124,-0.21399999999999864,-0.03884501756147872,0.764999999999989,1.5182868917772783,0.28654836186915433,1.5182868917772783,0,0.1472676091546889,0,0,9.404,1.144,0.00681,0,0
COMP_01569,Lot_B,13.15,13.419,14.04,14.438,Healthy,0,0,0.26900000000000013,0.8899999999999988,1.2880000000000003,0.39800000000000146,-0.2229999999999972,0.2624325254641815,0.129999999999999,1.2734385538917972,0.39899453377487704,1.2734385538917972,0,0.150546019980284,0,0,14.228,1.078,0.00642,0,0
COMP_01570,Lot_B,14.675,14.891,15.181,15.464,Healthy,0,0,0.2159999999999993,0.5059999999999985,0.7889999999999997,0.28300000000000125,-0.006999999999997897,1.0661810959902993,-0.40000000000000924,-1.4191285579387356,-0.6934904991801503,1.0661810959902993,0,0.09740608448787208,0,0,15.528,0.853,0.00508,0,0
COMP_01571,Lot_B,12.381,12.759,13.298,13.584,Healthy,0,0,0.3780000000000001,0.9169999999999998,1.2029999999999994,0.2859999999999996,-0.2530000000000001,-0.40657456930122354,1.2199999999999989,0.8147848374477143,-0.6649908896248176,1.2199999999999989,0,0.13238689098241424,0,0,13.562,1.181,0.00703,0,0
COMP_01572,Lot_A,9.147,9.386,10.033,10.349,Healthy,0,0,0.238999999999999,0.8859999999999992,1.202,0.3160000000000007,-0.3309999999999995,0.8557675080968331,-0.15500000000001624,0.824681009562476,-0.383533961270995,0.8557675080968331,0,0.17570369907350336,0,0,10.187,1.04,0.00619,0,0
COMP_01573,Lot_C,8.615,8.85,9.26,9.476,Healthy,0,0,0.23499999999999943,0.6449999999999996,0.8610000000000007,0.21600000000000108,-0.19399999999999906,-1.737913975100541,-0.2600000000000158,-1.0781632594663708,-1.3014821696942676,-0.2600000000000158,0,0.175891357494096,0,0,9.705,1.09,0.00649,0,0
COMP_01574,Lot_C,10.527,10.891,11.207,11.654,Healthy,0,0,0.36400000000000077,0.6800000000000015,1.1270000000000007,0.4469999999999992,0.13099999999999845,0.4912831025019206,1.0299999999999976,0.28103781644858966,0.8929877660676028,1.0299999999999976,0,0.15965807448927433,0,0,11.543,1.016,0.00605,0,0
COMP_01575,Lot_A,8.015,8.263,8.697,9.045,Healthy,0,0,0.24799999999999933,0.6819999999999986,1.0299999999999994,0.34800000000000075,-0.08599999999999852,-0.6791992464537447,-0.06500000000001283,-0.11469073642922302,-0.10139403573830218,-0.06500000000001283,0,0.17746308770492059,0,0,9.105,1.09,0.00649,0,0
COMP_01576,Lot_A,8.878,9.047,9.652,10.052,Healthy,0,0,0.16900000000000048,0.7739999999999991,1.1739999999999995,0.40000000000000036,-0.2049999999999983,0.5061623500435183,-0.8550000000000013,0.6717600276568486,0.3570833432523197,0.6717600276568486,0,0.17819646014175627,0,0,9.84,0.962,0.00573,0,0
COMP_01577,Lot_A,9.168,9.356,9.672,10.141,Healthy,0,0,0.1880000000000006,0.5040000000000013,0.9730000000000008,0.4689999999999994,0.1529999999999987,0.6109261852850842,-0.665,-0.4259941638799518,0.9654475576821798,0.9654475576821798,0,0.1673537788586879,0,0,10.166,0.998,0.00594,0,0
COMP_01578,Lot_B,11.726,11.988,12.561,12.898,Healthy,0,0,0.2619999999999987,0.8349999999999991,1.1719999999999988,0.33699999999999974,-0.23600000000000065,-0.9439737109980236,0.05999999999998451,0.647511129097518,-0.18049752718389184,0.647511129097518,0,0.16782664369220546,0,0,12.878,1.152,0.00686,0,0
COMP_01579,Lot_B,14.287,14.515,14.812,15.199,Healthy,0,0,0.22799999999999976,0.5249999999999986,0.911999999999999,0.38700000000000045,0.09000000000000163,0.8585852176380365,-0.2800000000000047,-0.755429650613779,0.29449596540525635,0.8585852176380365,0,0.11999696259696613,0,0,15.239,0.952,0.00567,0,0
COMP_01580,Lot_B,13.218,13.683,14.02,14.345,Healthy,0,0,0.46499999999999986,0.8019999999999996,1.1270000000000007,0.32500000000000107,-0.011999999999998678,0.18957812287263281,2.0899999999999963,0.40469445568595713,-0.29449596540527323,2.0899999999999963,0,0.13031998332199712,0,0,14.459,1.241,0.00739,0,0
COMP_01581,Lot_A,7.915,8.154,8.582,8.845,Healthy,0,0,0.23899999999999988,0.6670000000000007,0.9300000000000006,0.2629999999999999,-0.16500000000000092,-0.9146235953111944,-0.15500000000000735,-0.6608371003778766,-0.8508282129345244,-0.15500000000000735,0,0.16554144673377397,0,0,8.978,1.063,0.00633,0,0
COMP_01582,Lot_B,13.515,13.748,14.359,14.645,Healthy,0,0,0.23299999999999876,0.8439999999999994,1.129999999999999,0.2859999999999996,-0.32500000000000107,0.4245923247808536,-0.23000000000001464,0.4208822339133862,-0.6649908896248176,0.4245923247808536,0,0.1430739426986134,0,0,14.544,1.029,0.00612,0,0
COMP_01583,Lot_B,15.048,15.32,15.922,16.284,Healthy,0,0,0.27200000000000024,0.8740000000000006,1.2359999999999989,0.3619999999999983,-0.240000000000002,1.7085532478727707,0.16000000000000014,0.9928503979495301,0.05699921911066538,1.7085532478727707,0,0.07145330060872879,0,0,16.136,1.088,0.00648,0,0
COMP_01584,Lot_B,12.141,12.37,12.654,12.993,Healthy,0,0,0.2289999999999992,0.5129999999999999,0.8520000000000003,0.3390000000000004,0.054999999999999716,-0.8695525470604196,-0.27000000000001023,-1.0791852151625332,-0.16149778748031984,-0.16149778748031984,0,0.15974465561342116,0,0,13.166,1.025,0.0061,0,0
COMP_01585,Lot_C,10.155,10.409,11.018,11.353,Healthy,0,0,0.25400000000000134,0.8630000000000013,1.1980000000000004,0.3349999999999991,-0.2740000000000009,0.18320765697467467,-0.06999999999999673,0.6438320885913033,-0.17099765733210168,0.6438320885913033,0,0.1776222581110295,0,0,11.195,1.04,0.00619,0,0
COMP_01586,Lot_A,6.985,7.518,7.885,8.332,Healthy,0,0,0.5329999999999995,0.8999999999999995,1.3470000000000004,0.44700000000000095,0.08000000000000096,-1.518487050130555,2.7849999999999886,1.616593237288036,0.7714763588784672,2.7849999999999886,0,0.04366536345160399,0,0,10.987,4.002,0.02382,0,0
COMP_01587,Lot_B,11.345,11.615,11.97,12.037,Healthy,0,0,0.2699999999999996,0.625,0.6920000000000002,0.06700000000000017,-0.28800000000000026,-1.618464470474619,0.13999999999999346,-1.9425333872925634,-2.7454623871652517,0.13999999999999346,0,0.12141612633694215,0,0,12.415,1.07,0.00637,0,0
COMP_01588,Lot_B,12.689,13.879,23.051,41.658,Latent Defect,1,0,1.1899999999999995,10.361999999999998,28.969,18.607000000000003,9.435000000000004,21.586054445270157,9.339999999999993,150.63806825846274,173.38212466488844,173.38212466488844,1,-0.04243403385877387,1,1,39.562,26.873,0.15996,1,1
COMP_01589,Lot_B,12.704,12.959,13.429,13.776,Healthy,0,0,0.254999999999999,0.7249999999999996,1.0719999999999992,0.34699999999999953,-0.12300000000000111,-0.25616548007996154,-0.010000000000012221,0.10791852151625139,-0.08549882866606558,0.10791852151625139,0,0.17403452243925016,0,0,13.766,1.062,0.00632,0,0
COMP_01590,Lot_C,9.846,10.868,21.259,38.552,Latent Defect,1,0,1.0220000000000002,11.413,28.706,17.293,6.901999999999999,28.02155995895327,7.609999999999992,141.2036185407294,160.92779528920514,160.92779528920514,1,-0.012080099239297204,1,1,36.524,26.678,0.1588,1,1
COMP_01591,Lot_B,12.6,12.891,13.366,13.646,Healthy,0,0,0.29100000000000037,0.766,1.0460000000000012,0.28000000000000114,-0.1949999999999985,-0.3580049675735235,0.3500000000000014,-0.032375556454867754,-0.7219901087354998,0.3500000000000014,0,0.16698016690358053,0,0,13.673,1.073,0.00639,0,0
COMP_01592,Lot_C,11.126,12.088,20.041,39.711,Latent Defect,1,0,0.9619999999999997,8.915000000000001,28.585,19.669999999999998,11.716999999999997,29.207803950202695,7.009999999999987,140.58533534454253,183.5089859268935,183.5089859268935,1,-0.03884532212590375,1,1,39.831,28.705,0.17086,1,1
COMP_01593,Lot_A,9.901,10.105,10.604,10.835,Healthy,0,0,0.20400000000000063,0.7029999999999994,0.934000000000001,0.23100000000000165,-0.26799999999999713,1.4278486758204387,-0.5049999999999999,-0.6389912458199277,-1.1329681384672015,1.4278486758204387,0,0.18156558079508672,0,0,10.92,1.019,0.00607,0,0
COMP_01594,Lot_A,7.757,8.097,8.591,9.058,Healthy,0,0,0.33999999999999986,0.8339999999999996,1.3010000000000002,0.4670000000000005,-0.026999999999999247,-0.6638966637780106,0.8549999999999924,1.3653659098716509,0.9478138123363963,1.3653659098716509,0,0.1394709583172251,0,0,8.924,1.167,0.00695,0,0
COMP_01595,Lot_C,10.978,11.061,11.367,11.744,Healthy,0,0,0.08300000000000018,0.3890000000000011,0.766,0.3769999999999989,0.07099999999999795,0.5833986842210305,-1.7800000000000082,-1.5635922151502886,0.22799687644278538,0.5833986842210305,0,0.1321223871169694,0,0,11.911,0.933,0.00555,0,0
COMP_01596,Lot_B,11.133,11.299,11.92,12.216,Healthy,0,0,0.16600000000000037,0.7870000000000008,1.0830000000000002,0.2959999999999994,-0.32500000000000107,-1.4782393300027146,-0.8999999999999986,0.16727370835019637,-0.5699921911069913,0.16727370835019637,0,0.16480182243813074,0,0,12.241,1.108,0.0066,0,0
COMP_01597,Lot_A,9.068,9.316,9.684,9.868,Healthy,0,0,0.2480000000000011,0.6159999999999997,0.8000000000000007,0.18400000000000105,-0.1839999999999975,0.28957194909466466,-0.06499999999999506,-1.3708273735111345,-1.547361154093349,0.28957194909466466,0,0.1741234934933663,0,0,10.035,0.967,0.00576,0,0
COMP_01598,Lot_A,8.687,9.053,9.425,9.782,Healthy,0,0,0.36600000000000144,0.7380000000000013,1.0950000000000006,0.3569999999999993,-0.015000000000000568,0.1883394790859606,1.1150000000000082,0.2403044001374132,-0.022042181682245053,1.1150000000000082,0,0.17301962790271558,0,0,9.788,1.101,0.00655,0,0
COMP_01599,Lot_A,7.284,7.48,7.971,8.396,Healthy,0,0,0.19600000000000062,0.6870000000000003,1.112000000000001,0.4250000000000007,-0.06599999999999895,-1.4431512584961708,-0.585,0.3331492820086873,0.577505160074739,0.577505160074739,0,0.11280348822968517,0,0,8.427,1.143,0.0068,0,0
COMP_01600,Lot_C,10.5,10.588,10.983,11.236,Healthy,0,0,0.08799999999999919,0.48300000000000054,0.7360000000000007,0.2530000000000001,-0.14200000000000124,0.06345740073983254,-1.7300000000000182,-1.7168855695767846,-0.9499869851783033,0.06345740073983254,0,0.14173856140834873,0,0,11.452,0.952,0.00567,0,0
COMP_01601,Lot_A,8.253,8.494,9.072,9.451,Healthy,0,0,0.24099999999999966,0.8189999999999991,1.1980000000000004,0.37900000000000134,-0.19899999999999807,-0.20128781827311948,-0.13500000000000956,0.8028351550045321,0.17192901712149888,0.8028351550045321,0,0.17184282911282478,0,0,9.322,1.069,0.00636,0,0
COMP_01602,Lot_A,9.634,22.536,50.45,122.092,Gross Failure,1,1,12.902000000000001,40.816,112.458,71.642,43.727999999999994,132.3908825799873,126.47500000000001,608.4452796842841,628.4887263057549,628.4887263057549,1,-0.21181127648259168,1,1,120.5,110.866,0.65992,1,1
COMP_01603,Lot_A,8.847,9.037,9.54,9.973,Healthy,0,0,0.19000000000000128,0.6929999999999996,1.1260000000000012,0.4330000000000016,-0.06999999999999673,0.4131697322448267,-0.6449999999999934,0.4096097729615011,0.64804014145792,0.64804014145792,0,0.18706526086398356,0,0,9.797,0.95,0.00565,0,0
COMP_01604,Lot_B,13.131,13.323,13.72,14.099,Healthy,0,0,0.19200000000000017,0.5890000000000004,0.968,0.37899999999999956,-0.018000000000000682,-0.0031335226921092767,-0.6400000000000006,-0.4532577903682635,0.21849700659098523,0.21849700659098523,0,0.16712136477111877,0,0,14.148,1.017,0.00605,0,0
COMP_01605,Lot_A,8.659,10.102,19.188,34.778,Latent Defect,1,0,1.4429999999999996,10.528999999999998,26.119,15.59,6.504000000000001,29.611674599290126,11.88499999999999,136.90797051465017,134.2853792445523,136.90797051465017,1,-0.03333573691872849,1,1,35.934,27.275,0.16235,1,1
COMP_01606,Lot_B,15.835,16.099,16.649,17.051,Healthy,0,0,0.26399999999999935,0.8140000000000001,1.2159999999999975,0.40199999999999747,-0.14800000000000324,2.3094062240847903,0.07999999999999119,0.8849318764332691,0.43699401318197045,2.3094062240847903,0,0.02489167395806935,0,0,16.67,0.835,0.00497,0,0
COMP_01607,Lot_A,8.649,22.966,43.947,95.441,Gross Failure,1,1,14.317000000000002,35.298,86.792,51.494,30.512999999999998,101.01941097298774,140.625,468.2713539132209,450.8463756922334,468.2713539132209,1,-0.19467513453162477,1,1,103.441,94.792,0.56424,1,1
COMP_01608,Lot_C,10.296,10.329,10.787,11.203,Healthy,0,0,0.03300000000000125,0.49100000000000144,0.907,0.4159999999999986,-0.04200000000000159,0.029681687442824255,-2.2799999999999976,-0.8431134493457418,0.5984918006623221,0.5984918006623221,0,0.1420973742810016,0,0,11.124,0.828,0.00493,0,0
COMP_01609,Lot_A,9.167,9.464,10.029,10.54,Healthy,0,0,0.2970000000000006,0.8620000000000001,1.3729999999999993,0.5109999999999992,-0.05400000000000027,1.0805977612556972,0.4249999999999998,1.7585912919146818,1.3357562099438371,1.7585912919146818,0,0.153353734584591,0,0,10.271,1.104,0.00657,0,0
COMP_01610,Lot_B,14.206,14.471,14.905,15.267,Healthy,0,0,0.26500000000000057,0.6989999999999998,1.061,0.3620000000000001,-0.07199999999999918,0.9118551034038997,0.09000000000000341,0.048563334682316,0.05699921911068226,0.9118551034038997,0,0.14275628241582694,0,0,15.176,0.97,0.00577,0,0
COMP_01611,Lot_C,9.752,10.091,10.61,10.922,Healthy,0,0,0.33899999999999864,0.8579999999999988,1.17,0.31200000000000117,-0.20699999999999896,-0.25792362881350694,0.7799999999999763,0.5007582911265682,-0.3894946639230924,0.7799999999999763,0,0.17695730650639058,0,0,10.91,1.158,0.00689,0,0
COMP_01612,Lot_B,14.456,14.683,15.02,15.369,Healthy,0,0,0.2270000000000003,0.5640000000000001,0.9130000000000003,0.3490000000000002,0.012000000000000455,0.9917599320526954,-0.28999999999999915,-0.7500337245379597,-0.06649908896249357,0.9917599320526954,0,0.12388526864942295,0,0,15.387,0.931,0.00554,0,0
COMP_01613,Lot_B,12.093,12.418,12.767,13.105,Healthy,0,0,0.3249999999999993,0.6739999999999995,1.0120000000000005,0.33800000000000097,-0.010999999999999233,-0.7818139116813502,0.6899999999999906,-0.21583704303250278,-0.1709976573320974,0.6899999999999906,0,0.1706210102373028,0,0,13.167,1.074,0.00639,0,0
COMP_01614,Lot_A,9.252,9.445,9.944,10.197,Healthy,0,0,0.19299999999999962,0.6920000000000002,0.9449999999999985,0.25299999999999834,-0.24600000000000222,0.6768450029651695,-0.61500000000001,-0.578915145785589,-0.9389969396635045,0.6768450029651695,0,0.18734642947363367,0,0,10.266,1.014,0.00604,0,0
COMP_01615,Lot_A,8.696,8.991,9.436,9.789,Healthy,0,0,0.29499999999999993,0.7400000000000002,1.093,0.35299999999999976,-0.09200000000000053,0.196579331295971,0.40499999999999314,0.22938147285843632,-0.05730967237382774,0.40499999999999314,0,0.18838779026251606,0,0,9.788,1.092,0.0065,0,0
COMP_01616,Lot_B,13.488,13.716,14.273,14.76,Healthy,0,0,0.22799999999999976,0.7850000000000001,1.2720000000000002,0.4870000000000001,-0.07000000000000028,0.5146811021790054,-0.2800000000000047,1.1871037366787942,1.244482950583536,1.244482950583536,0,0.14014864153990636,0,0,14.49,1.002,0.00596,0,0
COMP_01617,Lot_C,9.167,9.558,9.972,10.521,Healthy,0,0,0.391,0.8049999999999997,1.354000000000001,0.5490000000000013,0.13500000000000156,-0.6683497206953192,1.29999999999999,1.4409575316091026,1.8619744909494955,1.8619744909494955,0,0.13259172597290658,0,0,10.335,1.168,0.00695,0,0
COMP_01618,Lot_B,12.681,12.988,13.522,13.833,Healthy,0,0,0.3070000000000004,0.8410000000000011,1.152000000000001,0.31099999999999994,-0.22300000000000075,-0.21151278171739915,0.5100000000000016,0.5395926075812761,-0.4274941433302435,0.5395926075812761,0,0.15939569932052383,0,0,13.749,1.068,0.00636,0,0
COMP_01619,Lot_B,13.08,13.445,13.856,14.165,Healthy,0,0,0.3650000000000002,0.7759999999999998,1.084999999999999,0.3089999999999993,-0.10200000000000031,0.04856960172769866,1.0899999999999999,0.17806556050181577,-0.4464938830338155,1.0899999999999999,0,0.15643227360591322,0,0,14.187,1.107,0.00659,0,0
COMP_01620,Lot_C,8.962,9.337,9.73,10.2,Healthy,0,0,0.375,0.7680000000000007,1.2379999999999995,0.46999999999999886,0.07699999999999818,-0.9968952954934798,1.13999999999999,0.8482232278266313,1.1114847726586103,1.13999999999999,0,0.15840756219268687,0,0,10.132,1.17,0.00696,0,0
COMP_01621,Lot_B,12.339,12.682,13.229,13.556,Healthy,0,0,0.34299999999999997,0.8899999999999988,1.2169999999999987,0.32699999999999996,-0.21999999999999886,-0.4285092281459913,0.8699999999999974,0.8903278025090884,-0.2754962257017181,0.8903278025090884,0,0.1554677925929378,0,0,13.441,1.102,0.00656,0,0
COMP_01622,Lot_A,7.913,8.982,17.483,38.146,Latent Defect,1,0,1.068999999999999,9.57,30.233,20.663,12.161999999999999,33.5762206340496,8.144999999999984,159.37643192749806,179.01337431415698,179.01337431415698,1,-0.05623099004538168,1,1,36.409,28.496,0.16962,1,1
COMP_01623,Lot_B,13.176,13.337,13.757,14.094,Healthy,0,0,0.1609999999999996,0.5809999999999995,0.9179999999999993,0.33699999999999974,-0.08300000000000018,-0.007050426057246917,-0.9500000000000064,-0.7230540941589017,-0.18049752718389184,-0.007050426057246917,0,0.1578660764880308,0,0,14.176,1.0,0.00595,0,0
COMP_01624,Lot_C,8.075,8.309,8.846,9.182,Healthy,0,0,0.23399999999999999,0.7710000000000008,1.107000000000001,0.3360000000000003,-0.2010000000000005,-2.038824875382968,-0.27000000000001023,0.17884224683092564,-0.16149778748030702,0.17884224683092564,0,0.17678224246479946,0,0,9.151,1.076,0.0064,0,0
COMP_01625,Lot_A,8.704,8.992,9.401,9.824,Healthy,0,0,0.28800000000000026,0.6969999999999992,1.1199999999999992,0.42300000000000004,0.014000000000001123,0.237778592346025,0.3349999999999964,0.37684099112457053,0.5598714147289398,0.5598714147289398,0,0.18308825082371988,0,0,9.788,1.084,0.00645,0,0
COMP_01626,Lot_B,14.603,14.731,15.14,15.723,Healthy,0,0,0.1280000000000001,0.5370000000000008,1.120000000000001,0.5830000000000002,0.1739999999999995,1.2690766903043977,-1.2800000000000011,0.36692297315527006,2.1564704563546884,2.1564704563546884,0,0.06863184776450121,0,0,15.449,0.846,0.00504,0,0
COMP_01627,Lot_A,8.636,8.884,9.303,9.78,Healthy,0,0,0.2480000000000011,0.6670000000000016,1.1440000000000001,0.47699999999999854,0.05799999999999805,0.1859852355973853,-0.06499999999999506,0.5079161184722539,1.0359825390653452,1.0359825390653452,0,0.17527639157925706,0,0,9.704,1.068,0.00636,0,0
COMP_01628,Lot_B,11.967,12.291,12.708,12.983,Healthy,0,0,0.32399999999999984,0.7409999999999997,1.016,0.27500000000000036,-0.14199999999999946,-0.8773863537906935,0.6799999999999962,-0.19425333872925443,-0.7694894579944215,0.6799999999999962,0,0.16748716872378244,0,0,13.057,1.09,0.00649,0,0
COMP_01629,Lot_A,8.315,8.561,8.952,9.413,Healthy,0,0,0.24600000000000044,0.6370000000000005,1.0980000000000008,0.4610000000000003,0.07000000000000028,-0.2460184445560354,-0.08500000000000174,0.2566887910558736,0.8949125762990144,0.8949125762990144,0,0.17308052583406403,0,0,9.414,1.099,0.00654,0,0
COMP_01630,Lot_B,12.184,12.445,12.959,13.322,Healthy,0,0,0.261000000000001,0.7750000000000004,1.138,0.36299999999999955,-0.1509999999999998,-0.6118203056344041,0.050000000000007816,0.4640496425198925,0.06649908896245982,0.4640496425198925,0,0.16869659540187215,0,0,13.207,1.023,0.00609,0,0
COMP_01631,Lot_C,10.695,10.91,11.435,11.85,Healthy,0,0,0.21499999999999986,0.7400000000000002,1.1549999999999994,0.41499999999999915,-0.11000000000000121,0.691890369356871,-0.4600000000000115,0.42411161391331564,0.5889919308105444,0.691890369356871,0,0.1863364905959622,0,0,11.697,1.002,0.00596,0,0
COMP_01632,Lot_A,9.274,9.374,9.885,10.325,Healthy,0,0,0.10000000000000142,0.6110000000000007,1.0510000000000002,0.4399999999999995,-0.07099999999999973,0.827516586233938,-1.544999999999992,0.0,0.709758250168178,0.827516586233938,0,0.17020691130151377,0,0,10.187,0.913,0.00543,0,0
COMP_01633,Lot_B,12.547,12.754,13.119,13.366,Healthy,0,0,0.20699999999999896,0.5719999999999992,0.8189999999999991,0.2469999999999999,-0.11800000000000033,-0.5773515560211979,-0.49000000000001265,-1.2572507756643585,-1.035485813844345,-0.49000000000001265,0,0.15980779122828304,0,0,13.599,1.052,0.00626,0,0
COMP_01634,Lot_C,10.599,11.032,11.415,11.718,Healthy,0,0,0.43299999999999983,0.815999999999999,1.1189999999999998,0.3030000000000008,-0.0799999999999983,0.5567875161688434,1.7199999999999882,0.24015958860151862,-0.4749934925891432,1.7199999999999882,0,0.1546529874440007,0,0,11.685,1.086,0.00646,0,0
COMP_01635,Lot_C,10.014,10.136,10.502,10.847,Healthy,0,0,0.12199999999999989,0.4880000000000013,0.8330000000000002,0.34499999999999886,-0.021000000000002572,-0.334686613579433,-1.3900000000000112,-1.221237056931106,-0.07599895881427304,-0.07599895881427304,0,0.16577135424214906,0,0,10.936,0.922,0.00549,0,0
COMP_01636,Lot_A,7.785,9.224,16.784,37.036,Latent Defect,1,0,1.439,8.998999999999999,29.251,20.252000000000002,12.692000000000004,32.26961549789075,11.844999999999994,154.01327463352223,175.38963964559647,175.38963964559647,1,-0.06880268228547815,1,1,36.927,29.142,0.17346,1,1
COMP_01637,Lot_B,14.615,14.896,15.329,15.704,Healthy,0,0,0.2810000000000006,0.7140000000000004,1.0890000000000004,0.375,-0.05799999999999983,1.2541924575168768,0.25000000000000355,0.19964926480507372,0.1804975271838581,1.2541924575168768,0,0.11901756421907733,0,0,15.644,1.029,0.00612,0,0
COMP_01638,Lot_A,8.148,8.235,8.567,8.916,Healthy,0,0,0.08699999999999974,0.4190000000000005,0.7680000000000007,0.3490000000000002,0.01699999999999946,-0.8310479514667998,-1.6750000000000087,-1.545594209974706,-0.09257716306541043,-0.09257716306541043,0,0.11716130961924981,0,0,9.184,1.036,0.00617,0,0
COMP_01639,Lot_C,9.153,9.37,9.878,10.242,Healthy,0,0,0.21699999999999875,0.7249999999999996,1.0890000000000004,0.36400000000000077,-0.14400000000000013,-0.9539080240245602,-0.4400000000000226,0.08686623417502258,0.10449856836962332,0.10449856836962332,0,0.19297545366413654,0,0,10.112,0.959,0.00571,0,0
COMP_01640,Lot_C,10.953,11.226,11.719,11.997,Healthy,0,0,0.27300000000000146,0.766,1.0440000000000005,0.27800000000000047,-0.21499999999999808,0.8423458194980843,0.12000000000000455,-0.143073797464726,-0.7124902388837233,0.8423458194980843,0,0.17978115407796513,0,0,11.998,1.045,0.00622,0,0
COMP_01641,Lot_B,11.536,11.753,12.115,12.449,Healthy,0,0,0.21700000000000053,0.5790000000000006,0.9130000000000003,0.33399999999999963,-0.02800000000000047,-1.2957116331873286,-0.389999999999997,-0.7500337245379597,-0.20899713673924142,-0.20899713673924142,0,0.17574273407067875,0,0,12.576,1.04,0.00619,0,0
COMP_01642,Lot_C,9.041,9.358,9.72,10.034,Healthy,0,0,0.31700000000000017,0.6790000000000003,0.9930000000000003,0.31400000000000006,-0.04800000000000004,-1.1667973684420592,0.5599999999999916,-0.4036724999897756,-0.3704949242195368,0.5599999999999916,0,0.19339128470844325,0,0,10.112,1.071,0.00638,0,0
COMP_01643,Lot_B,12.978,31.347,75.141,149.76,Gross Failure,1,1,18.369,62.163000000000004,136.78199999999998,74.61899999999999,30.82499999999998,106.27107196087873,181.13,732.3890462700557,705.488834802948,732.3890462700557,1,-0.2560145794068789,1,1,141.135,128.157,0.76284,1,1
COMP_01644,Lot_B,11.59,11.81,12.193,12.58,Healthy,0,0,0.22000000000000064,0.6029999999999998,0.9900000000000002,0.38700000000000045,0.004000000000001336,-1.1930887650207382,-0.3599999999999959,-0.3345474167003832,0.29449596540525635,0.29449596540525635,0,0.17463059196995095,0,0,12.682,1.092,0.0065,0,0
COMP_01645,Lot_A,8.747,8.951,9.321,9.572,Healthy,0,0,0.20400000000000063,0.5739999999999998,0.8249999999999993,0.25099999999999945,-0.11899999999999977,-0.05885608721436347,-0.5049999999999999,-1.234290782523977,-0.956630685009288,-0.05885608721436347,0,0.17641958102048094,0,0,9.797,1.05,0.00625,0,0
COMP_01646,Lot_C,7.611,7.757,8.311,8.808,Healthy,0,0,0.1459999999999999,0.7000000000000002,1.197,0.4969999999999999,-0.057000000000000384,-2.4216162927490474,-1.150000000000011,0.6387223101104182,1.3679812586567628,1.3679812586567628,0,0.12044590515346976,0,0,8.74,1.129,0.00672,0,0
COMP_01647,Lot_A,9.578,27.306,57.246,107.796,Gross Failure,1,1,17.728,47.668000000000006,98.218,50.550000000000004,20.610000000000003,115.56275012365676,174.735,530.6740374579948,442.523247889019,530.6740374579948,1,-0.20628560668853935,1,1,109.752,100.174,0.59627,1,1
COMP_01648,Lot_C,8.37,8.573,9.034,9.283,Healthy,0,0,0.20300000000000118,0.6640000000000015,0.9130000000000003,0.24899999999999878,-0.21200000000000152,-1.9354507225648563,-0.5799999999999983,-0.8124547784604408,-0.9879864645854483,-0.5799999999999983,0,0.17363681544051257,0,0,9.427,1.057,0.00629,0,0
COMP_01649,Lot_C,10.388,10.69,11.083,11.299,Healthy,0,0,0.3019999999999996,0.6950000000000003,0.9109999999999996,0.2159999999999993,-0.17700000000000138,0.12793830794320837,0.40999999999998593,-0.8226743354222108,-1.3014821696942844,0.40999999999998593,0,0.17770548172695133,0,0,11.421,1.033,0.00615,0,0
COMP_01650,Lot_C,11.243,11.496,12.179,12.538,Healthy,0,0,0.2530000000000001,0.9359999999999999,1.295,0.359,-0.32399999999999984,1.3960628162762905,-0.08000000000000895,1.139480601236982,0.056999219110700564,1.3960628162762905,0,0.1391348386519346,0,0,12.346,1.103,0.00657,0,0
COMP_01651,Lot_A,8.63,8.803,9.202,9.396,Healthy,0,0,0.17300000000000004,0.5719999999999992,0.766,0.19400000000000084,-0.2049999999999983,-0.266029514208918,-0.8150000000000057,-1.5565171372536828,-1.4591924273643844,-0.266029514208918,0,0.15928955735205158,0,0,9.619,0.989,0.00589,0,0
COMP_01652,Lot_A,7.425,7.734,8.15,8.458,Healthy,0,0,0.30900000000000016,0.7250000000000005,1.0330000000000004,0.30799999999999983,-0.10800000000000054,-1.3701697103503618,0.5449999999999955,-0.09830634551075773,-0.454068942654176,0.5449999999999955,0,0.14091573963731313,0,0,8.644,1.219,0.00726,0,0
COMP_01653,Lot_A,7.908,8.127,8.713,9.077,Healthy,0,0,0.2190000000000003,0.8049999999999988,1.1689999999999996,0.36400000000000077,-0.22199999999999775,-0.6415313506365526,-0.3550000000000031,0.6444527094594161,0.039675927028044226,0.6444527094594161,0,0.16424886003828876,0,0,8.978,1.07,0.00637,0,0
COMP_01654,Lot_B,11.702,12.034,12.691,13.091,Healthy,0,0,0.33200000000000074,0.9890000000000008,1.3889999999999993,0.3999999999999986,-0.25700000000000145,-0.7927812411037347,0.7600000000000051,1.8184270875488735,0.41799427347841533,1.8184270875488735,0,0.11730610820014803,0,0,12.94,1.238,0.00737,0,0
COMP_01655,Lot_A,9.213,10.657,17.672,40.333,Latent Defect,1,0,1.4440000000000008,8.459000000000001,31.119999999999997,22.660999999999998,15.645999999999997,36.150585888805814,11.895000000000001,164.22075017572266,196.62948591460446,196.62948591460446,1,-0.0674708058106358,1,1,37.768,28.555,0.16997,1,1
COMP_01656,Lot_C,10.989,11.278,11.713,11.929,Healthy,0,0,0.2889999999999997,0.7239999999999984,0.9399999999999995,0.21600000000000108,-0.21899999999999764,0.7727473799769794,0.2799999999999869,-0.6744907594765952,-1.3014821696942676,0.7727473799769794,0,0.17366724900995212,0,0,12.065,1.076,0.0064,0,0
COMP_01657,Lot_B,12.635,12.921,13.239,13.582,Healthy,0,0,0.2859999999999996,0.604000000000001,0.947000000000001,0.34299999999999997,0.02499999999999858,-0.4081413306472775,0.2999999999999936,-0.5665722379603246,-0.1234983080731927,0.2999999999999936,0,0.16825691384020647,0,0,13.734,1.099,0.00654,0,0
COMP_01658,Lot_A,7.553,7.772,8.06,8.264,Healthy,0,0,0.2190000000000003,0.5070000000000006,0.7109999999999994,0.20399999999999885,-0.0840000000000014,-1.5985313287420897,-0.3550000000000031,-1.8568976374254493,-1.3710237006354355,-0.3550000000000031,0,0.10254773886426816,0,0,8.727,1.174,0.00699,0,0
COMP_01659,Lot_B,13.374,14.458,23.229,39.646,Latent Defect,1,0,1.0839999999999996,9.854999999999999,26.272,16.417,7.646000000000003,20.00989253113902,8.279999999999994,136.08525563199592,152.57740968948403,152.57740968948403,1,-0.04259371806647205,1,1,39.862,26.488,0.15767,1,1
COMP_01660,Lot_B,15.995,16.294,16.83,17.102,Healthy,0,0,0.29900000000000126,0.8349999999999991,1.107000000000001,0.272000000000002,-0.2639999999999958,2.3493586384091896,0.4300000000000104,0.2967759341697057,-0.7979890675497541,2.3493586384091896,0,0.01159853613754347,0,0,16.738,0.743,0.00442,0,0
COMP_01661,Lot_B,13.555,13.787,14.143,14.686,Healthy,0,0,0.2320000000000011,0.588000000000001,1.1310000000000002,0.5429999999999993,0.1869999999999994,0.45671093237497756,-0.23999999999999133,0.4262781599892055,1.7764756622833664,1.7764756622833664,0,0.129742076204874,0,0,14.544,0.989,0.00589,0,0
COMP_01662,Lot_B,13.63,13.922,14.255,14.478,Healthy,0,0,0.2919999999999998,0.625,0.847999999999999,0.22299999999999898,-0.11000000000000121,0.2937677523852771,0.3599999999999959,-1.100768919465791,-1.2634826902871417,0.3599999999999959,0,0.14967865152839865,0,0,14.615,0.985,0.00586,0,0
COMP_01663,Lot_C,9.948,10.152,10.676,11.094,Healthy,0,0,0.20399999999999885,0.7279999999999998,1.145999999999999,0.41799999999999926,-0.10600000000000165,-0.08188051708365343,-0.5700000000000216,0.3781236075853641,0.6174915403658946,0.6174915403658946,0,0.18815986344615082,0,0,10.958,1.01,0.00601,0,0
COMP_01664,Lot_B,13.072,13.388,13.861,14.124,Healthy,0,0,0.3160000000000007,0.7890000000000015,1.0520000000000014,0.2629999999999999,-0.21000000000000085,0.01645099413357614,0.600000000000005,9.585090189668018e-15,-0.8834878962158197,0.600000000000005,0,0.15778025889623487,0,0,14.13,1.058,0.0063,0,0
COMP_01665,Lot_C,9.822,10.082,10.644,11.016,Healthy,0,0,0.26000000000000156,0.822000000000001,1.1940000000000008,0.3719999999999999,-0.1899999999999995,-0.16171402124021483,-0.009999999999994458,0.6233929746677723,0.18049752718387949,0.6233929746677723,0,0.1867758462704589,0,0,10.895,1.073,0.00639,0,0
COMP_01666,Lot_C,9.486,9.813,10.309,10.813,Healthy,0,0,0.32699999999999996,0.8229999999999986,1.327,0.5040000000000013,0.008000000000002672,-0.36948583333998464,0.6599999999999895,1.302993512625248,1.434480347619258,1.434480347619258,0,0.15782828751694822,0,0,10.659,1.173,0.00698,0,0
COMP_01667,Lot_A,8.57,8.737,9.328,9.62,Healthy,0,0,0.16699999999999982,0.7579999999999991,1.049999999999999,0.2919999999999998,-0.2989999999999995,-0.0023542434885752916,-0.875000000000008,-0.005461463639493278,-0.5951389054205225,-0.0023542434885752916,0,0.16996789220722153,0,0,9.607,1.037,0.00617,0,0
COMP_01668,Lot_C,10.266,10.531,10.986,11.319,Healthy,0,0,0.26500000000000057,0.7200000000000006,1.0530000000000008,0.3330000000000002,-0.12199999999999989,0.14840843721412308,0.039999999999995595,-0.09708579113677447,-0.1899973970356573,0.14840843721412308,0,0.1912685720381993,0,0,11.332,1.066,0.00635,0,0
COMP_01669,Lot_A,7.178,7.348,7.933,8.326,Healthy,0,0,0.16999999999999993,0.7549999999999999,1.1480000000000006,0.3930000000000007,-0.19199999999999928,-1.5255497805962788,-0.8450000000000069,0.5297619730302028,0.2953652345420461,0.5297619730302028,0,0.1004740049770751,0,0,8.317,1.139,0.00678,0,0
COMP_01670,Lot_C,11.718,11.885,12.332,12.798,Healthy,0,0,0.16699999999999982,0.6140000000000008,1.08,0.4659999999999993,0.01899999999999835,1.6621744967981638,-0.9400000000000119,0.040878227847071055,1.0734852932514822,1.6621744967981638,0,0.1642243366252945,0,0,12.764,1.046,0.00623,0,0
COMP_01671,Lot_B,12.378,12.589,13.004,13.309,Healthy,0,0,0.2110000000000003,0.6259999999999994,0.9309999999999992,0.3049999999999997,-0.10999999999999943,-0.6220042543837604,-0.4499999999999993,-0.6529070551733372,-0.48449336244094265,-0.4499999999999993,0,0.17053630321920765,0,0,13.373,0.995,0.00592,0,0
COMP_01672,Lot_C,10.479,10.586,11.233,11.487,Healthy,0,0,0.1070000000000011,0.7540000000000013,1.008000000000001,0.25399999999999956,-0.3930000000000007,0.32035752308979437,-1.5399999999999991,-0.32702582277652303,-0.9404871153265255,0.32035752308979437,0,0.14527196036087392,0,0,11.452,0.973,0.00579,0,0
COMP_01673,Lot_C,8.095,8.344,8.748,9.081,Healthy,0,0,0.24899999999999878,0.6529999999999987,0.9859999999999989,0.3330000000000002,-0.07099999999999973,-2.1421990282010808,-0.12000000000002231,-0.43944094935596617,-0.1899973970356573,-0.12000000000002231,0,0.1792152162956136,0,0,9.151,1.056,0.00629,0,0
COMP_01674,Lot_C,10.281,10.583,11.235,11.516,Healthy,0,0,0.3019999999999996,0.9539999999999988,1.2349999999999994,0.2810000000000006,-0.37099999999999866,0.35003921053261866,0.40999999999998593,0.8328938923839808,-0.683990629328373,0.8328938923839808,0,0.1449749406995527,0,0,11.416,1.135,0.00676,0,0
COMP_01675,Lot_C,10.697,11.004,11.137,11.403,Healthy,0,0,0.3070000000000004,0.4400000000000013,0.7060000000000013,0.266,0.13299999999999912,0.23438298015195874,0.45999999999999375,-1.8701789240032807,-0.8264886771051244,0.45999999999999375,0,0.1343342192784553,0,0,11.697,1.0,0.00595,0,0
COMP_01676,Lot_A,7.47,7.756,8.247,8.633,Healthy,0,0,0.2860000000000005,0.7770000000000001,1.1629999999999994,0.38599999999999923,-0.10500000000000043,-1.1641734051000938,0.3149999999999986,0.6116839276224952,0.23364712583175684,0.6116839276224952,0,0.13848071620394775,0,0,8.668,1.198,0.00713,0,0
COMP_01677,Lot_A,8.256,9.415,18.872,35.869,Latent Defect,1,0,1.158999999999999,10.616,27.613,16.997,7.539999999999999,30.89591442230752,9.044999999999982,145.06739719204316,146.6907190953179,146.6907190953179,1,-0.025427855563996182,1,1,35.488,27.232,0.1621,1,1
COMP_01678,Lot_B,13.855,25.646,56.737,117.707,Gross Failure,1,1,11.791,42.882000000000005,103.85199999999999,60.96999999999999,29.87899999999999,81.16137124833132,115.35,554.701200593544,575.8251111959643,575.8251111959643,1,-0.20682701880030008,1,1,121.901,108.046,0.64313,1,1
COMP_01679,Lot_A,8.206,8.367,8.881,9.174,Healthy,0,0,0.16100000000000136,0.6750000000000007,0.968,0.29299999999999926,-0.22100000000000009,-0.5273505414406897,-0.9349999999999925,-0.4533014820773891,-0.5863220327476307,-0.4533014820773891,0,0.17059577077239546,0,0,9.258,1.052,0.00626,0,0
COMP_01680,Lot_B,12.071,12.307,12.65,12.996,Healthy,0,0,0.23600000000000065,0.5790000000000006,0.9250000000000007,0.3460000000000001,0.0030000000000001137,-0.8672024050413374,-0.19999999999999574,-0.685282611628205,-0.09499869851784314,-0.09499869851784314,0,0.17472241893953538,0,0,13.074,1.003,0.00597,0,0
COMP_01681,Lot_A,8.212,8.421,8.81,9.26,Healthy,0,0,0.20899999999999963,0.5980000000000008,1.048,0.4499999999999993,0.06099999999999817,-0.4261180714319856,-0.45500000000000984,-0.01638439091846043,0.7979269768971424,0.7979269768971424,0,0.16987257615464274,0,0,9.258,1.046,0.00623,0,0
COMP_01682,Lot_C,10.332,10.446,11.002,11.403,Healthy,0,0,0.11399999999999899,0.6699999999999999,1.0709999999999997,0.4009999999999998,-0.15500000000000114,0.23438298015195874,-1.4700000000000202,-0.005109778480880478,0.45599375288558763,0.45599375288558763,0,0.1674666872356977,0,0,11.32,0.988,0.00588,0,0
COMP_01683,Lot_B,13.503,13.824,14.276,14.688,Healthy,0,0,0.32099999999999973,0.7729999999999997,1.1850000000000005,0.4120000000000008,-0.03999999999999915,0.4582776937210329,0.649999999999995,0.7176581680830919,0.5319927116998304,0.7176581680830919,0,0.15133198962422734,0,0,14.527,1.024,0.0061,0,0
COMP_01684,Lot_C,9.582,9.9,10.376,10.588,Healthy,0,0,0.3179999999999996,0.7939999999999987,1.0059999999999985,0.21199999999999974,-0.26399999999999935,-0.5997747876377612,0.5699999999999861,-0.33724537973830215,-1.3394816491014125,0.5699999999999861,0,0.17876789589624836,0,0,10.754,1.172,0.00698,0,0
COMP_01685,Lot_A,9.329,9.569,9.987,10.292,Healthy,0,0,0.2400000000000002,0.6579999999999995,0.9629999999999992,0.3049999999999997,-0.11299999999999955,0.7886715686724592,-0.14500000000000401,-0.4806088002748264,-0.48051956067286694,0.7886715686724592,0,0.1977893681481393,0,0,10.322,0.993,0.00591,0,0
COMP_01686,Lot_C,9.668,9.936,10.267,10.461,Healthy,0,0,0.2680000000000007,0.5990000000000002,0.793000000000001,0.19400000000000084,-0.13699999999999868,-0.7297601085080597,0.06999999999999673,-1.4256281961664339,-1.5104793064334974,0.06999999999999673,0,0.17865800352238964,0,0,10.79,1.122,0.00668,0,0
COMP_01687,Lot_C,9.042,9.323,9.753,10.214,Healthy,0,0,0.2810000000000006,0.7110000000000003,1.1720000000000006,0.4610000000000003,0.031000000000000583,-0.9825662050038393,0.19999999999999574,0.5109778480883382,1.0259859439925763,1.0259859439925763,0,0.18222557394793243,0,0,10.112,1.07,0.00637,0,0
COMP_01688,Lot_B,12.929,13.246,13.613,13.919,Healthy,0,0,0.31700000000000017,0.6839999999999993,0.9900000000000002,0.30600000000000094,-0.06099999999999817,-0.14414204383704204,0.6099999999999994,-0.3345474167003832,-0.4749934925891482,0.6099999999999994,0,0.16559111631031104,0,0,13.961,1.032,0.00614,0,0
COMP_01689,Lot_B,13.01,13.249,13.67,13.933,Healthy,0,0,0.23900000000000077,0.6600000000000001,0.923,0.2629999999999999,-0.15799999999999947,-0.1331747144146589,-0.1699999999999946,-0.696074463779834,-0.8834878962158197,-0.1331747144146589,0,0.16463535473207574,0,0,14.053,1.043,0.00621,0,0
COMP_01690,Lot_C,8.573,8.873,9.386,9.674,Healthy,0,0,0.29999999999999893,0.8129999999999988,1.100999999999999,0.28800000000000026,-0.22499999999999964,-1.5352596953185005,0.38999999999997925,0.14818357594561554,-0.6174915403658946,0.38999999999997925,0,0.18211535414773877,0,0,9.705,1.132,0.00674,0,0
COMP_01691,Lot_A,8.803,9.04,9.623,9.841,Healthy,0,0,0.23699999999999832,0.8199999999999985,1.0379999999999985,0.21799999999999997,-0.3650000000000002,0.2577896619989076,-0.17500000000002292,-0.070999027313335,-1.2475874832148726,0.2577896619989076,0,0.16885428805206865,0,0,9.797,0.994,0.00592,0,0
COMP_01692,Lot_B,12.861,13.094,13.563,14.067,Healthy,0,0,0.23299999999999876,0.702,1.2059999999999995,0.5039999999999996,0.034999999999998366,-0.028201704228986275,-0.23000000000001464,0.830972615675153,1.405980738063839,1.405980738063839,0,0.15566806032073988,0,0,13.874,1.013,0.00603,0,0
COMP_01693,Lot_B,12.864,13.173,13.606,14.063,Healthy,0,0,0.3089999999999993,0.7419999999999991,1.1989999999999998,0.45700000000000074,0.02400000000000091,-0.031335226921095555,0.5299999999999905,0.7932011331444659,0.959486855030057,0.959486855030057,0,0.16037615960174412,0,0,13.857,0.993,0.00591,0,0
COMP_01694,Lot_A,9.102,9.326,9.727,10.126,Healthy,0,0,0.2240000000000002,0.625,1.0239999999999991,0.39899999999999913,-0.002000000000000668,0.5932693591207748,-0.30500000000000416,-0.14745951826614387,0.3482664705794123,0.5932693591207748,0,0.19265107521441205,0,0,10.099,0.997,0.00593,0,0
COMP_01695,Lot_B,12.279,13.517,22.483,41.404,Latent Defect,1,0,1.2379999999999995,10.204,29.125000000000004,18.921000000000003,9.955000000000002,21.3870757543212,9.819999999999993,151.47983272628952,176.36508379834822,176.36508379834822,1,-0.03964210359898379,1,1,40.934,28.655,0.17057,1,1
COMP_01696,Lot_A,8.371,8.566,9.148,9.522,Healthy,0,0,0.19500000000000028,0.7769999999999992,1.1509999999999998,0.37400000000000055,-0.2079999999999984,-0.11771217442872485,-0.5950000000000033,0.5461463639486585,0.12784465375700876,0.5461463639486585,0,0.17456571437627627,0,0,9.414,1.043,0.00621,0,0
COMP_01697,Lot_A,8.457,8.741,8.99,9.549,Healthy,0,0,0.2839999999999989,0.5329999999999995,1.0919999999999987,0.5589999999999993,0.3099999999999987,-0.08592988733296991,0.29499999999998305,0.22392000921894306,1.7589660982428763,1.7589660982428763,0,0.1312725577364623,0,0,9.6,1.143,0.0068,0,0
COMP_01698,Lot_A,8.52,8.613,9.206,9.481,Healthy,0,0,0.09299999999999997,0.6859999999999999,0.9610000000000003,0.27500000000000036,-0.3179999999999996,-0.16597416594450265,-1.6150000000000064,-0.49153172755379354,-0.7450257408597606,-0.16597416594450265,0,0.1419902266872901,0,0,9.498,0.978,0.00582,0,0
COMP_01699,Lot_C,10.939,12.164,19.308,37.961,Latent Defect,1,0,1.2249999999999996,8.369,27.022,18.653,11.508999999999999,27.41666763899778,9.639999999999986,132.59875157892188,173.8476182876301,173.8476182876301,1,-0.03165617131507881,1,1,39.787,28.848,0.17171,1,1
COMP_01700,Lot_B,13.206,13.549,14.061,14.287,Healthy,0,0,0.34299999999999997,0.8550000000000004,1.0810000000000013,0.22600000000000087,-0.2859999999999996,0.14414204383704343,0.8699999999999974,0.156481856198577,-1.2349830807317752,0.8699999999999974,0,0.14529818370368386,0,0,14.216,1.01,0.00601,0,0
COMP_01701,Lot_C,10.902,11.119,11.775,12.09,Healthy,0,0,0.21700000000000053,0.8730000000000011,1.1880000000000006,0.3149999999999995,-0.3410000000000011,0.9375319206078313,-0.44000000000000483,0.5927343037824713,-0.36099505436775897,0.9375319206078313,0,0.16249141348402862,0,0,11.914,1.012,0.00602,0,0
COMP_01702,Lot_B,12.768,12.952,13.342,13.616,Healthy,0,0,0.18399999999999928,0.5739999999999998,0.847999999999999,0.27399999999999913,-0.11600000000000144,-0.38150638776434653,-0.7200000000000095,-1.100768919465791,-0.7789893278462159,-0.38150638776434653,0,0.16523278235089595,0,0,13.766,0.998,0.00594,0,0
COMP_01703,Lot_A,9.441,10.375,21.082,41.153,Latent Defect,1,0,0.9339999999999993,11.641,31.711999999999996,20.070999999999998,9.363999999999997,37.11582571912136,6.794999999999987,167.45393665029871,173.79378569180216,173.79378569180216,1,-0.03524285866022381,1,1,38.325,28.884,0.17193,1,1
COMP_01704,Lot_B,14.515,14.769,15.096,15.428,Healthy,0,0,0.25399999999999956,0.5809999999999995,0.9130000000000003,0.33200000000000074,0.005000000000000782,1.0379793917613132,-0.02000000000000668,-0.7500337245379597,-0.22799687644279654,1.0379793917613132,0,0.11686904932312175,0,0,15.449,0.934,0.00556,0,0
COMP_01705,Lot_B,13.654,13.911,14.405,14.891,Healthy,0,0,0.2569999999999997,0.7509999999999994,1.237,0.48600000000000065,-0.007999999999999119,0.6173039703455957,0.009999999999994458,0.9982463240253494,1.2349830807317583,1.2349830807317583,0,0.14457911585598981,0,0,14.559,0.905,0.00539,0,0
COMP_01706,Lot_A,8.966,9.231,9.46,9.732,Healthy,0,0,0.26500000000000057,0.49400000000000155,0.766,0.27199999999999847,0.042999999999997485,0.12948339187159713,0.10499999999999954,-1.5565171372536828,-0.7714763588784672,0.12948339187159713,0,0.15950127200150405,0,0,10.03,1.064,0.00633,0,0
COMP_01707,Lot_B,12.555,12.647,12.964,13.287,Healthy,0,0,0.09200000000000053,0.4090000000000007,0.7320000000000011,0.3230000000000004,0.006000000000000227,-0.6392386291903621,-1.639999999999997,-1.7266963442600511,-0.3134957051088452,-0.3134957051088452,0,0.12287227969730863,0,0,13.541,0.986,0.00587,0,0
COMP_01708,Lot_A,8.415,8.706,9.131,9.506,Healthy,0,0,0.29100000000000037,0.7160000000000011,1.091000000000001,0.375,-0.05000000000000071,-0.1365461223373209,0.36499999999999755,0.21845854557946917,0.13666152642990054,0.36499999999999755,0,0.18451440776940808,0,0,9.524,1.109,0.0066,0,0
COMP_01709,Lot_B,12.54,12.794,13.298,13.795,Healthy,0,0,0.25400000000000134,0.7580000000000009,1.2550000000000008,0.4969999999999999,-0.006999999999999673,-0.24128124729244077,-0.019999999999988916,1.0953729933899814,1.3394816491013621,1.3394816491013621,0,0.15368324303526598,0,0,13.679,1.139,0.00678,0,0
COMP_01710,Lot_B,12.434,12.695,13.25,13.456,Healthy,0,0,0.261000000000001,0.8160000000000007,1.0220000000000002,0.20599999999999952,-0.3490000000000002,-0.5068472954487315,0.050000000000007816,-0.1618777822743771,-1.4249804777674446,0.050000000000007816,0,0.14434035754254454,0,0,13.5,1.066,0.00635,0,0
COMP_01711,Lot_A,10.098,28.635,55.078,118.049,Gross Failure,1,1,18.537,44.980000000000004,107.95100000000001,62.971000000000004,36.528000000000006,127.63177936783396,182.825,583.8304630611179,552.0376233590682,583.8304630611179,1,-0.21772616009634127,1,1,110.548,100.45,0.59792,1,1
COMP_01712,Lot_A,8.048,8.267,8.759,9.214,Healthy,0,0,0.21899999999999942,0.7110000000000003,1.1660000000000004,0.45500000000000007,-0.03700000000000081,-0.4802656716691985,-0.355000000000012,0.6280683185409606,0.8420113402616326,0.8420113402616326,0,0.16918336599723172,0,0,9.105,1.057,0.00629,0,0
COMP_01713,Lot_C,9.581,9.795,10.289,10.696,Healthy,0,0,0.2140000000000004,0.7080000000000002,1.1150000000000002,0.40700000000000003,-0.08699999999999974,-0.48923608957482856,-0.47000000000000597,0.21972047467798764,0.5129929719962881,0.5129929719962881,0,0.19432346886164936,0,0,10.754,1.173,0.00698,0,0
COMP_01714,Lot_B,11.892,12.28,12.653,13.099,Healthy,0,0,0.3879999999999999,0.761000000000001,1.2070000000000007,0.44599999999999973,0.07299999999999862,-0.7865141957195148,1.3199999999999967,0.8363685417509723,0.8549882866604364,1.3199999999999967,0,0.14861359330400342,0,0,13.057,1.165,0.00693,0,0
COMP_01715,Lot_A,8.861,9.16,9.535,9.713,Healthy,0,0,0.2989999999999995,0.6739999999999995,0.8519999999999985,0.17799999999999905,-0.19700000000000095,0.10711807873013918,0.44499999999998874,-1.0868312642578428,-1.6002623901307464,0.44499999999998874,0,0.1673358138021,0,0,9.892,1.031,0.00614,0,0
COMP_01716,Lot_C,9.981,10.229,10.564,11.006,Healthy,0,0,0.24799999999999933,0.5830000000000002,1.0250000000000004,0.44200000000000017,0.10699999999999932,-0.1719490858756713,-0.13000000000001677,-0.24015958860150954,0.8454884168086969,0.8454884168086969,0,0.18668882626400407,0,0,11.068,1.087,0.00647,0,0
COMP_01717,Lot_A,8.459,8.644,9.164,9.575,Healthy,0,0,0.1850000000000005,0.7050000000000001,1.1159999999999997,0.4109999999999996,-0.10899999999999999,-0.05532472198150158,-0.6950000000000012,0.3549951365666265,0.454068942654176,0.454068942654176,0,0.18054799436542868,0,0,9.517,1.058,0.0063,0,0
COMP_01718,Lot_B,12.212,12.561,13.28,13.521,Healthy,0,0,0.3490000000000002,1.0679999999999996,1.309000000000001,0.24100000000000144,-0.477999999999998,-0.4559275517019492,0.9299999999999997,1.3867530014838678,-1.0924850329550273,1.3867530014838678,0,0.09728522965371944,0,0,13.241,1.029,0.00612,0,0
COMP_01719,Lot_C,9.835,11.102,24.022,40.188,Latent Defect,1,0,1.2669999999999995,14.186999999999998,30.353,16.166000000000004,3.2460000000000058,29.696016533313983,10.059999999999985,149.6194236987442,150.22144196624566,150.22144196624566,1,-0.05002541219764833,1,1,38.885,29.05,0.17292,1,1
COMP_01720,Lot_A,7.748,7.923,8.519,8.798,Healthy,0,0,0.17499999999999982,0.7709999999999999,1.0499999999999998,0.2789999999999999,-0.31700000000000017,-0.969948317292696,-0.7950000000000079,-0.005461463639488427,-0.709758250168178,-0.005461463639488427,0,0.1508404879284968,0,0,8.867,1.119,0.00666,0,0
COMP_01721,Lot_A,7.82,8.088,8.575,9.032,Healthy,0,0,0.2679999999999989,0.754999999999999,1.2119999999999997,0.45700000000000074,-0.02999999999999936,-0.6945018291294789,0.1349999999999829,0.8792956459573409,0.8596450856074318,0.8792956459573409,0,0.15591007322217748,0,0,8.949,1.129,0.00672,0,0
COMP_01722,Lot_A,8.574,8.843,9.281,9.5,Healthy,0,0,0.26900000000000013,0.7070000000000007,0.9260000000000002,0.21899999999999942,-0.2190000000000012,-0.1436088528030447,0.14499999999999513,-0.6826829549358254,-1.238770610541981,0.14499999999999513,0,0.17616483337502198,0,0,9.692,1.118,0.00665,0,0
COMP_01723,Lot_A,8.34,8.595,8.992,9.186,Healthy,0,0,0.2550000000000008,0.652000000000001,0.8460000000000001,0.19399999999999906,-0.20300000000000118,-0.5132250805092421,0.00500000000000167,-1.1196000460947542,-1.4591924273644001,0.00500000000000167,0,0.16741397383390505,0,0,9.414,1.074,0.00639,0,0
COMP_01724,Lot_A,7.592,7.839,8.401,8.919,Healthy,0,0,0.24700000000000077,0.8090000000000002,1.3270000000000008,0.5180000000000007,-0.04399999999999871,-0.827516586233938,-0.0749999999999984,1.5073639644983063,1.3974743186541265,1.5073639644983063,0,0.12795137768350606,0,0,8.751,1.159,0.0069,0,0
COMP_01725,Lot_B,12.798,12.99,13.396,13.641,Healthy,0,0,0.19200000000000017,0.5980000000000008,0.843,0.24499999999999922,-0.16100000000000136,-0.3619218709386611,-0.6400000000000006,-1.1277485498448492,-1.0544855535479172,-0.3619218709386611,0,0.16171947289049488,0,0,13.766,0.968,0.00576,0,0
COMP_01726,Lot_A,9.13,9.551,9.918,10.149,Healthy,0,0,0.4209999999999994,0.7879999999999985,1.0189999999999984,0.23099999999999987,-0.13599999999999923,0.6203431592393813,1.6649999999999876,-0.17476683646358115,-1.1329681384672172,1.6649999999999876,0,0.1657107539275246,0,0,10.204,1.074,0.00639,0,0
COMP_01727,Lot_B,14.107,14.383,14.873,15.382,Healthy,0,0,0.2759999999999998,0.766,1.2750000000000004,0.5090000000000003,0.019000000000000128,1.0019438808020515,0.19999999999999574,1.2032915149062329,1.4534800873227605,1.4534800873227605,0,0.12122998817359659,0,0,15.04,0.933,0.00555,0,0
COMP_01728,Lot_C,8.77,8.909,9.339,9.696,Healthy,0,0,0.13900000000000112,0.5690000000000008,0.9260000000000002,0.3569999999999993,-0.0730000000000004,-1.5127425531204954,-1.2199999999999989,-0.7460276582089582,0.037999479407128084,0.037999479407128084,0,0.16885788829645026,0,0,9.81,1.04,0.00619,0,0
COMP_01729,Lot_C,9.681,10.127,10.54,10.835,Healthy,0,0,0.4460000000000015,0.859,1.1540000000000017,0.2950000000000017,-0.11799999999999677,-0.3469686911419797,1.850000000000005,0.4190018354324443,-0.5509924514033994,1.850000000000005,0,0.1580362716648065,0,0,10.857,1.176,0.007,0,0
COMP_01730,Lot_B,13.137,13.464,13.827,14.163,Healthy,0,0,0.32699999999999996,0.6899999999999995,1.0259999999999998,0.3360000000000003,-0.026999999999999247,0.04700284038164472,0.7099999999999973,-0.14029407797112872,-0.1899973970356694,0.7099999999999973,0,0.16545185828801834,0,0,14.187,1.05,0.00625,0,0
COMP_01731,Lot_A,9.299,10.71,20.537,44.583,Latent Defect,1,0,1.4110000000000014,11.238,35.284,24.046,14.219000000000001,41.15335330202664,11.565000000000007,186.96228477054487,208.84085456656632,208.84085456656632,1,-0.06658327684834264,1,1,37.784,28.485,0.16955,1,1
COMP_01732,Lot_B,15.179,16.097,23.06,43.049,Latent Defect,1,0,0.918000000000001,7.8809999999999985,27.869999999999997,19.989,13.026000000000003,22.67573696145128,6.620000000000008,144.70794550114456,186.51094480005227,186.51094480005227,1,-0.10540460542765806,1,1,43.98,28.801,0.17143,1,1
COMP_01733,Lot_B,14.502,15.657,24.404,40.353,Latent Defect,1,0,1.1549999999999994,9.902,25.851,15.949000000000002,7.202000000000002,20.563742666969393,8.989999999999991,133.81357075407877,148.13147059884966,148.13147059884966,1,-0.07760613991872645,1,1,41.873,27.371,0.16292,1,1
COMP_01734,Lot_B,11.715,12.056,12.46,12.841,Healthy,0,0,0.3409999999999993,0.745000000000001,1.1259999999999994,0.38099999999999845,-0.02300000000000324,-0.9886264093605861,0.8499999999999908,0.39929852961013784,0.23749674629454035,0.8499999999999908,0,0.16329062737023647,0,0,12.94,1.225,0.00729,0,0
COMP_01735,Lot_A,7.039,7.37,7.89,8.106,Healthy,0,0,0.3310000000000004,0.851,1.0670000000000002,0.2160000000000002,-0.3039999999999994,-1.7845165643394751,0.7649999999999979,0.08738341823178573,-1.2652212285606639,0.7649999999999979,0,0.08007742423735936,0,0,8.256,1.217,0.00724,0,0
COMP_01736,Lot_C,10.233,10.484,10.879,10.939,Healthy,0,0,0.25099999999999945,0.645999999999999,0.7059999999999995,0.0600000000000005,-0.3349999999999991,-0.24052401893323117,-0.10000000000001563,-1.8701789240032898,-2.7834618665724316,-0.10000000000001563,0,0.12529492690211702,0,0,11.32,1.087,0.00647,0,0
COMP_01737,Lot_B,12.274,12.548,12.932,13.26,Healthy,0,0,0.2740000000000009,0.6580000000000013,0.9860000000000007,0.3279999999999994,-0.05600000000000094,-0.6603899073621028,0.18000000000000682,-0.35613112100363153,-0.2659963558499405,0.18000000000000682,0,0.17668048519322138,0,0,13.262,0.988,0.00588,0,0
COMP_01738,Lot_A,9.697,9.941,10.14,10.471,Healthy,0,0,0.24400000000000155,0.4430000000000014,0.7740000000000009,0.3309999999999995,0.13199999999999967,0.9993763608998778,-0.10499999999999066,-1.512825428137785,-0.251280871177556,0.9993763608998778,0,0.1675824984809065,0,0,10.777,1.08,0.00643,0,0
COMP_01739,Lot_B,13.109,13.293,13.831,14.035,Healthy,0,0,0.18399999999999928,0.7219999999999995,0.9260000000000002,0.20400000000000063,-0.33399999999999963,-0.05326988576586327,-0.7200000000000095,-0.6798866855523953,-1.4439802174709997,-0.05326988576586327,0,0.14711477404418016,0,0,14.142,1.033,0.00615,0,0
COMP_01740,Lot_B,12.848,12.981,13.395,13.816,Healthy,0,0,0.13299999999999912,0.5469999999999988,0.968,0.42100000000000115,0.0070000000000014495,-0.22483025315886462,-1.230000000000011,-0.4532577903682635,0.6174915403658792,0.6174915403658792,0,0.15185473464137383,0,0,13.766,0.918,0.00546,0,0
COMP_01741,Lot_C,9.854,10.087,10.54,10.898,Healthy,0,0,0.23300000000000054,0.6859999999999999,1.0440000000000005,0.35800000000000054,-0.09499999999999886,-0.28248778393860385,-0.2800000000000047,-0.143073797464726,0.04749934925892276,0.04749934925892276,0,0.19684708899674314,0,0,10.91,1.056,0.00629,0,0
COMP_01742,Lot_C,10.624,10.93,11.551,11.918,Healthy,0,0,0.30599999999999916,0.9269999999999996,1.2939999999999987,0.3669999999999991,-0.25400000000000134,0.761488808877976,0.4499999999999815,1.1343708227560925,0.13299817792495672,1.1343708227560925,0,0.15679336102482633,0,0,11.685,1.061,0.00632,0,0
COMP_01743,Lot_C,8.505,8.824,9.436,10.032,Healthy,0,0,0.31899999999999906,0.9309999999999992,1.5269999999999992,0.5960000000000001,-0.016000000000000014,-1.1688443813691511,0.5799999999999805,2.3249492088019066,2.3084683739832883,2.3249492088019066,0,0.10866926975805047,0,0,9.694,1.189,0.00708,0,0
COMP_01744,Lot_A,9.661,9.872,10.345,10.668,Healthy,0,0,0.2110000000000003,0.684000000000001,1.0069999999999997,0.3229999999999986,-0.15000000000000213,1.2312693445244656,-0.43500000000000316,-0.2403044001374132,-0.321815852560737,1.2312693445244656,0,0.19565863234169634,0,0,10.777,1.116,0.00664,0,0
COMP_01745,Lot_B,12.553,12.794,13.398,13.589,Healthy,0,0,0.24099999999999966,0.8449999999999989,1.0359999999999996,0.19100000000000072,-0.4129999999999985,-0.40265766593608593,-0.15000000000000568,-0.08633481721300304,-1.5674785255441757,-0.08633481721300304,0,0.13574780509307077,0,0,13.679,1.126,0.0067,0,0
COMP_01746,Lot_B,11.897,12.245,12.869,13.153,Healthy,0,0,0.347999999999999,0.9719999999999995,1.2560000000000002,0.2840000000000007,-0.33999999999999986,-0.7442116393760346,0.9199999999999875,1.100768919465791,-0.6839906293283727,1.100768919465791,0,0.1290969088601286,0,0,13.057,1.16,0.0069,0,0
COMP_01747,Lot_A,9.821,10.149,10.567,10.673,Healthy,0,0,0.3279999999999994,0.7460000000000004,0.8520000000000003,0.10599999999999987,-0.31200000000000117,1.2371549532459027,0.7349999999999879,-1.0868312642578333,-2.2350772225792976,1.2371549532459027,0,0.15062754997269556,0,0,10.922,1.101,0.00655,0,0
COMP_01748,Lot_A,7.166,7.363,7.904,8.33,Healthy,0,0,0.19700000000000006,0.7379999999999995,1.1639999999999997,0.42600000000000016,-0.11499999999999932,-1.5208412936191302,-0.5750000000000055,0.6171453912619836,0.5863220327476307,0.6171453912619836,0,0.10058120584452157,0,0,8.317,1.151,0.00685,0,0
COMP_01749,Lot_C,9.58,9.812,10.258,10.586,Healthy,0,0,0.23199999999999932,0.677999999999999,1.0060000000000002,0.3280000000000012,-0.11799999999999855,-0.6018218005648514,-0.2900000000000169,-0.3372453797382931,-0.23749674629456316,-0.23749674629456316,0,0.19925627935289747,0,0,10.754,1.174,0.00699,0,0
COMP_01750,Lot_A,8.631,8.879,9.128,9.457,Healthy,0,0,0.24799999999999933,0.4969999999999999,0.8260000000000005,0.3290000000000006,0.08000000000000007,-0.1942250878073957,-0.06500000000001283,-1.2288293188844839,-0.26891461652333953,-0.06500000000001283,0,0.16918002212330424,0,0,9.704,1.073,0.00639,0,0
COMP_01751,Lot_B,12.975,13.304,13.655,14.025,Healthy,0,0,0.3290000000000006,0.6799999999999997,1.0500000000000007,0.370000000000001,0.019000000000001904,-0.06110369249613716,0.730000000000004,-0.010791852151619388,0.1329981779249534,0.730000000000004,0,0.16234821736435068,0,0,14.009,1.034,0.00615,0,0
COMP_01752,Lot_A,8.95,9.188,9.428,9.879,Healthy,0,0,0.23800000000000132,0.47800000000000153,0.9290000000000003,0.45099999999999874,0.21099999999999852,0.30252028828182354,-0.16499999999999293,-0.666298564017365,0.8067438495700342,0.8067438495700342,0,0.14950495517170703,0,0,9.925,0.975,0.0058,0,0
COMP_01753,Lot_A,9.098,10.343,19.904,33.45,Latent Defect,1,0,1.2449999999999992,10.806,24.352000000000004,13.546000000000003,3.985000000000003,28.04845692287666,9.904999999999985,127.25756426367735,116.2636915011516,127.25756426367735,1,-0.04813571704158026,1,1,36.767,27.669,0.1647,1,1
COMP_01754,Lot_A,9.12,9.489,9.805,10.289,Healthy,0,0,0.36900000000000155,0.6850000000000005,1.1690000000000005,0.484,0.16800000000000104,0.7851402034395973,1.1450000000000093,0.644452709459421,1.0977006477756344,1.1450000000000093,0,0.1593229723363936,0,0,10.204,1.084,0.00645,0,0
COMP_01755,Lot_C,11.018,11.177,11.58,11.79,Healthy,0,0,0.15899999999999892,0.5619999999999994,0.7719999999999985,0.20999999999999908,-0.1930000000000014,0.6304799815441305,-1.020000000000021,-1.5329335442649965,-1.3584813888049851,0.6304799815441305,0,0.15731959034365312,0,0,11.981,0.963,0.00573,0,0
COMP_01756,Lot_C,9.941,10.227,10.519,10.907,Healthy,0,0,0.2859999999999996,0.5779999999999994,0.9659999999999993,0.3879999999999999,0.09600000000000009,-0.2732762257666925,0.2499999999999858,-0.5416365189736302,0.33249544481240867,0.33249544481240867,0,0.18578293556180603,0,0,11.068,1.127,0.00671,0,0
COMP_01757,Lot_C,10.575,11.906,22.088,37.016,Latent Defect,1,0,1.3310000000000013,11.513000000000002,26.441,14.927999999999997,4.745999999999997,26.449454030947123,10.700000000000003,129.6299702815287,138.46060308973819,138.46060308973819,1,-0.03335386291662146,1,1,39.725,29.15,0.17351,1,1
COMP_01758,Lot_B,12.866,13.145,13.77,14.12,Healthy,0,0,0.2789999999999999,0.9039999999999999,1.2539999999999996,0.34999999999999964,-0.27500000000000036,0.013317471441465471,0.22999999999999687,1.0899770673141622,-0.05699921911071601,1.0899770673141622,0,0.14622351687743923,0,0,13.874,1.008,0.006,0,0
COMP_01759,Lot_A,8.84,21.044,50.27,100.005,Gross Failure,1,1,12.204,41.43000000000001,91.16499999999999,49.73499999999999,20.50899999999999,106.39179461391475,119.495,492.1543344086957,435.33749666060817,492.1543344086957,1,-0.19298268037198563,1,1,104.806,95.966,0.57123,1,1
COMP_01760,Lot_B,12.538,12.953,13.354,13.741,Healthy,0,0,0.41499999999999915,0.815999999999999,1.2029999999999994,0.38700000000000045,-0.013999999999999346,-0.2835838036359209,1.5899999999999892,0.8147848374477143,0.29449596540525635,1.5899999999999892,0,0.14394244838150277,0,0,13.687,1.149,0.00684,0,0
COMP_01761,Lot_B,13.613,13.775,14.173,14.586,Healthy,0,0,0.1620000000000008,0.5600000000000005,0.9730000000000008,0.41300000000000026,0.015000000000000568,0.3783728650722373,-0.9399999999999942,-0.4262781599891959,0.5414925815516081,0.5414925815516081,0,0.15330024190659408,0,0,14.559,0.946,0.00563,0,0
COMP_01762,Lot_C,10.385,10.476,10.997,11.292,Healthy,0,0,0.09100000000000108,0.6120000000000001,0.907,0.29499999999999993,-0.2259999999999991,0.12077376269838903,-1.6999999999999993,-0.8431134493457418,-0.5509924514034162,0.12077376269838903,0,0.16077360759187237,0,0,11.32,0.935,0.00557,0,0
COMP_01763,Lot_A,8.08,8.363,8.995,9.325,Healthy,0,0,0.2829999999999995,0.9149999999999991,1.2449999999999992,0.33000000000000007,-0.3019999999999996,-0.34960515805331477,0.2849999999999886,1.059523946060396,-0.26009774385044776,1.059523946060396,0,0.15913431725213767,0,0,9.138,1.058,0.0063,0,0
COMP_01764,Lot_B,14.297,14.432,14.897,15.193,Healthy,0,0,0.1349999999999998,0.5999999999999996,0.895999999999999,0.2959999999999994,-0.16900000000000048,0.8538849335998718,-1.2100000000000044,-0.8417644678267819,-0.5699921911069913,0.8538849335998718,0,0.10958024618710299,0,0,15.194,0.897,0.00534,0,0
COMP_01765,Lot_A,8.726,8.952,9.241,9.502,Healthy,0,0,0.2259999999999991,0.5149999999999988,0.7759999999999998,0.261000000000001,-0.027999999999998693,-0.1412546093144694,-0.28500000000001524,-1.5019025008588178,-0.8684619582803078,-0.1412546093144694,0,0.16402701980604334,0,0,9.788,1.062,0.00632,0,0
COMP_01766,Lot_A,7.185,7.331,7.839,8.163,Healthy,0,0,0.1460000000000008,0.6540000000000008,0.9780000000000006,0.32399999999999984,-0.18400000000000016,-1.7174206249151012,-1.0849999999999982,-0.3986868456825194,-0.31299897988782965,-0.31299897988782965,0,0.10172961673512665,0,0,8.317,1.132,0.00674,0,0
COMP_01767,Lot_C,10.208,10.603,11.018,11.431,Healthy,0,0,0.3949999999999996,0.8100000000000005,1.222999999999999,0.4129999999999985,-0.0020000000000024443,0.26304116113123605,1.3399999999999856,0.7715765506133788,0.5699921911069719,1.3399999999999856,0,0.16071630016247657,0,0,11.416,1.208,0.00719,0,0
COMP_01768,Lot_B,13.031,13.502,13.59,13.868,Healthy,0,0,0.4710000000000001,0.5589999999999993,0.8369999999999997,0.27800000000000047,0.19000000000000128,-0.18409445816143985,2.1499999999999986,-1.1601241062997265,-0.7409898484390719,2.1499999999999986,0,0.10283629629794311,0,0,14.147,1.116,0.00664,0,0
COMP_01769,Lot_B,13.719,13.909,14.427,14.771,Healthy,0,0,0.19000000000000128,0.7080000000000002,1.0520000000000014,0.3440000000000012,-0.1739999999999977,0.5232982895823077,-0.6599999999999895,9.585090189668018e-15,-0.11399843822139827,0.5232982895823077,0,0.15493118053687477,0,0,14.678,0.959,0.00571,0,0
COMP_01770,Lot_B,13.951,14.111,14.582,14.978,Healthy,0,0,0.16000000000000014,0.6310000000000002,1.0269999999999992,0.395999999999999,-0.07500000000000107,0.6854580888989799,-0.9600000000000009,-0.13489815189531904,0.37999479407128817,0.6854580888989799,0,0.14266521687589467,0,0,14.886,0.935,0.00557,0,0
COMP_01771,Lot_B,13.145,13.407,14.001,14.183,Healthy,0,0,0.26200000000000045,0.8559999999999999,1.0380000000000003,0.18200000000000038,-0.41199999999999903,0.0626704538421925,0.060000000000002274,-0.07554296506137406,-1.6529773542102242,0.0626704538421925,0,0.13201427214864403,0,0,14.187,1.042,0.0062,0,0
COMP_01772,Lot_C,10.112,10.266,10.807,11.073,Healthy,0,0,0.15399999999999991,0.6950000000000003,0.9610000000000003,0.266,-0.27500000000000036,-0.10337415281811144,-1.070000000000011,-0.5671854113780417,-0.8264886771051244,-0.10337415281811144,0,0.17667000223198293,0,0,11.124,1.012,0.00602,0,0
COMP_01773,Lot_C,7.775,8.087,8.505,8.891,Healthy,0,0,0.3119999999999994,0.7300000000000004,1.1159999999999997,0.38599999999999923,-0.032000000000001805,-2.336665256274757,0.5099999999999838,0.2248302531588681,0.31349570510883623,0.5099999999999838,0,0.16189446302021965,0,0,8.962,1.187,0.00707,0,0
COMP_01774,Lot_C,11.284,27.399,63.246,122.867,Gross Failure,1,1,16.115000000000002,51.962,111.583,59.621,23.774,114.31850743280619,158.54,564.6867297008954,563.0382863754788,564.6867297008954,1,-0.21008021893972573,1,1,123.832,112.548,0.66993,1,1
COMP_01775,Lot_C,8.967,9.2,9.887,10.2,Healthy,0,0,0.23299999999999876,0.9199999999999999,1.2329999999999988,0.31299999999999883,-0.37400000000000233,-0.9968952954934798,-0.28000000000002245,0.8226743354222108,-0.37999479407133147,0.8226743354222108,0,0.1598521922720023,0,0,10.043,1.076,0.0064,0,0
COMP_01776,Lot_A,8.375,8.726,8.991,9.403,Healthy,0,0,0.35100000000000087,0.6159999999999997,1.0280000000000005,0.4120000000000008,0.14700000000000202,-0.2577896619989076,0.9650000000000025,-0.12561366370819016,0.46288581532708345,0.9650000000000025,0,0.16511115191854192,0,0,9.484,1.109,0.0066,0,0
COMP_01777,Lot_B,11.252,11.534,11.981,12.393,Healthy,0,0,0.28200000000000003,0.7289999999999992,1.141,0.4120000000000008,-0.034999999999998366,-1.3395809508768626,0.259999999999998,0.48023742074733117,0.5319927116998304,0.5319927116998304,0,0.17504562485173564,0,0,12.415,1.163,0.00692,0,0
COMP_01778,Lot_B,11.886,12.093,12.623,12.922,Healthy,0,0,0.20700000000000074,0.7370000000000001,1.0360000000000014,0.29900000000000126,-0.2309999999999981,-0.9251725748453652,-0.4899999999999949,-0.08633481721299345,-0.5414925815516249,-0.08633481721299345,0,0.17156762023460942,0,0,13.019,1.133,0.00674,0,0
COMP_01779,Lot_A,9.104,9.371,9.768,10.086,Healthy,0,0,0.26700000000000124,0.6640000000000015,0.9820000000000011,0.3179999999999996,-0.07900000000000063,0.5461844893492858,0.12500000000000622,-0.37684099112457053,-0.3659002159252115,0.5461844893492858,0,0.19462653830023746,0,0,10.12,1.016,0.00605,0,0
COMP_01780,Lot_C,10.003,10.236,10.773,11.086,Healthy,0,0,0.23300000000000054,0.7699999999999996,1.0830000000000002,0.3130000000000006,-0.22399999999999842,-0.09006856879201787,-0.2800000000000047,0.05620756328972157,-0.3799947940713146,0.05620756328972157,0,0.19013341459470018,0,0,11.097,1.094,0.00651,0,0
COMP_01781,Lot_A,8.042,8.364,8.764,9.06,Healthy,0,0,0.32200000000000095,0.7219999999999995,1.0180000000000007,0.29600000000000115,-0.10399999999999743,-0.6615424202894353,0.6750000000000034,-0.18022830010305504,-0.5598714147289241,0.6750000000000034,0,0.17252240300282878,0,0,9.138,1.096,0.00652,0,0
COMP_01782,Lot_C,7.763,7.93,8.279,8.575,Healthy,0,0,0.16699999999999982,0.516,0.8119999999999994,0.2959999999999994,-0.053000000000000824,-2.6600932987551884,-0.9400000000000119,-1.3285424050296595,-0.5414925815516385,-0.5414925815516385,0,0.1378466064290994,0,0,8.88,1.117,0.00665,0,0
COMP_01783,Lot_B,12.206,12.534,12.891,13.171,Healthy,0,0,0.3280000000000012,0.6850000000000005,0.9649999999999999,0.27999999999999936,-0.07699999999999996,-0.7301107872615422,0.7200000000000095,-0.4694455685957022,-0.7219901087355167,0.7200000000000095,0,0.16704558171135825,0,0,13.19,0.984,0.00586,0,0
COMP_01784,Lot_B,13.171,13.333,13.971,14.401,Healthy,0,0,0.1620000000000008,0.8000000000000007,1.2300000000000004,0.4299999999999997,-0.20800000000000018,0.23344744056216687,-0.9399999999999942,0.9604748414946623,0.702990369031911,0.9604748414946623,0,0.14707548548243687,0,0,14.176,1.005,0.00598,0,0
COMP_01785,Lot_B,11.715,12.046,12.643,12.879,Healthy,0,0,0.3309999999999995,0.9280000000000008,1.1639999999999997,0.23599999999999888,-0.36100000000000243,-0.9588579437855445,0.7499999999999929,0.6043437204910213,-1.1399843822139657,0.7499999999999929,0,0.13060318203363414,0,0,12.94,1.225,0.00729,0,0
COMP_01786,Lot_C,8.951,10.029,17.406,33.456,Latent Defect,1,0,1.0779999999999994,8.454999999999998,24.505000000000003,16.050000000000004,8.673000000000005,22.805771020724556,8.169999999999984,119.73743914253862,149.11945706343883,149.11945706343883,1,-0.041285594778400214,1,1,35.845,26.894,0.16008,1,1
COMP_01787,Lot_B,12.56,12.85,13.31,13.645,Healthy,0,0,0.28999999999999915,0.75,1.084999999999999,0.3349999999999991,-0.12500000000000178,-0.35878834824655187,0.3399999999999892,0.17806556050181577,-0.19949726688746383,0.3399999999999892,0,0.17373856280392752,0,0,13.673,1.113,0.00662,0,0
COMP_01788,Lot_B,12.469,12.614,13.135,13.542,Healthy,0,0,0.14500000000000135,0.6660000000000004,1.0730000000000004,0.40700000000000003,-0.11399999999999899,-0.43947655756837445,-1.1099999999999888,0.11331444759207068,0.4844933624409089,0.4844933624409089,0,0.1650451731314378,0,0,13.472,1.003,0.00597,0,0
COMP_01789,Lot_A,8.007,8.168,8.805,9.18,Healthy,0,0,0.1609999999999996,0.798,1.173,0.375,-0.26200000000000045,-0.5202878109749659,-0.9350000000000103,0.666298564017365,0.13666152642990054,0.666298564017365,0,0.15612402672323983,0,0,9.04,1.033,0.00615,0,0
COMP_01790,Lot_B,13.437,29.757,58.745,130.739,Gross Failure,1,1,16.32,45.308,117.302,71.994,43.006,91.37038817922448,160.64,627.2764063132246,680.5516764420183,680.5516764420183,1,-0.2449379731560365,1,1,130.057,116.62,0.69417,1,1
COMP_01791,Lot_A,8.177,8.493,9.118,9.476,Healthy,0,0,0.3160000000000007,0.9410000000000007,1.2990000000000013,0.35800000000000054,-0.26699999999999946,-0.17185977466593774,0.6150000000000011,1.3544429825926836,-0.013225309009337634,1.3544429825926836,0,0.15181455915509195,0,0,9.314,1.137,0.00677,0,0
COMP_01792,Lot_C,8.937,8.987,9.433,9.808,Healthy,0,0,0.05000000000000071,0.49600000000000044,0.8710000000000004,0.375,-0.07099999999999973,-1.3981098292033807,-2.110000000000003,-1.027065474657539,0.20899713673922976,0.20899713673922976,0,0.14658438885796127,0,0,9.887,0.95,0.00565,0,0
COMP_01793,Lot_B,12.361,12.622,13.124,13.573,Healthy,0,0,0.26099999999999923,0.7629999999999999,1.2119999999999997,0.44899999999999984,-0.053000000000000824,-0.4151917567045244,0.04999999999999005,0.8633481721300303,0.8834878962157859,0.8834878962157859,0,0.16772885963080542,0,0,13.373,1.012,0.00602,0,0
COMP_01794,Lot_B,12.749,12.995,13.424,13.777,Healthy,0,0,0.24599999999999866,0.6749999999999989,1.0279999999999987,0.35299999999999976,-0.07600000000000051,-0.25538209940693457,-0.10000000000001563,-0.12950222581950935,-0.028499609555366442,-0.028499609555366442,0,0.1767325826314261,0,0,13.766,1.017,0.00605,0,0
COMP_01795,Lot_A,8.089,8.298,8.693,9.059,Healthy,0,0,0.20899999999999963,0.6039999999999992,0.9699999999999989,0.36599999999999966,-0.028999999999999915,-0.662719542033724,-0.45500000000000984,-0.4423785547984219,0.05730967237382774,0.05730967237382774,0,0.17462204544249732,0,0,9.105,1.016,0.00605,0,0
COMP_01796,Lot_A,7.822,8.932,21.145,41.386,Latent Defect,1,0,1.1100000000000003,13.323,33.564,20.241000000000003,8.028000000000004,37.390095085540295,8.554999999999996,177.5685673106279,175.29265404619463,177.5685673106279,1,-0.054981622164309574,1,1,38.485,30.663,0.18252,1,1
COMP_01797,Lot_C,9.139,9.458,9.983,10.323,Healthy,0,0,0.31900000000000084,0.8440000000000012,1.184000000000001,0.33999999999999986,-0.1850000000000005,-0.8710040004773616,0.5799999999999983,0.5722951898589403,-0.12349830807317892,0.5799999999999983,0,0.18082266886986575,0,0,10.217,1.078,0.00642,0,0
COMP_01798,Lot_A,7.934,8.118,8.595,8.86,Healthy,0,0,0.18400000000000016,0.6610000000000005,0.9259999999999993,0.2649999999999988,-0.21200000000000152,-0.8969667691468871,-0.7050000000000045,-0.6826829549358303,-0.8331944675887408,-0.6826829549358303,0,0.16268169529554632,0,0,8.978,1.044,0.00621,0,0
COMP_01799,Lot_A,9.378,9.738,10.183,10.647,Healthy,0,0,0.35999999999999943,0.8049999999999997,1.2690000000000001,0.4640000000000004,0.019000000000000128,1.2065497878944345,1.0549999999999882,1.1905990734080794,0.9213631943177054,1.2065497878944345,0,0.16374782016027417,0,0,10.459,1.081,0.00643,0,0
COMP_01800,Lot_A,8.171,8.364,8.946,9.454,Healthy,0,0,0.1930000000000014,0.7750000000000004,1.2830000000000013,0.5080000000000009,-0.07399999999999807,-0.19775645304025757,-0.6149999999999922,1.267059564360898,1.309305591925162,1.309305591925162,0,0.15536889029186107,0,0,9.25,1.079,0.00642,0,0
COMP_01801,Lot_C,11.767,12.043,12.597,12.978,Healthy,0,0,0.2759999999999998,0.8300000000000001,1.2110000000000003,0.3810000000000002,-0.17300000000000004,1.8464056602363834,0.14999999999998792,0.7102592088427858,0.2659963558499303,1.8464056602363834,0,0.16218707262549265,0,0,12.871,1.104,0.00657,0,0
COMP_01802,Lot_C,11.263,11.548,12.094,12.331,Healthy,0,0,0.28500000000000014,0.8309999999999995,1.0679999999999996,0.2370000000000001,-0.3089999999999993,1.1841969783223367,0.23999999999999133,-0.02043911392353099,-1.1019849028068325,1.1841969783223367,0,0.164083977718682,0,0,12.346,1.083,0.00645,0,0
COMP_01803,Lot_B,12.746,13.061,13.598,14.038,Healthy,0,0,0.3149999999999995,0.8520000000000003,1.2919999999999998,0.4399999999999995,-0.09700000000000131,-0.05091974374678097,0.5899999999999928,1.2950222581950455,0.7979890675497372,1.2950222581950455,0,0.15292338747277173,0,0,13.823,1.077,0.00641,0,0
COMP_01804,Lot_A,8.597,8.794,9.237,9.592,Healthy,0,0,0.19700000000000095,0.6400000000000006,0.995000000000001,0.3550000000000004,-0.08799999999999919,-0.03531365232861683,-0.5749999999999966,-0.30584196381124523,-0.039675927028028565,-0.03531365232861683,0,0.18742867416979236,0,0,9.607,1.01,0.00601,0,0
COMP_01805,Lot_A,8.693,8.866,9.284,9.625,Healthy,0,0,0.17300000000000004,0.5910000000000011,0.9320000000000004,0.3409999999999993,-0.07700000000000173,0.003531365232861892,-0.8150000000000057,-0.6499141730989045,-0.16311214444859146,0.003531365232861892,0,0.18165023298227556,0,0,9.704,1.011,0.00602,0,0
COMP_01806,Lot_C,7.982,8.299,8.768,9.145,Healthy,0,0,0.3169999999999993,0.7860000000000005,1.1629999999999994,0.3769999999999989,-0.0920000000000023,-2.076694614534158,0.5599999999999827,0.46498984176038216,0.22799687644278538,0.5599999999999827,0,0.1689904088238257,0,0,9.118,1.136,0.00676,0,0
COMP_01807,Lot_B,12.433,12.73,13.08,13.363,Healthy,0,0,0.2970000000000006,0.6470000000000002,0.9299999999999997,0.2829999999999995,-0.06700000000000017,-0.5797016980402803,0.4100000000000037,-0.658302981249147,-0.6934904991801671,0.4100000000000037,0,0.16806329438177914,0,0,13.483,1.05,0.00625,0,0
COMP_01808,Lot_A,9.003,9.281,9.578,10.086,Healthy,0,0,0.27800000000000047,0.5749999999999993,1.0830000000000002,0.5080000000000009,0.21100000000000207,0.5461844893492858,0.23499999999999854,0.17476683646357147,1.309305591925162,1.309305591925162,0,0.16095028776649467,0,0,10.054,1.051,0.00626,0,0
COMP_01809,Lot_A,7.893,8.133,8.792,8.936,Healthy,0,0,0.23999999999999932,0.899,1.0430000000000001,0.14400000000000013,-0.5150000000000006,-0.8075055165810553,-0.1450000000000129,-0.04369170911589287,-1.9000360610092228,-0.04369170911589287,0,0.12020805137523277,0,0,8.978,1.085,0.00646,0,0
COMP_01810,Lot_A,7.135,7.42,7.573,7.719,Healthy,0,0,0.28500000000000014,0.4380000000000006,0.5840000000000005,0.1459999999999999,-0.007000000000000561,-2.2400626793786413,0.3049999999999953,-2.550503519640242,-1.8824023156634315,0.3049999999999953,0,0.028114458730861713,0,0,8.317,1.182,0.00704,0,0
COMP_01811,Lot_B,14.293,14.51,15.223,15.47,Healthy,0,0,0.21700000000000053,0.9300000000000015,1.1770000000000014,0.2469999999999999,-0.4660000000000011,1.070881380028464,-0.389999999999997,0.6744907594765952,-1.035485813844345,1.070881380028464,0,0.08959158563176017,0,0,15.239,0.946,0.00563,0,0
COMP_01812,Lot_C,9.713,10.007,10.513,10.838,Healthy,0,0,0.2940000000000005,0.8000000000000007,1.125,0.3249999999999993,-0.18100000000000094,-0.3438981717513444,0.32999999999999474,0.27081825948681965,-0.2659963558499303,0.32999999999999474,0,0.1897589460587974,0,0,10.887,1.174,0.00699,0,0
COMP_01813,Lot_A,7.981,8.25,8.865,9.291,Healthy,0,0,0.26900000000000013,0.8840000000000003,1.3100000000000005,0.42600000000000016,-0.18900000000000006,-0.3896272973590801,0.14499999999999513,1.4145190826270322,0.5863220327476307,1.4145190826270322,0,0.151944146857588,0,0,9.072,1.091,0.00649,0,0
COMP_01814,Lot_A,7.994,8.165,8.532,8.754,Healthy,0,0,0.17099999999999937,0.5380000000000003,0.7599999999999998,0.22199999999999953,-0.14500000000000135,-1.0217416740413356,-0.8350000000000124,-1.5892859190906037,-1.21231999252329,-0.8350000000000124,0,0.1415888642025253,0,0,9.013,1.019,0.00607,0,0
COMP_01815,Lot_A,8.618,8.933,9.374,9.896,Healthy,0,0,0.3149999999999995,0.7560000000000002,1.2780000000000005,0.5220000000000002,0.08099999999999952,0.32253135793470833,0.6049999999999889,1.2397522461634607,1.4327418093457092,1.4327418093457092,0,0.1558798451452446,0,0,9.775,1.157,0.00689,0,0
COMP_01816,Lot_C,11.598,11.872,12.407,12.667,Healthy,0,0,0.27399999999999913,0.8089999999999993,1.068999999999999,0.2599999999999998,-0.27500000000000036,1.528095150073681,0.12999999999998124,-0.015329335442650511,-0.8834878962158249,1.528095150073681,0,0.1613010521170335,0,0,12.651,1.053,0.00627,0,0
COMP_01817,Lot_A,8.211,8.563,8.944,9.442,Healthy,0,0,0.3520000000000003,0.7330000000000005,1.2309999999999999,0.49799999999999933,0.1169999999999991,-0.21188191397170514,0.974999999999997,0.9830634551075871,1.2211368651961818,1.2211368651961818,0,0.15079897858299057,0,0,9.404,1.193,0.0071,0,0
COMP_01818,Lot_C,11.001,11.311,11.621,11.94,Healthy,0,0,0.3100000000000005,0.620000000000001,0.9390000000000001,0.31899999999999906,0.008999999999998565,0.7840059510759809,0.4899999999999949,-0.6796005379574758,-0.3229955749606309,0.7840059510759809,0,0.17604727635622103,0,0,12.155,1.154,0.00687,0,0
COMP_01819,Lot_B,13.709,13.88,14.307,14.732,Healthy,0,0,0.17100000000000115,0.5980000000000008,1.0229999999999997,0.42499999999999893,-0.002000000000000668,0.4927464433342377,-0.8499999999999908,-0.15648185619856742,0.6554910197729894,0.6554910197729894,0,0.15448239480520642,0,0,14.678,0.969,0.00577,0,0
COMP_01820,Lot_B,12.375,12.557,12.791,13.103,Healthy,0,0,0.18200000000000038,0.41600000000000037,0.7279999999999998,0.3119999999999994,0.0779999999999994,-0.7833806730274055,-0.7399999999999984,-1.748280048563309,-0.41799427347846596,-0.41799427347846596,0,0.13589453130683404,0,0,13.321,0.946,0.00563,0,0
COMP_01821,Lot_A,9.119,9.299,9.751,10.078,Healthy,0,0,0.17999999999999972,0.6319999999999997,0.9589999999999996,0.32699999999999996,-0.125,0.5367675153949867,-0.745000000000009,-0.5024546548327704,-0.2865483618691387,0.5367675153949867,0,0.19213688438380894,0,0,10.035,0.916,0.00545,0,0
COMP_01822,Lot_A,7.967,8.284,8.931,9.381,Healthy,0,0,0.31700000000000106,0.9639999999999995,1.4140000000000006,0.45000000000000107,-0.1969999999999974,-0.2836863403732275,0.6250000000000044,1.9825113011336395,0.7979269768971582,1.9825113011336395,0,0.12726268352383535,0,0,9.105,1.138,0.00677,0,0
COMP_01823,Lot_B,12.234,12.644,13.214,13.518,Healthy,0,0,0.41000000000000014,0.9800000000000004,1.2840000000000007,0.30400000000000027,-0.266,-0.4582776937210315,1.5399999999999991,1.2518548495885489,-0.4939932322927202,1.5399999999999991,0,0.11277219367724883,0,0,13.272,1.038,0.00618,0,0
COMP_01824,Lot_C,9.302,9.642,10.113,10.378,Healthy,0,0,0.33999999999999986,0.8109999999999999,1.0760000000000005,0.26500000000000057,-0.20599999999999952,-0.8147111449823502,0.7899999999999885,0.020439113923540066,-0.8359885469569022,0.7899999999999885,0,0.18032170759190475,0,0,10.413,1.111,0.00661,0,0
COMP_01825,Lot_B,12.837,13.055,13.406,13.857,Healthy,0,0,0.21799999999999997,0.5690000000000008,1.0199999999999996,0.45099999999999874,0.09999999999999787,-0.1927116455647421,-0.38000000000000256,-0.17266963442600608,0.9024876359193411,0.9024876359193411,0,0.1660676077673049,0,0,13.84,1.003,0.00597,0,0
COMP_01826,Lot_B,13.86,14.177,14.726,14.984,Healthy,0,0,0.31700000000000017,0.8660000000000014,1.1240000000000006,0.2579999999999991,-0.29100000000000215,0.6901583729371444,0.6099999999999994,0.38850667745851847,-0.9309872454747413,0.6901583729371444,0,0.12764838407332724,0,0,14.859,0.999,0.00595,0,0
COMP_01827,Lot_A,8.017,8.384,8.847,9.05,Healthy,0,0,0.3670000000000009,0.8300000000000001,1.0330000000000013,0.20300000000000118,-0.259999999999998,-0.6733136377323076,1.1250000000000027,-0.09830634551075289,-1.3798405733083117,1.1250000000000027,0,0.1418043964229308,0,0,9.138,1.121,0.00667,0,0
COMP_01828,Lot_C,10.195,10.498,11.011,11.267,Healthy,0,0,0.30299999999999905,0.815999999999999,1.0719999999999992,0.2560000000000002,-0.2569999999999997,0.095186101109747,0.4199999999999804,0.0,-0.921487375622953,0.4199999999999804,0,0.17498232760237525,0,0,11.332,1.137,0.00677,0,0
COMP_01829,Lot_C,11.698,11.828,12.291,12.815,Healthy,0,0,0.129999999999999,0.593,1.116999999999999,0.5239999999999991,0.06099999999999817,1.6795741066784395,-1.31000000000002,0.22994003163974858,1.6244777446548986,1.6795741066784395,0,0.1402927537283657,0,0,12.709,1.011,0.00602,0,0
COMP_01830,Lot_A,8.973,9.29,9.614,9.999,Healthy,0,0,0.3169999999999984,0.641,1.0259999999999998,0.3849999999999998,0.06099999999999817,0.44377489759629507,0.6249999999999778,-0.13653659098716703,0.22483025315886507,0.6249999999999778,0,0.18497775375784475,0,0,10.054,1.081,0.00643,0,0
COMP_01831,Lot_C,9.967,10.127,10.68,10.949,Healthy,0,0,0.16000000000000014,0.7129999999999992,0.9819999999999993,0.26900000000000013,-0.2839999999999989,-0.2302889542977747,-1.0100000000000087,-0.45988006327949715,-0.7979890675497741,-0.2302889542977747,0,0.1804998303387032,0,0,10.936,0.969,0.00577,0,0
COMP_01832,Lot_B,12.229,12.514,12.946,13.313,Healthy,0,0,0.28500000000000014,0.7170000000000005,1.0840000000000014,0.3670000000000009,-0.0649999999999995,-0.6188707316916496,0.28999999999999915,0.17266963442601566,0.10449856836960383,0.28999999999999915,0,0.1748323906108027,0,0,13.22,0.991,0.0059,0,0
COMP_01833,Lot_B,12.775,13.138,13.477,13.781,Healthy,0,0,0.36299999999999955,0.702,1.0060000000000002,0.30400000000000027,-0.03500000000000014,-0.2522485767148239,1.0699999999999932,-0.24821259948738014,-0.4939932322927202,1.0699999999999932,0,0.1567431121531334,0,0,13.893,1.118,0.00665,0,0
COMP_01834,Lot_C,10.433,10.604,10.93,11.294,Healthy,0,0,0.17099999999999937,0.4969999999999999,0.8610000000000007,0.36400000000000077,0.038000000000000256,0.12282077562548105,-0.9000000000000163,-1.0781632594663708,0.10449856836962332,0.12282077562548105,0,0.17183788029762376,0,0,11.452,1.019,0.00607,0,0
COMP_01835,Lot_C,10.781,11.11,11.571,11.854,Healthy,0,0,0.32899999999999885,0.7899999999999991,1.0729999999999986,0.2829999999999995,-0.17800000000000082,0.6959843952110533,0.6799999999999784,0.005109778480880478,-0.6649908896248173,0.6959843952110533,0,0.17233663257515325,0,0,11.914,1.133,0.00674,0,0
COMP_01836,Lot_B,13.303,14.616,24.509,45.595,Latent Defect,1,0,1.3129999999999988,11.206,32.292,21.086,11.192999999999998,24.670224154979053,10.569999999999986,168.56873060838828,196.932302027458,196.932302027458,1,-0.08570905452779132,1,1,42.539,29.236,0.17402,1,1
COMP_01837,Lot_A,7.689,7.883,8.464,8.667,Healthy,0,0,0.19399999999999995,0.7750000000000004,0.9779999999999998,0.2029999999999994,-0.378000000000001,-1.1241512657943264,-0.6050000000000066,-0.3986868456825242,-1.3798405733083272,-0.3986868456825242,0,0.1321032801818346,0,0,8.85,1.161,0.00691,0,0
COMP_01838,Lot_A,8.068,8.26,8.522,8.854,Healthy,0,0,0.19200000000000017,0.4540000000000006,0.7859999999999996,0.33199999999999896,0.06999999999999851,-0.9040294996126108,-0.6250000000000044,-1.447287864463953,-0.24246399850466424,-0.24246399850466424,0,0.14320958783408433,0,0,9.072,1.004,0.00598,0,0
COMP_01839,Lot_C,10.672,11.903,22.602,43.582,Latent Defect,1,0,1.2309999999999999,11.93,32.91,20.98,10.281,33.16979747058797,9.699999999999989,162.6851272743628,195.95381543272936,195.95381543272936,1,-0.049814924316575415,1,1,40.549,29.877,0.17784,1,1
COMP_01840,Lot_A,8.191,8.653,9.062,9.391,Healthy,0,0,0.46199999999999974,0.8709999999999987,1.1999999999999993,0.3290000000000006,-0.0799999999999983,-0.27191512293035525,2.0749999999999913,0.8137580822834992,-0.26891461652333953,2.0749999999999913,0,0.15207637605246205,0,0,7.638,-0.553,-0.00329,0,0
COMP_01841,Lot_B,12.222,12.515,12.93,13.272,Healthy,0,0,0.29300000000000104,0.7080000000000002,1.0500000000000007,0.3420000000000005,-0.07299999999999862,-0.6509893392857736,0.3700000000000081,-0.010791852151619388,-0.13299817792497026,0.3700000000000081,0,0.17429557066095713,0,0,13.22,0.998,0.00594,0,0
COMP_01842,Lot_B,12.774,13.006,13.475,13.78,Healthy,0,0,0.2320000000000011,0.7010000000000005,1.0060000000000002,0.3049999999999997,-0.1639999999999997,-0.2530319573878523,-0.23999999999999133,-0.24821259948738014,-0.48449336244094265,-0.23999999999999133,0,0.17182586749942336,0,0,13.766,0.992,0.0059,0,0
COMP_01843,Lot_B,12.556,12.892,13.307,13.695,Healthy,0,0,0.3360000000000003,0.7510000000000012,1.1390000000000011,0.3879999999999999,-0.027000000000001023,-0.31961931459518106,0.8000000000000007,0.4694455685957118,0.30399583525703394,0.8000000000000007,0,0.16408456947875394,0,0,13.673,1.117,0.00665,0,0
COMP_01844,Lot_B,12.022,12.236,12.538,13.074,Healthy,0,0,0.2140000000000004,0.516,1.0519999999999996,0.5359999999999996,0.23399999999999999,-0.8060987125452002,-0.41999999999999815,0.0,1.7099765733208896,1.7099765733208896,0,0.1342349302572443,0,0,13.074,1.052,0.00626,0,0
COMP_01845,Lot_C,11.238,11.536,12.244,12.671,Healthy,0,0,0.29800000000000004,1.0060000000000002,1.4329999999999998,0.4269999999999996,-0.2810000000000006,1.5321891759278634,0.36999999999999034,1.8446300315988782,0.7029903690319455,1.8446300315988782,0,0.116022954444637,0,0,12.346,1.108,0.0066,0,0
COMP_01846,Lot_A,8.362,8.642,9.256,9.517,Healthy,0,0,0.27999999999999936,0.8940000000000001,1.1549999999999994,0.26099999999999923,-0.35300000000000153,-0.12359778315016204,0.25499999999998746,0.5679922185066024,-0.8684619582803235,0.5679922185066024,0,0.15920383390948906,0,0,9.433,1.071,0.00638,0,0
COMP_01847,Lot_A,7.562,7.844,8.224,8.348,Healthy,0,0,0.28200000000000003,0.6619999999999999,0.7860000000000005,0.12400000000000055,-0.25599999999999934,-1.4996531022219588,0.27499999999999414,-1.4472878644639482,-2.076373514467152,0.27499999999999414,0,0.10246228867294155,0,0,8.751,1.189,0.00708,0,0
COMP_01848,Lot_A,7.506,7.731,8.187,8.544,Healthy,0,0,0.22499999999999964,0.6809999999999992,1.0380000000000003,0.3570000000000011,-0.09899999999999842,-1.2689372403416577,-0.2950000000000097,-0.0709990273133253,-0.022042181682229392,-0.022042181682229392,0,0.14426448008481102,0,0,8.68,1.174,0.00699,0,0
COMP_01849,Lot_C,11.805,26.182,62.572,109.565,Gross Failure,1,1,14.376999999999999,50.767,97.75999999999999,46.992999999999995,10.602999999999994,100.70382445472171,141.15999999999997,494.0542617596454,443.0739298871622,494.0542617596454,1,-0.21353802180553427,1,1,111.435,99.63,0.59304,1,1
COMP_01850,Lot_B,12.966,13.242,13.527,13.784,Healthy,0,0,0.2760000000000016,0.5609999999999999,0.8180000000000014,0.25700000000000145,-0.027999999999996916,-0.24989843469574163,0.2000000000000135,-1.2626467017401586,-0.940487115326502,0.2000000000000135,0,0.15223991394873038,0,0,13.922,0.956,0.00569,0,0
COMP_01851,Lot_A,8.891,9.098,9.535,9.939,Healthy,0,0,0.20700000000000074,0.6440000000000001,1.048,0.4039999999999999,-0.032999999999999474,0.3731475929390593,-0.47499999999999876,-0.01638439091846043,0.3923508339439024,0.3923508339439024,0,0.18973961386777244,0,0,9.855,0.964,0.00574,0,0
COMP_01852,Lot_C,11.833,12.065,12.728,12.882,Healthy,0,0,0.23199999999999932,0.8949999999999996,1.0489999999999995,0.15399999999999991,-0.5090000000000003,1.7481490397359993,-0.2900000000000169,-0.11752490506031453,-1.890474100504829,1.7481490397359993,0,0.12428795768896544,0,0,12.88,1.047,0.00623,0,0
COMP_01853,Lot_C,10.134,10.357,10.743,11.159,Healthy,0,0,0.22299999999999898,0.609,1.0250000000000004,0.41600000000000037,0.02999999999999936,-0.015352596953183768,-0.3800000000000203,-0.24015958860150954,0.598491800662339,0.598491800662339,0,0.18882665971935536,0,0,11.165,1.031,0.00614,0,0
COMP_01854,Lot_C,9.807,10.602,17.719,37.524,Latent Defect,1,0,0.7949999999999999,7.912000000000001,27.717,19.805,12.687999999999999,26.969395314428326,5.339999999999989,136.1500476231358,184.7914683568842,184.7914683568842,1,-0.04985150254112414,1,1,38.038,28.231,0.16804,1,1
COMP_01855,Lot_C,8.526,8.836,9.301,9.634,Healthy,0,0,0.3100000000000005,0.7750000000000004,1.1080000000000005,0.3330000000000002,-0.13199999999999967,-1.5761999538603262,0.4899999999999949,0.18395202531180613,-0.1899973970356573,0.4899999999999949,0,0.18475865197019442,0,0,9.694,1.168,0.00695,0,0
COMP_01856,Lot_A,8.435,8.726,9.035,9.389,Healthy,0,0,0.29100000000000037,0.5999999999999996,0.9539999999999988,0.3539999999999992,0.04499999999999993,-0.2742693664189305,0.36499999999999755,-0.5297619730302077,-0.048492799700935986,0.36499999999999755,0,0.17781611141229664,0,0,9.524,1.089,0.00648,0,0
COMP_01857,Lot_C,8.974,9.238,9.765,10.132,Healthy,0,0,0.26399999999999935,0.7910000000000004,1.1579999999999995,0.3669999999999991,-0.16000000000000192,-1.0664937350145847,0.029999999999983373,0.43944094935596617,0.13299817792495672,0.43944094935596617,0,0.18812684441395638,0,0,10.043,1.069,0.00636,0,0
COMP_01858,Lot_B,13.669,13.863,14.306,14.632,Healthy,0,0,0.19399999999999906,0.6369999999999987,0.9629999999999992,0.3260000000000005,-0.1169999999999991,0.41440837603149744,-0.6200000000000117,-0.48023742074733117,-0.28499609555349564,0.41440837603149744,0,0.15872363007922208,0,0,14.668,0.999,0.00595,0,0
COMP_01859,Lot_C,9.727,9.913,10.311,10.55,Healthy,0,0,0.18599999999999994,0.5839999999999996,0.8230000000000004,0.23900000000000077,-0.15899999999999892,-0.6386680332524949,-0.7500000000000107,-1.2723348417399378,-1.08298516310326,-0.6386680332524949,0,0.18386883474818866,0,0,10.846,1.119,0.00666,0,0
COMP_01860,Lot_C,8.475,8.669,9.194,9.568,Healthy,0,0,0.19400000000000084,0.7190000000000012,1.093,0.3739999999999988,-0.15100000000000158,-1.643751380454341,-0.6700000000000017,0.10730534809855358,0.19949726688743508,0.19949726688743508,0,0.18068673705109084,0,0,9.581,1.106,0.00658,0,0
COMP_01861,Lot_C,8.869,9.087,9.62,9.925,Healthy,0,0,0.21799999999999997,0.7509999999999994,1.056000000000001,0.3050000000000015,-0.22799999999999798,-1.2783595729685369,-0.4300000000000104,-0.08175645569412396,-0.45599375288557076,-0.08175645569412396,0,0.18760694294304253,0,0,9.868,0.999,0.00595,0,0
COMP_01862,Lot_B,11.44,11.871,12.301,12.535,Healthy,0,0,0.43100000000000094,0.8610000000000007,1.0950000000000006,0.23399999999999999,-0.19599999999999973,-1.2283408953069714,1.750000000000007,0.23202482125995105,-1.158984121917521,1.750000000000007,0,0.13790311087782048,0,0,12.622,1.182,0.00704,0,0
COMP_01863,Lot_A,8.637,8.88,9.145,9.505,Healthy,0,0,0.24300000000000033,0.5079999999999991,0.8680000000000003,0.3600000000000012,0.09500000000000242,-0.13772324408160752,-0.11500000000000288,-0.9994478460260475,0.00440843633646154,0.00440843633646154,0,0.1710355306215225,0,0,9.704,1.067,0.00635,0,0
COMP_01864,Lot_B,14.082,14.313,14.516,14.9,Healthy,0,0,0.23099999999999987,0.4339999999999993,0.8179999999999996,0.38400000000000034,0.18100000000000094,0.6243543964028426,-0.25000000000000355,-1.2626467017401681,0.2659963558499068,0.6243543964028426,0,0.10454626709106707,0,0,14.98,0.898,0.00535,0,0
COMP_01865,Lot_C,10.543,10.746,11.126,11.702,Healthy,0,0,0.20300000000000118,0.5830000000000002,1.1590000000000007,0.5760000000000005,0.1960000000000015,0.5404114127521127,-0.5799999999999983,0.44455072783685573,2.118470976947631,2.118470976947631,0,0.13759949966125956,0,0,11.599,1.056,0.00629,0,0
COMP_01866,Lot_C,9.408,9.568,10.021,10.428,Healthy,0,0,0.16000000000000014,0.6130000000000013,1.0200000000000014,0.40700000000000003,-0.04600000000000115,-0.7635358218050662,-1.0100000000000087,-0.265708481005921,0.5129929719962881,0.5129929719962881,0,0.1935074696752198,0,0,10.335,0.927,0.00552,0,0
COMP_01867,Lot_A,8.926,16.522,48.218,117.441,Gross Failure,1,1,7.595999999999998,39.292,108.515,69.223,37.526999999999994,126.9160893473073,73.41499999999998,586.9107285537883,607.160711310018,607.160711310018,1,-0.20216744594488156,1,1,116.444,107.518,0.63999,1,1
COMP_01868,Lot_A,8.761,8.912,9.512,9.958,Healthy,0,0,0.15100000000000158,0.7510000000000012,1.197000000000001,0.44599999999999973,-0.15399999999999991,0.39551290608051726,-1.0349999999999904,0.7973736913650484,0.7626594862055598,0.7973736913650484,0,0.16729675372183828,0,0,9.797,1.036,0.00617,0,0
COMP_01869,Lot_A,8.263,8.583,9.273,9.518,Healthy,0,0,0.3200000000000003,1.0099999999999998,1.2550000000000008,0.245000000000001,-0.4449999999999985,-0.12242066140587335,0.6549999999999967,1.1141385824552705,-1.0095319210466542,1.1141385824552705,0,0.12764472950246736,0,0,9.404,1.141,0.00679,0,0
COMP_01870,Lot_C,10.5,10.909,11.437,11.712,Healthy,0,0,0.4090000000000007,0.9369999999999994,1.2119999999999997,0.27500000000000036,-0.25299999999999834,0.5506464773875691,1.4799999999999969,0.7153689873236663,-0.7409898484390736,1.4799999999999969,0,0.14255353265013093,0,0,11.543,1.043,0.00621,0,0
COMP_01871,Lot_C,10.215,10.575,10.903,11.25,Healthy,0,0,0.35999999999999943,0.6880000000000006,1.0350000000000001,0.34699999999999953,0.01899999999999835,0.0777864912294712,0.9899999999999842,-0.18906180379267754,-0.056999219110700564,0.9899999999999842,0,0.17165114805794596,0,0,11.332,1.117,0.00665,0,0
COMP_01872,Lot_A,8.305,8.505,8.984,9.324,Healthy,0,0,0.20000000000000107,0.6790000000000003,1.0190000000000001,0.33999999999999986,-0.13899999999999935,-0.35078227979760135,-0.5449999999999955,-0.17476683646357147,-0.17192901712148323,-0.17192901712148323,0,0.18680507486161868,0,0,9.333,1.028,0.00612,0,0
COMP_01873,Lot_B,13.708,14.049,14.346,14.703,Healthy,0,0,0.3409999999999993,0.6379999999999999,0.9949999999999992,0.3569999999999993,0.05999999999999872,0.470028403816443,0.8499999999999908,-0.3075677863213251,0.009499869851760689,0.8499999999999908,0,0.14933913498821322,0,0,14.752,1.044,0.00621,0,0
COMP_01874,Lot_C,9.952,10.218,10.667,10.919,Healthy,0,0,0.266,0.7149999999999999,0.9670000000000005,0.25200000000000067,-0.19699999999999918,-0.26099414820414407,0.04999999999999005,-0.5365267404927406,-0.9594868550300811,0.04999999999999005,0,0.1893410210849249,0,0,11.004,1.052,0.00626,0,0
COMP_01875,Lot_C,11.309,11.71,12.225,12.635,Healthy,0,0,0.4010000000000016,0.9160000000000004,1.3260000000000005,0.41000000000000014,-0.10499999999999865,1.4953429432402197,1.4000000000000057,1.2978837341443676,0.5414925815516385,1.4953429432402197,0,0.13510369888224694,0,0,12.346,1.037,0.00617,0,0
COMP_01876,Lot_B,13.144,13.472,13.629,13.978,Healthy,0,0,0.3279999999999994,0.48499999999999943,0.8339999999999996,0.3490000000000002,0.19200000000000017,-0.0979225841284257,0.7199999999999918,-1.1763118845271652,-0.06649908896249357,0.7199999999999918,0,0.11766253194023402,0,0,14.187,1.043,0.00621,0,0
COMP_01877,Lot_B,12.37,12.632,13.213,13.565,Healthy,0,0,0.26200000000000045,0.843,1.1950000000000003,0.3520000000000003,-0.2289999999999992,-0.42145880208874437,0.060000000000002274,0.7716174288412176,-0.03799947940714401,0.7716174288412176,0,0.1651088195210741,0,0,13.373,1.003,0.00597,0,0
COMP_01878,Lot_B,12.603,12.741,13.178,13.595,Healthy,0,0,0.1379999999999999,0.5750000000000011,0.9920000000000009,0.4169999999999998,-0.02000000000000135,-0.3979573818979213,-1.1800000000000033,-0.3237555645487542,0.5794920609587352,0.5794920609587352,0,0.15806722821260588,0,0,13.649,1.046,0.00623,0,0
COMP_01879,Lot_A,7.827,8.626,21.538,40.376,Latent Defect,1,0,0.7989999999999995,13.711,32.549,18.837999999999997,5.925999999999997,36.20120212381017,5.444999999999989,172.025181716549,162.9225816861206,172.025181716549,1,-0.06785382335159496,1,1,38.528,30.701,0.18274,1,1
COMP_01880,Lot_B,12.756,13.118,13.585,14.068,Healthy,0,0,0.3620000000000001,0.8290000000000006,1.3119999999999994,0.48299999999999876,0.015999999999998238,-0.027418323555959304,1.0599999999999987,1.402940779711297,1.2064834711763919,1.402940779711297,0,0.1352581473404087,0,0,13.893,1.137,0.00677,0,0
COMP_01881,Lot_B,14.371,14.519,15.024,15.547,Healthy,0,0,0.1479999999999997,0.6529999999999987,1.1760000000000002,0.5230000000000015,0.01800000000000246,1.1312016918515742,-1.0800000000000054,0.6690948334007759,1.5864782652477307,1.5864782652477307,0,0.09947990845233484,0,0,15.308,0.937,0.00558,0,0
COMP_01882,Lot_C,9.101,9.272,9.624,10.063,Healthy,0,0,0.17099999999999937,0.5229999999999997,0.9619999999999997,0.43900000000000006,0.08699999999999974,-1.1371156809992349,-0.9000000000000163,-0.5620756328971612,0.8169888072533465,0.8169888072533465,0,0.17359158808149594,0,0,10.048,0.947,0.00564,0,0
COMP_01883,Lot_B,13.313,13.408,13.899,14.224,Healthy,0,0,0.09499999999999886,0.5859999999999985,0.9109999999999996,0.32500000000000107,-0.1659999999999986,0.09478906143631641,-1.6100000000000136,-0.7608255766895886,-0.29449596540527323,0.09478906143631641,0,0.13820302704512355,0,0,14.23,0.917,0.00546,0,0
COMP_01884,Lot_C,9.899,10.082,10.574,11.029,Healthy,0,0,0.1830000000000016,0.6750000000000007,1.1300000000000008,0.45500000000000007,-0.036999999999999034,-0.14840843721412128,-0.779999999999994,0.2963671518912402,0.9689867248818758,0.9689867248818758,0,0.1898900390503745,0,0,10.918,1.019,0.00607,0,0
COMP_01885,Lot_A,7.986,8.102,8.515,8.941,Healthy,0,0,0.11600000000000055,0.5290000000000008,0.955000000000001,0.42600000000000016,0.0129999999999999,-0.8016199078596181,-1.3850000000000007,-0.5243005093907095,0.5863220327476307,0.5863220327476307,0,0.139608132493788,0,0,9.013,1.027,0.00611,0,0
COMP_01886,Lot_B,12.537,12.667,13.209,13.7,Healthy,0,0,0.129999999999999,0.6719999999999988,1.1629999999999985,0.49099999999999966,-0.051000000000000156,-0.3157024112300448,-1.2600000000000122,0.598947794415202,1.282482429990663,1.282482429990663,0,0.14686110122773038,0,0,13.541,1.004,0.00598,0,0
COMP_01887,Lot_A,8.516,8.638,9.049,9.415,Healthy,0,0,0.12199999999999989,0.5329999999999995,0.8989999999999991,0.36599999999999966,-0.04499999999999993,-0.24366420106746217,-1.3250000000000073,-0.8301424732019693,0.05730967237382774,0.05730967237382774,0,0.1599419700389551,0,0,9.517,1.001,0.00596,0,0
COMP_01888,Lot_A,7.852,8.149,8.49,8.843,Healthy,0,0,0.2969999999999988,0.6379999999999999,0.9909999999999997,0.35299999999999976,0.011999999999998678,-0.9169778387997697,0.42499999999998206,-0.3276878183691989,-0.05730967237382774,0.42499999999998206,0,0.1654882401916316,0,0,8.978,1.126,0.0067,0,0
COMP_01889,Lot_C,9.795,10.094,10.542,10.872,Healthy,0,0,0.2989999999999995,0.7469999999999999,1.077,0.33000000000000007,-0.11800000000000033,-0.309098951990791,0.3799999999999848,0.025548892404420542,-0.21849700659100757,0.3799999999999848,0,0.1944887794242281,0,0,10.91,1.115,0.00664,0,0
COMP_01890,Lot_C,9.277,9.53,9.949,10.212,Healthy,0,0,0.2530000000000001,0.6720000000000006,0.9350000000000005,0.2629999999999999,-0.15600000000000058,-0.9846132179309314,-0.08000000000000895,-0.7000396518810067,-0.8549882866604747,-0.08000000000000895,0,0.19328137593463934,0,0,10.284,1.007,0.00599,0,0
COMP_01891,Lot_A,8.628,8.907,9.316,9.759,Healthy,0,0,0.2789999999999999,0.6880000000000006,1.1310000000000002,0.4429999999999996,0.03399999999999892,0.16126567896735416,0.244999999999993,0.4369170911589287,0.7362088681868688,0.7362088681868688,0,0.18076025687617314,0,0,9.788,1.16,0.0069,0,0
COMP_01892,Lot_B,13.29,13.438,14.048,14.475,Healthy,0,0,0.14800000000000146,0.7580000000000009,1.1850000000000005,0.4269999999999996,-0.18299999999999983,0.29141761036619473,-1.0799999999999876,0.7176581680830919,0.6744907594765615,0.7176581680830919,0,0.1441823219512598,0,0,14.247,0.957,0.0057,0,0
COMP_01893,Lot_C,10.902,11.184,11.353,11.812,Healthy,0,0,0.28200000000000003,0.4510000000000005,0.9100000000000001,0.45899999999999963,0.28999999999999915,0.6529971237421354,0.2099999999999902,-0.8277841139030913,1.0069862042890039,1.0069862042890039,0,0.12613175252361652,0,0,11.914,1.012,0.00602,0,0
COMP_01894,Lot_A,8.549,9.819,20.13,42.971,Latent Defect,1,0,1.2700000000000014,11.581,34.422,22.840999999999998,12.53,39.25583305023559,10.155000000000006,182.2545031133074,198.21652299572585,198.21652299572585,1,-0.055918414472274525,1,1,37.687,29.138,0.17344,1,1
COMP_01895,Lot_B,12.399,12.608,12.955,13.198,Healthy,0,0,0.2090000000000014,0.5560000000000009,0.7990000000000013,0.24300000000000033,-0.1039999999999992,-0.7089595090898014,-0.4699999999999882,-1.3651692971806002,-1.0734852932514722,-0.4699999999999882,0,0.15813855971410096,0,0,13.373,0.974,0.0058,0,0
COMP_01896,Lot_C,9.054,9.155,9.657,10.205,Healthy,0,0,0.10099999999999909,0.6029999999999998,1.1509999999999998,0.548,0.045999999999999375,-0.9917777631757507,-1.6000000000000192,0.40367249998978466,1.8524746210977008,1.8524746210977008,0,0.14642816736034497,0,0,9.938,0.884,0.00526,0,0
COMP_01897,Lot_B,15.257,15.439,15.856,16.329,Healthy,0,0,0.18200000000000038,0.5990000000000002,1.072000000000001,0.47300000000000075,0.05600000000000094,1.7438053781590053,-0.7399999999999984,0.10791852151626098,1.1114847726585826,1.7438053781590053,0,0.05810597602050144,0,0,16.174,0.917,0.00546,0,0
COMP_01898,Lot_A,8.846,9.107,9.526,9.994,Healthy,0,0,0.26099999999999923,0.6799999999999997,1.1479999999999997,0.46799999999999997,0.04899999999999949,0.43788928887485784,0.06499999999998618,0.529761973030198,0.956630685009288,0.956630685009288,0,0.18004460358412155,0,0,9.848,1.002,0.00596,0,0
COMP_01899,Lot_B,11.82,12.108,12.6,12.954,Healthy,0,0,0.28800000000000026,0.7799999999999994,1.1340000000000003,0.354000000000001,-0.13799999999999812,-0.9001043933084882,0.3200000000000003,0.44246593821664415,-0.018999739703572004,0.44246593821664415,0,0.17177145772945573,0,0,12.992,1.172,0.00698,0,0
COMP_01900,Lot_C,10.709,10.962,11.348,11.707,Healthy,0,0,0.2530000000000001,0.6390000000000011,0.9980000000000011,0.359,-0.027000000000001023,0.5455289450698417,-0.08000000000000895,-0.37812360758535507,0.056999219110700564,0.5455289450698417,0,0.18676984544929348,0,0,11.697,0.988,0.00588,0,0
COMP_01901,Lot_B,11.249,12.571,23.374,39.732,Latent Defect,1,0,1.3219999999999992,12.124999999999998,28.482999999999997,16.358,5.5550000000000015,20.077263269019372,10.65999999999999,148.01564818561775,152.01691736822883,152.01691736822883,1,-0.03391490503027217,1,1,40.179,28.93,0.1722,1,1
COMP_01902,Lot_A,7.784,7.985,8.427,8.799,Healthy,0,0,0.2010000000000005,0.6429999999999998,1.0149999999999997,0.3719999999999999,-0.0699999999999994,-0.9687711955484094,-0.535000000000001,-0.19661269102152032,0.1102109084112096,0.1102109084112096,0,0.16524700878045068,0,0,8.892,1.108,0.0066,0,0
COMP_01903,Lot_C,11.454,11.823,12.373,12.735,Healthy,0,0,0.3689999999999998,0.9189999999999987,1.2809999999999988,0.3620000000000001,-0.18799999999999883,1.5976935895947861,1.0799999999999876,1.06794370250461,0.08549882866605084,1.5976935895947861,0,0.13939340953114865,0,0,12.548,1.094,0.00651,0,0
COMP_01904,Lot_A,7.758,8.143,8.563,8.941,Healthy,0,0,0.3850000000000007,0.8050000000000006,1.1830000000000007,0.3780000000000001,-0.041999999999999815,-0.8016199078596181,1.3050000000000006,0.7209132004122347,0.16311214444859146,1.3050000000000006,0,0.14633805779341746,0,0,8.924,1.166,0.00694,0,0
COMP_01905,Lot_C,10.565,10.82,11.408,11.803,Healthy,0,0,0.2550000000000008,0.843,1.2380000000000013,0.39500000000000135,-0.19299999999999784,0.6437855655702259,-0.060000000000002274,0.8482232278266404,0.3989945337749039,0.8482232278266404,0,0.1786876828403735,0,0,11.685,1.12,0.00667,0,0
COMP_01906,Lot_A,9.291,9.577,10.022,10.38,Healthy,0,0,0.2859999999999996,0.7309999999999999,1.0890000000000004,0.35800000000000054,-0.08699999999999974,0.8922582821697386,0.31499999999998973,0.20753561830049233,-0.013225309009337634,0.8922582821697386,0,0.19507102902397105,0,0,10.322,1.031,0.00614,0,0
COMP_01907,Lot_C,9.944,10.091,10.421,10.845,Healthy,0,0,0.14699999999999847,0.47699999999999854,0.9009999999999998,0.42400000000000126,0.0940000000000012,-0.3367336265065233,-1.1400000000000254,-0.8737721202310428,0.6744907594766121,0.6744907594766121,0,0.1658927178916757,0,0,10.933,0.989,0.00589,0,0
COMP_01908,Lot_B,11.615,11.832,12.156,12.461,Healthy,0,0,0.21700000000000053,0.5410000000000004,0.8460000000000001,0.3049999999999997,-0.019000000000000128,-1.2863110651109995,-0.389999999999997,-1.1115607716174105,-0.48449336244094265,-0.389999999999997,0,0.1708902350040521,0,0,12.682,1.067,0.00635,0,0
COMP_01909,Lot_A,8.376,8.593,8.872,9.203,Healthy,0,0,0.21700000000000053,0.49600000000000044,0.827,0.3309999999999995,0.0519999999999996,-0.49321401085635946,-0.3750000000000009,-1.2233678552450002,-0.251280871177556,-0.251280871177556,0,0.1608035969831333,0,0,9.414,1.038,0.00618,0,0
COMP_01910,Lot_A,7.733,7.932,8.471,8.916,Healthy,0,0,0.19900000000000073,0.7380000000000004,1.1830000000000007,0.4450000000000003,-0.09399999999999942,-0.8310479514667998,-0.5549999999999988,0.7209132004122347,0.753842613532668,0.753842613532668,0,0.15275314433839138,0,0,8.867,1.134,0.00675,0,0
COMP_01911,Lot_A,7.451,7.827,8.216,8.505,Healthy,0,0,0.37600000000000033,0.7649999999999997,1.0540000000000012,0.2890000000000015,-0.09999999999999787,-1.3148449883688602,1.2149999999999972,0.01638439091846528,-0.6215895234391977,1.2149999999999972,0,0.12697742775225157,0,0,8.668,1.217,0.00724,0,0
COMP_01912,Lot_C,9.198,9.452,10.14,10.336,Healthy,0,0,0.25399999999999956,0.9420000000000002,1.138,0.19599999999999973,-0.4920000000000009,-0.8576984164512681,-0.0700000000000145,0.33724537973830215,-1.4914795667299419,0.33724537973830215,0,0.15137837624977807,0,0,10.284,1.086,0.00646,0,0
COMP_01913,Lot_C,8.149,8.42,8.939,9.294,Healthy,0,0,0.2710000000000008,0.7900000000000009,1.1450000000000014,0.3550000000000004,-0.1639999999999997,-1.9241921514658529,0.09999999999999787,0.3730138291044927,0.01899973970357248,0.3730138291044927,0,0.1780329489776838,0,0,9.263,1.114,0.00663,0,0
COMP_01914,Lot_B,13.655,13.815,14.151,14.514,Healthy,0,0,0.16000000000000014,0.49600000000000044,0.859,0.36299999999999955,0.026999999999999247,0.32196945661426335,-0.9600000000000009,-1.0414137326318462,0.06649908896245982,0.32196945661426335,0,0.1407430270346896,0,0,14.559,0.904,0.00538,0,0
COMP_01915,Lot_B,14.934,15.229,15.752,15.994,Healthy,0,0,0.29499999999999993,0.8180000000000014,1.0600000000000005,0.2419999999999991,-0.28100000000000236,1.4813728526948238,0.389999999999997,0.04316740860650631,-1.0829851631032668,1.4813728526948238,0,0.08138801560711167,0,0,15.996,1.062,0.00632,0,0
COMP_01916,Lot_C,10.38,10.536,11.198,11.447,Healthy,0,0,0.1559999999999988,0.8179999999999996,1.0669999999999984,0.24899999999999878,-0.41300000000000203,0.2794172645479668,-1.050000000000022,-0.025548892404420542,-0.9879864645854483,0.2794172645479668,0,0.1522873152541271,0,0,11.332,0.952,0.00567,0,0
COMP_01917,Lot_C,9.283,9.415,9.876,10.23,Healthy,0,0,0.13199999999999967,0.593,0.947000000000001,0.354000000000001,-0.10699999999999932,-0.9661901015871086,-1.2900000000000134,-0.6387223101104047,0.009499869851794678,0.009499869851794678,0,0.17617876404793648,0,0,10.267,0.984,0.00586,0,0
COMP_01918,Lot_B,14.665,14.977,15.332,15.769,Healthy,0,0,0.31200000000000117,0.6670000000000016,1.104000000000001,0.4369999999999994,0.08199999999999896,1.3051122012636578,0.5600000000000094,0.28058815594226705,0.7694894579943877,1.3051122012636578,0,0.10527447403855511,0,0,15.644,0.979,0.00583,0,0
COMP_01919,Lot_B,11.632,11.825,12.289,12.526,Healthy,0,0,0.19299999999999962,0.657,0.8940000000000001,0.2370000000000001,-0.2270000000000003,-1.2353913213642185,-0.6300000000000061,-0.8525563199784014,-1.1304845123621714,-0.6300000000000061,0,0.1679565559656963,0,0,12.682,1.05,0.00625,0,0
COMP_01920,Lot_B,14.171,14.603,15.018,15.303,Healthy,0,0,0.4320000000000004,0.8470000000000013,1.1320000000000014,0.28500000000000014,-0.13000000000000078,0.9400568076328875,1.7600000000000016,0.4316740860650248,-0.6744907594765952,1.7600000000000016,0,0.1032116023108377,0,0,15.218,1.047,0.00623,0,0
COMP_01921,Lot_B,12.857,13.063,13.544,13.762,Healthy,0,0,0.2060000000000013,0.6870000000000012,0.9050000000000011,0.21799999999999997,-0.2629999999999999,-0.26713280950234475,-0.49999999999998934,-0.7932011331444564,-1.3109820395460463,-0.26713280950234475,0,0.15675015412001242,0,0,13.84,0.983,0.00585,0,0
COMP_01922,Lot_A,8.755,9.158,9.368,9.601,Healthy,0,0,0.4029999999999987,0.6129999999999995,0.8460000000000001,0.23300000000000054,0.022999999999999687,-0.024719556630031152,1.4849999999999808,-1.1196000460947542,-1.115334393121418,1.4849999999999808,0,0.1488593972275563,0,0,9.848,1.093,0.00651,0,0
COMP_01923,Lot_B,12.51,12.804,13.361,13.792,Healthy,0,0,0.2940000000000005,0.8510000000000009,1.282,0.43099999999999916,-0.12600000000000122,-0.24363138931152306,0.38000000000000256,1.2410629974369198,0.7124902388836886,1.2410629974369198,0,0.14982167124590334,0,0,13.662,1.152,0.00686,0,0
COMP_01924,Lot_B,11.139,11.335,11.677,12.021,Healthy,0,0,0.1960000000000015,0.5380000000000003,0.8820000000000014,0.3440000000000012,0.0020000000000024443,-1.6309985612430575,-0.5999999999999872,-0.9173074328881464,-0.11399843822139827,-0.11399843822139827,0,0.17631793014516078,0,0,12.241,1.102,0.00656,0,0
COMP_01925,Lot_C,10.016,10.157,10.554,10.962,Healthy,0,0,0.14100000000000001,0.5380000000000003,0.9459999999999997,0.4079999999999995,0.010999999999999233,-0.21698337027168113,-1.20000000000001,-0.6438320885912943,0.522492841848066,0.522492841848066,0,0.17358500477730437,0,0,10.98,0.964,0.00574,0,0
COMP_01926,Lot_A,7.997,8.231,8.885,9.434,Healthy,0,0,0.23399999999999999,0.8879999999999999,1.4369999999999994,0.5489999999999995,-0.10500000000000043,-0.22129888792600422,-0.2050000000000063,2.1081249648418248,1.670797371513912,2.1081249648418248,0,0.12733900628961248,0,0,9.072,1.075,0.0064,0,0
COMP_01927,Lot_B,10.623,10.882,11.682,12.08,Healthy,0,0,0.25900000000000034,1.059000000000001,1.4570000000000007,0.3979999999999997,-0.402000000000001,-1.584779101534441,0.030000000000001137,2.1853500607041436,0.39899453377486016,2.1853500607041436,0,0.10158900867471454,0,0,11.754,1.131,0.00673,0,0
COMP_01928,Lot_B,13.02,13.375,13.852,14.272,Healthy,0,0,0.3550000000000004,0.8320000000000007,1.2520000000000007,0.41999999999999993,-0.057000000000000384,0.1323913337416319,0.990000000000002,1.0791852151625427,0.6079916705140848,1.0791852151625427,0,0.1473051634281824,0,0,14.09,1.07,0.00637,0,0
COMP_01929,Lot_B,12.769,13.035,13.536,13.973,Healthy,0,0,0.266,0.7669999999999995,1.2040000000000006,0.43700000000000117,-0.06399999999999828,-0.10183948749356193,0.09999999999999787,0.8201807635235336,0.7694894579944046,0.8201807635235336,0,0.16751609407558155,0,0,13.772,1.003,0.00597,0,0
COMP_01930,Lot_A,8.155,8.368,8.587,8.898,Healthy,0,0,0.21300000000000097,0.4320000000000004,0.7430000000000003,0.31099999999999994,0.09200000000000053,-0.8522361428639712,-0.4149999999999965,-1.682130800961873,-0.4276183246354851,-0.4149999999999965,0,0.1346029880378357,0,0,9.25,1.095,0.00652,0,0
COMP_01931,Lot_B,14.048,14.335,14.666,14.825,Healthy,0,0,0.2870000000000008,0.6180000000000003,0.7769999999999992,0.15899999999999892,-0.1720000000000006,0.5656008459257864,0.3100000000000058,-1.4838796708484903,-1.8714743608012432,0.5656008459257864,0,0.11310179113165153,0,0,14.998,0.95,0.00565,0,0
COMP_01932,Lot_B,12.843,13.167,13.56,13.765,Healthy,0,0,0.32399999999999984,0.7170000000000005,0.9220000000000006,0.20500000000000007,-0.1880000000000006,-0.2647826674832624,0.6799999999999962,-0.7014703898556437,-1.434480347619222,0.6799999999999962,0,0.1525898003858846,0,0,13.893,1.05,0.00625,0,0
COMP_01933,Lot_B,12.352,12.628,13.227,13.551,Healthy,0,0,0.2759999999999998,0.875,1.1989999999999998,0.32399999999999984,-0.27500000000000036,-0.4324261315111275,0.19999999999999574,0.7932011331444659,-0.3039958352570677,0.7932011331444659,0,0.15738018695100586,0,0,13.314,0.962,0.00573,0,0
COMP_01934,Lot_B,14.16,14.486,14.795,15.27,Healthy,0,0,0.3260000000000005,0.6349999999999998,1.1099999999999994,0.47499999999999964,0.16600000000000037,0.9142052454229821,0.7000000000000028,0.31296371239713483,1.1304845123621377,1.1304845123621377,0,0.1108226586156128,0,0,15.159,0.999,0.00595,0,0
COMP_01935,Lot_B,13.325,14.283,26.425,44.111,Latent Defect,1,0,0.9580000000000002,13.100000000000001,30.785999999999998,17.685999999999996,5.543999999999995,23.50768723620638,7.02,160.44246593821435,164.63274453139638,164.63274453139638,1,-0.07982454671063899,1,1,40.909,27.584,0.16419,1,1
COMP_01936,Lot_C,8.251,8.444,8.78,9.062,Healthy,0,0,0.1930000000000014,0.5289999999999999,0.8109999999999999,0.28200000000000003,-0.053999999999998494,-2.1616456510084485,-0.6799999999999962,-1.33365218351054,-0.6744907594765952,-0.6744907594765952,0,0.16240827132109553,0,0,9.307,1.056,0.00629,0,0
COMP_01937,Lot_A,8.144,8.373,8.788,9.128,Healthy,0,0,0.2289999999999992,0.6440000000000001,0.984,0.33999999999999986,-0.07500000000000107,-0.5814981416779026,-0.2550000000000141,-0.3659180638456034,-0.17192901712148323,-0.17192901712148323,0,0.18131627726222949,0,0,9.25,1.106,0.00658,0,0
COMP_01938,Lot_C,10.529,11.579,22.851,37.788,Latent Defect,1,0,1.0500000000000007,12.322,27.258999999999997,14.936999999999998,3.664999999999999,27.23960102080438,7.889999999999997,133.80976907889124,138.54610191840422,138.54610191840422,1,-0.03277317279564196,1,1,38.291,27.762,0.16525,1,1
COMP_01939,Lot_B,13.677,14.058,14.487,14.856,Healthy,0,0,0.3810000000000002,0.8100000000000005,1.1790000000000003,0.3689999999999998,-0.0600000000000005,0.5898856467896364,1.25,0.6852826116282146,0.12349830807315895,1.25,0,0.1357594945713484,0,0,14.752,1.075,0.0064,0,0
COMP_01940,Lot_A,7.726,8.823,20.675,40.546,Latent Defect,1,0,1.0970000000000004,12.949000000000002,32.82,19.871,8.018999999999998,36.401312820339,8.424999999999997,173.5052383628499,172.03041115722283,173.5052383628499,1,-0.04745448760304649,1,1,38.488,30.762,0.18311,1,1
COMP_01941,Lot_A,8.835,8.93,9.294,9.818,Healthy,0,0,0.09499999999999886,0.45899999999999963,0.9829999999999988,0.5239999999999991,0.15999999999999837,0.23071586188030122,-1.5950000000000175,-0.3713795274850966,1.4503755546914927,1.4503755546914927,0,0.13521547906620374,0,0,9.797,0.962,0.00573,0,0
COMP_01942,Lot_A,8.829,9.122,9.592,9.881,Healthy,0,0,0.29299999999999926,0.7629999999999999,1.0519999999999996,0.2889999999999997,-0.18100000000000094,0.30487453177039886,0.38499999999998646,0.005461463639483577,-0.6215895234392134,0.38499999999998646,0,0.18513957984136442,0,0,9.848,1.019,0.00607,0,0
COMP_01943,Lot_C,10.299,10.427,10.684,10.961,Healthy,0,0,0.1280000000000001,0.3849999999999998,0.6620000000000008,0.277000000000001,0.02000000000000135,-0.21800687673522623,-1.330000000000009,-2.0950091771621486,-0.7219901087355011,-0.21800687673522623,0,0.12741749198967628,0,0,11.195,0.896,0.00533,0,0
COMP_01944,Lot_C,10.173,10.297,10.763,11.013,Healthy,0,0,0.12400000000000055,0.5899999999999999,0.8399999999999999,0.25,-0.2159999999999993,-0.16478454063085196,-1.3700000000000045,-1.1854686075649243,-0.9784865947336536,-0.16478454063085196,0,0.15974671200458396,0,0,11.124,0.951,0.00566,0,0
COMP_01945,Lot_C,9.226,9.58,10.035,10.294,Healthy,0,0,0.3539999999999992,0.8089999999999993,1.0679999999999996,0.25900000000000034,-0.19599999999999973,-0.9006856879201859,0.929999999999982,-0.02043911392353099,-0.8929877660676028,0.929999999999982,0,0.17746744937282316,0,0,10.335,1.109,0.0066,0,0
COMP_01946,Lot_B,13.206,13.338,13.834,14.295,Healthy,0,0,0.13199999999999967,0.6280000000000001,1.0890000000000004,0.4610000000000003,-0.03500000000000014,0.15040908922126198,-1.2400000000000055,0.19964926480507372,0.9974863344371843,0.9974863344371843,0,0.14683245256018806,0,0,14.176,0.97,0.00577,0,0
COMP_01947,Lot_B,13.728,14.151,14.368,14.731,Healthy,0,0,0.42300000000000004,0.6400000000000006,1.0030000000000001,0.36299999999999955,0.14599999999999902,0.49196306266121076,1.6699999999999982,-0.2644003777148188,0.06649908896245982,1.6699999999999982,0,0.11749769655852671,0,0,14.811,1.083,0.00645,0,0
COMP_01948,Lot_A,7.425,7.661,8.112,8.69,Healthy,0,0,0.23599999999999977,0.6870000000000003,1.2649999999999997,0.5779999999999994,0.1269999999999989,-1.0970774656757198,-0.1850000000000085,1.1687532188501306,1.9264866790279138,1.9264866790279138,0,0.09478613489428084,0,0,8.597,1.172,0.00698,0,0
COMP_01949,Lot_A,8.452,8.696,9.267,9.611,Healthy,0,0,0.24399999999999977,0.8149999999999995,1.1590000000000007,0.3440000000000012,-0.22699999999999854,-0.012948339187158877,-0.10500000000000842,0.5898380730645562,-0.13666152642988488,0.5898380730645562,0,0.18074326164914373,0,0,9.568,1.116,0.00664,0,0
COMP_01950,Lot_B,15.014,15.318,15.867,16.031,Healthy,0,0,0.30400000000000027,0.8530000000000015,1.0169999999999995,0.16399999999999793,-0.38500000000000334,1.510357937596837,0.4800000000000004,-0.18885741265344475,-1.8239750115423385,1.510357937596837,0,0.04112878138987974,0,0,16.136,1.122,0.00668,0,0
COMP_01951,Lot_A,10.088,10.286,10.734,11.019,Healthy,0,0,0.1980000000000004,0.6460000000000008,0.9310000000000009,0.28500000000000014,-0.16300000000000026,1.6444390767692922,-0.5650000000000022,-0.6553756367383882,-0.6568570141307961,1.6444390767692922,0,0.18725167171287194,0,0,11.111,1.023,0.00609,0,0
COMP_01952,Lot_A,7.681,7.834,8.297,8.45,Healthy,0,0,0.15299999999999958,0.6160000000000005,0.7689999999999992,0.1529999999999987,-0.3100000000000023,-1.379586684304661,-1.0150000000000103,-1.5401327463352272,-1.8206842069531657,-1.0150000000000103,0,0.10629213321543685,0,0,8.794,1.113,0.00662,0,0
COMP_01953,Lot_B,12.733,13.068,13.593,13.987,Healthy,0,0,0.3349999999999991,0.8599999999999994,1.2539999999999996,0.39400000000000013,-0.13100000000000023,-0.09087215807117877,0.7899999999999885,1.0899770673141622,0.36099505436773305,1.0899770673141622,0,0.15039850335640975,0,0,13.893,1.16,0.0069,0,0
COMP_01954,Lot_C,9.194,10.077,21.14,38.017,Latent Defect,1,0,0.8829999999999991,11.946,28.823,16.877000000000002,5.814000000000002,27.473984000956342,6.219999999999981,141.80146262299274,156.9758494308634,156.9758494308634,1,-0.030536789143432275,1,1,38.251,29.057,0.17296,1,1
COMP_01955,Lot_C,9.925,10.159,10.69,11.224,Healthy,0,0,0.23399999999999999,0.7649999999999988,1.2989999999999995,0.5340000000000007,0.00300000000000189,0.05117532317728408,-0.27000000000001023,1.159919715160513,1.719476443172744,1.719476443172744,0,0.16562888567306178,0,0,10.98,1.055,0.00628,0,0
COMP_01956,Lot_C,11.316,11.38,11.793,12.008,Healthy,0,0,0.06400000000000006,0.47699999999999854,0.6919999999999984,0.21499999999999986,-0.19799999999999862,0.8536043905970858,-1.9700000000000095,-1.9417158227356617,-1.3109820395460623,0.8536043905970858,0,0.12440676798768174,0,0,12.155,0.839,0.00499,0,0
COMP_01957,Lot_B,14.032,14.283,14.805,15.116,Healthy,0,0,0.25099999999999945,0.7729999999999997,1.0839999999999996,0.31099999999999994,-0.2110000000000003,0.7935646217767617,-0.050000000000007816,0.17266963442600608,-0.4274941433302435,0.7935646217767617,0,0.14556487371028826,0,0,14.98,0.948,0.00564,0,0
COMP_01958,Lot_B,11.857,12.883,20.084,34.924,Latent Defect,1,0,1.0259999999999998,8.227,23.067,14.84,7.638999999999999,16.310768993103608,7.699999999999996,118.79131255901626,137.59611493322248,137.59611493322248,1,-0.056540144185410535,1,1,39.232,27.375,0.16295,1,1
COMP_01959,Lot_B,11.378,11.545,11.864,12.254,Healthy,0,0,0.16699999999999982,0.48600000000000065,0.8759999999999994,0.3899999999999988,0.07099999999999795,-1.448470864427673,-0.8900000000000041,-0.9496829893430334,0.32299557496058906,0.32299557496058906,0,0.15597211809273015,0,0,12.432,1.054,0.00627,0,0
COMP_01960,Lot_C,10.319,10.601,11.192,11.534,Healthy,0,0,0.28200000000000003,0.8729999999999993,1.2149999999999999,0.3420000000000005,-0.24899999999999878,0.3684623268764413,0.2099999999999902,0.7306983227663169,-0.10449856836960644,0.7306983227663169,0,0.17601456984793057,0,0,11.416,1.097,0.00653,0,0
COMP_01961,Lot_A,7.875,8.302,8.861,9.226,Healthy,0,0,0.4269999999999996,0.9860000000000007,1.3510000000000009,0.3650000000000002,-0.19400000000000084,-0.4661402107377509,1.7249999999999899,1.6384390918459848,0.048492799700935986,1.7249999999999899,0,0.11798811834859546,0,0,8.937,1.062,0.00632,0,0
COMP_01962,Lot_B,13.091,13.364,13.79,14.153,Healthy,0,0,0.27300000000000146,0.6989999999999998,1.0620000000000012,0.3630000000000013,-0.06299999999999706,0.03916903365137083,0.17000000000001236,0.053959260758135286,0.0664990889624767,0.17000000000001236,0,0.1697278416688734,0,0,14.148,1.057,0.00629,0,0
COMP_01963,Lot_C,10.449,10.641,10.895,11.038,Healthy,0,0,0.19200000000000017,0.44599999999999973,0.5890000000000004,0.14300000000000068,-0.11099999999999888,-0.13919687904220993,-0.6900000000000084,-2.468023006266632,-1.9949726688744354,-0.13919687904220993,0,0.1379099782852542,0,0,11.452,1.003,0.00597,0,0
COMP_01964,Lot_B,13.977,14.1,14.606,14.84,Healthy,0,0,0.12299999999999933,0.6289999999999996,0.8629999999999995,0.23399999999999999,-0.27200000000000024,0.5773515560211979,-1.330000000000009,-1.0198300283285977,-1.158984121917521,0.5773515560211979,0,0.11417845358571166,0,0,14.886,0.909,0.00541,0,0
COMP_01965,Lot_B,11.748,11.94,12.414,12.635,Healthy,0,0,0.19200000000000017,0.6660000000000004,0.8870000000000005,0.22100000000000009,-0.2530000000000001,-1.1500028280042311,-0.6400000000000006,-0.8903278025090884,-1.2824824299906967,-0.6400000000000006,0,0.16347919201177313,0,0,12.895,1.147,0.00683,0,0
COMP_01966,Lot_B,12.321,12.569,12.874,13.367,Healthy,0,0,0.2480000000000011,0.5530000000000008,1.0460000000000012,0.4930000000000003,0.1880000000000006,-0.5765681753481696,-0.07999999999999119,-0.032375556454867754,1.301482169694235,1.301482169694235,0,0.15136168405069472,0,0,13.331,1.01,0.00601,0,0
COMP_01967,Lot_A,7.122,7.355,7.957,8.175,Healthy,0,0,0.23300000000000054,0.835,1.0530000000000008,0.21800000000000086,-0.38399999999999856,-1.7032951639836538,-0.21500000000000075,0.010922927278976854,-1.2475874832148648,0.010922927278976854,0,0.08722363617557,0,0,8.305,1.183,0.00704,0,0
COMP_01968,Lot_B,12.879,13.14,13.493,13.835,Healthy,0,0,0.261000000000001,0.6140000000000008,0.9560000000000013,0.3420000000000005,-0.010999999999999233,-0.20994602037134383,0.050000000000007816,-0.5180089032780086,-0.13299817792497026,0.050000000000007816,0,0.17070319423273606,0,0,13.874,0.995,0.00592,0,0
COMP_01969,Lot_A,8.949,9.162,9.704,10.093,Healthy,0,0,0.21300000000000097,0.7550000000000008,1.1440000000000001,0.38899999999999935,-0.15300000000000047,0.5544243415592961,-0.4149999999999965,0.5079161184722539,0.26009774385044776,0.5544243415592961,0,0.18417446419843025,0,0,9.925,0.976,0.00581,0,0
COMP_01970,Lot_A,8.034,8.374,8.735,9.171,Healthy,0,0,0.33999999999999986,0.7009999999999987,1.1369999999999987,0.43599999999999994,0.07500000000000107,-0.5308819066735515,0.8549999999999924,0.4696858729958398,0.6744907594765952,0.8549999999999924,0,0.1628178808128839,0,0,9.138,1.104,0.00657,0,0
COMP_01971,Lot_A,7.922,9.058,18.314,37.161,Latent Defect,1,0,1.1360000000000001,10.392,29.239,18.847,9.591000000000001,32.416755715926655,8.814999999999994,153.9477370698484,163.00193354017668,163.00193354017668,1,-0.036915447580609495,1,1,37.337,29.415,0.17509,1,1
COMP_01972,Lot_C,7.828,8.115,8.552,8.931,Healthy,0,0,0.2869999999999999,0.7239999999999993,1.1029999999999989,0.37899999999999956,-0.05799999999999983,-2.2957249977329313,0.25999999999998913,0.15840313290738103,0.24699661614635784,0.25999999999998913,0,0.16756630324946975,0,0,8.962,1.134,0.00675,0,0
COMP_01973,Lot_A,8.902,9.183,9.393,9.637,Healthy,0,0,0.2810000000000006,0.49100000000000144,0.7350000000000012,0.24399999999999977,0.03399999999999892,0.01765682616430946,0.2649999999999997,-1.7258225100777609,-1.0183487937195617,0.2649999999999997,0,0.14612670588006899,0,0,9.925,1.023,0.00609,0,0
COMP_01974,Lot_B,13.366,13.632,13.987,14.411,Healthy,0,0,0.266,0.6210000000000004,1.045,0.4239999999999995,0.06899999999999906,0.24128124729244077,0.09999999999999787,-0.03777148253068703,0.6459911499212119,0.6459911499212119,0,0.1652117348340002,0,0,14.49,1.124,0.00669,0,0
COMP_01975,Lot_A,8.295,8.616,9.211,9.589,Healthy,0,0,0.32099999999999973,0.9160000000000004,1.2940000000000005,0.3780000000000001,-0.21700000000000053,-0.03884501756147872,0.6649999999999912,1.3271356643952463,0.16311214444859146,1.3271356643952463,0,0.15777569783172596,0,0,9.404,1.109,0.0066,0,0
COMP_01976,Lot_C,10.5,10.701,11.258,11.63,Healthy,0,0,0.2010000000000005,0.7579999999999991,1.1300000000000008,0.37200000000000166,-0.18499999999999694,0.46671894737682545,-0.600000000000005,0.2963671518912402,0.18049752718389636,0.46671894737682545,0,0.18779374871075633,0,0,11.457,0.957,0.0057,0,0
COMP_01977,Lot_A,8.264,8.417,8.808,9.048,Healthy,0,0,0.15300000000000047,0.5440000000000005,0.7840000000000007,0.2400000000000002,-0.1509999999999998,-0.6756678812208828,-1.0150000000000015,-1.4582107917429201,-1.0536162844111443,-0.6756678812208828,0,0.15321421398523055,0,0,9.258,0.994,0.00592,0,0
COMP_01978,Lot_B,13.838,15.282,26.156,48.386,Latent Defect,1,0,1.4440000000000008,12.318,34.548,22.230000000000004,11.356000000000005,26.856639613398542,11.880000000000006,180.7419398354217,207.8001531378976,207.8001531378976,1,-0.11466023168917139,1,1,44.842,31.004,0.18455,1,1
COMP_01979,Lot_C,9.701,9.829,10.316,10.555,Healthy,0,0,0.1280000000000001,0.6150000000000002,0.8539999999999992,0.238999999999999,-0.2480000000000011,-0.6335505009347676,-1.330000000000009,-1.1139317088325613,-1.082985163103277,-0.6335505009347676,0,0.16605548747996146,0,0,10.79,1.089,0.00648,0,0
COMP_01980,Lot_C,9.286,9.441,9.836,10.183,Healthy,0,0,0.15500000000000114,0.5500000000000007,0.8970000000000002,0.34699999999999953,-0.04800000000000004,-1.0142949053737556,-1.0599999999999987,-0.8942112341545738,-0.056999219110700564,-0.056999219110700564,0,0.18584507394256378,0,0,10.267,0.981,0.00584,0,0
COMP_01981,Lot_A,8.719,8.921,9.499,9.828,Healthy,0,0,0.20199999999999996,0.7800000000000011,1.109,0.32899999999999885,-0.24900000000000233,0.24248707932317348,-0.5250000000000066,0.31676489109022204,-0.2689146165233552,0.31676489109022204,0,0.18224101482688532,0,0,9.788,1.069,0.00636,0,0
COMP_01982,Lot_C,9.291,9.559,10.245,10.628,Healthy,0,0,0.2679999999999989,0.9539999999999988,1.3369999999999997,0.3830000000000009,-0.30299999999999905,-0.5588345290959336,0.06999999999997897,1.35409129743408,0.2849960955535028,1.35409129743408,0,0.15525171188432407,0,0,10.335,1.044,0.00621,0,0
COMP_01983,Lot_B,12.601,13.495,22.666,41.254,Latent Defect,1,0,0.8939999999999984,10.065,28.653,18.587999999999997,9.416999999999996,21.269568653367084,6.379999999999981,148.9329556185059,173.2016271377045,173.2016271377045,1,-0.044815547705926995,1,1,39.962,27.361,0.16286,1,1
COMP_01984,Lot_B,12.574,12.69,13.038,13.534,Healthy,0,0,0.11599999999999966,0.4640000000000004,0.9600000000000009,0.49600000000000044,0.1479999999999997,-0.445743602952593,-1.4000000000000057,-0.4964251989747603,1.3299817792495845,1.3299817792495845,0,0.13544568244236654,0,0,13.599,1.025,0.0061,0,0
COMP_01985,Lot_A,9.647,9.826,10.357,10.589,Healthy,0,0,0.17900000000000027,0.7099999999999991,0.9420000000000002,0.2320000000000011,-0.2989999999999977,1.138276726725774,-0.7550000000000034,-0.5952995367040397,-1.1241512657943098,1.138276726725774,0,0.18146376710136708,0,0,10.777,1.13,0.00673,0,0
COMP_01986,Lot_A,9.623,9.893,10.457,10.636,Healthy,0,0,0.27000000000000135,0.8340000000000014,1.013,0.1789999999999985,-0.38500000000000156,1.1936014487072735,0.15500000000000735,-0.20753561830049233,-1.5914455174578548,1.1936014487072735,0,0.1669943438491187,0,0,10.741,1.118,0.00665,0,0
COMP_01987,Lot_C,10.61,10.859,11.411,11.853,Healthy,0,0,0.24900000000000055,0.8010000000000002,1.2430000000000003,0.44200000000000017,-0.10999999999999943,0.6949608887475082,-0.12000000000000455,0.8737721202310519,0.8454884168086969,0.8737721202310519,0,0.18102697568583237,0,0,11.685,1.075,0.0064,0,0
COMP_01988,Lot_B,13.072,13.274,13.818,14.162,Healthy,0,0,0.20199999999999996,0.7460000000000004,1.0900000000000016,0.3440000000000012,-0.1999999999999993,0.046219459708617745,-0.5400000000000027,0.20504519088089299,-0.11399843822139827,0.20504519088089299,0,0.16891504433718835,0,0,14.053,0.981,0.00584,0,0
COMP_01989,Lot_B,12.04,12.216,12.489,12.788,Healthy,0,0,0.17600000000000016,0.4490000000000016,0.7480000000000011,0.2989999999999995,0.025999999999998025,-1.030145585031038,-0.8000000000000007,-1.6403615270470482,-0.5414925815516418,-0.5414925815516418,0,0.14531816933587027,0,0,13.05,1.01,0.00601,0,0
COMP_01990,Lot_C,10.992,11.257,11.643,12.074,Healthy,0,0,0.2649999999999988,0.6509999999999998,1.081999999999999,0.43099999999999916,0.04499999999999815,0.9211558171911006,0.03999999999997783,0.05109778480883201,0.7409898484390736,0.9211558171911006,0,0.17626973450651778,0,0,12.065,1.073,0.00639,0,0
COMP_01991,Lot_C,9.251,9.508,9.937,10.365,Healthy,0,0,0.2569999999999997,0.6859999999999999,1.1140000000000008,0.4280000000000008,-0.0009999999999994458,-0.8280167290084438,-0.04000000000001336,0.21461069619710715,0.7124902388837402,0.7124902388837402,0,0.19204422728169868,0,0,10.284,1.033,0.00615,0,0
COMP_01992,Lot_A,7.238,8.268,15.311,32.662,Latent Defect,1,0,1.0300000000000002,8.073,25.424,17.351,10.308,27.1208849883783,7.754999999999996,133.11225328520698,149.8118920215233,149.8118920215233,1,-0.07999177883194852,1,1,34.914,27.676,0.16474,1,1
COMP_01993,Lot_B,14.333,14.542,14.931,15.368,Healthy,0,0,0.20899999999999963,0.597999999999999,1.0350000000000001,0.43700000000000117,0.04800000000000182,0.9909765513796684,-0.47000000000000597,-0.09173074328881273,0.7694894579944046,0.9909765513796684,0,0.12536381128976803,0,0,15.308,0.975,0.0058,0,0
COMP_01994,Lot_A,9.355,9.598,10.13,10.372,Healthy,0,0,0.24300000000000033,0.7750000000000004,1.0169999999999995,0.2419999999999991,-0.2900000000000009,0.8828413082154395,-0.11500000000000288,-0.1856897637425483,-1.0359825390653608,0.8828413082154395,0,0.1850307897054429,0,0,10.322,0.967,0.00576,0,0
COMP_01995,Lot_C,11.24,11.662,12.175,12.316,Healthy,0,0,0.4220000000000006,0.9350000000000005,1.0760000000000005,0.14100000000000001,-0.3719999999999999,1.168844381369153,1.6099999999999959,0.020439113923540066,-2.0139724085780077,1.6099999999999959,0,0.10987814238397725,0,0,12.346,1.106,0.00658,0,0
COMP_01996,Lot_B,12.386,29.224,62.117,132.295,Gross Failure,1,1,16.838,49.730999999999995,119.90899999999999,70.178,37.285,92.5893285064551,165.82,641.3435855928683,663.2999127911808,663.2999127911808,1,-0.24184450802960566,1,1,129.542,117.156,0.69736,1,1
COMP_01997,Lot_C,10.529,23.41,58.571,111.421,Gross Failure,1,1,12.881,48.042,100.89200000000001,52.85000000000001,17.689000000000007,102.6034524510625,126.19999999999999,510.05808796177206,498.7146676090557,510.05808796177206,1,-0.19061964790972308,1,1,119.327,108.798,0.64761,1,1
COMP_01998,Lot_A,8.354,8.56,9.151,9.712,Healthy,0,0,0.2060000000000013,0.7970000000000006,1.3580000000000005,0.5609999999999999,-0.02999999999999936,0.10594095698585257,-0.4849999999999932,1.6766693373223893,1.7765998435886756,1.7765998435886756,0,0.14350047889263723,0,0,9.414,1.06,0.00631,0,0
COMP_01999,Lot_A,7.355,7.451,7.872,8.07,Healthy,0,0,0.0959999999999992,0.5169999999999995,0.7149999999999999,0.1980000000000004,-0.22299999999999986,-1.8268929471338158,-1.5850000000000142,-1.8350517828675004,-1.4239249366728017,-1.4239249366728017,0,0.048854481773625835,0,0,8.427,1.072,0.00638,0,0
COMP_02000,Lot_A,8.537,8.847,9.476,9.846,Healthy,0,0,0.3099999999999987,0.9390000000000001,1.3089999999999993,0.3699999999999992,-0.2590000000000021,0.26367527072034486,0.5549999999999811,1.4090576189875388,0.09257716306541043,1.4090576189875388,0,0.15351468903039267,0,0,9.685,1.148,0.00683,0,0
