Lot_ID,Part_ID,Value_0h_uA,Value_24h_uA,Value_96h_uA,Value_168h_uA,Lot_Mean_uA,Lot_Sigma_uA,Dynamic_Z_0h,Dynamic_Z_24h,Dynamic_Z_96h,Dynamic_Z_168h,Slope_0_24_uA_per_h,Slope_24_168_uA_per_h,Static_Limit_Fail,Latent_Defect_Label,Dynamic_Anomaly,Anomaly_Score,Predicted_Value_168h_uA,Predicted_Slope_0_168_uA_per_h,Drift_Flag,Explainability
LOT-001,L001-P001,9.472,9.6775,9.9554,10.2565,10.510959595959594,2.7351289711008024,-0.3798576253394905,-0.3047240568053188,-0.2031200728848995,-0.09303385640976979,0.008563,0.004021,0,0,0,-0.1504,10.109,0.003792,0,Within synthetic screening pattern
LOT-001,L001-P002,9.8739,10.0973,10.301,10.4544,10.510959595959594,2.7351289711008024,-0.23291757086803744,-0.15123952118174114,-0.07676405689750421,-0.020678950264210447,0.009308,0.00248,0,0,0,-0.1668,10.4982,0.003716,0,Within synthetic screening pattern
LOT-001,L001-P003,8.5332,8.7892,9.1209,9.1685,10.510959595959594,2.7351289711008024,-0.7230955530274714,-0.6294985041479202,-0.5082245154239066,-0.49082131414786523,0.010667,0.002634,0,0,0,-0.0456,9.1778,0.003837,0,Within synthetic screening pattern
LOT-001,L001-P004,9.5995,9.6666,10.0631,10.2405,10.510959595959594,2.7351289711008024,-0.333241907635807,-0.30870924365214325,-0.16374350193049386,-0.09888367196474178,0.002796,0.003985,0,0,0,-0.1476,10.1522,0.00329,0,Within synthetic screening pattern
LOT-001,L001-P005,11.7688,11.9804,12.2426,12.391,10.510959595959594,2.7351289711008024,0.45988339757673863,0.5372472082912427,0.6331110606983461,0.6873680999707116,0.008817,0.002851,0,0,0,-0.0461,12.4781,0.004222,0,Within synthetic screening pattern
LOT-001,L001-P006,9.7918,9.9485,10.1383,10.5236,10.510959595959594,2.7351289711008024,-0.26293443693448765,-0.2056428058429811,-0.13624936882212593,0.004621502011043532,0.006529,0.003994,0,0,0,-0.1647,10.4502,0.003919,0,Within synthetic screening pattern
LOT-001,L001-P007,9.8337,10.0133,10.2404,10.4793,10.510959595959594,2.7351289711008024,-0.24761523244990474,-0.1819510528453446,-0.09892023331196093,-0.011575174806785079,0.007483,0.003236,0,0,0,-0.1673,10.421,0.003496,0,Within synthetic screening pattern
LOT-001,L001-P008,10.2983,10.3215,10.4387,10.6584,10.510959595959594,2.7351289711008024,-0.07775121327240603,-0.06926898071769627,-0.02641908177752632,0.05390619806168261,0.000967,0.00234,0,0,0,-0.151,10.7173,0.002494,0,Within synthetic screening pattern
LOT-001,L001-P009,10.3044,10.5549,10.704,10.7457,10.510959595959594,2.7351289711008024,-0.07552097109207295,0.016065203690457438,0.07057817239335289,0.08582425418349816,0.010438,0.001325,0,0,0,-0.1594,10.8469,0.003229,0,Within synthetic screening pattern
LOT-001,L001-P010,9.8794,10.144,10.4284,10.4521,10.510959595959594,2.7351289711008024,-0.23090669677101597,-0.13416537203066684,-0.030184900541039852,-0.021519861250237658,0.011025,0.00214,0,0,0,-0.1647,10.5611,0.004058,0,Within synthetic screening pattern
LOT-001,L001-P011,10.5318,10.7828,11.1222,11.3977,10.510959595959594,2.7351289711008024,0.0076195324829668315,0.09938851400158967,0.22347772646143274,0.324204238048607,0.010458,0.00427,0,0,0,-0.1488,11.3196,0.004689,0,Within synthetic screening pattern
LOT-001,L001-P012,9.6426,11.3057,15.0523,19.2104,10.510959595959594,2.7351289711008024,-0.3174839669846016,0.2905677986075179,1.6603752334986461,3.1806326121942092,0.069296,0.054894,0,1,1,0.0195,19.0375,0.055922,1,Dynamic lot outlier + projected drift above safety slope
LOT-001,L001-P013,9.9742,11.0851,14.2355,19.7891,10.510959595959594,2.7351289711008024,-0.1962465396078072,0.2099134666433419,1.3617421494173259,3.3922131285481028,0.046288,0.060444,0,1,0,-0.0497,19.6078,0.057343,1,Projected 168h drift above safety slope
LOT-001,L001-P014,10.1226,10.3828,10.669,10.8045,10.510959595959594,2.7351289711008024,-0.1419895003354418,-0.046856874872710126,0.05778170086685162,0.10732232634802077,0.010842,0.002928,0,0,0,-0.1637,10.8408,0.004275,0,Within synthetic screening pattern
LOT-001,L001-P015,11.1031,11.3102,11.8974,12.0054,10.510959595959594,2.7351289711008024,0.21649450914268498,0.2922130592323538,0.5069012900998254,0.5463875450958866,0.008629,0.004828,0,0,0,-0.1087,11.9117,0.004813,0,Within synthetic screening pattern
LOT-001,L001-P016,10.2221,10.3781,10.6373,10.6386,10.510959595959594,2.7351289711008024,-0.10561095985296012,-0.048575258191983044,0.0461917537985631,0.04666705131240476,0.0065,0.001809,0,0,0,-0.1658,10.741,0.003089,0,Within synthetic screening pattern
LOT-001,L001-P017,9.8333,9.8937,10.0647,10.3391,10.510959595959594,2.7351289711008024,-0.24776147783877933,-0.2256784241187596,-0.16315852037499673,-0.06283418360722715,0.002517,0.003093,0,0,0,-0.1589,10.3392,0.003011,0,Within synthetic screening pattern
LOT-001,L001-P018,9.6618,11.3915,15.5077,20.7247,10.510959595959594,2.7351289711008024,-0.3104641883186353,0.32193743452105544,1.826875608732036,3.7342810931250887,0.072071,0.064814,0,1,1,0.0367,20.4423,0.06417,1,Dynamic lot outlier + projected drift above safety slope
LOT-001,L001-P019,9.8537,9.9913,10.2926,10.5024,10.510959595959594,2.7351289711008024,-0.2403029630061899,-0.1899945492334305,-0.07983521006386449,-0.0031295035992944717,0.005733,0.003549,0,0,0,-0.1667,10.4957,0.003821,0,Within synthetic screening pattern
LOT-001,L001-P020,10.7736,10.9288,11.2462,11.4205,10.510959595959594,2.7351289711008024,0.09602487005748082,0.15276808094070934,0.2688137970124658,0.33254022521444215,0.006467,0.003415,0,0,0,-0.1421,11.3756,0.003583,0,Within synthetic screening pattern
LOT-001,L001-P021,9.9375,10.1412,10.4173,10.6178,10.510959595959594,2.7351289711008024,-0.20966455403702408,-0.13518908975278715,-0.03424321008230195,0.03906229109094137,0.008487,0.00331,0,0,0,-0.1659,10.6143,0.004029,0,Within synthetic screening pattern
LOT-001,L001-P022,10.0208,10.1692,10.3903,10.6356,10.510959595959594,2.7351289711008024,-0.17920895180395136,-0.124951912531586,-0.04411477383131691,0.04557021089584747,0.006183,0.003239,0,0,0,-0.1646,10.631,0.003632,0,Within synthetic screening pattern
LOT-001,L001-P023,10.0637,10.3946,10.6621,10.8878,10.510959595959594,2.7351289711008024,-0.16352413384718226,-0.042542635900917954,0.05525896790876998,0.1377779285810935,0.013787,0.003425,0,0,0,-0.1553,10.8674,0.004784,0,Within synthetic screening pattern
LOT-001,L001-P024,10.121,10.2995,10.3822,10.4749,10.510959595959594,2.7351289711008024,-0.14257448189093894,-0.07731247710578285,-0.04707624295602172,-0.013183874084402521,0.007437,0.001218,0,0,0,-0.1647,10.8182,0.00415,0,Within synthetic screening pattern
LOT-001,L001-P025,9.5466,10.9562,14.4616,17.6417,10.510959595959594,2.7351289711008024,-0.35258286031443353,0.1627858900785989,1.444407355478524,2.607094758376425,0.058733,0.046427,0,1,0,-0.0176,18.4731,0.053134,1,Projected 168h drift above safety slope
LOT-001,L001-P026,10.0473,10.2514,10.4979,10.581,10.510959595959594,2.7351289711008024,-0.16952019479102887,-0.09489848511791732,-0.004774764224130405,0.025607715314505335,0.008504,0.002289,0,0,0,-0.167,10.6435,0.003549,0,Within synthetic screening pattern
LOT-001,L001-P027,10.6476,10.7356,10.9081,11.1854,10.510959595959594,2.7351289711008024,0.049957572562076634,0.08213155811442227,0.14519988206646378,0.24658449790357215,0.003667,0.003124,0,0,0,-0.1479,11.1861,0.003205,0,Within synthetic screening pattern
LOT-001,L001-P028,11.0452,11.113,11.4217,11.8408,10.510959595959594,2.7351289711008024,0.19532548910313008,0.2201140825173239,0.33297896138106464,0.48620756757411226,0.002825,0.005054,0,0,0,-0.1199,11.7131,0.003976,0,Within synthetic screening pattern
LOT-001,L001-P029,9.8589,10.8454,13.427,18.4951,10.510959595959594,2.7351289711008024,-0.2384017729508239,0.12227591736041749,1.0661436571551475,2.9191092955397435,0.041104,0.053123,0,1,0,-0.0614,18.4895,0.051373,1,Projected 168h drift above safety slope
LOT-001,L001-P030,10.7451,10.9259,11.1393,11.4042,10.510959595959594,2.7351289711008024,0.08560488610018722,0.15170780187137053,0.22972971683580942,0.32658072561781404,0.007533,0.003322,0,0,0,-0.1449,11.3826,0.003795,0,Within synthetic screening pattern
LOT-001,L001-P031,9.4026,9.509,9.914,10.0357,10.510959595959594,2.7351289711008024,-0.40523120030918147,-0.3663299268686175,-0.2182564706333893,-0.1737613110683834,0.004433,0.003658,0,0,0,-0.1374,9.937,0.003181,0,Within synthetic screening pattern
LOT-001,L001-P032,9.9661,10.1176,10.4232,10.7276,10.510959595959594,2.7351289711008024,-0.19920800873251135,-0.14381756769637086,-0.03208609059640587,0.0792066503369366,0.006312,0.004236,0,0,0,-0.1645,10.6274,0.003936,0,Within synthetic screening pattern
LOT-001,L001-P033,10.4969,10.5483,10.8168,11.0428,10.510959595959594,2.7351289711008024,-0.005140377696315952,0.013652154774031273,0.1118193720559054,0.19444801676988438,0.002142,0.003434,0,0,0,-0.1489,11.0254,0.003146,0,Within synthetic screening pattern
LOT-001,L001-P034,10.6567,10.9407,11.1039,11.3657,10.510959595959594,2.7351289711008024,0.05328465515896699,0.15711888125971937,0.21678699992043354,0.312504606938663,0.011833,0.002951,0,0,0,-0.1408,11.3574,0.004171,0,Within synthetic screening pattern
LOT-001,L001-P035,10.929,11.8906,16.1877,21.3102,10.510959595959594,2.7351289711008024,0.15284120363514633,0.5044151184889624,2.075492769818345,3.948347781089845,0.040067,0.065414,0,1,1,0.0285,20.5332,0.057168,1,Dynamic lot outlier + projected drift above safety slope
LOT-001,L001-P036,36.725,51.36,61.436,77.1345,10.510959595959594,2.7351289711008024,9.584206332138733,14.934959497577172,18.618880843320778,24.358463936428766,0.609792,0.17899,1,1,1,0.3178,83.7525,0.279926,1,Dynamic lot outlier + projected drift above safety slope
LOT-001,L001-P037,10.8241,11.1101,11.4335,11.5381,10.510959595959594,2.7351289711008024,0.114488350402861,0.2190538034479851,0.33729320035285687,0.37553636954348607,0.011917,0.002972,0,0,0,-0.1298,11.5466,0.004301,0,Within synthetic screening pattern
LOT-001,L001-P038,10.8924,11.0068,11.3531,11.5944,10.510959595959594,2.7351289711008024,0.1394597505531479,0.18128593177119756,0.30789787718912226,0.39612040802754384,0.004767,0.004081,0,0,0,-0.1356,11.5318,0.003806,0,Within synthetic screening pattern
LOT-001,L001-P039,9.6248,9.8165,9.9295,10.0523,10.510959595959594,2.7351289711008024,-0.3239918867895077,-0.2539037841714999,-0.21258946181450974,-0.16769212743009984,0.007987,0.001638,0,0,0,-0.1588,10.2427,0.003678,0,Within synthetic screening pattern
LOT-001,L001-P040,10.1194,10.3267,10.6043,10.887,10.510959595959594,2.7351289711008024,-0.1431594634464361,-0.06736779066233027,0.03412650921643357,0.13748543780334493,0.008638,0.003891,0,0,0,-0.1673,10.8483,0.004339,0,Within synthetic screening pattern
LOT-001,L001-P041,11.8783,12.0658,12.1751,12.3717,10.510959595959594,2.7351289711008024,0.4999180727810777,0.5684705988159057,0.6084321513258084,0.6803117599575268,0.007812,0.002124,0,0,0,-0.0363,12.4485,0.003394,0,Within synthetic screening pattern
LOT-001,L001-P042,9.4976,9.7162,9.9439,10.2153,10.510959595959594,2.7351289711008024,-0.37049792045153507,-0.29057481543173014,-0.20732462781503555,-0.10809713146382327,0.009108,0.003466,0,0,0,-0.1515,10.1966,0.004161,0,Within synthetic screening pattern
LOT-001,L001-P043,50.7814,63.0633,87.5631,121.7263,10.510959595959594,2.7351289711008024,14.723415542570494,19.21384364660865,28.17130059246507,40.661826765441255,0.511746,0.407382,1,1,1,0.3296,118.3251,0.402046,1,Dynamic lot outlier + projected drift above safety slope
LOT-001,L001-P044,9.6378,9.6967,9.902,10.1876,10.510959595959594,2.7351289711008024,-0.31923891165109297,-0.2977042781393525,-0.22264383229961845,-0.1182246246433683,0.002454,0.003409,0,0,0,-0.1468,10.1588,0.003101,0,Within synthetic screening pattern
LOT-001,L001-P045,10.6118,10.7992,11.1123,11.4885,10.510959595959594,2.7351289711008024,0.03686861025782679,0.10538457494543628,0.21985815308679382,0.35740194132307296,0.007808,0.004787,0,0,0,-0.1498,11.2604,0.003861,0,Within synthetic screening pattern
LOT-001,L001-P046,10.204,11.8814,15.8629,21.3025,10.510959595959594,2.7351289711008024,-0.11222856369952171,0.5010514745448534,1.956741514052414,3.9455325573540145,0.069892,0.065424,0,1,1,0.0551,20.4873,0.06121,1,Dynamic lot outlier + projected drift above safety slope
LOT-001,L001-P047,9.4526,9.5223,9.6786,9.9301,10.510959595959594,2.7351289711008024,-0.3869505266998937,-0.3614672676885473,-0.30432188198591476,-0.2123700937311988,0.002904,0.002832,0,0,0,-0.1319,9.9251,0.002813,0,Within synthetic screening pattern
LOT-001,L001-P048,10.489,10.6709,11.0081,11.3519,10.510959595959594,2.7351289711008024,-0.008028724126583134,0.05847636646400422,0.18176122928503924,0.30745914102249977,0.007579,0.004729,0,0,0,-0.1553,11.1861,0.004149,0,Within synthetic screening pattern
LOT-001,L001-P049,10.1722,10.4285,10.7436,10.9121,10.510959595959594,2.7351289711008024,-0.1238550721150287,-0.030148339193821365,0.08505646589190859,0.14666233595520728,0.010679,0.003358,0,0,0,-0.1629,10.9246,0.004479,0,Within synthetic screening pattern
LOT-001,L001-P050,10.6424,10.8356,11.0,11.1961,10.510959595959594,2.7351289711008024,0.04805638250671062,0.11869290533299705,0.17879976016033441,0.25049656205595966,0.00805,0.002503,0,0,0,-0.1481,11.2425,0.003572,0,Within synthetic screening pattern
LOT-001,L001-P051,9.8331,10.068,10.1567,10.3096,10.510959595959594,2.7351289711008024,-0.24783460053321632,-0.16195199591678397,-0.1295220809339076,-0.07361978103670694,0.009787,0.001678,0,0,0,-0.1666,10.4178,0.00348,0,Within synthetic screening pattern
LOT-001,L001-P052,10.8488,11.1537,11.4165,11.6715,10.510959595959594,2.7351289711008024,0.12351900316584938,0.23499455083528428,0.33107777132569866,0.424309206733065,0.012704,0.003596,0,0,0,-0.1248,11.6057,0.004505,0,Within synthetic screening pattern
LOT-001,L001-P053,9.3725,10.2242,13.7869,18.6792,10.510959595959594,2.7351289711008024,-0.4162361658219722,-0.1048431715613699,1.1977279457947985,2.9864187357691403,0.035487,0.058715,0,1,0,-0.0369,18.4113,0.053802,1,Projected 168h drift above safety slope
LOT-001,L001-P054,8.9007,9.0956,9.2794,9.5647,10.510959595959594,2.7351289711008024,-0.5887326019992086,-0.5174745362702066,-0.45027478008246535,-0.3459652564678713,0.008121,0.003258,0,0,0,-0.0831,9.555,0.003895,0,Within synthetic screening pattern
LOT-001,L001-P055,9.6847,9.9977,10.2142,10.3824,10.510959595959594,2.7351289711008024,-0.3020916398055817,-0.18765462301144198,-0.1084993062832273,-0.04700312026158409,0.013042,0.002672,0,0,0,-0.1527,10.4242,0.004402,0,Within synthetic screening pattern
LOT-001,L001-P056,11.2721,11.4845,11.6084,11.9002,10.510959595959594,2.7351289711008024,0.2782831859420768,0.3559394874343301,0.40123899663814405,0.5079250078219458,0.00885,0.002887,0,0,0,-0.0976,11.9389,0.003969,0,Within synthetic screening pattern
LOT-001,L001-P057,10.4036,10.7157,10.8331,11.2174,10.510959595959594,2.7351289711008024,-0.03925211465124608,0.07485585001792593,0.11777887165253285,0.25828412901351616,0.013004,0.003484,0,0,0,-0.1498,11.0944,0.004112,0,Within synthetic screening pattern
LOT-001,L001-P058,10.9602,11.0836,11.3779,11.6554,10.510959595959594,2.7351289711008024,0.16424834396734175,0.20936504643506326,0.31696509129932915,0.4184228298308745,0.005142,0.003971,0,0,0,-0.1314,11.5367,0.003432,0,Within synthetic screening pattern
LOT-001,L001-P059,10.1554,10.2608,10.3813,10.5708,10.510959595959594,2.7351289711008024,-0.12999737844774925,-0.09146171847937148,-0.04740529508098877,0.02187845789821094,0.004392,0.002153,0,0,0,-0.1629,10.6472,0.002927,0,Within synthetic screening pattern
LOT-001,L001-P060,11.1888,11.2544,11.4604,11.6735,10.510959595959594,2.7351289711008024,0.24782758370900404,0.27181182748438915,0.3471282027546533,0.4250404336774367,0.002733,0.00291,0,0,0,-0.1034,11.6178,0.002554,0,Within synthetic screening pattern
LOT-001,L001-P061,10.2042,10.572,10.8625,11.1535,10.510959595959594,2.7351289711008024,-0.11215544100508472,0.022317194064833467,0.12852790773479417,0.23492142814084666,0.015325,0.004038,0,0,0,-0.1428,11.4607,0.007479,0,Within synthetic screening pattern
LOT-001,L001-P062,10.2921,10.4241,10.6811,10.8426,10.510959595959594,2.7351289711008024,-0.08001801679995758,-0.031757038471438806,0.06220562388029926,0.12125219963829717,0.0055,0.002906,0,0,0,-0.1635,10.8595,0.003377,0,Within synthetic screening pattern
LOT-001,L001-P063,8.9806,9.263,9.4515,9.8627,10.510959595959594,2.7351289711008024,-0.5595200855715672,-0.45627084102631194,-0.3873527015192984,-0.23701244175651803,0.011767,0.004165,0,0,0,-0.0917,9.7848,0.004787,0,Within synthetic screening pattern
LOT-001,L001-P064,10.0726,10.2997,10.5778,10.7155,10.510959595959594,2.7351289711008024,-0.16027017394472953,-0.07723935441134587,0.024437752203511066,0.07478272732348895,0.009463,0.002888,0,0,0,-0.1676,10.7722,0.004164,0,Within synthetic screening pattern
LOT-001,L001-P065,10.7213,11.5445,15.6735,19.66,10.510959595959594,2.7351289711008024,0.07690328546216589,0.3778762957654746,1.8874943224204335,3.3450124292889223,0.0343,0.056358,0,1,0,-0.002,18.4998,0.046301,1,Projected 168h drift above safety slope
LOT-001,L001-P066,9.877,10.1332,10.5284,10.7646,10.510959595959594,2.7351289711008024,-0.23178416910426167,-0.13811399753027281,0.006376446677534934,0.09273434880780895,0.010675,0.004385,0,0,0,-0.1649,10.6029,0.004321,0,Within synthetic screening pattern
LOT-001,L001-P067,10.5313,10.645,10.8389,11.1137,10.510959595959594,2.7351289711008024,0.007436725746873734,0.0490069775343933,0.11989942979121046,0.220370011947854,0.004737,0.003255,0,0,0,-0.1537,11.0964,0.003364,0,Within synthetic screening pattern
LOT-001,L001-P068,10.5494,10.5864,10.7144,10.8475,10.510959595959594,2.7351289711008024,0.014054329593435957,0.027582028064308324,0.07438055250408426,0.12304370565200771,0.001542,0.001813,0,0,0,-0.1427,11.0164,0.00278,0,Within synthetic screening pattern
LOT-001,L001-P069,10.8945,11.0571,11.417,11.6995,10.510959595959594,2.7351289711008024,0.14022753884473815,0.19967628942214075,0.33126057806179177,0.43454638395426615,0.006775,0.004461,0,0,0,-0.1355,11.603,0.004217,0,Within synthetic screening pattern
LOT-001,L001-P070,10.6765,10.8575,11.2006,11.3483,10.510959595959594,2.7351289711008024,0.060523801908244836,0.12669984037386514,0.2521418226807956,0.30614293252263086,0.007542,0.003408,0,0,0,-0.1455,11.3402,0.003951,0,Within synthetic screening pattern
LOT-001,L001-P071,10.7614,10.9673,11.2043,11.414,10.510959595959594,2.7351289711008024,0.09156438569681469,0.16684419961986036,0.2534945925278829,0.3301637376452345,0.008579,0.003102,0,0,0,-0.1401,11.3693,0.003618,0,Within synthetic screening pattern
LOT-001,L001-P072,10.5399,10.5766,10.7819,11.1024,10.510959595959594,2.7351289711008024,0.010581001607670993,0.02399901603688789,0.09905946187662261,0.2162385797121549,0.001529,0.003651,0,0,0,-0.1435,11.0392,0.002972,0,Within synthetic screening pattern
LOT-001,L001-P073,9.419,9.6489,9.9617,10.1605,10.510959595959594,2.7351289711008024,-0.39923513936533483,-0.3151806021098315,-0.2008167080101288,-0.12813274973960173,0.009579,0.003553,0,0,0,-0.1463,10.1168,0.004154,0,Within synthetic screening pattern
LOT-001,L001-P074,9.6063,10.9558,14.3389,20.4458,10.510959595959594,2.7351289711008024,-0.3307557360249445,0.1626396446897243,1.3995465824413327,3.6323114957324836,0.056229,0.065903,0,1,0,-0.0258,19.212,0.057177,1,Projected 168h drift above safety slope
LOT-001,L001-P075,10.5516,10.8402,11.0469,11.2673,10.510959595959594,2.7351289711008024,0.01485867923224468,0.12037472730505147,0.19594703200584634,0.27652824127558534,0.012025,0.002966,0,0,0,-0.1451,11.2809,0.004341,0,Within synthetic screening pattern
LOT-001,L001-P076,9.8729,10.0715,10.1767,10.2359,10.510959595959594,2.7351289711008024,-0.23328318434022363,-0.16067234876413358,-0.12220981149019278,-0.1005654939367962,0.008275,0.001142,0,0,0,-0.1681,10.3807,0.003023,0,Within synthetic screening pattern
LOT-001,L001-P077,9.7521,10.0409,10.0872,10.4442,10.510959595959594,2.7351289711008024,-0.27744929178026184,-0.1718601210130174,-0.1549322172508177,-0.02440820768050484,0.012033,0.002801,0,0,0,-0.1598,10.4982,0.004441,0,Within synthetic screening pattern
LOT-001,L001-P078,10.1557,10.2555,10.5036,10.6748,10.510959595959594,2.7351289711008024,-0.1298876944060938,-0.093399469881956,-0.002690767432671296,0.05990225900552856,0.004158,0.002912,0,0,0,-0.1644,10.6482,0.002932,0,Within synthetic screening pattern
LOT-001,L001-P079,10.9628,12.3462,16.7705,21.0826,10.510959595959594,2.7351289711008024,0.1651989389950244,0.6709886164167899,2.2885723014081996,3.865134154820369,0.057642,0.060669,0,1,1,0.0693,20.2388,0.055214,1,Dynamic lot outlier + projected drift above safety slope
LOT-001,L001-P080,10.6499,10.8024,11.0982,11.3051,10.510959595959594,2.7351289711008024,0.050798483548103845,0.10655453805643054,0.21470300312897508,0.2903484305242063,0.006354,0.003491,0,0,0,-0.1494,11.2556,0.003605,0,Within synthetic screening pattern
LOT-001,L001-P081,10.7829,10.9707,11.1434,11.3458,10.510959595959594,2.7351289711008024,0.09942507534880816,0.16808728542529225,0.23122873207177075,0.3052288988421667,0.007825,0.002605,0,0,0,-0.1423,11.3715,0.003504,0,Within synthetic screening pattern
LOT-001,L001-P082,10.4791,10.6246,11.0606,11.3806,10.510959595959594,2.7351289711008024,-0.011648297501222057,0.041548462701803866,0.20095593657479113,0.3179522476742303,0.006062,0.00525,0,0,0,-0.1562,11.2301,0.00447,0,Within synthetic screening pattern
LOT-001,L001-P083,11.3037,11.6589,11.8281,11.9441,10.510959595959594,2.7351289711008024,0.28983657166314614,0.41970247698352425,0.481564276477353,0.5239754392509004,0.0148,0.001981,0,0,0,-0.0749,12.3071,0.005973,0,Within synthetic screening pattern
LOT-001,L001-P084,9.7926,10.0552,10.1242,10.1329,10.510959595959594,2.7351289711008024,-0.2626419461567391,-0.16663184836076167,-0.14140451877994467,-0.13822368157192894,0.010942,0.00054,0,0,0,-0.1633,10.3173,0.003123,0,Within synthetic screening pattern
LOT-001,L001-P085,10.3944,10.5025,10.8017,10.8697,10.510959595959594,2.7351289711008024,-0.04261575859535558,-0.003092942252075982,0.10629860862590046,0.13116032473453126,0.004504,0.00255,0,0,0,-0.1586,10.8995,0.003007,0,Within synthetic screening pattern
LOT-001,L001-P086,11.3134,11.4875,11.7092,11.9388,10.510959595959594,2.7351289711008024,0.29338302234334807,0.3570363278508874,0.4380928346344674,0.522037687848316,0.007254,0.003134,0,0,0,-0.0925,11.9658,0.003883,0,Within synthetic screening pattern
LOT-001,L001-P087,9.4811,9.6519,10.0257,10.0663,10.510959595959594,2.7351289711008024,-0.3765305427426001,-0.31408376169327423,-0.17741744579024082,-0.16257353881949957,0.007117,0.002878,0,0,0,-0.1514,10.1384,0.003913,0,Within synthetic screening pattern
LOT-001,L001-P088,9.7926,11.4574,15.5832,22.0822,10.510959595959594,2.7351289711008024,-0.2626419461567391,0.346031362338096,1.85447942588206,4.230601381617244,0.069367,0.073783,0,1,1,0.037,21.2426,0.068155,1,Dynamic lot outlier + projected drift above safety slope
LOT-001,L001-P089,11.1162,11.3212,11.5398,11.5799,10.510959595959594,2.7351289711008024,0.2212840456283182,0.2962348074263968,0.37615791244620167,0.39081901268085045,0.008542,0.001797,0,0,0,-0.1147,11.709,0.003529,0,Within synthetic screening pattern
LOT-001,L001-P090,10.2429,10.464,10.7852,10.8727,10.510959595959594,2.7351289711008024,-0.09800619963149608,-0.01716906093122699,0.10026598633483537,0.13225716515108857,0.009212,0.002838,0,0,0,-0.1634,10.843,0.003572,0,Within synthetic screening pattern
LOT-001,L001-P091,9.6497,9.8054,10.0796,10.4843,10.510959595959594,2.7351289711008024,-0.31488811133208294,-0.25796209371276135,-0.1577108796394294,-0.009747107445856697,0.006488,0.004715,0,0,0,-0.161,10.3089,0.003924,0,Within synthetic screening pattern
LOT-001,L001-P092,10.9054,11.0908,11.5468,11.9224,10.510959595959594,2.7351289711008024,0.14421272569156263,0.21199746343480036,0.3787172067515018,0.5160416269044693,0.007725,0.005775,0,0,0,-0.1298,11.7547,0.005055,0,Within synthetic screening pattern
LOT-001,L001-P093,9.5292,9.6877,10.0866,10.3744,10.510959595959594,2.7351289711008024,-0.35894453473046567,-0.3009947993890244,-0.15515158533412862,-0.049928028039070406,0.006604,0.004769,0,0,0,-0.1518,10.1746,0.003842,0,Within synthetic screening pattern
LOT-001,L001-P094,10.8298,10.8691,11.0007,10.9968,10.510959595959594,2.7351289711008024,0.11657234719432011,0.1309409566512197,0.1790556895908645,0.17762979704934015,0.001637,0.000887,0,0,0,-0.1308,11.122,0.001739,0,Within synthetic screening pattern
LOT-001,L001-P095,10.2928,10.2991,10.5005,10.8339,10.510959595959594,2.7351289711008024,-0.0797620873694275,-0.07745872249465746,-0.003824169196447075,0.11807136243028142,0.000262,0.003714,0,0,0,-0.1489,10.7636,0.002802,0,Within synthetic screening pattern
LOT-001,L001-P096,9.102,9.2775,9.5659,9.7627,10.510959595959594,2.7351289711008024,-0.5151346100482174,-0.4509694456796186,-0.34552652030124875,-0.2735737889750928,0.007312,0.003369,0,0,0,-0.1127,9.7719,0.003988,0,Within synthetic screening pattern
LOT-001,L001-P097,10.8699,10.9347,11.1724,11.3648,10.510959595959594,2.7351289711008024,0.13123344742896825,0.1549252004266048,0.24183152276515746,0.31217555481369597,0.0027,0.002987,0,0,0,-0.1317,11.343,0.002816,0,Within synthetic screening pattern
LOT-001,L001-P098,10.3969,10.5018,10.7004,10.7944,10.510959595959594,2.7351289711008024,-0.04170172491489074,-0.003348871682606059,0.069261963893484,0.10362963027894422,0.004371,0.002032,0,0,0,-0.1581,10.8699,0.002815,0,Within synthetic screening pattern
LOT-001,L001-P099,11.4533,11.6077,11.813,11.9655,10.510959595959594,2.7351289711008024,0.3445323471021347,0.400983067207614,0.4760435130473487,0.5317995675556754,0.006433,0.002485,0,0,0,-0.079,12.0151,0.003344,0,Within synthetic screening pattern
LOT-001,L001-P100,9.8359,10.8129,13.4903,16.9125,10.510959595959594,2.7351289711008024,-0.246810882811096,0.11039347951438105,1.0892869899445055,2.340489414458577,0.040708,0.042358,0,1,0,-0.0635,19.1827,0.055636,1,Projected 168h drift above safety slope
LOT-002,L002-P001,9.0758,9.2115,9.3417,9.7381,10.426087878787877,4.889778743487249,-0.2761449852074271,-0.24839321828326097,-0.22176624662868147,-0.14069918392610636,0.005654,0.003657,0,0,0,-0.1304,9.6264,0.003277,0,Within synthetic screening pattern
LOT-002,L002-P002,9.6837,11.2831,15.0389,18.3251,10.426087878787877,4.889778743487249,-0.15182443168347273,0.17526603271233615,0.9433580460784609,1.6154129942449653,0.066642,0.048903,0,1,0,-0.0026,18.7402,0.053908,1,Projected 168h drift above safety slope
LOT-002,L002-P003,10.2828,10.4132,10.5895,10.8475,10.426087878787877,4.889778743487249,-0.029303550590857264,-0.0026356772901110783,0.033419123805913026,0.08618224736107061,0.005433,0.003016,0,0,0,-0.1636,10.8621,0.003448,0,Within synthetic screening pattern
LOT-002,L002-P004,9.4559,9.4517,9.5502,9.8869,10.426087878787877,4.889778743487249,-0.19841140666744508,-0.19927034123694745,-0.1791262804998041,-0.1102683591780153,-0.000175,0.003022,0,0,0,-0.1304,9.8501,0.002346,0,Within synthetic screening pattern
LOT-002,L002-P005,10.2828,10.3838,10.6366,10.9335,10.426087878787877,4.889778743487249,-0.029303550590857264,-0.008648219276628805,0.04305146147819184,0.1037699552127898,0.004208,0.003817,0,0,0,-0.1613,10.8755,0.003528,0,Within synthetic screening pattern
LOT-002,L002-P006,9.5639,9.6675,9.7568,9.9772,10.426087878787877,4.889778743487249,-0.1763245177373791,-0.15513746502298253,-0.13687488000951145,-0.09180126593371038,0.004317,0.002151,0,0,0,-0.1586,10.0795,0.003069,0,Within synthetic screening pattern
LOT-002,L002-P007,9.5206,9.6968,9.8406,9.9752,10.426087878787877,4.889778743487249,-0.1851797241324889,-0.14914537385954815,-0.11973709026562697,-0.0922102823953784,0.007342,0.001933,0,0,0,-0.1606,10.0945,0.003416,0,Within synthetic screening pattern
LOT-002,L002-P008,10.8963,11.1469,11.3961,11.7441,10.426087878787877,4.889778743487249,0.09616224902576703,0.14741201167275333,0.19837546279657203,0.2695443271267841,0.010442,0.004147,0,0,0,-0.132,11.654,0.00451,0,Within synthetic screening pattern
LOT-002,L002-P009,11.4008,12.9462,16.3096,19.7561,10.426087878787877,4.889778743487249,0.19933665148149152,0.5153836714122674,1.2032266549991526,1.9080642725683385,0.064392,0.047291,0,1,1,0.0757,20.3049,0.053001,1,Dynamic lot outlier + projected drift above safety slope
LOT-002,L002-P010,10.4026,10.6942,10.8133,10.8219,10.426087878787877,4.889778743487249,-0.004803464536950912,0.054831135574227134,0.0791880658665497,0.0809468366517215,0.01215,0.000887,0,0,0,-0.1546,11.1527,0.004465,0,Within synthetic screening pattern
LOT-002,L002-P011,10.3488,10.4169,10.7232,10.8581,10.426087878787877,4.889778743487249,-0.015806007355816852,-0.001878996836025435,0.060761874268411474,0.08835003460791044,0.002837,0.003064,0,0,0,-0.1569,10.8686,0.003094,0,Within synthetic screening pattern
LOT-002,L002-P012,9.3002,9.4139,9.6094,9.5591,10.426087878787877,4.889778743487249,-0.23025333820828997,-0.20700075236247067,-0.16701939323443454,-0.1773061572453819,0.004737,0.001008,0,0,0,-0.1506,9.8734,0.003412,0,Within synthetic screening pattern
LOT-002,L002-P013,10.1604,10.3213,10.4805,10.6228,10.426087878787877,4.889778743487249,-0.054335358044932086,-0.021429983703750266,0.011127726645013204,0.04022924789268346,0.006704,0.002094,0,0,0,-0.1663,10.6851,0.003123,0,Within synthetic screening pattern
LOT-002,L002-P014,10.2123,10.4346,10.7053,11.1097,10.426087878787877,4.889778743487249,-0.04372138086465009,0.0017407988497352821,0.0571011769364837,0.13980430548573056,0.009262,0.004688,0,0,0,-0.1632,10.9804,0.004572,0,Within synthetic screening pattern
LOT-002,L002-P015,10.8468,10.9737,11.2808,11.4045,10.426087878787877,4.889778743487249,0.08603909159948682,0.11199118609231405,0.1747956637814181,0.20009333193557716,0.005287,0.002992,0,0,0,-0.1413,11.4267,0.003452,0,Within synthetic screening pattern
LOT-002,L002-P016,8.3328,8.4761,8.6955,8.743,10.426087878787877,4.889778743487249,-0.4280946007170467,-0.3987885712385426,-0.35391946539357577,-0.3442053244289632,0.005971,0.001853,0,0,0,-0.0413,9.0382,0.004199,0,Within synthetic screening pattern
LOT-002,L002-P017,10.2434,10.4181,10.547,10.6818,10.426087878787877,4.889778743487249,-0.03736117488571475,-0.0016335869590245484,0.02472752399547071,0.05229523351188633,0.007279,0.001831,0,0,0,-0.1643,10.8204,0.003435,0,Within synthetic screening pattern
LOT-002,L002-P018,9.6926,9.8244,10.1505,10.4611,10.426087878787877,4.889778743487249,-0.15000430842905052,-0.12305012360513676,-0.05635998953018813,0.007160266966834866,0.005492,0.004422,0,0,0,-0.1654,10.2854,0.003529,0,Within synthetic screening pattern
LOT-002,L002-P019,10.2243,10.2065,10.3768,10.6345,10.426087878787877,4.889778743487249,-0.041267282094643046,-0.04490752860348711,-0.010079776892466705,0.04262199419344047,-0.000742,0.002972,0,0,0,-0.1407,10.6723,0.002667,0,Within synthetic screening pattern
LOT-002,L002-P020,9.5087,9.7023,9.9613,10.2101,10.426087878787877,4.889778743487249,-0.18761337207941298,-0.14802057858996154,-0.09505294680397013,-0.04417129897248481,0.008067,0.003526,0,0,0,-0.1612,10.1973,0.004099,0,Within synthetic screening pattern
LOT-002,L002-P021,10.8178,11.0248,11.2336,11.3848,10.426087878787877,4.889778743487249,0.08010835290530248,0.1224415566879289,0.16514287528605595,0.1960645197881484,0.008625,0.0025,0,0,0,-0.1423,11.4694,0.003879,0,Within synthetic screening pattern
LOT-002,L002-P022,9.3403,9.5637,9.9172,9.8964,10.426087878787877,4.889778743487249,-0.22205255815184907,-0.17636541938354577,-0.10407175978374708,-0.108325530985093,0.009308,0.00231,0,0,0,-0.158,9.9295,0.003507,0,Within synthetic screening pattern
LOT-002,L002-P023,9.9226,10.1987,10.4079,10.4041,10.426087878787877,4.889778743487249,-0.10296741533724382,-0.04650269280399178,-0.0037195709135309954,-0.004496702190699985,0.011504,0.001426,0,0,0,-0.1634,10.4904,0.00338,0,Within synthetic screening pattern
LOT-002,L002-P024,8.9178,9.1819,9.3475,9.3895,10.426087878787877,4.889778743487249,-0.30845728567919,-0.2544466619159454,-0.22058009888984448,-0.2119907531948189,0.011004,0.001442,0,0,0,-0.1234,9.6551,0.004389,0,Within synthetic screening pattern
LOT-002,L002-P025,9.6696,9.9159,9.9448,10.1684,10.426087878787877,4.889778743487249,-0.15470799773823116,-0.10433762048383095,-0.09842733261272996,-0.052699292198260354,0.010262,0.001753,0,0,0,-0.1625,10.2594,0.003511,0,Within synthetic screening pattern
LOT-002,L002-P026,10.2237,10.4169,10.7238,10.8363,10.426087878787877,4.889778743487249,-0.041389987033143484,-0.001878996836025435,0.06088457920691191,0.08389175517573033,0.00805,0.002912,0,0,0,-0.1628,10.8371,0.003651,0,Within synthetic screening pattern
LOT-002,L002-P027,9.3639,9.5945,10.0716,10.2898,10.426087878787877,4.889778743487249,-0.217226163904168,-0.1700665658738605,-0.07249568894298607,-0.027871992975019726,0.009608,0.004828,0,0,0,-0.157,10.1471,0.004662,0,Within synthetic screening pattern
LOT-002,L002-P028,9.84,9.9327,10.101,10.452,10.426087878787877,4.889778743487249,-0.11985979520412741,-0.10090188220582072,-0.06648314695646798,0.005299242066245959,0.003863,0.003606,0,0,0,-0.1632,10.462,0.003702,0,Within synthetic screening pattern
LOT-002,L002-P029,9.9529,10.2159,10.4149,10.5879,10.426087878787877,4.889778743487249,-0.09677081594297525,-0.04298515123364816,-0.002288013297693458,0.03309191063657876,0.010958,0.002583,0,0,0,-0.1652,10.6426,0.004105,0,Within synthetic screening pattern
LOT-002,L002-P030,8.9393,9.0851,9.2798,9.5762,10.426087878787877,4.889778743487249,-0.3040603587162603,-0.2742430586606711,-0.2344253061173025,-0.17380906649812164,0.006075,0.00341,0,0,0,-0.1213,9.567,0.003736,0,Within synthetic screening pattern
LOT-002,L002-P031,10.3725,10.5856,11.0232,11.1459,10.426087878787877,4.889778743487249,-0.01095916228505243,0.032621541705660693,0.12211434351859426,0.14720750344191913,0.008879,0.003891,0,0,0,-0.1589,11.0475,0.004018,0,Within synthetic screening pattern
LOT-002,L002-P032,8.7441,8.9377,9.2713,9.3822,10.426087878787877,4.889778743487249,-0.343980365375046,-0.30438757188559457,-0.23616362607939095,-0.21348366327990684,0.008067,0.003087,0,0,0,-0.1118,9.3981,0.003893,0,Within synthetic screening pattern
LOT-002,L002-P033,7.9512,8.1536,8.2911,8.7356,10.426087878787877,4.889778743487249,-0.5061349416032797,-0.46474247568248933,-0.43662259394282227,-0.3457186853371345,0.008433,0.004042,0,0,1,0.0069,8.6446,0.004127,0,Dynamic lot-relative outlier
LOT-002,L002-P034,49.8261,67.1473,85.6243,113.6473,10.426087878787877,4.889778743487249,8.057626773745016,11.599954741665917,15.378653322784688,21.109587475444282,0.721717,0.322917,1,1,1,0.3149,113.5346,0.379217,1,Dynamic lot outlier + projected drift above safety slope
LOT-002,L002-P035,9.7527,9.8694,10.1666,10.5548,10.426087878787877,4.889778743487249,-0.13771336375593046,-0.11384725321760931,-0.05306740701376132,0.026322688195975386,0.004862,0.00476,0,0,0,-0.1647,10.3978,0.00384,0,Within synthetic screening pattern
LOT-002,L002-P036,10.6455,10.8402,11.1002,11.2912,10.426087878787877,4.889778743487249,0.04487158473261405,0.08468933727598267,0.1378614772928079,0.17692254938209123,0.008112,0.003132,0,0,0,-0.1495,11.2556,0.003632,0,Within synthetic screening pattern
LOT-002,L002-P037,10.2312,10.4156,10.7751,10.8058,10.426087878787877,4.889778743487249,-0.039856175301888855,-0.0021448575361096684,0.0713758514486931,0.07765425413529506,0.007683,0.00271,0,0,0,-0.1626,10.8478,0.00367,0,Within synthetic screening pattern
LOT-002,L002-P038,10.7806,11.9158,16.0215,19.0378,10.426087878787877,4.889778743487249,0.07250064671827972,0.3046583903609725,1.1443078336958936,1.7611660103603173,0.0473,0.049458,0,1,1,0.0059,19.368,0.051115,1,Dynamic lot outlier + projected drift above safety slope
LOT-002,L002-P039,10.2834,10.2778,10.5048,10.7676,10.426087878787877,4.889778743487249,-0.02918084565235682,-0.03032609174502714,0.01609727665427807,0.06984203971743846,-0.000233,0.003401,0,0,0,-0.1457,10.7258,0.002633,0,Within synthetic screening pattern
LOT-002,L002-P040,9.4113,9.7248,9.9489,9.9985,10.426087878787877,4.889778743487249,-0.20753247376263878,-0.14341914339619763,-0.09758884886631093,-0.08744524061694736,0.013062,0.001901,0,0,0,-0.1498,10.4934,0.006441,0,Within synthetic screening pattern
LOT-002,L002-P041,9.6529,9.7274,10.0578,10.2421,10.426087878787877,4.889778743487249,-0.15812328519315805,-0.14288742199602952,-0.07531790252849445,-0.037627035585798614,0.003104,0.003574,0,0,0,-0.1609,10.1925,0.003212,0,Within synthetic screening pattern
LOT-002,L002-P042,11.0151,11.2852,11.5084,11.5977,10.426087878787877,4.889778743487249,0.12045782684883956,0.17569549999708753,0.22134173711922375,0.23960432213269484,0.011254,0.00217,0,0,0,-0.1231,11.6838,0.00398,0,Within synthetic screening pattern
LOT-002,L002-P043,9.6583,11.0537,13.6879,19.3127,10.426087878787877,4.889778743487249,-0.1570189407466548,0.12835184455902954,0.6670674262218035,1.817385323016568,0.058142,0.057354,0,1,0,-0.028,19.3258,0.057545,1,Projected 168h drift above safety slope
LOT-002,L002-P044,9.774,9.9448,10.2103,10.6673,10.426087878787877,4.889778743487249,-0.13335733843916783,-0.09842733261272996,-0.04413039732631811,0.0493298641647938,0.007117,0.005017,0,0,0,-0.1668,10.5105,0.004384,0,Within synthetic screening pattern
LOT-002,L002-P045,8.8451,10.4206,13.8272,18.6625,10.426087878787877,4.889778743487249,-0.3233250340608176,-0.0011223163819397916,0.6955554227769716,1.6844140713283384,0.065646,0.057235,0,1,1,0.0102,19.0307,0.060629,1,Dynamic lot outlier + projected drift above safety slope
LOT-002,L002-P046,10.5726,10.5867,10.8024,10.9653,10.426087878787877,4.889778743487249,0.02996293470481945,0.032846500759578234,0.07695892615045982,0.11027331695330893,0.000588,0.002629,0,0,0,-0.1396,11.0086,0.002595,0,Within synthetic screening pattern
LOT-002,L002-P047,9.5478,9.77,10.1033,10.1707,10.426087878787877,4.889778743487249,-0.17961710025380553,-0.13417537136250351,-0.06601277802554992,-0.05222892326734229,0.009258,0.002783,0,0,0,-0.1629,10.2379,0.004108,0,Within synthetic screening pattern
LOT-002,L002-P048,10.3447,10.6264,10.9486,11.0357,10.426087878787877,4.889778743487249,-0.016644491102236248,0.040965477523685755,0.10685802949838241,0.12467069640401877,0.011738,0.002842,0,0,0,-0.1566,11.2367,0.00531,0,Within synthetic screening pattern
LOT-002,L002-P049,36.7698,52.769,65.4472,92.4603,10.426087878787877,4.889778743487249,5.3875059595078,8.659474046266228,11.25227029842513,16.776671588765524,0.666633,0.275634,1,1,1,0.2958,90.4652,0.319615,1,Dynamic lot outlier + projected drift above safety slope
LOT-002,L002-P050,9.4814,9.6314,9.9525,10.1969,10.426087878787877,4.889778743487249,-0.19319644678117934,-0.1625202121560881,-0.09685261923530863,-0.04687080761949311,0.00625,0.003927,0,0,0,-0.1614,10.1048,0.003711,0,Within synthetic screening pattern
LOT-002,L002-P051,10.8664,10.9659,11.1501,11.2564,10.426087878787877,4.889778743487249,0.0900474529238322,0.11039602189180937,0.14806643801142186,0.16980566294906987,0.004146,0.002017,0,0,0,-0.1397,11.3285,0.002751,0,Within synthetic screening pattern
LOT-002,L002-P052,9.8972,9.9771,10.3195,10.501,10.426087878787877,4.889778743487249,-0.10816192440042587,-0.09182171675679372,-0.0217980985192516,0.01532014537710908,0.003329,0.003638,0,0,0,-0.163,10.4691,0.003404,0,Within synthetic screening pattern
LOT-002,L002-P053,8.7464,8.8611,9.2427,9.2674,10.426087878787877,4.889778743487249,-0.34350999644412794,-0.32005290236747447,-0.24201256148124192,-0.2369612081796433,0.004779,0.002822,0,0,0,-0.1061,9.2405,0.002941,0,Within synthetic screening pattern
LOT-002,L002-P054,8.7178,9.0382,9.08,9.4497,10.426087878787877,4.889778743487249,-0.34935893184597855,-0.28383449468678323,-0.27528605063792433,-0.19967935769861547,0.01335,0.002858,0,0,0,-0.0921,9.4872,0.00458,0,Within synthetic screening pattern
LOT-002,L002-P055,10.3712,10.5487,10.7652,11.0998,10.426087878787877,4.889778743487249,-0.011225022985136663,0.025075187987888332,0.06935121996343706,0.1377796740004745,0.007396,0.003827,0,0,0,-0.1611,10.9872,0.003667,0,Within synthetic screening pattern
LOT-002,L002-P056,9.8838,11.3172,14.333,17.8208,10.426087878787877,4.889778743487249,-0.1109023346936005,0.18223976338377373,0.7989956859327803,1.5122794934354076,0.059725,0.045164,0,1,0,-0.0266,18.1471,0.049186,1,Projected 168h drift above safety slope
LOT-002,L002-P057,8.4024,8.5838,8.8686,9.0146,10.426087878787877,4.889778743487249,-0.41386082785100436,-0.37676303477772705,-0.31851909063621986,-0.2886608889344643,0.007558,0.002992,0,0,0,-0.0615,9.0169,0.003658,0,Within synthetic screening pattern
LOT-002,L002-P058,50.5431,59.7206,78.3683,96.6716,10.426087878787877,4.889778743487249,8.204259175252954,10.081133463731469,13.894741599853594,17.63791710127651,0.382396,0.256604,1,1,1,0.2989,96.6246,0.274295,1,Dynamic lot outlier + projected drift above safety slope
LOT-002,L002-P059,9.0864,9.3488,9.646,9.8716,10.426087878787877,4.889778743487249,-0.2739771979605872,-0.22031423818976023,-0.15953439198591224,-0.11339733510977461,0.010933,0.003631,0,0,0,-0.1419,9.7989,0.004241,0,Within synthetic screening pattern
LOT-002,L002-P060,10.3792,10.4789,10.7799,10.9641,10.426087878787877,4.889778743487249,-0.009588957138464933,0.01080051347567893,0.07235749095669591,0.11002790707630841,0.004154,0.003369,0,0,0,-0.1569,10.8987,0.003092,0,Within synthetic screening pattern
LOT-002,L002-P061,10.2499,10.3799,10.6325,10.8843,10.426087878787877,4.889778743487249,-0.03603187138529394,-0.009445801376881505,0.04221297773177281,0.09370815025575961,0.005417,0.003503,0,0,0,-0.1638,10.8445,0.003539,0,Within synthetic screening pattern
LOT-002,L002-P062,9.125,10.5282,13.5189,17.8814,10.426087878787877,4.889778743487249,-0.2660831802503969,0.020882769255792456,0.632505535210867,1.5246726922239449,0.058467,0.051064,0,1,0,-0.0145,18.1072,0.053465,1,Projected 168h drift above safety slope
LOT-002,L002-P063,10.6425,10.7518,11.0592,11.0838,10.426087878787877,4.889778743487249,0.04425806004011219,0.06661080967026206,0.1294766398286165,0.1345075423071314,0.004554,0.002306,0,0,0,-0.149,11.2195,0.003435,0,Within synthetic screening pattern
LOT-002,L002-P064,10.0199,10.2147,10.3789,10.6489,10.426087878787877,4.889778743487249,-0.083068764477101,-0.043230561110648685,-0.009650309607715336,0.04556691271744929,0.008117,0.003015,0,0,0,-0.1652,10.7017,0.004058,0,Within synthetic screening pattern
LOT-002,L002-P065,10.1038,10.9552,14.448,19.5369,10.426087878787877,4.889778743487249,-0.06591052391013319,0.1082077838218862,0.8225141324786838,1.8632360683695381,0.035475,0.059595,0,1,0,-0.0616,19.0829,0.053447,1,Projected 168h drift above safety slope
LOT-002,L002-P066,8.5426,8.6944,8.9686,9.1866,10.426087878787877,4.889778743487249,-0.3851887738880855,-0.35414442444749294,-0.29806826755282556,-0.25348547323102594,0.006325,0.003418,0,0,0,-0.0842,9.1894,0.00385,0,Within synthetic screening pattern
LOT-002,L002-P067,9.412,9.5418,9.9731,10.2438,10.426087878787877,4.889778743487249,-0.20738931800105498,-0.18084414963880924,-0.0926397496801294,-0.037279371593380996,0.005408,0.004875,0,0,0,-0.1576,10.0719,0.003928,0,Within synthetic screening pattern
LOT-002,L002-P068,9.2449,9.3379,9.6808,9.7045,10.426087878787877,4.889778743487249,-0.2415626433734072,-0.22254337790585046,-0.15241750555289124,-0.14757066048212683,0.003875,0.002546,0,0,0,-0.1465,9.7062,0.002746,0,Within synthetic screening pattern
LOT-002,L002-P069,10.4977,12.215,14.9887,21.3145,10.426087878787877,4.889778743487249,0.014645268215357186,0.36584725302648813,0.9330917328905969,2.226769899499956,0.071554,0.063191,0,1,1,0.0303,20.3259,0.058501,1,Dynamic lot outlier + projected drift above safety slope
LOT-002,L002-P070,9.7883,9.8614,10.1494,10.4105,10.426087878787877,4.889778743487249,-0.13043287073824233,-0.11548331906428105,-0.0565849485841053,-0.0031878495133625287,0.003046,0.003813,0,0,0,-0.1612,10.3495,0.00334,0,Within synthetic screening pattern
LOT-002,L002-P071,10.602,10.867,11.0717,11.3349,10.426087878787877,4.889778743487249,0.03597547669133754,0.09017015786233265,0.13203299271404065,0.18585955906953444,0.011042,0.003249,0,0,0,-0.1477,11.3565,0.004491,0,Within synthetic screening pattern
LOT-002,L002-P072,9.9732,10.1698,10.447,10.5193,10.426087878787877,4.889778743487249,-0.09261929885704606,-0.05241298067509277,0.004276700912076083,0.01906264600137024,0.008192,0.002427,0,0,0,-0.1663,10.6082,0.00378,0,Within synthetic screening pattern
LOT-002,L002-P073,9.9857,10.1486,10.5115,10.7035,10.426087878787877,4.889778743487249,-0.09006294597162191,-0.05674855516877244,0.01746748180086557,0.05673306212098273,0.006788,0.003853,0,0,0,-0.1668,10.6343,0.003861,0,Within synthetic screening pattern
LOT-002,L002-P074,10.3466,10.4853,10.7449,10.8987,10.426087878787877,4.889778743487249,-0.01625592546365157,0.012109366153016386,0.06519970287750787,0.09665306877976844,0.005779,0.002871,0,0,0,-0.161,10.9547,0.00362,0,Within synthetic screening pattern
LOT-002,L002-P075,8.8925,9.1747,9.3986,9.6121,10.426087878787877,4.889778743487249,-0.3136313439192887,-0.25591912117795,-0.21012972829423,-0.1664672210111831,0.011758,0.003038,0,0,0,-0.1207,9.6415,0.004458,0,Within synthetic screening pattern
LOT-002,L002-P076,10.72,10.9158,11.2689,11.3204,10.426087878787877,4.889778743487249,0.06010744792974292,0.10015015952702908,0.1723620158344944,0.18289418972244226,0.008158,0.00281,0,0,0,-0.1446,11.3837,0.003951,0,Within synthetic screening pattern
LOT-002,L002-P077,8.6672,8.894,9.2153,9.42,10.426087878787877,4.889778743487249,-0.35970704832617634,-0.3133245815730378,-0.24761608700609197,-0.20575325215438361,0.00945,0.003653,0,0,0,-0.1082,9.4341,0.004565,0,Within synthetic screening pattern
LOT-002,L002-P078,9.2781,9.5708,10.0507,10.2144,10.426087878787877,4.889778743487249,-0.23477297010972012,-0.1749134109446249,-0.07676991096741534,-0.04329191357989909,0.012196,0.004469,0,0,0,-0.1498,10.1017,0.004902,0,Within synthetic screening pattern
LOT-002,L002-P079,8.4232,8.4625,8.6252,8.9046,10.426087878787877,4.889778743487249,-0.40960705664965846,-0.40156988317788433,-0.3682963940212019,-0.31115679432619797,0.001638,0.00307,0,0,0,-0.026,8.871,0.002665,0,Within synthetic screening pattern
LOT-002,L002-P080,8.6708,8.7773,8.9269,9.0502,10.426087878787877,4.889778743487249,-0.358970818695174,-0.33719069211135894,-0.30659626077860114,-0.2813803959167758,0.004438,0.001895,0,0,0,-0.0907,9.1304,0.002736,0,Within synthetic screening pattern
LOT-002,L002-P081,8.2383,9.7179,12.6544,18.9793,10.426087878787877,4.889778743487249,-0.44742062853085435,-0.14483025018895182,0.455708169654923,1.7492022788565311,0.06165,0.064315,0,1,1,0.0291,18.2961,0.059868,1,Dynamic lot outlier + projected drift above safety slope
LOT-002,L002-P082,8.7715,8.9382,9.1056,9.5366,10.426087878787877,4.889778743487249,-0.33837683985019595,-0.3042853177701775,-0.27005063992857525,-0.1819075924391458,0.006946,0.004156,0,0,0,-0.1068,9.4338,0.003942,0,Within synthetic screening pattern
LOT-002,L002-P083,9.1704,9.3637,9.663,9.8919,10.426087878787877,4.889778743487249,-0.2567985065705357,-0.21726706555033468,-0.1560577520617353,-0.10924581802384578,0.008054,0.003668,0,0,0,-0.1494,9.8437,0.004008,0,Within synthetic screening pattern
LOT-002,L002-P084,11.4602,11.5988,11.7889,12.0445,10.426087878787877,4.889778743487249,0.21148444039302777,0.23982928118661237,0.2787062958681449,0.33097859966930065,0.005775,0.003095,0,0,0,-0.0975,12.0352,0.003423,0,Within synthetic screening pattern
LOT-002,L002-P085,9.2006,9.4942,9.6871,9.8039,10.426087878787877,4.889778743487249,-0.25062235799935084,-0.19057874142650513,-0.1511291036986375,-0.12724254233723264,0.012233,0.002151,0,0,0,-0.145,9.8467,0.003846,0,Within synthetic screening pattern
LOT-002,L002-P086,10.0039,10.1274,10.3071,10.7428,10.426087878787877,4.889778743487249,-0.0863408961704441,-0.06108412966245211,-0.024334000581592397,0.06477023559275687,0.005146,0.004274,0,0,0,-0.1628,10.6715,0.003974,0,Within synthetic screening pattern
LOT-002,L002-P087,10.3463,10.4772,10.6885,10.9171,10.426087878787877,4.889778743487249,-0.016317277932901973,0.01045284948326131,0.053665438658473466,0.10041602022711295,0.005454,0.003055,0,0,0,-0.1601,10.9259,0.00345,0,Within synthetic screening pattern
LOT-002,L002-P088,9.9033,10.0153,10.2758,10.3009,10.426087878787877,4.889778743487249,-0.10691442419233882,-0.08400950233893713,-0.0307351082066948,-0.025601951612762797,0.004667,0.001983,0,0,0,-0.1654,10.4001,0.002957,0,Within synthetic screening pattern
LOT-002,L002-P089,8.7348,8.9121,9.3416,9.4898,10.426087878787877,4.889778743487249,-0.34588229192180164,-0.3096229825949433,-0.22178669745176482,-0.1914785776421742,0.007388,0.004012,0,0,0,-0.1128,9.4284,0.004129,0,Within synthetic screening pattern
LOT-002,L002-P090,9.8221,9.7236,9.8866,10.2072,10.426087878787877,4.889778743487249,-0.12352049253605482,-0.14366455327319852,-0.1103297116472657,-0.044764372841903315,-0.004104,0.003358,0,0,0,-0.1308,10.2174,0.002353,0,Within synthetic screening pattern
LOT-002,L002-P091,9.9097,10.1442,10.5789,10.8373,10.426087878787877,4.889778743487249,-0.10560557151500136,-0.057648391384441874,0.031251336559073556,0.08409626340656452,0.009771,0.004813,0,0,0,-0.166,10.6421,0.00436,0,Within synthetic screening pattern
LOT-002,L002-P092,9.394,9.6487,9.9409,10.1814,10.426087878787877,4.889778743487249,-0.21107046615606612,-0.15898221976266078,-0.09922491471298266,-0.05004068519741911,0.010612,0.003699,0,0,0,-0.1596,10.1203,0.004323,0,Within synthetic screening pattern
LOT-002,L002-P093,10.1827,10.448,10.815,11.1532,10.426087878787877,4.889778743487249,-0.04977482449733488,0.0044812091429102755,0.07953572985896731,0.14870041352700708,0.011054,0.004897,0,0,0,-0.161,11.02,0.004984,0,Within synthetic screening pattern
LOT-002,L002-P094,10.134,10.2844,10.451,10.5821,10.426087878787877,4.889778743487249,-0.05973437533894796,-0.02897633742152299,0.005094733835412129,0.03190576289774211,0.006267,0.002067,0,0,0,-0.1667,10.6568,0.003112,0,Within synthetic screening pattern
LOT-002,L002-P095,10.0211,10.2034,10.5813,10.8004,10.426087878787877,4.889778743487249,-0.08282335460010012,-0.045541504119072304,0.03174215631307497,0.0765499096887918,0.007596,0.004146,0,0,0,-0.1661,10.7771,0.0045,0,Within synthetic screening pattern
LOT-002,L002-P096,9.6919,9.9322,10.0471,10.3966,10.426087878787877,4.889778743487249,-0.15014746419063432,-0.10100413632123782,-0.07750614059841764,-0.006030513921954619,0.010012,0.003225,0,0,0,-0.1662,10.4036,0.004236,0,Within synthetic screening pattern
LOT-002,L002-P097,9.8146,10.0146,10.4223,10.6128,10.426087878787877,4.889778743487249,-0.12505430426730946,-0.08415265810052093,-0.0007746523895221716,0.038184165584344065,0.008333,0.004154,0,0,0,-0.1659,10.3836,0.003387,0,Within synthetic screening pattern
LOT-002,L002-P098,9.8626,10.0567,10.3475,10.5289,10.426087878787877,4.889778743487249,-0.11523790918728016,-0.075542861582412,-0.016071868055901085,0.021025925017376244,0.008087,0.003279,0,0,0,-0.1649,10.5328,0.003989,0,Within synthetic screening pattern
LOT-002,L002-P099,9.3607,9.5514,9.7314,10.0509,10.426087878787877,4.889778743487249,-0.21788059024283654,-0.1788808706228036,-0.14206938907269348,-0.07672900932124864,0.007946,0.003469,0,0,0,-0.1589,9.993,0.003764,0,Within synthetic screening pattern
LOT-002,L002-P100,8.5396,10.2112,14.6581,21.0492,10.426087878787877,4.889778743487249,-0.38580229858058734,-0.04394633991856763,0.865481311776895,2.1725138658597105,0.06965,0.075264,0,1,1,0.0353,20.1448,0.069079,1,Dynamic lot outlier + projected drift above safety slope
LOT-003,L003-P001,10.1999,10.3378,10.5747,10.5712,10.368112000000002,3.2377503473825393,-0.05195335710055227,-0.009362055979549791,0.06380603129793747,0.06272503380755648,0.005746,0.001621,0,0,0,-0.1652,10.6606,0.002742,0,Within synthetic screening pattern
LOT-003,L003-P002,9.6879,10.0184,10.1236,10.1037,10.368112000000002,3.2377503473825393,-0.21008784712196776,-0.10801079838744085,-0.07551910239085306,-0.08166534526473225,0.013771,0.000592,0,0,0,-0.1554,10.328,0.00381,0,Within synthetic screening pattern
LOT-003,L003-P003,10.3562,10.6151,10.9773,11.3084,10.368112000000002,3.2377503473825393,-0.0036790977444052346,0.07628383090118981,0.1881516283343085,0.29041399092432996,0.010788,0.004815,0,0,0,-0.1559,11.2037,0.005045,0,Within synthetic screening pattern
LOT-003,L003-P004,10.357,10.5291,10.9638,11.0567,10.368112000000002,3.2377503473825393,-0.0034320126037467994,0.049722178280405024,0.18398206658569735,0.21267482854466083,0.007171,0.003664,0,0,0,-0.1585,10.9485,0.003521,0,Within synthetic screening pattern
LOT-003,L003-P005,10.4945,10.658,10.8369,10.97,10.368112000000002,3.2377503473825393,0.03903574594692674,0.0895337715689997,0.1447881861487485,0.18589697642580036,0.006812,0.002167,0,0,0,-0.1539,11.069,0.00342,0,Within synthetic screening pattern
LOT-003,L003-P006,9.3014,10.9657,14.4121,20.8008,10.368112000000002,3.2377503473825393,-0.3294608557025879,0.18456889379476094,1.2490116797514168,3.222202727407314,0.069346,0.068299,0,1,1,0.011,19.9875,0.063608,1,Dynamic lot outlier + projected drift above safety slope
LOT-003,L003-P007,10.7975,11.005,11.3006,11.5576,10.368112000000002,3.2377503473825393,0.13261924297131905,0.19670695132960814,0.2880049108029095,0.367381012239441,0.008646,0.003837,0,0,0,-0.1384,11.4858,0.004097,0,Within synthetic screening pattern
LOT-003,L003-P008,10.2446,10.3491,10.6314,10.9563,10.368112000000002,3.2377503473825393,-0.0381474748662605,-0.005871978367748915,0.08131819064210577,0.18166564339202418,0.004354,0.004217,0,0,0,-0.1623,10.8934,0.003862,0,Within synthetic screening pattern
LOT-003,L003-P009,10.2689,10.3948,10.8249,11.0208,10.368112000000002,3.2377503473825393,-0.03064226371875964,0.008242760292365769,0.1410819090388714,0.20158688285761237,0.005246,0.004347,0,0,0,-0.1592,10.9184,0.003866,0,Within synthetic screening pattern
LOT-003,L003-P010,9.2019,10.5838,13.6218,19.4133,10.368112000000002,3.2377503473825393,-0.36019207007198384,0.06661662477292751,1.0049224464234383,2.7936644365777936,0.057579,0.061316,0,1,0,-0.0216,19.1864,0.059432,1,Projected 168h drift above safety slope
LOT-003,L003-P011,9.8424,10.0204,10.2531,10.3842,10.368112000000002,3.2377503473825393,-0.16236952933230261,-0.10739308553579449,-0.03552219524676442,0.0049688821786410915,0.007417,0.002526,0,0,0,-0.1667,10.416,0.003414,0,Within synthetic screening pattern
LOT-003,L003-P012,9.1169,9.3577,9.6863,9.9288,10.368112000000002,3.2377503473825393,-0.38644486626694574,-0.3120722389287485,-0.21058201740328517,-0.13568433414118833,0.010033,0.003966,0,0,0,-0.1375,9.7372,0.003692,0,Within synthetic screening pattern
LOT-003,L003-P013,9.9827,10.117,10.3407,10.5003,10.368112000000002,3.2377503473825393,-0.11903697278932482,-0.07755755480128501,-0.008466372344662758,0.04082711321670026,0.005596,0.002662,0,0,0,-0.1634,10.6017,0.003685,0,Within synthetic screening pattern
LOT-003,L003-P014,9.9941,10.0814,10.4818,10.7695,10.368112000000002,3.2377503473825393,-0.1155160095349417,-0.08855284356058675,0.03511326933897347,0.12397126304827327,0.003638,0.004778,0,0,0,-0.1625,10.6418,0.003855,0,Within synthetic screening pattern
LOT-003,L003-P015,9.5097,9.6927,9.9157,10.1071,10.368112000000002,3.2377503473825393,-0.2651260622036404,-0.20860533627801714,-0.1397303533194711,-0.0806152334169335,0.007625,0.002878,0,0,0,-0.1609,10.1149,0.003602,0,Within synthetic screening pattern
LOT-003,L003-P016,9.4401,10.8076,14.6866,20.4886,10.368112000000002,3.2377503473825393,-0.28662246944092695,0.13573869287213255,1.3337927686398516,3.12577775126535,0.056979,0.067229,0,1,0,-0.0207,19.634,0.060678,1,Projected 168h drift above safety slope
LOT-003,L003-P017,9.8401,10.132,10.4745,10.6804,10.368112000000002,3.2377503473825393,-0.16307989911169568,-0.07292470841393922,0.032858617430465316,0.09645215550743698,0.012163,0.003808,0,0,0,-0.1621,10.6164,0.004621,0,Within synthetic screening pattern
LOT-003,L003-P018,9.637,9.8484,10.1666,10.3086,10.368112000000002,3.2377503473825393,-0.22580863919636254,-0.16051639077736407,-0.06223827608046039,-0.018380663613583495,0.008808,0.003196,0,0,0,-0.1663,10.2719,0.003779,0,Within synthetic screening pattern
LOT-003,L003-P019,10.6006,10.886,11.1558,11.5633,10.368112000000002,3.2377503473825393,0.0718054127267552,0.15995303665666138,0.24328250034372784,0.36914149386663225,0.011892,0.004703,0,0,0,-0.1426,11.3454,0.004433,0,Within synthetic screening pattern
LOT-003,L003-P020,9.6135,9.764,10.0344,10.1313,10.368112000000002,3.2377503473825393,-0.23306676520320496,-0.186583873116832,-0.1030690955742716,-0.07314090791201543,0.006271,0.002551,0,0,0,-0.1662,10.2338,0.003692,0,Within synthetic screening pattern
LOT-003,L003-P021,9.7023,9.8803,10.3446,10.7173,10.368112000000002,3.2377503473825393,-0.20564031459011592,-0.1506638707936078,-0.007261832283952818,0.10784895762030833,0.007417,0.005812,0,0,0,-0.165,10.2559,0.003295,0,Within synthetic screening pattern
LOT-003,L003-P022,10.2383,10.3281,10.6345,10.7843,10.368112000000002,3.2377503473825393,-0.04009327034894575,-0.012357963310033797,0.08227564556215727,0.1285423381504546,0.003742,0.003168,0,0,0,-0.1607,10.7721,0.003177,0,Within synthetic screening pattern
LOT-003,L003-P023,10.1136,11.1712,14.5965,20.6354,10.368112000000002,3.2377503473825393,-0.07860766664908378,0.24803888930140366,1.3059648046731924,3.1711178745761774,0.044067,0.065724,0,1,0,-0.0454,20.0591,0.059199,1,Projected 168h drift above safety slope
LOT-003,L003-P024,9.7279,10.0338,10.1612,10.2148,10.368112000000002,3.2377503473825393,-0.1977335900890449,-0.10325440942976556,-0.06390610077990552,-0.04735139635578817,0.012746,0.001257,0,0,0,-0.1595,10.349,0.003697,0,Within synthetic screening pattern
LOT-003,L003-P025,9.1291,9.4693,9.7087,10.0868,10.368112000000002,3.2377503473825393,-0.38267681787190416,-0.2776038618068927,-0.2036636334648479,-0.08688501886114218,0.014175,0.004288,0,0,0,-0.1256,10.0085,0.005235,0,Within synthetic screening pattern
LOT-003,L003-P026,9.9003,10.151,10.4662,10.5086,10.368112000000002,3.2377503473825393,-0.1444867422771464,-0.0670564363233007,0.03029510909613371,0.04339062155103187,0.010446,0.002483,0,0,0,-0.1662,10.5519,0.003879,0,Within synthetic screening pattern
LOT-003,L003-P027,10.2919,10.3716,10.7593,11.037,10.368112000000002,3.2377503473825393,-0.023538565924828947,0.0010772912132706015,0.12082092750487755,0.20659035695594663,0.003321,0.004621,0,0,0,-0.1587,10.8799,0.0035,0,Within synthetic screening pattern
LOT-003,L003-P028,10.2703,10.4712,10.6662,10.799,10.368112000000002,3.2377503473825393,-0.030209864722607244,0.03183939122524879,0.09206639426074907,0.13308252761005368,0.008371,0.002276,0,0,0,-0.1626,10.8703,0.003571,0,Within synthetic screening pattern
LOT-003,L003-P029,10.1758,10.3325,10.4175,10.6124,10.368112000000002,3.2377503473825393,-0.05939679696288811,-0.01099899503641213,0.015253801158549758,0.07544991855146725,0.006529,0.001944,0,0,0,-0.1654,10.684,0.003025,0,Within synthetic screening pattern
LOT-003,L003-P030,10.4245,10.3766,10.7415,10.7675,10.368112000000002,3.2377503473825393,0.017415796139311202,0.002621573342385684,0.11532328312522695,0.12335355019662692,-0.001996,0.002715,0,0,0,-0.1328,10.8028,0.002252,0,Within synthetic screening pattern
LOT-003,L003-P031,10.2039,10.3769,10.7076,10.7831,10.368112000000002,3.2377503473825393,-0.05071793139725955,0.0027142302701323915,0.10485305028982432,0.12817171043946668,0.007208,0.002821,0,0,0,-0.1639,10.8102,0.003609,0,Within synthetic screening pattern
LOT-003,L003-P032,9.7365,9.9442,10.1895,10.4372,10.368112000000002,3.2377503473825393,-0.1950774248269666,-0.13092794518351303,-0.05516546392911193,0.021338272747264474,0.008654,0.003424,0,0,0,-0.1681,10.4623,0.00432,0,Within synthetic screening pattern
LOT-003,L003-P033,8.8331,9.0334,9.2575,9.5809,10.368112000000002,3.2377503473825393,-0.474098319915535,-0.4122343778231724,-0.34301965279622065,-0.24313548468503743,0.008346,0.003802,0,0,0,-0.0987,9.4828,0.003867,0,Within synthetic screening pattern
LOT-003,L003-P034,10.8292,11.0772,11.2923,11.4574,10.368112000000002,3.2377503473825393,0.14240999166991086,0.21900638527403396,0.2854414024685779,0.3364335983719683,0.010333,0.00264,0,0,0,-0.1352,11.4916,0.003943,0,Within synthetic screening pattern
LOT-003,L003-P035,10.4663,11.7409,15.9293,21.7491,10.368112000000002,3.2377503473825393,0.030325994738715945,0.4239943950928109,1.7176086490101903,3.515091276015339,0.053108,0.069501,0,1,1,0.0178,21.3692,0.064898,1,Dynamic lot outlier + projected drift above safety slope
LOT-003,L003-P036,10.6747,10.8304,11.1184,11.2857,10.368112000000002,3.2377503473825393,0.09469167388024514,0.14278061938089823,0.23173127001794475,0.283402950058146,0.006487,0.003162,0,0,0,-0.1456,11.2623,0.003498,0,Within synthetic screening pattern
LOT-003,L003-P037,9.6903,11.0214,15.3946,18.5324,10.368112000000002,3.2377503473825393,-0.20934659169999245,0.20177219671310634,1.552463118122591,2.5215928110702444,0.055462,0.05216,0,1,0,-0.008,18.8369,0.054444,1,Projected 168h drift above safety slope
LOT-003,L003-P038,10.4028,10.5763,10.8342,10.8344,10.368112000000002,3.2377503473825393,0.01071361169895012,0.06430020157925434,0.14395427379902592,0.14401604508419094,0.007229,0.001792,0,0,0,-0.1584,11.0032,0.003574,0,Within synthetic screening pattern
LOT-003,L003-P039,10.0734,11.7414,15.1508,19.9554,10.368112000000002,3.2377503473825393,-0.09102369496717165,0.4241488233057226,1.4771639215069243,2.961095505016485,0.0695,0.057042,0,1,1,0.0226,20.2043,0.060303,1,Dynamic lot outlier + projected drift above safety slope
LOT-003,L003-P040,10.2473,10.3576,10.648,10.7541,10.368112000000002,3.2377503473825393,-0.03731356251653849,-0.003246698748252836,0.08644520731076899,0.11921487409059744,0.004596,0.002753,0,0,0,-0.1625,10.875,0.003736,0,Within synthetic screening pattern
LOT-003,L003-P041,10.3537,10.4838,10.9252,11.1062,10.368112000000002,3.2377503473825393,-0.004451238808962776,0.03573098219061983,0.17206020854892637,0.2279632216229032,0.005421,0.004322,0,0,0,-0.1597,10.9564,0.003588,0,Within synthetic screening pattern
LOT-003,L003-P042,10.1168,10.2943,10.7447,11.041,10.368112000000002,3.2377503473825393,-0.07761932608645003,-0.022797310502853642,0.11631162368786069,0.20782578265923882,0.007396,0.005185,0,0,0,-0.1646,10.8737,0.004505,0,Within synthetic screening pattern
LOT-003,L003-P043,10.1669,10.4353,10.804,11.0679,10.368112000000002,3.2377503473825393,-0.06214561915271369,0.02075144553820035,0.13462680973916932,0.21613402051387945,0.011183,0.004393,0,0,0,-0.1601,11.0002,0.00496,0,Within synthetic screening pattern
LOT-003,L003-P044,9.3616,9.4799,9.7596,10.0601,10.368112000000002,3.2377503473825393,-0.31086769886803856,-0.274329983693168,-0.1879428413904531,-0.09513148543061833,0.004929,0.004029,0,0,0,-0.1491,9.9447,0.003471,0,Within synthetic screening pattern
LOT-003,L003-P045,9.856,10.1651,10.4605,10.636,10.368112000000002,3.2377503473825393,-0.15816908194110865,-0.06270156071919503,0.02853462746894188,0.08273893020089192,0.012879,0.00327,0,0,0,-0.1584,10.5998,0.004427,0,Within synthetic screening pattern
LOT-003,L003-P046,10.5313,10.795,11.102,11.3742,10.368112000000002,3.2377503473825393,0.05040166241721586,0.13184710190676152,0.22666602463444654,0.3107367437434883,0.010988,0.004022,0,0,0,-0.1465,11.3141,0.00466,0,Within synthetic screening pattern
LOT-003,L003-P047,10.3488,10.5168,10.7794,10.9621,10.368112000000002,3.2377503473825393,-0.005964635295495622,0.04592324424278124,0.12702894166392176,0.1834570106617977,0.007,0.003092,0,0,0,-0.1604,10.9425,0.003534,0,Within synthetic screening pattern
LOT-003,L003-P048,10.0047,10.0825,10.1681,10.2796,10.368112000000002,3.2377503473825393,-0.11224213142121703,-0.0882131014921816,-0.06177499144172576,-0.02733749996245273,0.003242,0.001369,0,0,0,-0.1622,10.6324,0.003736,0,Within synthetic screening pattern
LOT-003,L003-P049,10.8579,10.9868,11.1045,11.4687,10.368112000000002,3.2377503473825393,0.1512741710910334,0.19108576437962804,0.2274381656990041,0.33992367598376916,0.005371,0.003347,0,0,0,-0.1395,11.4428,0.003482,0,Within synthetic screening pattern
LOT-003,L003-P050,10.5566,10.5567,10.7384,10.9443,10.368112000000002,3.2377503473825393,0.05821572999053962,0.058246615633121855,0.11436582820517545,0.17795936628214712,4e-06,0.002692,0,0,0,-0.1334,11.0057,0.002673,0,Within synthetic screening pattern
LOT-003,L003-P051,10.6212,10.69,10.7755,11.0778,10.368112000000002,3.2377503473825393,0.07816785509871059,0.0994171771953382,0.12582440160321126,0.21919169912952793,0.002867,0.002693,0,0,0,-0.1441,11.0427,0.002509,0,Within synthetic screening pattern
LOT-003,L003-P052,11.3504,11.5848,11.8924,12.0671,10.368112000000002,3.2377503473825393,0.3033859608088992,0.37578190702182834,0.4707861436050073,0.5247433611962989,0.009767,0.003349,0,0,0,-0.0828,12.126,0.004617,0,Within synthetic screening pattern
LOT-003,L003-P053,10.2137,10.3334,10.5554,10.5861,10.368112000000002,3.2377503473825393,-0.04769113842419386,-0.010721024253171459,0.057845102279552245,0.06732699455232058,0.004987,0.001755,0,0,0,-0.1635,10.6623,0.00267,0,Within synthetic screening pattern
LOT-003,L003-P054,9.9415,10.1992,10.3874,10.3962,10.368112000000002,3.2377503473825393,-0.1317618575332356,-0.05216955659862848,0.005957222741274832,0.008675159288518168,0.010737,0.001368,0,0,0,-0.1657,10.5399,0.003562,0,Within synthetic screening pattern
LOT-003,L003-P055,10.2164,10.3172,10.6613,10.763,10.368112000000002,3.2377503473825393,-0.0468572260744713,-0.015724498351505183,0.09055299777421623,0.12196369628042301,0.0042,0.003096,0,0,0,-0.1625,10.6967,0.002859,0,Within synthetic screening pattern
LOT-003,L003-P056,9.8714,9.9739,10.279,10.6636,10.368112000000002,3.2377503473825393,-0.15341269298343338,-0.1217549093365676,-0.027522813817946693,0.0912633675536093,0.004271,0.00479,0,0,0,-0.1656,10.5176,0.003846,0,Within synthetic screening pattern
LOT-003,L003-P057,10.1195,10.172,10.4661,10.6641,10.368112000000002,3.2377503473825393,-0.07678541373672748,-0.06057045138101582,0.030264223453551474,0.09141779576652047,0.002188,0.003417,0,0,0,-0.158,10.5684,0.002672,0,Within synthetic screening pattern
LOT-003,L003-P058,10.3028,10.4365,10.6928,10.94,10.368112000000002,3.2377503473825393,-0.02017203088335756,0.021122073249188276,0.100281975187643,0.17663128365110767,0.005571,0.003497,0,0,0,-0.1607,10.8789,0.003429,0,Within synthetic screening pattern
LOT-003,L003-P059,10.0734,10.2573,10.5113,10.6411,10.368112000000002,3.2377503473825393,-0.09102369496717165,-0.03422499825830722,0.044224533900754426,0.08431409797258978,0.007663,0.002665,0,0,0,-0.1665,10.6302,0.003314,0,Within synthetic screening pattern
LOT-003,L003-P060,9.6281,9.9001,10.12,10.2925,10.368112000000002,3.2377503473825393,-0.22855746138618813,-0.14454851356231085,-0.0766309855238163,-0.023353252069334984,0.011333,0.002725,0,0,0,-0.1637,10.3361,0.004214,0,Within synthetic screening pattern
LOT-003,L003-P061,10.4132,10.5357,10.8752,11.0457,10.368112000000002,3.2377503473825393,0.013925718527510325,0.05176063069083752,0.15661738725777224,0.2092774078606072,0.005104,0.003542,0,0,0,-0.157,10.9911,0.00344,0,Within synthetic screening pattern
LOT-003,L003-P062,10.6887,10.8879,11.0597,11.4819,10.368112000000002,3.2377503473825393,0.09901566384176859,0.16053986386572552,0.21360139782213008,0.34400058080463364,0.0083,0.004125,0,0,0,-0.1448,11.3004,0.003641,0,Within synthetic screening pattern
LOT-003,L003-P063,9.309,9.5397,9.8311,10.0125,10.368112000000002,3.2377503473825393,-0.3271135468663325,-0.25586036942894824,-0.16585960694410348,-0.10983305129979715,0.009613,0.003283,0,0,0,-0.1504,9.9571,0.003858,0,Within synthetic screening pattern
LOT-003,L003-P064,9.924,11.366,15.0802,19.9936,10.368112000000002,3.2377503473825393,-0.13716684498513948,0.30820412105173894,1.455358657843815,2.972893820482926,0.060083,0.059914,0,1,0,-0.011,19.9755,0.05983,1,Projected 168h drift above safety slope
LOT-003,L003-P065,10.8063,10.8514,11.1329,11.3327,10.368112000000002,3.2377503473825393,0.1353371795185624,0.14926660432318312,0.23620968819237936,0.2979192020718308,0.001879,0.003342,0,0,0,-0.1322,11.2972,0.002922,0,Within synthetic screening pattern
LOT-003,L003-P066,9.55,9.8611,10.2789,10.4235,10.368112000000002,3.2377503473825393,-0.2526791482429702,-0.1565939141694108,-0.02755369946052893,0.017106939713488294,0.012962,0.003906,0,0,0,-0.1523,10.3515,0.004771,0,Within synthetic screening pattern
LOT-003,L003-P067,10.1641,10.3014,10.3891,10.6454,10.368112000000002,3.2377503473825393,-0.06301041714501848,-0.020604429879509962,0.006482278665173939,0.08564218060362921,0.005721,0.002389,0,0,0,-0.1648,10.7089,0.003243,0,Within synthetic screening pattern
LOT-003,L003-P068,9.6732,10.6999,13.9099,17.1528,10.368112000000002,3.2377503473825393,-0.2146280365815674,0.10247485581098668,1.093903982703067,2.095494486004726,0.042779,0.044812,0,1,0,-0.0611,17.8767,0.04883,1,Projected 168h drift above safety slope
LOT-003,L003-P069,9.4328,9.6315,9.7259,9.959,10.368112000000002,3.2377503473825393,-0.2888771213494351,-0.22750734953838936,-0.19835130294069128,-0.1263568700813317,0.008279,0.002274,0,0,0,-0.1576,10.0238,0.003518,0,Within synthetic screening pattern
LOT-003,L003-P070,10.4588,10.545,10.6716,10.9411,10.368112000000002,3.2377503473825393,0.028009571545042772,0.05463299545099204,0.09373421896019364,0.17697102571951337,0.003592,0.002751,0,0,0,-0.1533,10.9886,0.003154,0,Within synthetic screening pattern
LOT-003,L003-P071,11.0766,11.2002,11.4446,11.7005,10.368112000000002,3.2377503473825393,0.21882107141854001,0.2569957256502729,0.3324802361214328,0.41151659548955855,0.00515,0.003474,0,0,0,-0.1204,11.6446,0.003381,0,Within synthetic screening pattern
LOT-003,L003-P072,10.0383,10.139,10.452,10.5605,10.368112000000002,3.2377503473825393,-0.10186455551356166,-0.07076271343317778,0.0259093478494458,0.05942027005124956,0.004196,0.002927,0,0,0,-0.1641,10.6011,0.00335,0,Within synthetic screening pattern
LOT-003,L003-P073,10.0412,10.1624,10.536,10.8451,10.368112000000002,3.2377503473825393,-0.10096887187867462,-0.06353547306891759,0.05185328761858423,0.14732080884049786,0.00505,0.004741,0,0,0,-0.1643,10.668,0.003731,0,Within synthetic screening pattern
LOT-003,L003-P074,10.3342,10.4715,10.5808,10.7881,10.368112000000002,3.2377503473825393,-0.010473939112513023,0.031932048152996044,0.06569005549545824,0.1297159925685823,0.005721,0.002199,0,0,0,-0.1619,10.8808,0.003254,0,Within synthetic screening pattern
LOT-003,L003-P075,10.4291,10.7947,11.084,11.3032,10.368112000000002,3.2377503473825393,0.018836535698097342,0.1317544449790148,0.22110660896963094,0.28880793751004985,0.015233,0.003531,0,0,0,-0.1339,11.3233,0.005323,0,Within synthetic screening pattern
LOT-003,L003-P076,9.8245,10.0448,10.353,10.446,10.368112000000002,3.2377503473825393,-0.16789805935453544,-0.09985698874571139,-0.004667438307038975,0.02405620929450726,0.009179,0.002786,0,0,0,-0.1668,10.4383,0.003654,0,Within synthetic screening pattern
LOT-003,L003-P077,9.5022,9.5353,9.8361,9.9258,10.368112000000002,3.2377503473825393,-0.2674424853973135,-0.2572193377025699,-0.16431532481498787,-0.1366109034186576,0.001379,0.002712,0,0,0,-0.1421,9.9412,0.002613,0,Within synthetic screening pattern
LOT-003,L003-P078,8.801,9.0479,9.3011,9.5262,10.368112000000002,3.2377503473825393,-0.48401261118445577,-0.4077559596487378,-0.32955351263033456,-0.2600299311775599,0.010288,0.003322,0,0,0,-0.0956,9.4839,0.004065,0,Within synthetic screening pattern
LOT-003,L003-P079,9.9952,10.1818,10.4219,10.7138,10.368112000000002,3.2377503473825393,-0.11517626746653602,-0.057543658407949574,0.016612769432171423,0.10676796012992788,0.007775,0.003694,0,0,0,-0.1665,10.6909,0.004141,0,Within synthetic screening pattern
LOT-003,L003-P080,9.835,10.0604,10.3704,10.5197,10.368112000000002,3.2377503473825393,-0.164655066883393,-0.09503882850287164,0.0007066635022826746,0.046818927877668275,0.009392,0.00319,0,0,0,-0.1671,10.5467,0.004236,0,Within synthetic screening pattern
LOT-003,L003-P081,9.8649,10.0878,10.248,10.4508,10.368112000000002,3.2377503473825393,-0.1554202597512831,-0.08657616243531926,-0.03709736301846229,0.025538720138457875,0.009287,0.002521,0,0,0,-0.1666,10.4869,0.003702,0,Within synthetic screening pattern
LOT-003,L003-P082,9.991,10.153,10.4228,10.8693,10.368112000000002,3.2377503473825393,-0.11647346445499321,-0.06643872347165433,0.016890740215412096,0.1547951343454165,0.00675,0.004974,0,0,0,-0.167,10.6314,0.003812,0,Within synthetic screening pattern
LOT-003,L003-P083,9.8295,10.0103,10.1291,10.2226,10.368112000000002,3.2377503473825393,-0.16635377722542036,-0.11051253543660744,-0.07382039204882625,-0.04494231623436829,0.007533,0.001474,0,0,0,-0.1668,10.3297,0.002977,0,Within synthetic screening pattern
LOT-003,L003-P084,9.8267,10.0473,10.3027,10.3224,10.368112000000002,3.2377503473825393,-0.1672185752177246,-0.09908484768115385,-0.020202916525939797,-0.014118444937225078,0.009192,0.00191,0,0,0,-0.1674,10.4098,0.003471,0,Within synthetic screening pattern
LOT-003,L003-P085,9.6372,9.7421,9.9777,10.0567,10.368112000000002,3.2377503473825393,-0.22574686791119808,-0.193347828842357,-0.1205812549184399,-0.0961815972784171,0.004371,0.002185,0,0,0,-0.1622,10.1488,0.003045,0,Within synthetic screening pattern
LOT-003,L003-P086,10.3291,10.4318,10.7235,10.8547,10.368112000000002,3.2377503473825393,-0.01204910688421034,0.0196704480478199,0.10976386746041134,0.15028583052839908,0.004279,0.002937,0,0,0,-0.1585,10.8685,0.003211,0,Within synthetic screening pattern
LOT-003,L003-P087,9.9613,10.1532,10.3695,10.5082,10.368112000000002,3.2377503473825393,-0.12564650030193864,-0.06637695218648987,0.0004286927190420036,0.04326707898070292,0.007996,0.002465,0,0,0,-0.1664,10.5996,0.003799,0,Within synthetic screening pattern
LOT-003,L003-P088,9.8282,10.0095,10.1866,10.2332,10.368112000000002,3.2377503473825393,-0.16675529057898997,-0.11075962057726642,-0.056061147563998964,-0.04166843812064361,0.007554,0.001553,0,0,0,-0.167,10.3431,0.003065,0,Within synthetic screening pattern
LOT-003,L003-P089,10.5026,10.4783,10.8217,10.885,10.368112000000002,3.2377503473825393,0.041537482996093326,0.03403227184859302,0.1400935684762377,0.15964418023083848,-0.001012,0.002824,0,0,0,-0.1322,10.8966,0.002345,0,Within synthetic screening pattern
LOT-003,L003-P090,9.8713,10.148,10.3663,10.6542,10.368112000000002,3.2377503473825393,-0.15344357862601563,-0.06798300560076997,-0.0005596478435917369,0.088360117150872,0.011529,0.003515,0,0,0,-0.1638,10.5922,0.004291,0,Within synthetic screening pattern
LOT-003,L003-P091,42.0746,54.8881,65.1759,83.1516,10.368112000000002,3.2377503473825393,9.792752559082308,13.750284371366318,16.92773750894898,22.479647962616884,0.533896,0.196274,1,1,1,0.3109,87.1263,0.268165,1,Dynamic lot outlier + projected drift above safety slope
LOT-003,L003-P092,10.4192,10.6079,10.746,10.8466,10.368112000000002,3.2377503473825393,0.015778857082448864,0.07406006463526389,0.11671313704143085,0.1477840934792325,0.007863,0.001658,0,0,0,-0.1584,10.98,0.003338,0,Within synthetic screening pattern
LOT-003,L003-P093,9.9789,10.2547,10.4888,10.6861,10.368112000000002,3.2377503473825393,-0.12021062720745253,-0.03502802496544755,0.037275264319734915,0.09821263713462826,0.011492,0.002996,0,0,0,-0.1645,10.6695,0.004111,0,Within synthetic screening pattern
LOT-003,L003-P094,9.478,9.7515,9.9152,9.8849,10.368112000000002,3.2377503473825393,-0.27491681090223213,-0.19044457843962026,-0.13988478153238226,-0.14924313123482166,0.011396,0.000926,0,0,0,-0.1564,10.0529,0.003422,0,Within synthetic screening pattern
LOT-003,L003-P095,9.7491,10.0468,10.2759,10.409,10.368112000000002,3.2377503473825393,-0.19118583386159554,-0.09923927589406557,-0.028480268737998197,0.012628521539053679,0.012404,0.002515,0,0,0,-0.1612,10.4757,0.004325,0,Within synthetic screening pattern
LOT-003,L003-P096,10.5734,10.6254,10.8347,11.0259,10.368112000000002,3.2377503473825393,0.0634045179443673,0.07946505208716778,0.14410870201193765,0.20316205062931023,0.002167,0.002781,0,0,0,-0.1424,10.997,0.002521,0,Within synthetic screening pattern
LOT-003,L003-P097,10.5075,10.7469,11.0268,11.357,10.368112000000002,3.2377503473825393,0.043050879482626724,0.11699110782467152,0.2034400214125509,0.3054244132193311,0.009975,0.004237,0,0,0,-0.1506,11.3095,0.004774,0,Within synthetic screening pattern
LOT-003,L003-P098,10.8629,12.1813,14.9816,20.5627,10.368112000000002,3.2377503473825393,0.15281845322014845,0.5600147650252946,1.4249054142576596,3.1486640124188394,0.054933,0.058204,0,1,1,0.0153,20.2989,0.056167,1,Dynamic lot outlier + projected drift above safety slope
LOT-003,L003-P099,9.869,10.0562,10.3299,10.4844,10.368112000000002,3.2377503473825393,-0.1541539484054087,-0.09633602549132828,-0.011802021743551907,0.035916296046113794,0.0078,0.002974,0,0,0,-0.1662,10.5128,0.003832,0,Within synthetic screening pattern
LOT-003,L003-P100,9.2483,10.398,14.4473,19.7621,10.368112000000002,3.2377503473825393,-0.3458611319137929,0.00923110085499951,1.259883425940389,2.9013935579048837,0.047904,0.065028,0,1,0,-0.0295,19.4357,0.060639,1,Projected 168h drift above safety slope
LOT-004,L004-P001,9.6064,9.8813,10.2032,10.5028,11.421752525252527,6.698246572056755,-0.27101906532161396,-0.22997847402018204,-0.18192112101934155,-0.13719299750566727,0.011454,0.004316,0,0,0,-0.1571,10.3979,0.004711,0,Within synthetic screening pattern
LOT-004,L004-P002,9.7131,9.7929,9.9927,10.2208,11.421752525252527,6.698246572056755,-0.25508952333593626,-0.24317595772715403,-0.21334725586456355,-0.17929356770211638,0.003325,0.002972,0,0,0,-0.1575,10.2876,0.00342,0,Within synthetic screening pattern
LOT-004,L004-P003,9.6293,9.8457,10.3122,10.4479,11.421752525252527,6.698246572056755,-0.26760026015317895,-0.23529329777547828,-0.16564820558879917,-0.1453891723417845,0.009017,0.004182,0,0,0,-0.1594,10.3117,0.004062,0,Within synthetic screening pattern
LOT-004,L004-P004,10.5501,10.8465,11.2764,11.551,11.421752525252527,6.698246572056755,-0.1301314479656246,-0.08588106141871847,-0.02170008578945086,0.01929571767134667,0.01235,0.004892,0,0,0,-0.1438,11.2789,0.004338,0,Within synthetic screening pattern
LOT-004,L004-P005,10.3839,10.5347,10.7008,10.7963,11.421752525252527,6.698246572056755,-0.15494391167714883,-0.13243055711819657,-0.10763302268688407,-0.09337556008489492,0.006283,0.001817,0,0,0,-0.1593,10.905,0.003102,0,Within synthetic screening pattern
LOT-004,L004-P006,9.1122,9.3386,9.6033,9.755,11.421752525252527,6.698246572056755,-0.3447995681268806,-0.3109996777280293,-0.27148187300817067,-0.24883415492731492,0.009433,0.002892,0,0,0,-0.1352,9.7845,0.004002,0,Within synthetic screening pattern
LOT-004,L004-P007,9.9244,10.129,10.4606,10.7466,11.421752525252527,6.698246572056755,-0.22354395424902251,-0.19299864693627974,-0.1434931537549233,-0.10079541235001373,0.008525,0.004289,0,0,0,-0.1638,10.6221,0.004153,0,Within synthetic screening pattern
LOT-004,L004-P008,9.7994,10.0464,10.2151,10.5364,11.421752525252527,6.698246572056755,-0.24220555451340597,-0.20533023239098425,-0.1801445366741724,-0.13217675935460102,0.010292,0.003403,0,0,0,-0.1652,10.3608,0.003342,0,Within synthetic screening pattern
LOT-004,L004-P009,10.0195,10.2526,10.6199,10.838,11.421752525252527,6.698246572056755,-0.2093462087678795,-0.17454605659485742,-0.11971081037799301,-0.08715005023669678,0.009712,0.004065,0,0,0,-0.1634,10.7198,0.004168,0,Within synthetic screening pattern
LOT-004,L004-P010,9.4448,9.6173,9.8587,10.14,11.421752525252527,6.698246572056755,-0.29514478214340895,-0.26939177377855983,-0.2333524913479824,-0.19135642611301387,0.007187,0.00363,0,0,0,-0.1548,10.0901,0.003841,0,Within synthetic screening pattern
LOT-004,L004-P011,10.3762,10.6553,10.9074,11.1383,11.421752525252527,6.698246572056755,-0.15609346625343484,-0.11442584518311948,-0.07678912976991083,-0.042317421761541935,0.011629,0.003354,0,0,0,-0.1556,11.1429,0.004564,0,Within synthetic screening pattern
LOT-004,L004-P012,10.9348,10.9628,11.2207,11.6018,11.421752525252527,6.698246572056755,-0.07269850699195822,-0.06851830853273626,-0.030015694867260113,0.026879792018792203,0.001167,0.004438,0,0,0,-0.1268,11.447,0.003049,0,Within synthetic screening pattern
LOT-004,L004-P013,10.3989,10.6821,10.9994,11.1855,11.421752525252527,6.698246572056755,-0.152704519645423,-0.1104247980864357,-0.06305419197532477,-0.03527080150171071,0.0118,0.003496,0,0,0,-0.1519,11.1637,0.004552,0,Within synthetic screening pattern
LOT-004,L004-P014,39.1935,54.4582,79.3353,93.6164,11.421752525252527,6.698246572056755,4.146122000137106,6.425031836582981,10.139003804079733,12.271069240365227,0.636029,0.271932,1,1,1,0.2915,94.1242,0.326968,1,Dynamic lot outlier + projected drift above safety slope
LOT-004,L004-P015,9.4809,9.6144,9.9233,10.2903,11.421752525252527,6.698246572056755,-0.28975531198705506,-0.26982472290469356,-0.22370817633134923,-0.16891771795511923,0.005562,0.004694,0,0,0,-0.1545,10.1607,0.004046,0,Within synthetic screening pattern
LOT-004,L004-P016,10.2852,10.424,10.563,10.7908,11.421752525252527,6.698246572056755,-0.16967911124590615,-0.14895727031233477,-0.1282055708183402,-0.09419667049652773,0.005783,0.002547,0,0,0,-0.1618,10.8536,0.003383,0,Within synthetic screening pattern
LOT-004,L004-P017,47.9368,56.29,77.476,94.133,11.421752525252527,6.698246572056755,5.451433756869778,6.698506391497363,9.861423697107188,12.34819390193787,0.34805,0.262799,1,1,1,0.288,98.2828,0.299679,1,Dynamic lot outlier + projected drift above safety slope
LOT-004,L004-P018,10.8118,10.8759,11.0152,11.1698,11.421752525252527,6.698246572056755,-0.09106152165211145,-0.08149185303653564,-0.06069536570190664,-0.03761469849491712,0.002671,0.002041,0,0,0,-0.1418,11.2375,0.002534,0,Within synthetic screening pattern
LOT-004,L004-P019,9.6816,9.9997,10.2097,10.4322,11.421752525252527,6.698246572056755,-0.25979224660256106,-0.21230220624975785,-0.18095071780559377,-0.14773306933499117,0.013254,0.003003,0,0,0,-0.1518,10.436,0.00449,0,Within synthetic screening pattern
LOT-004,L004-P020,10.5524,10.8669,11.0418,11.3585,11.421752525252527,6.698246572056755,-0.12978807452075994,-0.0828354882555713,-0.05672417716564581,-0.009443146735803988,0.013104,0.003414,0,0,0,-0.141,11.3433,0.004708,0,Within synthetic screening pattern
LOT-004,L004-P021,9.8044,11.1926,14.6546,19.9027,11.421752525252527,6.698246572056755,-0.2414590905028308,-0.03421082260669355,0.48264085831567094,1.2661444130957578,0.057842,0.060487,0,1,0,-0.0227,20.0384,0.060917,1,Projected 168h drift above safety slope
LOT-004,L004-P022,10.8552,12.2159,15.9229,21.2905,11.421752525252527,6.698246572056755,-0.0845822140403175,0.11856050179765512,0.6719889192382114,1.4733329638710493,0.056696,0.063018,0,1,1,0.0234,20.7597,0.058955,1,Dynamic lot outlier + projected drift above safety slope
LOT-004,L004-P023,11.0857,11.328,11.5229,11.6411,11.421752525252527,6.698246572056755,-0.05017022315279449,-0.01399657720031355,0.01510058993191323,0.032746999141914215,0.010096,0.002174,0,0,0,-0.1225,11.7247,0.003804,0,Within synthetic screening pattern
LOT-004,L004-P024,10.0874,11.2217,15.2915,20.7683,11.421752525252527,6.698246572056755,-0.19920922750426642,-0.02986640206514513,0.5777254439827574,1.3953722626065606,0.047262,0.066296,0,1,0,-0.0298,20.3963,0.061362,1,Projected 168h drift above safety slope
LOT-004,L004-P025,8.7112,8.9553,9.1621,9.2735,11.421752525252527,6.698246572056755,-0.4046659817750228,-0.3682236087787348,-0.3373498573013386,-0.32071863914572013,0.010171,0.00221,0,0,0,-0.0982,9.4076,0.004145,0,Within synthetic screening pattern
LOT-004,L004-P026,10.048,10.2183,10.6196,10.8827,11.421752525252527,6.698246572056755,-0.20509136390760016,-0.17966679970740426,-0.11975559821862743,-0.08047666198215316,0.007096,0.004614,0,0,0,-0.1635,10.6938,0.003844,0,Within synthetic screening pattern
LOT-004,L004-P027,10.1834,10.4096,10.8457,10.9381,11.421752525252527,6.698246572056755,-0.1848771185012199,-0.1511070866627918,-0.08600049566041051,-0.07220584074497832,0.009425,0.00367,0,0,0,-0.1604,10.9598,0.004621,0,Within synthetic screening pattern
LOT-004,L004-P028,9.9766,10.0798,10.2926,10.6015,11.421752525252527,6.698246572056755,-0.2157508699786161,-0.20034385280034095,-0.16857434451025458,-0.12245779793691022,0.0043,0.003623,0,0,0,-0.1622,10.6054,0.003743,0,Within synthetic screening pattern
LOT-004,L004-P029,9.4664,9.6743,9.7832,9.8658,11.421752525252527,6.698246572056755,-0.29192005761772355,-0.2608820840580009,-0.24462409790767,-0.2322925124529655,0.008663,0.00133,0,0,0,-0.1552,10.0066,0.003215,0,Within synthetic screening pattern
LOT-004,L004-P030,10.1591,11.2578,15.6392,19.5467,11.421752525252527,6.698246572056755,-0.18850493359261608,-0.02447693190879128,0.6296345512781667,1.212996175542794,0.045779,0.057562,0,1,0,-0.0189,19.61,0.056255,1,Projected 168h drift above safety slope
LOT-004,L004-P031,9.2105,9.4316,9.6284,9.7114,11.421752525252527,6.698246572056755,-0.33012408567896945,-0.297115447131328,-0.2677346236750827,-0.25534332109953206,0.009212,0.001943,0,0,0,-0.1419,9.8536,0.003828,0,Within synthetic screening pattern
LOT-004,L004-P032,8.6622,8.8586,9.0708,8.9836,11.421752525252527,6.698246572056755,-0.41198132907866103,-0.3826602227432619,-0.3509802901344444,-0.36399862247887843,0.008183,0.000868,0,0,0,-0.0932,9.3572,0.004137,0,Within synthetic screening pattern
LOT-004,L004-P033,10.0092,10.141,10.4379,10.538,11.421752525252527,6.698246572056755,-0.21088392462966482,-0.19120713331089886,-0.14688210036293514,-0.13193789087121693,0.005492,0.002757,0,0,0,-0.163,10.595,0.003487,0,Within synthetic screening pattern
LOT-004,L004-P034,10.239,10.4473,10.7095,10.8118,11.421752525252527,6.698246572056755,-0.17657643870362214,-0.14547874802305358,-0.10633417530848283,-0.09106152165211145,0.008679,0.002531,0,0,0,-0.1606,10.8519,0.003648,0,Within synthetic screening pattern
LOT-004,L004-P035,9.6457,9.8076,10.0943,10.3857,11.421752525252527,6.698246572056755,-0.26515185819849196,-0.24098135353606234,-0.19817910716967246,-0.15467518463334182,0.006746,0.004015,0,0,0,-0.163,10.2929,0.003852,0,Within synthetic screening pattern
LOT-004,L004-P036,9.6901,9.828,10.0766,10.2868,11.421752525252527,6.698246572056755,-0.258523257784583,-0.23793578037291518,-0.20082158976710937,-0.16944024276252206,0.005746,0.003186,0,0,0,-0.163,10.2634,0.003413,0,Within synthetic screening pattern
LOT-004,L004-P037,9.5272,9.7662,9.988,10.1947,11.421752525252527,6.698246572056755,-0.2828430552491274,-0.24716207554362635,-0.2140489320345043,-0.18319010983731987,0.009958,0.002976,0,0,0,-0.1568,10.2265,0.004162,0,Within synthetic screening pattern
LOT-004,L004-P038,10.3454,10.5167,10.7063,10.9947,11.421752525252527,6.698246572056755,-0.16069168455857907,-0.1351178275562679,-0.106811912275251,-0.06375586814526556,0.007138,0.003319,0,0,0,-0.1608,10.9591,0.003653,0,Within synthetic screening pattern
LOT-004,L004-P039,9.6325,9.876,10.0006,10.2299,11.421752525252527,6.698246572056755,-0.2671225231864108,-0.2307697258713919,-0.21216784272785433,-0.17793500320286926,0.010146,0.002458,0,0,0,-0.162,10.2868,0.003895,0,Within synthetic screening pattern
LOT-004,L004-P040,9.4152,9.6015,9.8863,10.0055,11.421752525252527,6.698246572056755,-0.29956384908601497,-0.271750600051978,-0.22923201000960658,-0.2114363079974906,0.007762,0.002806,0,0,0,-0.1539,10.045,0.003749,0,Within synthetic screening pattern
LOT-004,L004-P041,9.9325,10.0537,10.2227,10.4427,11.421752525252527,6.698246572056755,-0.22233468255189062,-0.2042403949355444,-0.17900991137809788,-0.14616549491278288,0.00505,0.002701,0,0,0,-0.1642,10.4925,0.003333,0,Within synthetic screening pattern
LOT-004,L004-P042,10.6597,10.8161,11.0813,11.3193,11.421752525252527,6.698246572056755,-0.11376895685381311,-0.09041956260301656,-0.05082711148210058,-0.01529542457871453,0.006517,0.003494,0,0,0,-0.1506,11.2856,0.003726,0,Within synthetic screening pattern
LOT-004,L004-P043,10.9891,12.2474,15.7167,19.297,11.421752525252527,6.698246572056755,-0.06459190783710984,0.12326322506427993,0.6412047434420842,1.1757177628546616,0.052429,0.048956,0,1,1,0.0176,20.4559,0.05635,1,Dynamic lot outlier + projected drift above safety slope
LOT-004,L004-P044,10.306,10.5583,10.572,10.671,11.421752525252527,6.698246572056755,-0.1665738209619128,-0.12890724698828124,-0.1268619355993048,-0.11208194818991306,0.010512,0.000783,0,0,0,-0.1592,10.8118,0.003011,0,Within synthetic screening pattern
LOT-004,L004-P045,9.736,9.9219,10.3116,10.5173,11.421752525252527,6.698246572056755,-0.2516707181675012,-0.2239171862543101,-0.16573778127006827,-0.1350282518749988,0.007746,0.004135,0,0,0,-0.1643,10.2801,0.003239,0,Within synthetic screening pattern
LOT-004,L004-P046,9.7682,9.8842,10.086,10.1906,11.421752525252527,6.698246572056755,-0.2468634899393961,-0.22954552489404828,-0.19941823742722756,-0.18380221032599153,0.004833,0.002128,0,0,0,-0.1619,10.3203,0.003286,0,Within synthetic screening pattern
LOT-004,L004-P047,9.3707,9.5583,9.7722,10.0234,11.421752525252527,6.698246572056755,-0.30620737878013565,-0.278200049103349,-0.2462663187309359,-0.20876396683963078,0.007817,0.00323,0,0,0,-0.1514,9.9828,0.003643,0,Within synthetic screening pattern
LOT-004,L004-P048,10.5278,10.7016,10.9336,11.4529,11.421752525252527,6.698246572056755,-0.1334606774527908,-0.10751358844519203,-0.07287765835449615,0.004650093783858446,0.007242,0.005217,0,0,0,-0.1548,11.262,0.00437,0,Within synthetic screening pattern
LOT-004,L004-P049,10.605,10.8254,11.2064,11.3495,11.421752525252527,6.698246572056755,-0.12193527312950737,-0.08903113954334649,-0.03215058193750565,-0.010786781954839383,0.009183,0.00364,0,0,0,-0.1459,11.3104,0.004199,0,Within synthetic screening pattern
LOT-004,L004-P050,10.1454,10.2103,10.5522,10.6854,11.421752525252527,6.698246572056755,-0.1905502449815925,-0.18086114212432466,-0.12981793308118314,-0.10993213183945606,0.002704,0.003299,0,0,0,-0.1577,10.6619,0.003074,0,Within synthetic screening pattern
LOT-004,L004-P051,10.6794,10.9023,11.2288,11.4097,11.421752525252527,6.698246572056755,-0.1108278886521465,-0.07755052306069775,-0.028806423170128232,-0.001799355267512301,0.009288,0.003524,0,0,0,-0.1451,11.3791,0.004165,0,Within synthetic screening pattern
LOT-004,L004-P052,10.3299,10.4422,10.6279,10.9308,11.421752525252527,6.698246572056755,-0.16300572299136254,-0.14624014131384053,-0.11851646796107233,-0.07329567820041842,0.004679,0.003393,0,0,0,-0.1597,10.86,0.003155,0,Within synthetic screening pattern
LOT-004,L004-P053,9.9572,10.1759,10.3712,10.5196,11.421752525252527,6.698246572056755,-0.2186471503396483,-0.18599681451708294,-0.15683993026401027,-0.13468487843013416,0.009113,0.002387,0,0,0,-0.1643,10.5971,0.003809,0,Within synthetic screening pattern
LOT-004,L004-P054,9.6146,9.8285,10.2847,10.378,11.421752525252527,6.698246572056755,-0.26979486434427064,-0.23786113397185754,-0.16975375764696352,-0.1558247392096278,0.008913,0.003816,0,0,0,-0.1597,10.3036,0.004101,0,Within synthetic screening pattern
LOT-004,L004-P055,10.1842,11.4895,15.9237,20.3859,11.421752525252527,6.698246572056755,-0.18475768425952788,0.01011421034126992,0.6721083534799034,1.3382826950777587,0.054387,0.061781,0,1,1,0.0026,20.454,0.06113,1,Dynamic lot outlier + projected drift above safety slope
LOT-004,L004-P056,10.2089,10.4808,10.8741,10.9552,11.421752525252527,6.698246572056755,-0.1810701520472858,-0.14047743915219882,-0.08176058008034266,-0.06965293382881077,0.011329,0.003294,0,0,0,-0.158,10.9096,0.004171,0,Within synthetic screening pattern
LOT-004,L004-P057,44.5158,57.7898,78.5801,111.0561,11.421752525252527,6.698246572056755,4.9407030808341315,6.922415736109541,10.026257879922435,14.874690921411375,0.553083,0.369905,1,1,1,0.2863,106.4364,0.368575,1,Dynamic lot outlier + projected drift above safety slope
LOT-004,L004-P058,9.9623,11.4938,14.3686,20.3722,11.421752525252527,6.698246572056755,-0.21788575704886137,0.010756169390364806,0.43994311691076166,1.3362373836887822,0.063812,0.061656,0,1,0,-0.011,20.2784,0.061405,1,Projected 168h drift above safety slope
LOT-004,L004-P059,10.9873,11.1953,11.4149,11.4194,11.421752525252527,6.698246572056755,-0.06486063488091713,-0.033807732040983016,-0.0010230326965141668,-0.00035121508699633656,0.008667,0.001556,0,0,0,-0.1332,11.5325,0.003245,0,Within synthetic screening pattern
LOT-004,L004-P060,9.035,9.1663,9.546,9.7437,11.421752525252527,6.698246572056755,-0.35632497245016376,-0.33672282753245547,-0.28003635056936427,-0.25052116359121523,0.005471,0.00401,0,0,0,-0.127,9.6477,0.003647,0,Within synthetic screening pattern
LOT-004,L004-P061,10.3603,10.4731,10.6665,10.8255,11.421752525252527,6.698246572056755,-0.15846722180706443,-0.1416269937284848,-0.11275376579943089,-0.08901621026313503,0.0047,0.002447,0,0,0,-0.1581,10.8763,0.003071,0,Within synthetic screening pattern
LOT-004,L004-P062,10.8916,11.0458,11.4175,11.7697,11.421752525252527,6.698246572056755,-0.07914795604332897,-0.0561270059571856,-0.0006348714110148345,0.051946053493912,0.006425,0.005027,0,0,0,-0.1417,11.5412,0.003867,0,Within synthetic screening pattern
LOT-004,L004-P063,10.0379,10.3159,10.5697,10.7833,11.421752525252527,6.698246572056755,-0.2065992212089623,-0.16509582222097366,-0.12720530904416946,-0.09531636651239078,0.011583,0.003246,0,0,0,-0.1619,10.7467,0.004219,0,Within synthetic screening pattern
LOT-004,L004-P064,9.5034,9.7784,9.9819,10.202,11.421752525252527,6.698246572056755,-0.2863962239394662,-0.24534070335782251,-0.21495961812740622,-0.18210027238187976,0.011458,0.002942,0,0,0,-0.1536,10.2312,0.004332,0,Within synthetic screening pattern
LOT-004,L004-P065,9.8894,10.1113,10.3104,10.5881,11.421752525252527,6.698246572056755,-0.2287692023230499,-0.1956411295337164,-0.16591693263260646,-0.12445832148525197,0.009246,0.003311,0,0,0,-0.166,10.568,0.004039,0,Within synthetic screening pattern
LOT-004,L004-P066,10.1519,10.487,10.637,10.7692,11.421752525252527,6.698246572056755,-0.1895798417678447,-0.13955182377908543,-0.11715790346182521,-0.09742139502221336,0.013963,0.00196,0,0,0,-0.1517,10.8714,0.004283,0,Within synthetic screening pattern
LOT-004,L004-P067,10.6001,12.3385,16.5809,22.2621,11.421752525252527,6.698246572056755,-0.12266680785987136,0.13686379933696247,0.7702235830299259,1.6183858504060489,0.072433,0.068914,0,1,1,0.0647,19.162,0.050964,1,Dynamic lot outlier + projected drift above safety slope
LOT-004,L004-P068,9.4349,9.518,9.8514,10.0787,11.421752525252527,6.698246572056755,-0.2966227808843481,-0.284216549028586,-0.2344423288034225,-0.20050807488266767,0.003462,0.003894,0,0,0,-0.1476,9.9307,0.002951,0,Within synthetic screening pattern
LOT-004,L004-P069,10.4122,10.5816,10.7341,11.0449,11.421752525252527,6.698246572056755,-0.15071892537729245,-0.12542872469900004,-0.10266157237645224,-0.056261369479089114,0.007058,0.003217,0,0,0,-0.1601,10.9773,0.003364,0,Within synthetic screening pattern
LOT-004,L004-P070,10.0293,10.2295,10.4732,10.6544,11.421752525252527,6.698246572056755,-0.20788313930715205,-0.1779947203237154,-0.14161206444827332,-0.11456020870502298,0.008342,0.002951,0,0,0,-0.1643,10.6549,0.003724,0,Within synthetic screening pattern
LOT-004,L004-P071,9.6208,11.1607,15.4969,19.477,11.421752525252527,6.698246572056755,-0.26886924897115727,-0.03897326299416425,0.6083901855371925,1.2025904672353736,0.064163,0.057752,0,1,1,0.0101,19.548,0.05909,1,Dynamic lot outlier + projected drift above safety slope
LOT-004,L004-P072,10.344,10.5032,10.8271,11.0887,11.421752525252527,6.698246572056755,-0.1609006944815402,-0.1371332803848214,-0.08877734177975094,-0.04972234474644927,0.006633,0.004066,0,0,0,-0.1608,10.983,0.003804,0,Within synthetic screening pattern
LOT-004,L004-P073,51.3678,66.6345,81.2058,112.2818,11.421752525252527,6.698246572056755,5.963657360926576,8.242865782976681,10.418255990435966,15.057679108963812,0.636112,0.316995,1,1,1,0.3006,114.7294,0.377152,1,Dynamic lot outlier + projected drift above safety slope
LOT-004,L004-P074,10.2716,10.5986,10.8263,10.9913,11.421752525252527,6.698246572056755,-0.17170949335467112,-0.12289074706304397,-0.08889677602144298,-0.06426346367245667,0.013625,0.002727,0,0,0,-0.1486,11.7292,0.008676,0,Within synthetic screening pattern
LOT-004,L004-P075,42.9691,53.9817,72.9571,91.7935,11.421752525252527,6.698246572056755,4.709791903802756,6.353893816375151,9.186784453629407,11.998923391389669,0.458858,0.262582,1,1,1,0.283,90.9628,0.285677,1,Dynamic lot outlier + projected drift above safety slope
LOT-004,L004-P076,10.5612,10.8781,11.1176,11.3007,11.421752525252527,6.698246572056755,-0.12847429786214748,-0.08116340887188246,-0.04540778276532379,-0.018072270698054685,0.013204,0.002935,0,0,0,-0.1413,11.3436,0.004657,0,Within synthetic screening pattern
LOT-004,L004-P077,10.1304,10.273,10.4496,10.6533,11.421752525252527,6.698246572056755,-0.1927896370133186,-0.17150048343170998,-0.14513537457818892,-0.1147244307873497,0.005942,0.002641,0,0,0,-0.1647,10.6581,0.003141,0,Within synthetic screening pattern
LOT-004,L004-P078,9.6284,9.8275,10.175,10.4251,11.421752525252527,6.698246572056755,-0.2677346236750827,-0.23801042677397252,-0.18613117803898646,-0.14879304823000805,0.008296,0.00415,0,0,0,-0.1606,10.2983,0.003988,0,Within synthetic screening pattern
LOT-004,L004-P079,10.4137,10.8087,10.8777,11.0089,11.421752525252527,6.698246572056755,-0.15049498617411985,-0.09152432933866815,-0.08122312599272835,-0.06163591035523149,0.016458,0.00139,0,0,0,-0.1364,11.1919,0.004632,0,Within synthetic screening pattern
LOT-004,L004-P080,10.3431,10.633,10.8692,11.1645,11.421752525252527,6.698246572056755,-0.16103505800344373,-0.11775507467028568,-0.08249211481070665,-0.03840595034612699,0.012079,0.003691,0,0,0,-0.1539,11.2868,0.005617,0,Within synthetic screening pattern
LOT-004,L004-P081,10.6961,11.0161,11.1646,11.4429,11.421752525252527,6.698246572056755,-0.10833469885682484,-0.060561002180003126,-0.03839102106591552,0.0031571657627078,0.013333,0.002964,0,0,0,-0.1376,11.4759,0.004642,0,Within synthetic screening pattern
LOT-004,L004-P082,9.9669,10.0794,10.5465,10.7289,11.421752525252527,6.698246572056755,-0.21719901015913207,-0.2004035699211871,-0.13066890205323892,-0.10343789494745063,0.004687,0.00451,0,0,0,-0.1607,10.6409,0.004012,0,Within synthetic screening pattern
LOT-004,L004-P083,10.8239,11.0528,11.5319,11.7426,11.421752525252527,6.698246572056755,-0.0892550787465191,-0.05508195634238018,0.016444225150948892,0.04790021855659355,0.009537,0.00479,0,0,0,-0.1403,11.4957,0.003999,0,Within synthetic screening pattern
LOT-004,L004-P084,9.7202,10.9927,13.584,17.0741,11.421752525252527,6.698246572056755,-0.25402954444091935,-0.0640544537494958,0.32280798437127933,0.8438547930330775,0.053021,0.042232,0,1,0,-0.0362,19.168,0.056237,1,Projected 168h drift above safety slope
LOT-004,L004-P085,9.4333,9.5008,9.7425,9.792,11.421752525252527,6.698246572056755,-0.29686164936773246,-0.28678438522496524,-0.25070031495375344,-0.24331032124905755,0.002813,0.002022,0,0,0,-0.1456,9.8707,0.002604,0,Within synthetic screening pattern
LOT-004,L004-P086,10.4667,10.6303,10.881,11.1894,11.421752525252527,6.698246572056755,-0.1425824676620214,-0.11815816523599622,-0.08073045974574872,-0.03468855957346198,0.006817,0.003883,0,0,0,-0.1572,11.1113,0.003837,0,Within synthetic screening pattern
LOT-004,L004-P087,9.8022,9.8322,10.0937,10.2777,11.421752525252527,6.698246572056755,-0.24178753466748396,-0.23730875060403175,-0.19826868285094157,-0.17079880726176921,0.00125,0.003094,0,0,0,-0.1498,10.3277,0.003128,0,Within synthetic screening pattern
LOT-004,L004-P088,10.4226,11.8397,14.5674,18.7756,11.421752525252527,6.698246572056755,-0.1491662802352959,0.06239654964196679,0.4696225259712369,1.0978764958318652,0.059046,0.048166,0,1,0,-0.0054,19.8184,0.055927,1,Projected 168h drift above safety slope
LOT-004,L004-P089,10.0799,10.346,10.5561,10.6908,11.421752525252527,6.698246572056755,-0.20032892352012946,-0.16060210887730997,-0.12923569115293415,-0.10912595070803471,0.011087,0.002394,0,0,0,-0.1628,10.789,0.004221,0,Within synthetic screening pattern
LOT-004,L004-P090,9.1933,9.2466,9.5233,9.7742,11.421752525252527,6.698246572056755,-0.33269192187534846,-0.32473461552261534,-0.28342529717737613,-0.24596773312670567,0.002221,0.003664,0,0,0,-0.1225,9.7089,0.003069,0,Within synthetic screening pattern
LOT-004,L004-P091,10.5468,10.6834,10.9479,11.0864,11.421752525252527,6.698246572056755,-0.1306241142126045,-0.11023071744368602,-0.07074277128425062,-0.050065718191313925,0.005692,0.002799,0,0,0,-0.1547,11.0866,0.003213,0,Within synthetic screening pattern
LOT-004,L004-P092,9.9557,10.0644,10.0992,10.2273,11.421752525252527,6.698246572056755,-0.2188710895428209,-0.2026429619529132,-0.19744757243930874,-0.1783231644883686,0.004529,0.001131,0,0,0,-0.1614,10.4153,0.002736,0,Within synthetic screening pattern
LOT-004,L004-P093,10.8449,10.9857,11.2868,11.47,11.421752525252527,6.698246572056755,-0.08611992990210256,-0.06509950336430122,-0.02014744064745433,0.007203000700026254,0.005867,0.003363,0,0,0,-0.1445,11.4377,0.003529,0,Within synthetic screening pattern
LOT-004,L004-P094,9.5474,9.8403,10.0804,10.2823,11.421752525252527,6.698246572056755,-0.27982734064640313,-0.23609947890689986,-0.20025427711907212,-0.1701120603720399,0.012204,0.003069,0,0,0,-0.1531,10.2793,0.004357,0,Within synthetic screening pattern
LOT-004,L004-P095,10.1918,10.4325,10.7207,10.9843,11.421752525252527,6.698246572056755,-0.18362305896345335,-0.14768828149435675,-0.10466209592479399,-0.06530851328726235,0.010029,0.003832,0,0,0,-0.1611,10.935,0.004424,0,Within synthetic screening pattern
LOT-004,L004-P096,9.5209,9.7096,9.9563,10.1354,11.421752525252527,6.698246572056755,-0.2837835999024525,-0.2556120481433391,-0.2187815138615518,-0.19204317300274315,0.007863,0.002957,0,0,0,-0.1565,10.1654,0.003836,0,Within synthetic screening pattern
LOT-004,L004-P097,11.4196,11.5607,11.6148,11.8881,11.421752525252527,6.698246572056755,-0.00032135652657312735,0.0207438578518629,0.02882059844628807,0.06962232126433593,0.005879,0.002274,0,0,0,-0.106,11.9623,0.00323,0,Within synthetic screening pattern
LOT-004,L004-P098,10.5707,10.7849,10.9703,11.3478,11.421752525252527,6.698246572056755,-0.1270560162420542,-0.0950774980290067,-0.06739861251687321,-0.011040579718435204,0.008925,0.003909,0,0,0,-0.151,11.2775,0.004207,0,Within synthetic screening pattern
LOT-004,L004-P099,9.6202,9.7126,9.9361,10.2794,11.421752525252527,6.698246572056755,-0.2689588246524261,-0.2551641697369939,-0.2217972284642763,-0.1705450094981734,0.00385,0.003936,0,0,0,-0.1561,10.2278,0.003617,0,Within synthetic screening pattern
LOT-004,L004-P100,10.2325,10.4333,10.6699,10.951,11.421752525252527,6.698246572056755,-0.1775468419173702,-0.1475688472526647,-0.11224617027223951,-0.07027996359769392,0.008367,0.003595,0,0,0,-0.1605,10.8675,0.00378,0,Within synthetic screening pattern
LOT-005,L005-P001,8.2896,8.5633,8.9719,9.2498,9.892288,3.243242462593211,-0.4941622522783985,-0.40977139863215073,-0.2837863683075002,-0.19810051434954504,0.011404,0.004767,0,0,0,-0.0508,9.1808,0.005305,0,Within synthetic screening pattern
LOT-005,L005-P002,8.8434,8.9906,9.13,9.3085,9.892288,3.243242462593211,-0.323407211177587,-0.2780205335863277,-0.23503885657395301,-0.1800013433264002,0.006133,0.002208,0,0,0,-0.1109,9.3748,0.003163,0,Within synthetic screening pattern
LOT-005,L005-P003,8.9376,9.0832,9.3381,9.522,9.892288,3.243242462593211,-0.29436220418644177,-0.24946886004726135,-0.17087467446294036,-0.11417216081462128,0.006067,0.003047,0,0,0,-0.1247,9.5322,0.003539,0,Within synthetic screening pattern
LOT-005,L005-P004,9.2367,9.4,9.4816,9.601,9.892288,3.243242462593211,-0.20213968198844098,-0.1517888365356378,-0.12662883047961365,-0.08981382161822511,0.006804,0.001396,0,0,0,-0.1481,9.7052,0.002789,0,Within synthetic screening pattern
LOT-005,L005-P005,8.4434,8.7252,9.1643,9.3181,9.892288,3.243242462593211,-0.44674057419731356,-0.3598522199499167,-0.22446302069501148,-0.1770413426139271,0.011742,0.004117,0,0,0,-0.0763,9.3137,0.00518,0,Within synthetic screening pattern
LOT-005,L005-P006,9.3024,9.4812,9.7859,9.9865,9.892288,3.243242462593211,-0.18188217711245103,-0.12675216384263363,-0.03280297456235689,0.02904870699203581,0.00745,0.003509,0,0,0,-0.1528,9.9748,0.004002,0,Within synthetic screening pattern
LOT-005,L005-P007,8.8381,8.9892,9.0588,9.2233,9.892288,3.243242462593211,-0.3250413782375984,-0.2784522003568969,-0.25699219519146466,-0.20627134964960206,0.006296,0.001626,0,0,0,-0.1089,9.3016,0.002759,0,Within synthetic screening pattern
LOT-005,L005-P008,10.1731,10.3264,10.6937,10.9307,9.892288,3.243242462593211,0.08658372084073829,0.13385123221804837,0.24710209281091222,0.32017711040010016,0.006387,0.004197,0,0,0,-0.1547,10.8025,0.003746,0,Within synthetic screening pattern
LOT-005,L005-P009,8.5098,8.5708,8.8737,8.8698,9.892288,3.243242462593211,-0.426267235936039,-0.40745889807553076,-0.31406470892884314,-0.3152672092182854,0.002542,0.002076,0,0,0,-0.0526,8.9037,0.002345,0,Within synthetic screening pattern
LOT-005,L005-P010,10.9433,11.3018,11.6156,11.8657,9.892288,3.243242462593211,0.32406211133522184,0.43459963794165146,0.531354661230627,0.6084688464587109,0.014937,0.003916,0,0,0,-0.0917,11.8297,0.005276,0,Within synthetic screening pattern
LOT-005,L005-P011,8.8639,8.9741,9.0979,9.2114,9.892288,3.243242462593211,-0.3170863763228265,-0.28310803481089164,-0.24493635895628654,-0.20994051719943913,0.004592,0.001648,0,0,0,-0.1066,9.3365,0.002813,0,Within synthetic screening pattern
LOT-005,L005-P012,8.1828,8.4226,8.5654,8.7893,9.892288,3.243242462593211,-0.5270922602046654,-0.4531539090743397,-0.409123898476297,-0.340088048526005,0.009992,0.002547,0,0,0,-0.0152,8.7668,0.003476,0,Within synthetic screening pattern
LOT-005,L005-P013,9.5021,9.8689,10.148,10.438,9.892288,3.243242462593211,-0.1203079956248526,-0.007211301735763599,0.07884455231125043,0.16826124050055238,0.015283,0.003952,0,0,0,-0.1389,10.358,0.005095,0,Within synthetic screening pattern
LOT-005,L005-P014,8.7404,8.9601,9.1636,9.353,9.892288,3.243242462593211,-0.35516555215516704,-0.28742470251658186,-0.22467885408029603,-0.16628050669045585,0.009154,0.002728,0,0,0,-0.1116,9.3807,0.003811,0,Within synthetic screening pattern
LOT-005,L005-P015,8.521,8.7203,8.9969,9.3738,9.892288,3.243242462593211,-0.42281390177148653,-0.3613630536469081,-0.2760780331187672,-0.15986717181343021,0.008304,0.004538,0,0,0,-0.0851,9.2067,0.004082,0,Within synthetic screening pattern
LOT-005,L005-P016,9.8839,10.0326,10.3095,10.4752,9.892288,3.243242462593211,-0.0025863006225236825,0.04326287708005957,0.12864039763046503,0.17973124326138648,0.006196,0.003074,0,0,0,-0.164,10.4344,0.003277,0,Within synthetic screening pattern
LOT-005,L005-P017,9.5621,9.6483,9.897,10.136,9.892288,3.243242462593211,-0.10180799117189404,-0.07522965144114249,0.0014528670163722558,0.07514455142065848,0.003592,0.003387,0,0,0,-0.1565,10.1092,0.003257,0,Within synthetic screening pattern
LOT-005,L005-P018,8.3362,8.6171,8.7766,8.9112,9.892288,3.243242462593211,-0.47979391548660044,-0.3931830613059973,-0.3440038828018815,-0.3025022061457439,0.011704,0.002042,0,0,0,-0.0449,9.0058,0.003986,0,Within synthetic screening pattern
LOT-005,L005-P019,9.8336,9.8201,10.3417,10.5147,9.892288,3.243242462593211,-0.018095471022254284,-0.02225797202417021,0.13856873335355288,0.19191041285958457,-0.000563,0.004824,0,0,0,-0.1372,10.3933,0.003332,0,Within synthetic screening pattern
LOT-005,L005-P020,9.614,9.8168,10.1189,10.3835,9.892288,3.243242462593211,-0.08580548732008403,-0.023275472269082772,0.06987205015156542,0.15145706978911438,0.00845,0.003935,0,0,0,-0.1631,10.3409,0.004327,0,Within synthetic screening pattern
LOT-005,L005-P021,10.5218,10.6855,10.9219,11.2223,9.892288,3.243242462593211,0.1940995800531851,0.2445737588690077,0.3174637764136665,0.41008713204148095,0.006821,0.003728,0,0,0,-0.1438,11.1517,0.003749,0,Within synthetic screening pattern
LOT-005,L005-P022,10.1426,10.3382,10.5863,10.7474,9.892288,3.243242462593211,0.07717955191048416,0.1374895664271306,0.21398708484011564,0.2636595967963108,0.00815,0.002842,0,0,0,-0.1598,10.7299,0.003496,0,Within synthetic screening pattern
LOT-005,L005-P023,10.3628,10.6309,10.8399,10.9652,9.892288,3.243242462593211,0.14507456825284362,0.2277387548168154,0.2921804369946224,0.3308146129605514,0.011171,0.002322,0,0,0,-0.1456,11.0629,0.004167,0,Within synthetic screening pattern
LOT-005,L005-P024,9.1887,9.4377,9.783,10.0343,9.892288,3.243242462593211,-0.21693968555080817,-0.14016466707102884,-0.03369714144425001,0.043787043872893276,0.010375,0.004143,0,0,0,-0.1487,9.9208,0.004358,0,Within synthetic screening pattern
LOT-005,L005-P025,10.0378,10.2751,10.5672,10.7078,9.892288,3.243242462593211,0.04486621079931611,0.11803372841076863,0.20809791675592373,0.2514495938573579,0.009887,0.003005,0,0,0,-0.1585,10.6955,0.003915,0,Within synthetic screening pattern
LOT-005,L005-P026,10.539,10.7757,11.0608,11.3678,9.892288,3.243242462593211,0.199402914663033,0.27238543222995637,0.36029128672226635,0.4549496428399065,0.009863,0.004112,0,0,0,-0.1372,11.3104,0.004592,0,Within synthetic screening pattern
LOT-005,L005-P027,9.0448,10.2523,13.5665,16.7976,9.892288,3.243242462593211,-0.2613088628971549,0.11100372671864418,1.1328823060185875,2.1291383791511826,0.050312,0.045453,0,1,0,-0.0245,17.3296,0.049314,1,Projected 168h drift above safety slope
LOT-005,L005-P028,9.6369,9.8255,10.062,10.265,9.892288,3.243242462593211,-0.07874465228720472,-0.020592971623403948,0.052327879262009144,0.11491956099452068,0.007858,0.003052,0,0,0,-0.1636,10.2708,0.003773,0,Within synthetic screening pattern
LOT-005,L005-P029,10.1074,10.2875,10.4558,10.7217,9.892288,3.243242462593211,0.06632621596474833,0.12185706266438,0.17374957515493,0.2557354282222932,0.007504,0.003015,0,0,0,-0.1589,10.7329,0.003723,0,Within synthetic screening pattern
LOT-005,L005-P030,10.3521,11.225,14.5307,18.5642,9.892288,3.243242462593211,0.14177540079206596,0.41091963224186384,1.430177377577638,2.6738401769278046,0.036371,0.050967,0,1,0,-0.0372,16.9723,0.039406,1,Projected 168h drift above safety slope
LOT-005,L005-P031,10.304,10.4336,10.6681,10.9382,9.892288,3.243242462593211,0.1269445638889439,0.16690457350733526,0.23920875757765006,0.32248961095672013,0.0054,0.003504,0,0,0,-0.1505,10.8748,0.003398,0,Within synthetic screening pattern
LOT-005,L005-P032,9.4581,9.4778,9.7913,9.8674,9.892288,3.243242462593211,-0.13387466555702265,-0.12780049742830105,-0.031137974161590632,-0.007673801847087591,0.000821,0.002706,0,0,0,-0.1382,9.9063,0.002668,0,Within synthetic screening pattern
LOT-005,L005-P033,8.4255,8.7018,8.8663,9.0998,9.892288,3.243242462593211,-0.4522597421924466,-0.3670672216865703,-0.3163463761447077,-0.24435052548194258,0.011513,0.002764,0,0,0,-0.065,9.2341,0.004813,0,Within synthetic screening pattern
LOT-005,L005-P034,7.4092,7.6039,8.0339,8.3578,9.892288,3.243242462593211,-0.7656189842848163,-0.7055864698349644,-0.5730031045887589,-0.4731339138835354,0.008113,0.005235,0,0,1,0.0471,8.3521,0.005612,0,Dynamic lot-relative outlier
LOT-005,L005-P035,8.8327,10.3467,14.4918,20.3056,9.892288,3.243242462593211,-0.32670637863836466,0.14011040039129968,1.4181832080239696,3.2107719728341833,0.063083,0.069159,0,1,1,0.0132,19.8034,0.065302,1,Dynamic lot outlier + projected drift above safety slope
LOT-005,L005-P036,10.2365,10.3241,10.5806,10.7067,9.892288,3.243242462593211,0.10613205887936483,0.13314206538068496,0.2122295844170848,0.2511104271090533,0.00365,0.002657,0,0,0,-0.1525,10.7419,0.003008,0,Within synthetic screening pattern
LOT-005,L005-P037,10.3166,10.4411,10.6501,10.7977,9.892288,3.243242462593211,0.130829564824065,0.16921707406395523,0.23365875624176216,0.2791687671960414,0.005188,0.002476,0,0,0,-0.1506,10.8565,0.003214,0,Within synthetic screening pattern
LOT-005,L005-P038,9.7681,9.898,10.1495,10.4451,9.892288,3.243242462593211,-0.03829130921673452,0.001761200423921401,0.07930705242257441,0.17045040769415234,0.005412,0.003799,0,0,0,-0.1627,10.3586,0.003515,0,Within synthetic screening pattern
LOT-005,L005-P039,8.8867,10.526,13.0336,16.8975,9.892288,3.243242462593211,-0.31005637463070207,0.19539458036489193,0.9685714331355569,2.1599408865653595,0.068304,0.044247,0,1,1,0.0113,19.1384,0.061022,1,Dynamic lot outlier + projected drift above safety slope
LOT-005,L005-P040,9.1654,9.3211,9.4365,9.5545,9.892288,3.243242462593211,-0.22412385394670747,-0.1761163423912791,-0.1405346671600877,-0.1041513250692683,0.006487,0.001621,0,0,0,-0.1453,9.6507,0.002889,0,Within synthetic screening pattern
LOT-005,L005-P041,10.4189,10.5458,10.7798,11.0743,9.892288,3.243242462593211,0.16237207241636048,0.20149958183436842,0.27364959920090837,0.36445378772418174,0.005287,0.00367,0,0,0,-0.148,11.0185,0.003569,0,Within synthetic screening pattern
LOT-005,L005-P042,9.9452,10.1169,10.3935,10.5352,9.892288,3.243242462593211,0.01631453726024916,0.06925538333646658,0.15454040386460746,0.1982312477143456,0.007154,0.002905,0,0,0,-0.1594,10.6042,0.003923,0,Within synthetic screening pattern
LOT-005,L005-P043,10.8215,10.8953,11.1975,11.3158,9.892288,3.243242462593211,0.286507102295715,0.3092621077728546,0.40244046353425766,0.4389163056473417,0.003075,0.00292,0,0,0,-0.1177,11.355,0.003176,0,Within synthetic screening pattern
LOT-005,L005-P044,9.7207,9.9165,10.1048,10.2731,9.892288,3.243242462593211,-0.052906312734572004,0.0074653684635835995,0.06552454910511979,0.1174170615956698,0.008158,0.002476,0,0,0,-0.1621,10.2772,0.003312,0,Within synthetic screening pattern
LOT-005,L005-P045,9.329,9.5202,9.811,9.9985,9.892288,3.243242462593211,-0.17368050847163916,-0.11472716094820985,-0.02506380603286902,0.032748707882627744,0.007967,0.003322,0,0,0,-0.1527,9.9486,0.003688,0,Within synthetic screening pattern
LOT-005,L005-P046,8.581,8.5773,8.7723,8.8502,9.892288,3.243242462593211,-0.40431389731852796,-0.4054547309264605,-0.34532971645434374,-0.32131054400625214,-0.000154,0.001895,0,0,0,-0.0427,8.8896,0.001837,0,Within synthetic screening pattern
LOT-005,L005-P047,10.5734,10.7278,10.9381,11.1863,9.892288,3.243242462593211,0.21000958388272942,0.25761626200834403,0.32245877761596525,0.39898712936970515,0.006433,0.003184,0,0,0,-0.1431,11.1731,0.00357,0,Within synthetic screening pattern
LOT-005,L005-P048,10.4276,10.6015,10.9186,11.0114,9.892288,3.243242462593211,0.1650545730620393,0.21867375263486527,0.31644627616875337,0.34505961638933,0.007246,0.002847,0,0,0,-0.1488,11.0619,0.003776,0,Within synthetic screening pattern
LOT-005,L005-P049,9.103,9.2495,9.627,9.908,9.892288,3.243242462593211,-0.24336385857778486,-0.19819301437181017,-0.08179715302194296,0.004844534499414496,0.006104,0.004573,0,0,0,-0.1426,9.7867,0.00407,0,Within synthetic screening pattern
LOT-005,L005-P050,8.7702,9.0816,9.2416,9.5054,9.892288,3.243242462593211,-0.3459772166101969,-0.24996219349934018,-0.20062884829144956,-0.11929049537994005,0.012975,0.002943,0,0,0,-0.103,9.4828,0.004242,0,Within synthetic screening pattern
LOT-005,L005-P051,9.0015,9.0685,9.1441,9.356,9.892288,3.243242462593211,-0.27465969944404034,-0.2540013611382361,-0.23069135552750794,-0.16535550646780786,0.002792,0.001997,0,0,0,-0.1105,9.521,0.003092,0,Within synthetic screening pattern
LOT-005,L005-P052,9.4848,9.5852,9.579,9.7599,9.892288,3.243242462593211,-0.12564216357545593,-0.09468548945750445,-0.09659715658431015,-0.04081964315863905,0.004183,0.001213,0,0,0,-0.1522,9.8857,0.002386,0,Within synthetic screening pattern
LOT-005,L005-P053,9.5973,9.7785,10.0823,10.2781,9.892288,3.243242462593211,-0.09095465522615766,-0.03508464177822199,0.05858704743526046,0.11895872863341661,0.00755,0.003469,0,0,0,-0.1612,10.2342,0.003791,0,Within synthetic screening pattern
LOT-005,L005-P054,8.7766,9.0458,9.3673,9.6391,9.892288,3.243242462593211,-0.3440038828018815,-0.2610005294896057,-0.1618713389625005,-0.07806631879059671,0.011217,0.00412,0,0,0,-0.1145,9.4829,0.004204,0,Within synthetic screening pattern
LOT-005,L005-P055,9.478,9.6734,10.0215,10.1473,9.892288,3.243242462593211,-0.12773883074679132,-0.06749048291165462,0.03984037625626192,0.07862871892596586,0.008142,0.003291,0,0,0,-0.1599,10.0861,0.00362,0,Within synthetic screening pattern
LOT-005,L005-P056,8.7333,8.7959,9.0624,9.2674,9.892288,3.243242462593211,-0.357354719348767,-0.33805304803617986,-0.25588219492428693,-0.19267384637667714,0.002608,0.003274,0,0,0,-0.0907,9.2831,0.003273,0,Within synthetic screening pattern
LOT-005,L005-P057,10.1532,10.3874,10.4101,10.5164,9.892288,3.243242462593211,0.08044788603050697,0.15265957007855666,0.15965873842992623,0.19243457965241884,0.009758,0.000896,0,0,0,-0.1569,10.6901,0.003196,0,Within synthetic screening pattern
LOT-005,L005-P058,9.578,9.6266,9.859,10.2251,9.892288,3.243242462593211,-0.09690548999185983,-0.08192048638496294,-0.010263802470501834,0.10261705803330261,0.002025,0.004156,0,0,0,-0.1476,10.1346,0.003313,0,Within synthetic screening pattern
LOT-005,L005-P059,10.0542,10.9298,14.1612,17.95,9.892288,3.243242462593211,0.04992287868312461,0.3198996103333059,1.3162481834881656,2.484461798011014,0.036483,0.048751,0,1,0,-0.0524,17.4471,0.044005,1,Projected 168h drift above safety slope
LOT-005,L005-P060,9.6932,9.9003,10.0509,10.2902,9.892288,3.243242462593211,-0.0613854814421787,0.0024703672612848182,0.04890537843821205,0.1226895628647634,0.008629,0.002708,0,0,0,-0.1627,10.2863,0.00353,0,Within synthetic screening pattern
LOT-005,L005-P061,10.7056,10.9255,11.2895,11.6476,9.892288,3.243242462593211,0.2507712603607493,0.31857377668084363,0.4308071370287949,0.5412213302722051,0.009162,0.005015,0,0,0,-0.1251,11.4561,0.004467,0,Within synthetic screening pattern
LOT-005,L005-P062,8.8999,9.131,9.3573,9.531,9.892288,3.243242462593211,-0.3059863736510507,-0.23473052316640386,-0.16495467303799358,-0.11139716014667733,0.009629,0.002778,0,0,0,-0.1262,9.5932,0.004127,0,Within synthetic screening pattern
LOT-005,L005-P063,8.2896,8.444,8.7092,8.8257,9.892288,3.243242462593211,-0.4941622522783985,-0.44655557415278385,-0.3647855544707057,-0.3288647124912103,0.006433,0.002651,0,0,0,-0.0328,8.7767,0.002899,0,Within synthetic screening pattern
LOT-005,L005-P064,11.2088,11.3918,11.7003,11.9007,9.892288,3.243242462593211,0.40592463103956505,0.46234964462108985,0.557470500850054,0.6192605157229369,0.007625,0.003534,0,0,0,-0.089,11.8838,0.004018,0,Within synthetic screening pattern
LOT-005,L005-P065,8.4453,8.6101,8.8244,9.0063,9.892288,3.243242462593211,-0.4461547407229701,-0.3953413951588429,-0.329265545921024,-0.2731796990878038,0.006867,0.002751,0,0,0,-0.0616,8.9891,0.003237,0,Within synthetic screening pattern
LOT-005,L005-P066,10.6758,10.8107,11.0524,11.2323,9.892288,3.243242462593211,0.24158292481577975,0.2831771014941825,0.3577012860988521,0.41317046611697406,0.005621,0.002928,0,0,0,-0.1317,11.2347,0.003327,0,Within synthetic screening pattern
LOT-005,L005-P067,8.7385,8.8841,9.193,9.2332,9.892288,3.243242462593211,-0.3557513856295105,-0.31085804149033003,-0.21561385189834648,-0.2032188489148638,0.006067,0.002424,0,0,0,-0.1093,9.3117,0.003412,0,Within synthetic screening pattern
LOT-005,L005-P068,9.9985,10.1212,10.3869,10.6032,9.892288,3.243242462593211,0.032748707882627744,0.07058121698892884,0.15250540337478236,0.21919791942769898,0.005113,0.003347,0,0,0,-0.1565,10.607,0.003622,0,Within synthetic screening pattern
LOT-005,L005-P069,9.6856,9.8996,10.1516,10.2874,9.892288,3.243242462593211,-0.06372881533955296,0.0022545338760002523,0.07995455257842811,0.12182622932362515,0.008917,0.002693,0,0,0,-0.1615,10.294,0.003621,0,Within synthetic screening pattern
LOT-005,L005-P070,10.0176,10.1207,10.4538,10.793,9.892288,3.243242462593211,0.038637875966819654,0.07042705028515399,0.17313290833983117,0.2777196001805592,0.004296,0.004669,0,0,0,-0.1551,10.653,0.003782,0,Within synthetic screening pattern
LOT-005,L005-P071,10.5289,10.8276,11.1131,11.2818,9.892288,3.243242462593211,0.19628874724678505,0.2883879360817658,0.37641712393709525,0.42843296979066525,0.012446,0.003154,0,0,0,-0.132,11.2826,0.004486,0,Within synthetic screening pattern
LOT-005,L005-P072,41.0695,58.3314,71.7616,98.352,9.892288,3.243242462593211,9.612976013847428,14.935396461622968,19.07637579169179,27.275084431791125,0.719246,0.277921,1,1,1,0.3157,98.9652,0.344617,1,Dynamic lot outlier + projected drift above safety slope
LOT-005,L005-P073,9.6543,9.9049,10.1097,10.2626,9.892288,3.243242462593211,-0.07337965099584708,0.003888700936011653,0.06703538280211176,0.1141795608164024,0.010442,0.002484,0,0,0,-0.1614,10.3054,0.003876,0,Within synthetic screening pattern
LOT-005,L005-P074,9.8525,10.031,10.2323,10.3527,9.892288,3.243242462593211,-0.012267969619572647,0.042769543627980716,0.10483705856765799,0.14196040083659567,0.007438,0.002234,0,0,0,-0.1631,10.4204,0.00338,0,Within synthetic screening pattern
LOT-005,L005-P075,9.9069,10.1464,10.3783,10.5134,9.892288,3.243242462593211,0.004505367751110491,0.07835121885917157,0.14985373606985783,0.19150957942977084,0.009979,0.002549,0,0,0,-0.1606,10.5574,0.003872,0,Within synthetic screening pattern
LOT-005,L005-P076,10.6375,10.8373,11.1023,11.3123,9.892288,3.243242462593211,0.22977375530664051,0.29137877013499436,0.37308712313556275,0.4378371387209194,0.008325,0.003299,0,0,0,-0.1321,11.2692,0.00376,0,Within synthetic screening pattern
LOT-005,L005-P077,10.0919,10.2171,10.5462,10.5492,9.892288,3.243242462593211,0.061547048147734124,0.10015039077290835,0.2016229151973884,0.2025479154200364,0.005217,0.002306,0,0,0,-0.1561,10.6299,0.003202,0,Within synthetic screening pattern
LOT-005,L005-P078,10.3186,10.4418,10.632,10.6794,9.892288,3.243242462593211,0.13144623163916383,0.16943290744923978,0.2280779215651194,0.2426929250829569,0.005133,0.00165,0,0,0,-0.1511,10.8398,0.003102,0,Within synthetic screening pattern
LOT-005,L005-P079,9.679,10.515,13.3655,19.3992,9.892288,3.243242462593211,-0.06576381582937864,0.1920029128818497,1.0709072911011752,2.9312985722314835,0.034833,0.061696,0,1,0,-0.0637,14.705,0.029917,1,Projected 168h drift above safety slope
LOT-005,L005-P080,9.7336,9.9603,10.408,10.4515,9.892288,3.243242462593211,-0.04892881177718633,0.020970371714243936,0.15901123827407254,0.17242374150246775,0.009446,0.003411,0,0,0,-0.1605,10.4626,0.004339,0,Within synthetic screening pattern
LOT-005,L005-P081,9.056,9.3127,9.6406,9.8115,9.892288,3.243242462593211,-0.2578555287326029,-0.17870634301469335,-0.07760381867927271,-0.024909639329094173,0.010696,0.003464,0,0,0,-0.1394,9.7336,0.004033,0,Within synthetic screening pattern
LOT-005,L005-P082,9.5142,9.7679,10.0051,10.3562,9.892288,3.243242462593211,-0.11657716139350581,-0.03835297589824479,0.03478370837245342,0.14303956776301793,0.010571,0.004085,0,0,0,-0.1594,10.2463,0.004358,0,Within synthetic screening pattern
LOT-005,L005-P083,9.959,10.033,10.2279,10.3253,9.892288,3.243242462593211,0.020569538284429666,0.043386210443079005,0.10348039157444087,0.13351206546974437,0.003083,0.00203,0,0,0,-0.1561,10.4435,0.002884,0,Within synthetic screening pattern
LOT-005,L005-P084,7.718,7.914,8.2076,8.4481,9.892288,3.243242462593211,-0.6704056280335876,-0.6099722801539217,-0.5194455916974426,-0.44529140718183186,0.008167,0.003709,0,0,1,0.0325,8.4539,0.00438,0,Dynamic lot-relative outlier
LOT-005,L005-P085,10.4261,10.6653,10.8201,11.0623,9.892288,3.243242462593211,0.1645920729507153,0.2383454240365118,0.28607543552514586,0.3607537868335904,0.009967,0.002757,0,0,0,-0.1477,11.1269,0.004171,0,Within synthetic screening pattern
LOT-005,L005-P086,8.3321,8.5376,8.7372,8.9291,9.892288,3.243242462593211,-0.4810580824575524,-0.4176955672061683,-0.3561522190593247,-0.29698303815061083,0.008562,0.002719,0,0,0,-0.0472,9.0703,0.004394,0,Within synthetic screening pattern
LOT-005,L005-P087,10.1681,10.1435,10.3203,10.418,9.892288,3.243242462593211,0.08504205380299203,0.07745705197727845,0.13197039843199757,0.16209457234956565,-0.001025,0.001906,0,0,0,-0.1311,10.5191,0.002089,0,Within synthetic screening pattern
LOT-005,L005-P088,10.16,10.2481,10.5648,10.811,9.892288,3.243242462593211,0.08254455320184236,0.10970872640693732,0.20735791657780545,0.2832696015164471,0.003671,0.003909,0,0,0,-0.1537,10.6832,0.003114,0,Within synthetic screening pattern
LOT-005,L005-P089,8.8648,8.9489,9.2853,9.5432,9.892288,3.243242462593211,-0.31680887625603166,-0.2908780366811344,-0.18715467838154465,-0.10763549257457568,0.003504,0.004127,0,0,0,-0.1125,9.4447,0.003452,0,Within synthetic screening pattern
LOT-005,L005-P090,10.2374,10.3973,10.5875,10.9298,9.892288,3.243242462593211,0.10640955894615912,0.15571207081329488,0.21435708492917505,0.3198996103333059,0.006663,0.003698,0,0,0,-0.1552,10.8761,0.003802,0,Within synthetic screening pattern
LOT-005,L005-P091,9.2098,9.408,9.8383,10.0766,9.892288,3.243242462593211,-0.21043385065151798,-0.14932216927524355,-0.01664630400677259,0.05682954701222908,0.008258,0.004643,0,0,0,-0.1489,9.9161,0.004204,0,Within synthetic screening pattern
LOT-005,L005-P092,9.966,10.2581,10.5731,10.6228,9.892288,3.243242462593211,0.022727872137274778,0.11279206048243043,0.20991708386046484,0.22524125421566574,0.012171,0.002533,0,0,0,-0.1545,10.6505,0.004074,0,Within synthetic screening pattern
LOT-005,L005-P093,10.3765,10.6208,10.8741,10.9785,9.892288,3.243242462593211,0.14929873593626927,0.2246245874005669,0.302725439532809,0.3349154472809576,0.010179,0.002484,0,0,0,-0.1478,11.0617,0.004079,0,Within synthetic screening pattern
LOT-005,L005-P094,10.106,10.2714,10.5748,10.8636,9.892288,3.243242462593211,0.0658945491941792,0.11689289480283609,0.21044125065329855,0.29948793875354107,0.006892,0.004113,0,0,0,-0.1589,10.7129,0.003612,0,Within synthetic screening pattern
LOT-005,L005-P095,10.2617,10.4358,10.7945,11.0869,9.892288,3.243242462593211,0.11390206074960757,0.16758290700394382,0.27818210029188317,0.36833878865930336,0.007254,0.004522,0,0,0,-0.1516,10.9028,0.003816,0,Within synthetic screening pattern
LOT-005,L005-P096,10.2787,10.4093,10.6035,10.6935,9.892288,3.243242462593211,0.11914372867794631,0.1594120717038868,0.2192904194499641,0.24704042612940252,0.005442,0.001974,0,0,0,-0.153,10.8746,0.003547,0,Within synthetic screening pattern
LOT-005,L005-P097,10.4418,10.6968,11.0102,11.219,9.892288,3.243242462593211,0.16943290744923978,0.24805792637431506,0.3446896163002706,0.40906963179656786,0.010625,0.003626,0,0,0,-0.1431,11.133,0.004114,0,Within synthetic screening pattern
LOT-005,L005-P098,8.8429,8.9919,9.3115,9.5964,9.892288,3.243242462593211,-0.32356137788136186,-0.277619700156514,-0.17907634310375223,-0.09123215529295249,0.006208,0.004198,0,0,0,-0.1168,9.4715,0.003742,0,Within synthetic screening pattern
LOT-005,L005-P099,9.61,9.8263,10.1538,10.2536,9.892288,3.243242462593211,-0.08703882095028172,-0.020346304897364526,0.08063288607503667,0.11140456014845845,0.009013,0.002967,0,0,0,-0.1616,10.2833,0.004008,0,Within synthetic screening pattern
LOT-005,L005-P100,10.0271,10.2111,10.4618,10.5958,9.892288,3.243242462593211,0.041567043338538445,0.09830039032761238,0.17559957560022596,0.21691625221183444,0.007667,0.002672,0,0,0,-0.1585,10.6559,0.003743,0,Within synthetic screening pattern
LOT-006,L006-P001,9.8436,10.0452,10.3195,10.6582,10.420281,3.8615581230791007,-0.14933894081598575,-0.09713203531970159,-0.026098532454469324,0.06161217633318735,0.0084,0.004257,0,0,0,-0.1661,10.568,0.004312,0,Within synthetic screening pattern
LOT-006,L006-P002,9.6896,9.8006,10.1199,10.2807,10.420281,3.8615581230791007,-0.18921921584786966,-0.16047434228592763,-0.07778751230098906,-0.03614629005990506,0.004625,0.003334,0,0,0,-0.1652,10.2243,0.003183,0,Within synthetic screening pattern
LOT-006,L006-P003,9.5805,9.8223,10.1834,10.5769,10.420281,3.8615581230791007,-0.21747206004253541,-0.15485484898598012,-0.06134337292095869,0.040558498670251075,0.010075,0.00524,0,0,0,-0.1643,10.4024,0.004892,0,Within synthetic screening pattern
LOT-006,L006-P004,9.7596,9.9511,10.0235,10.2644,10.420281,3.8615581230791007,-0.17109181810610416,-0.12150043714113175,-0.10275152861964865,-0.0403673841054874,0.007979,0.002176,0,0,0,-0.1678,10.4378,0.004037,0,Within synthetic screening pattern
LOT-006,L006-P005,10.795,10.8538,11.2256,11.3388,10.420281,3.8615581230791007,0.0970382907770944,0.11226530488017729,0.20854768317143998,0.23786227494812373,0.00245,0.003368,0,0,0,-0.1335,11.3077,0.003052,0,Within synthetic screening pattern
LOT-006,L006-P006,9.6532,9.6966,9.8349,10.1585,10.420281,3.8615581230791007,-0.1986454626735878,-0.1874064760736932,-0.15159191739246258,-0.06779154726052969,0.001808,0.003208,0,0,0,-0.1512,10.1499,0.002957,0,Within synthetic screening pattern
LOT-006,L006-P007,10.3418,11.7835,15.6265,20.8395,10.420281,3.8615581230791007,-0.020323661459592746,0.3530230431733104,1.3482171791962319,2.698190385307991,0.060071,0.062889,0,1,1,0.0119,20.5849,0.060971,1,Dynamic lot outlier + projected drift above safety slope
LOT-006,L006-P008,9.8976,10.1993,10.3998,10.5704,10.420281,3.8615581230791007,-0.13535494827233807,-0.05722586400532951,-0.005303817616415269,0.038875240308515496,0.012571,0.002577,0,0,0,-0.1612,10.758,0.005121,0,Within synthetic screening pattern
LOT-006,L006-P009,9.6581,9.8656,10.1108,10.314,10.420281,3.8615581230791007,-0.19737654483166442,-0.1436417586685737,-0.08014407400741859,-0.027522827991322222,0.008646,0.003114,0,0,0,-0.1675,10.267,0.003624,0,Within synthetic screening pattern
LOT-006,L006-P010,9.5107,9.8118,10.0005,10.1362,10.420281,3.8615581230791007,-0.23554766521932455,-0.15757395864724505,-0.10870767359194292,-0.07356641825540626,0.012546,0.002253,0,0,0,-0.1571,10.2286,0.004273,0,Within synthetic screening pattern
LOT-006,L006-P011,11.0839,11.1442,11.3292,11.5209,10.420281,3.8615581230791007,0.1718526508856091,0.18746810922601553,0.23537623182925285,0.2850194053592016,0.002512,0.002616,0,0,0,-0.1165,11.6196,0.003189,0,Within synthetic screening pattern
LOT-006,L006-P012,9.0688,9.3246,9.446,9.6548,10.420281,3.8615581230791007,-0.3499833375348409,-0.2837406469299323,-0.2523025599892135,-0.19823112215377606,0.010658,0.002293,0,0,0,-0.1319,9.7378,0.003982,0,Within synthetic screening pattern
LOT-006,L006-P013,10.249,11.1246,15.5274,19.5679,10.420281,3.8615581230791007,-0.0443554116086757,0.1823924378583211,1.3225539632503898,2.3688932571875783,0.036483,0.058634,0,1,0,-0.0281,19.31,0.053935,1,Projected 168h drift above safety slope
LOT-006,L006-P014,11.066,12.5145,15.5493,18.6022,10.420281,3.8615581230791007,0.16721721632021502,0.5423248681623178,1.3282252491153135,2.1188128571986797,0.060354,0.042276,0,1,1,0.0374,19.4823,0.050097,1,Dynamic lot outlier + projected drift above safety slope
LOT-006,L006-P015,10.853,11.0979,11.2331,11.515,10.420281,3.8615581230791007,0.11205813462027142,0.17547813043396202,0.21048990435805778,0.283491524692396,0.010204,0.002897,0,0,0,-0.1355,11.5424,0.004104,0,Within synthetic screening pattern
LOT-006,L006-P016,10.9793,11.2118,11.3081,11.4866,10.420281,3.8615581230791007,0.14476513940291402,0.20497399618806342,0.22991211622423485,0.2761369804657366,0.009687,0.001908,0,0,0,-0.1289,11.5483,0.003387,0,Within synthetic screening pattern
LOT-006,L006-P017,10.1728,10.4366,10.8036,10.9806,10.420281,3.8615581230791007,-0.06408837886471178,0.004226014339255564,0.0992653710710826,0.14510179107526122,0.010992,0.003778,0,0,0,-0.1607,10.9749,0.004774,0,Within synthetic screening pattern
LOT-006,L006-P018,9.968,10.1218,10.2095,10.3985,10.420281,3.8615581230791007,-0.11712396540061988,-0.07729548293371234,-0.05458444319152912,-0.005640469288762477,0.006408,0.001922,0,0,0,-0.1645,10.5722,0.003596,0,Within synthetic screening pattern
LOT-006,L006-P019,10.3139,10.5391,10.6871,10.8848,10.420281,3.8615581230791007,-0.027548724273810398,0.030769703889697565,0.06909620197228722,0.1202931524515307,0.009383,0.002401,0,0,0,-0.1609,10.9329,0.003685,0,Within synthetic screening pattern
LOT-006,L006-P020,9.8843,11.4327,15.7618,20.2809,10.420281,3.8615581230791007,-0.13879915384327376,0.2621788842045775,1.3832548494028154,2.5535337513287026,0.064517,0.061446,0,1,1,0.015,19.6684,0.058239,1,Dynamic lot outlier + projected drift above safety slope
LOT-006,L006-P021,11.0685,11.2091,11.4607,11.652,10.420281,3.8615581230791007,0.1678646233824208,0.20427479656088085,0.26942984330128333,0.31896943170127945,0.005858,0.003076,0,0,0,-0.1242,11.6481,0.00345,0,Within synthetic screening pattern
LOT-006,L006-P022,9.1694,9.4046,9.6043,9.8306,10.420281,3.8615581230791007,-0.32393167735167516,-0.2630236209393432,-0.21130874481033526,-0.15270545753945647,0.0098,0.002958,0,0,0,-0.1454,9.837,0.003974,0,Within synthetic screening pattern
LOT-006,L006-P023,10.2255,10.4509,10.6311,10.744,10.420281,3.8615581230791007,-0.050441037993411306,0.007929182735073467,0.05459428377887511,0.08383118670809385,0.009392,0.002035,0,0,0,-0.1625,10.8358,0.003633,0,Within synthetic screening pattern
LOT-006,L006-P024,9.9528,10.0756,10.3938,10.7425,10.420281,3.8615581230791007,-0.12106020033883183,-0.08925956544327769,-0.006857594565709507,0.08344274247077028,0.005117,0.004631,0,0,0,-0.1649,10.6078,0.003899,0,Within synthetic screening pattern
LOT-006,L006-P025,10.2566,10.4728,10.5828,10.8035,10.420281,3.8615581230791007,-0.04238729413956972,0.013600468599996881,0.04208637933705714,0.09923947478859442,0.009008,0.002297,0,0,0,-0.1626,10.8656,0.003625,0,Within synthetic screening pattern
LOT-006,L006-P026,10.5516,10.8026,10.9763,11.1801,10.420281,3.8615581230791007,0.03400673920072738,0.09900640824620038,0.1439882509282669,0.19676487463929232,0.010458,0.002622,0,0,0,-0.1498,11.2391,0.004092,0,Within synthetic screening pattern
LOT-006,L006-P027,10.0942,10.3355,10.4137,10.6422,10.420281,3.8615581230791007,-0.08444285690046546,-0.02195512725635151,-0.0017042343505505307,0.05746877113506954,0.010054,0.00213,0,0,0,-0.166,10.6549,0.003337,0,Within synthetic screening pattern
LOT-006,L006-P028,10.1901,10.4278,10.6547,11.0001,10.420281,3.8615581230791007,-0.05960832199424722,0.0019471414802905596,0.060705806446098895,0.15015156616046704,0.009904,0.003974,0,0,0,-0.1641,10.9385,0.004455,0,Within synthetic screening pattern
LOT-006,L006-P029,10.527,10.6257,10.7141,10.7106,10.420281,3.8615581230791007,0.02763625370862091,0.053195884524510385,0.0760881982441113,0.07518182835702283,0.004113,0.00059,0,0,0,-0.1506,10.8849,0.00213,0,Within synthetic screening pattern
LOT-006,L006-P030,9.6444,9.8931,10.1044,10.2999,10.420281,3.8615581230791007,-0.2009243355325528,-0.13652028098430877,-0.08180143608666554,-0.031174203822163776,0.010363,0.002825,0,0,0,-0.1667,10.2983,0.003892,0,Within synthetic screening pattern
LOT-006,L006-P031,9.5543,9.7346,10.0639,10.2623,10.420281,3.8615581230791007,-0.22425688605445362,-0.17756588872816334,-0.09228943049440118,-0.040911206037740476,0.007513,0.003665,0,0,0,-0.1632,10.2042,0.003868,0,Within synthetic screening pattern
LOT-006,L006-P032,9.6804,9.9759,10.1003,10.3816,10.420281,3.8615581230791007,-0.19160167383678736,-0.11507815908404939,-0.08286318366868305,-0.010016941029274334,0.012312,0.002817,0,0,0,-0.1611,10.4274,0.004446,0,Within synthetic screening pattern
LOT-006,L006-P033,10.3429,10.4398,10.7033,10.9198,10.420281,3.8615581230791007,-0.020038802352221892,0.005054695378879035,0.07329139973538185,0.12935685132241345,0.004037,0.003333,0,0,0,-0.1586,10.8811,0.003204,0,Within synthetic screening pattern
LOT-006,L006-P034,9.7839,9.9149,10.0564,10.1739,10.420281,3.8615581230791007,-0.16479902146146316,-0.13087489140187353,-0.09423165168101898,-0.06380351975734139,0.005458,0.001799,0,0,0,-0.1646,10.3042,0.003097,0,Within synthetic screening pattern
LOT-006,L006-P035,8.6242,8.8468,9.2017,9.355,10.420281,3.8615581230791007,-0.4651182094775394,-0.4074730846587254,-0.3155671781079746,-0.27586817705350836,0.009275,0.003529,0,0,0,-0.0946,9.2214,0.003555,0,Within synthetic screening pattern
LOT-006,L006-P036,10.3468,10.5064,10.7439,10.9767,10.420281,3.8615581230791007,-0.01902884733518073,0.022301619516044244,0.08380529042560567,0.1440918360582196,0.00665,0.003266,0,0,0,-0.1608,10.9569,0.003632,0,Within synthetic screening pattern
LOT-006,L006-P037,10.4483,10.6291,10.9855,10.9715,10.420281,3.8615581230791007,0.007255879390379052,0.05407635812911021,0.14637070891718462,0.1427452293688317,0.007533,0.002378,0,0,0,-0.1565,11.052,0.003593,0,Within synthetic screening pattern
LOT-006,L006-P038,10.2308,10.3857,10.7279,10.9762,10.420281,3.8615581230791007,-0.049068535021534763,-0.00895519344725682,0.07966188522748786,0.14396235464577872,0.006454,0.004101,0,0,0,-0.1631,10.8795,0.003861,0,Within synthetic screening pattern
LOT-006,L006-P039,9.7468,10.0541,10.1937,10.4296,10.420281,3.8615581230791007,-0.1744065422645985,-0.09482726617824841,-0.05867605582467059,0.002413274565079107,0.012804,0.002608,0,0,0,-0.1597,10.4746,0.004332,0,Within synthetic screening pattern
LOT-006,L006-P040,10.3511,10.4576,10.6658,10.8363,10.420281,3.8615581230791007,-0.017915307188186402,0.009664233661784935,0.06358029380229333,0.10773345544473592,0.004437,0.00263,0,0,0,-0.1593,10.8821,0.003161,0,Within synthetic screening pattern
LOT-006,L006-P041,10.0675,10.3871,10.609,10.8515,10.420281,3.8615581230791007,-0.09135716432482455,-0.008592645492421436,0.04887120534897488,0.11166969038294787,0.013317,0.003225,0,0,0,-0.1559,10.8365,0.004577,0,Within synthetic screening pattern
LOT-006,L006-P042,9.857,10.0123,10.505,10.7483,10.420281,3.8615581230791007,-0.14586883896256236,-0.10565191225833126,0.021939071561209323,0.08494472685508818,0.006471,0.005111,0,0,0,-0.1646,10.5498,0.004124,0,Within synthetic screening pattern
LOT-006,L006-P043,9.9024,10.0349,10.2112,10.3414,10.420281,3.8615581230791007,-0.13411192671290287,-0.0997993524159897,-0.05414420638922921,-0.02042724658954545,0.005521,0.002128,0,0,0,-0.1664,10.4167,0.003061,0,Within synthetic screening pattern
LOT-006,L006-P044,10.649,10.9961,11.0875,11.0995,10.420281,3.8615581230791007,0.05922971834426918,0.1491157148609377,0.17278491705518573,0.1758924709537742,0.014463,0.000718,0,0,0,-0.1326,11.497,0.005048,0,Within synthetic screening pattern
LOT-006,L006-P045,10.6903,10.9547,11.2047,11.275,10.420281,3.8615581230791007,0.06992488301191116,0.13839465391080802,0.2031353601313988,0.22134044672062883,0.011017,0.002224,0,0,0,-0.1416,11.3542,0.003952,0,Within synthetic screening pattern
LOT-006,L006-P046,10.2054,10.4594,10.608,10.8166,10.420281,3.8615581230791007,-0.0556461907735471,0.010130366746573484,0.04861224252409266,0.10263188779455329,0.010583,0.002481,0,0,0,-0.1612,10.9071,0.004177,0,Within synthetic screening pattern
LOT-006,L006-P047,9.7811,9.8979,10.1913,10.3107,10.420281,3.8615581230791007,-0.16552411737113346,-0.13527725942487356,-0.05929756660438819,-0.02837740531343387,0.004867,0.002867,0,0,0,-0.1659,10.3469,0.003368,0,Within synthetic screening pattern
LOT-006,L006-P048,10.5448,10.706,10.9598,11.015,10.420281,3.8615581230791007,0.03224579199152727,0.07399059936256398,0.13971536431770776,0.15401011225121447,0.006717,0.002146,0,0,0,-0.1538,11.1015,0.003314,0,Within synthetic screening pattern
LOT-006,L006-P049,9.9666,10.0854,10.5382,10.8341,10.420281,3.8615581230791007,-0.11748651335545528,-0.08672172975943047,0.03053663734730352,0.10716373722999467,0.00495,0.005199,0,0,0,-0.1632,10.6835,0.004267,0,Within synthetic screening pattern
LOT-006,L006-P050,10.1753,10.496,10.7832,11.0221,10.420281,3.8615581230791007,-0.063440971802506,0.019608406137267966,0.09398252944348275,0.1558487483078791,0.013363,0.003653,0,0,0,-0.1516,11.0164,0.005007,0,Within synthetic screening pattern
LOT-006,L006-P051,8.6619,8.827,9.0531,9.3961,10.420281,3.8615581230791007,-0.45535531097947457,-0.4126005485913962,-0.35404905388549374,-0.2652248049508432,0.006879,0.003952,0,0,0,-0.089,9.357,0.004138,0,Within synthetic screening pattern
LOT-006,L006-P052,9.4842,9.6591,10.0328,10.1871,10.420281,3.8615581230791007,-0.2424101800787073,-0.19711758200678173,-0.10034317434824276,-0.060385210468894335,0.007288,0.003667,0,0,0,-0.1616,10.1476,0.003949,0,Within synthetic screening pattern
LOT-006,L006-P053,9.8195,10.0747,10.3744,10.5788,10.420281,3.8615581230791007,-0.15557994489565088,-0.08949263198567174,-0.011881473368427603,0.04105052803752734,0.010633,0.003501,0,0,0,-0.1662,10.4486,0.003745,0,Within synthetic screening pattern
LOT-006,L006-P054,9.6078,10.7833,14.8909,19.4081,10.420281,3.8615581230791007,-0.2104023749232473,0.09400842572597091,1.1577241252127657,2.3275109977713764,0.048979,0.059894,0,1,0,-0.0389,19.036,0.05612,1,Projected 168h drift above safety slope
LOT-006,L006-P055,10.1309,10.1608,10.4728,10.6092,10.420281,3.8615581230791007,-0.07493892122728281,-0.06719593276330026,0.013600468599996881,0.04892299791395123,0.001246,0.003114,0,0,0,-0.1538,10.5609,0.00256,0,Within synthetic screening pattern
LOT-006,L006-P056,9.235,9.4001,9.5883,9.9645,10.420281,3.8615581230791007,-0.3069437160393922,-0.26418895365131384,-0.21545215000845308,-0.11803033528770834,0.006879,0.003919,0,0,0,-0.1465,9.7306,0.00295,0,Within synthetic screening pattern
LOT-006,L006-P057,9.8149,10.047,10.1833,10.3631,10.420281,3.8615581230791007,-0.15677117389010975,-0.09666590223491305,-0.061369269203447326,-0.014807753289598387,0.009671,0.002195,0,0,0,-0.1679,10.4175,0.003587,0,Within synthetic screening pattern
LOT-006,L006-P058,9.9916,10.1931,10.5944,10.9341,10.420281,3.8615581230791007,-0.1110124427333961,-0.0588314335196001,0.04509034810569245,0.13306001971823134,0.008396,0.005146,0,0,0,-0.1656,10.778,0.004681,0,Within synthetic screening pattern
LOT-006,L006-P059,10.261,10.4477,10.8387,11.0797,10.420281,3.8615581230791007,-0.04124785771008768,0.007100501695449536,0.10835496622445352,0.1707650070211034,0.007779,0.004389,0,0,0,-0.1615,10.9239,0.003946,0,Within synthetic screening pattern
LOT-006,L006-P060,9.4451,9.5675,9.8704,10.0855,10.420281,3.8615581230791007,-0.25253562653160755,-0.2208385767660061,-0.1423987371091385,-0.08669583347694229,0.0051,0.003597,0,0,0,-0.1575,10.0158,0.003397,0,Within synthetic screening pattern
LOT-006,L006-P061,9.9204,10.1162,10.3973,10.7673,10.420281,3.8615581230791007,-0.12945059586502017,-0.07874567475305387,-0.0059512246786215086,0.08986502052785311,0.008158,0.004522,0,0,0,-0.166,10.6434,0.004304,0,Within synthetic screening pattern
LOT-006,L006-P062,10.6811,11.0102,11.3712,11.562,10.420281,3.8615581230791007,0.06754242502299344,0.1527670906917788,0.24625267047431204,0.2956627774618668,0.013712,0.003832,0,0,0,-0.1303,11.4977,0.004861,0,Within synthetic screening pattern
LOT-006,L006-P063,9.2175,9.3296,9.5144,9.6055,10.420281,3.8615581230791007,-0.31147556547483357,-0.2824458328055207,-0.23458950276725973,-0.2109979894204767,0.004671,0.001916,0,0,0,-0.1413,9.7173,0.002975,0,Within synthetic screening pattern
LOT-006,L006-P064,9.4939,9.742,9.9763,10.0391,10.420281,3.8615581230791007,-0.23989824067734825,-0.1756495638240337,-0.11497457395409623,-0.09871170855148399,0.010338,0.002063,0,0,0,-0.1615,10.1113,0.003675,0,Within synthetic screening pattern
LOT-006,L006-P065,10.0157,11.5118,14.7774,20.6538,10.420281,3.8615581230791007,-0.10477143865373098,0.2826628436527721,1.1283318445886175,2.650100988727336,0.062337,0.063486,0,1,0,-0.0138,20.418,0.061918,1,Projected 168h drift above safety slope
LOT-006,L006-P066,9.5751,9.8235,9.9643,10.2533,10.420281,3.8615581230791007,-0.21887045929690013,-0.15454409359612156,-0.1180821278526847,-0.04324187146168183,0.01035,0.002985,0,0,0,-0.1646,10.3006,0.004318,0,Within synthetic screening pattern
LOT-006,L006-P067,9.0864,9.3548,9.5231,9.6621,10.420281,3.8615581230791007,-0.3454255918169114,-0.2759199696184852,-0.23233652619078338,-0.19634069353213462,0.011183,0.002134,0,0,0,-0.1338,9.7661,0.004046,0,Within synthetic screening pattern
LOT-006,L006-P068,10.292,10.3626,10.6975,10.7742,10.420281,3.8615581230791007,-0.033220010138734275,-0.014937234702039266,0.07178941535106396,0.09165186401954138,0.002942,0.002858,0,0,0,-0.1587,10.8424,0.003276,0,Within synthetic screening pattern
LOT-006,L006-P069,10.4515,10.6923,10.8473,11.1908,10.420281,3.8615581230791007,0.008084560430002522,0.0704428086616756,0.11058204651844218,0.1995357768655336,0.010033,0.003462,0,0,0,-0.156,11.1275,0.004024,0,Within synthetic screening pattern
LOT-006,L006-P070,10.2194,10.2742,10.5338,10.7074,10.420281,3.8615581230791007,-0.05202071122519372,-0.03782954842164018,0.02939720091782102,0.07435314731739937,0.002283,0.003008,0,0,0,-0.158,10.7034,0.002881,0,Within synthetic screening pattern
LOT-006,L006-P071,10.4247,10.5814,10.7844,11.0489,10.420281,3.8615581230791007,0.0011443567231552649,0.04172383138222176,0.09429328483334132,0.16278895201472635,0.006529,0.003247,0,0,0,-0.1611,10.9873,0.003349,0,Within synthetic screening pattern
LOT-006,L006-P072,10.4798,10.7088,10.8571,11.0327,10.420281,3.8615581230791007,0.01541320837417334,0.07471569527223475,0.1131198822022894,0.1585937542516322,0.009542,0.002249,0,0,0,-0.1546,11.0901,0.003633,0,Within synthetic screening pattern
LOT-006,L006-P073,10.7727,12.1388,15.2644,20.5546,10.420281,3.8615581230791007,0.09126341978221783,0.44503253485401395,1.2544467403063282,2.6244118764990056,0.056921,0.058443,0,1,1,0.0101,19.2557,0.050494,1,Dynamic lot outlier + projected drift above safety slope
LOT-006,L006-P074,9.6137,9.9004,10.2134,10.5206,10.420281,3.8615581230791007,-0.20887449425644122,-0.13462985236266778,-0.05357448817448796,0.02597889162937397,0.011946,0.004307,0,0,0,-0.1601,10.416,0.004776,0,Within synthetic screening pattern
LOT-006,L006-P075,11.2876,11.4876,11.8421,12.0566,10.420281,3.8615581230791007,0.22460337831414634,0.27639594329061923,0.3681982647114169,0.4237457906486836,0.008333,0.003951,0,0,0,-0.1017,11.9984,0.004231,0,Within synthetic screening pattern
LOT-006,L006-P076,10.0111,10.3326,10.5334,10.598,10.420281,3.8615581230791007,-0.10596266764818983,-0.022706119448510455,0.029293615787868314,0.04602261427526908,0.013396,0.001843,0,0,0,-0.1565,10.6937,0.004063,0,Within synthetic screening pattern
LOT-006,L006-P077,9.642,9.8514,9.8914,10.154,10.420281,3.8615581230791007,-0.2015458463122704,-0.14731903078190345,-0.13696051778660867,-0.06895687997250036,0.008725,0.002101,0,0,0,-0.1641,10.2502,0.00362,0,Within synthetic screening pattern
LOT-006,L006-P078,10.5619,10.7366,10.9213,11.2403,10.420281,3.8615581230791007,0.036674056297015485,0.08191486180396422,0.12974529555973702,0.2123544366972106,0.007279,0.003498,0,0,0,-0.1544,11.2972,0.004377,0,Within synthetic screening pattern
LOT-006,L006-P079,10.7447,11.0817,11.3321,11.6333,10.420281,3.8615581230791007,0.08401246068551153,0.17128293267086786,0.23612722402141179,0.3141268268759795,0.014042,0.003831,0,0,0,-0.1273,11.6078,0.005137,0,Within synthetic screening pattern
LOT-006,L006-P080,10.8537,11.066,11.2138,11.2932,10.420281,3.8615581230791007,0.11223940859768912,0.16721721632021502,0.20549192183782833,0.2260535701334879,0.008846,0.001578,0,0,0,-0.1371,11.5188,0.003959,0,Within synthetic screening pattern
LOT-006,L006-P081,10.2346,10.5736,10.7705,10.937,10.420281,3.8615581230791007,-0.04808447628698178,0.03970392134813943,0.09069370156747658,0.13381101191038983,0.014125,0.002524,0,0,0,-0.1499,11.0966,0.005131,0,Within synthetic screening pattern
LOT-006,L006-P082,48.2447,62.3417,82.8363,114.1139,10.420281,3.8615581230791007,9.79511839377413,13.445717336140802,18.75305684697488,26.85279249851548,0.587375,0.359529,1,1,1,0.3188,114.3398,0.393423,1,Dynamic lot outlier + projected drift above safety slope
LOT-006,L006-P083,10.2147,10.3982,10.704,10.6511,10.420281,3.8615581230791007,-0.05323783650214075,-0.005718158136227464,0.07347267371279954,0.059773540276522256,0.007646,0.001756,0,0,0,-0.163,10.9392,0.004312,0,Within synthetic screening pattern
LOT-006,L006-P084,9.8061,9.8537,10.1576,10.3727,10.420281,3.8615581230791007,-0.15905004674907428,-0.146723416284674,-0.06802461380292373,-0.012321710170727515,0.001983,0.003604,0,0,0,-0.1567,10.3248,0.003087,0,Within synthetic screening pattern
LOT-006,L006-P085,10.4852,10.6279,10.8628,11.0555,10.420281,3.8615581230791007,0.016811607628538523,0.053765602739251635,0.11459597030411865,0.1644981066589501,0.005946,0.002969,0,0,0,-0.1561,11.0906,0.003604,0,Within synthetic screening pattern
LOT-006,L006-P086,9.707,11.1138,15.3758,21.466,10.420281,3.8615581230791007,-0.18471326269491647,0.17959563934959166,1.2832951989982233,2.8604305950967914,0.058617,0.07189,0,1,0,-0.0092,19.6594,0.05924,1,Projected 168h drift above safety slope
LOT-006,L006-P087,10.27,10.4227,10.6561,10.8773,10.420281,3.8615581230791007,-0.038917192286146325,0.0006264310733908257,0.06106835440093428,0.1183509312649129,0.006363,0.003157,0,0,0,-0.1637,10.8701,0.003572,0,Within synthetic screening pattern
LOT-006,L006-P088,10.5684,10.6979,10.9732,11.2552,10.420281,3.8615581230791007,0.03835731465875106,0.07189300048101713,0.14318546617113162,0.21621298278795803,0.005396,0.00387,0,0,0,-0.1528,11.1516,0.003471,0,Within synthetic screening pattern
LOT-006,L006-P089,10.7584,10.9288,11.1606,11.3121,10.420281,3.8615581230791007,0.08756025138639993,0.13168751674635482,0.19171509955408653,0.23094796752376417,0.0071,0.002662,0,0,0,-0.1439,11.3647,0.003609,0,Within synthetic screening pattern
LOT-006,L006-P090,9.8642,10.7352,13.6568,17.4596,10.420281,3.8615581230791007,-0.1440043066234091,0.0815523138491293,0.8381381030254413,1.8229219334880913,0.036292,0.046697,0,1,0,-0.0692,17.7555,0.046972,1,Projected 168h drift above safety slope
LOT-006,L006-P091,9.5184,9.6591,9.8806,10.055,10.420281,3.8615581230791007,-0.2335536514677304,-0.19711758200678173,-0.13975731629533858,-0.09459419963585436,0.005863,0.002749,0,0,0,-0.1611,10.1145,0.003548,0,Within synthetic screening pattern
LOT-006,L006-P092,9.8414,9.8852,10.0889,10.2276,10.420281,3.8615581230791007,-0.149908659030727,-0.13856608730087971,-0.08581535987234201,-0.04989721606115823,0.001825,0.002378,0,0,0,-0.1566,10.3234,0.002869,0,Within synthetic screening pattern
LOT-006,L006-P093,10.6685,10.8095,11.0243,11.1473,10.420281,3.8615581230791007,0.06427949342947546,0.10079325173788867,0.15641846652262034,0.18827089398315083,0.005875,0.002346,0,0,0,-0.1492,11.2297,0.00334,0,Within synthetic screening pattern
LOT-006,L006-P094,9.1669,9.3166,9.5998,9.8879,10.420281,3.8615581230791007,-0.32457908441388095,-0.28581234952899137,-0.21247407752230596,-0.13786688767369712,0.006237,0.003967,0,0,0,-0.1431,9.7361,0.003388,0,Within synthetic screening pattern
LOT-006,L006-P095,9.7526,9.9301,10.0953,10.3526,10.420281,3.8615581230791007,-0.17290455788028108,-0.12693865646366156,-0.08415799779309507,-0.017526862950862844,0.007396,0.002934,0,0,0,-0.1677,10.4484,0.004142,0,Within synthetic screening pattern
LOT-006,L006-P096,8.8537,9.0527,9.1964,9.2798,10.420281,3.8615581230791007,-0.4056862411670371,-0.3541526390154469,-0.3169396810798511,-0.29534218148466224,0.008292,0.001577,0,0,0,-0.1047,9.3698,0.003072,0,Within synthetic screening pattern
LOT-006,L006-P097,10.0073,10.1797,10.2521,10.444,10.420281,3.8615581230791007,-0.10694672638274282,-0.0623015353730235,-0.043552626851540405,0.006142339243385185,0.007183,0.001835,0,0,0,-0.164,10.5884,0.003459,0,Within synthetic screening pattern
LOT-006,L006-P098,9.4631,9.5482,9.566,9.8202,10.420281,3.8615581230791007,-0.24787429568372482,-0.22583655928623603,-0.22122702100332967,-0.1553986709182332,0.003546,0.001889,0,0,0,-0.1486,9.8944,0.002567,0,Within synthetic screening pattern
LOT-006,L006-P099,11.0453,11.2639,11.5508,11.7901,10.420281,3.8615581230791007,0.16185668584514973,0.2184659593644344,0.29276239382318464,0.3547321978175342,0.009108,0.003654,0,0,0,-0.1221,11.749,0.004189,0,Within synthetic screening pattern
LOT-006,L006-P100,8.7631,8.8483,9.0484,9.4186,10.420281,3.8615581230791007,-0.4291482731013793,-0.40708464042140186,-0.3552661791624408,-0.25939814139099027,0.00355,0.00396,0,0,0,-0.0843,9.2394,0.002835,0,Within synthetic screening pattern
LOT-007,L007-P001,10.5851,10.8649,11.1087,11.4038,11.314616999999997,5.187822146279231,-0.14062105049673193,-0.08668705042684215,-0.03969237845743846,0.017190836055157928,0.011658,0.003742,0,0,0,-0.1457,11.3583,0.004602,0,Within synthetic screening pattern
LOT-007,L007-P002,10.3749,10.5128,10.5663,10.7172,11.314616999999997,5.187822146279231,-0.1811390162390152,-0.15455753443187506,-0.14424492183809706,-0.1151575715502258,0.005746,0.001419,0,0,0,-0.1594,10.843,0.002786,0,Within synthetic screening pattern
LOT-007,L007-P003,10.8876,11.2199,11.6325,12.0544,11.314616999999997,5.187822146279231,-0.08231141854125773,-0.01825756499149222,0.061274845404635396,0.14259991556005522,0.013846,0.005795,0,0,0,-0.1256,11.581,0.004127,0,Within synthetic screening pattern
LOT-007,L007-P004,10.5244,10.5366,10.873,10.9838,11.314616999999997,5.187822146279231,-0.15232152871060736,-0.14996986752099817,-0.08512570160423297,-0.06376799178384751,0.000508,0.003106,0,0,0,-0.1416,10.9863,0.002749,0,Within synthetic screening pattern
LOT-007,L007-P005,10.9288,11.0617,11.2279,11.3672,11.314616999999997,5.187822146279231,-0.07436974304847911,-0.04875205681085109,-0.016715492080273238,0.010135852486330315,0.005537,0.002122,0,0,0,-0.141,11.4055,0.002837,0,Within synthetic screening pattern
LOT-007,L007-P006,10.2505,10.4609,10.6918,10.8986,11.314616999999997,5.187822146279231,-0.20511825000847295,-0.16456173244340927,-0.12005365304334649,-0.08019106828833154,0.008767,0.00304,0,0,0,-0.1597,10.8582,0.003617,0,Within synthetic screening pattern
LOT-007,L007-P007,10.9598,11.2372,11.4359,11.5641,11.314616999999997,5.187822146279231,-0.06839421051750513,-0.014922832320981044,0.023378403611424733,0.048090122013711566,0.011558,0.00227,0,0,0,-0.1299,11.595,0.003781,0,Within synthetic screening pattern
LOT-007,L007-P008,10.4729,10.685,10.9818,11.2338,11.314616999999997,5.187822146279231,-0.1622486230765808,-0.1213644150178828,-0.06415351001165243,-0.015578213308249026,0.008838,0.003811,0,0,0,-0.1545,11.1502,0.004032,0,Within synthetic screening pattern
LOT-007,L007-P009,9.9343,10.147,10.3662,10.4823,11.314616999999997,5.187822146279231,-0.26606868182440996,-0.22506881829737077,-0.18281602052996623,-0.16043668740589806,0.008862,0.002328,0,0,0,-0.1616,10.5897,0.003901,0,Within synthetic screening pattern
LOT-007,L007-P010,49.8014,65.7273,85.1373,114.3934,11.314616999999997,5.187822146279231,7.418678188033718,10.488540560131854,14.229994960977319,19.869374873217147,0.663579,0.337959,1,1,1,0.3103,113.6201,0.379873,1,Dynamic lot outlier + projected drift above safety slope
LOT-007,L007-P011,10.0,10.013,10.2045,10.4014,11.314616999999997,5.187822146279231,-0.2534044080410227,-0.2508985395602916,-0.21398516924798328,-0.17603089972060168,0.000542,0.002697,0,0,0,-0.1422,10.4452,0.00265,0,Within synthetic screening pattern
LOT-007,L007-P012,9.9834,10.1109,10.2876,10.4806,11.314616999999997,5.187822146279231,-0.25660420933180256,-0.23202742230924708,-0.19796688688269434,-0.16076437789953205,0.005313,0.002567,0,0,0,-0.1589,10.546,0.003349,0,Within synthetic screening pattern
LOT-007,L007-P013,11.2804,11.4119,11.7076,11.6329,11.314616999999997,5.187822146279231,-0.0065956386003975164,0.018752184877767104,0.075751054858705,0.061351949050196176,0.005479,0.001535,0,0,0,-0.1148,11.7252,0.002648,0,Within synthetic screening pattern
LOT-007,L007-P014,10.2788,10.5526,10.766,10.9061,11.314616999999997,5.187822146279231,-0.19966316708503523,-0.14688572169855985,-0.10575092679178899,-0.07874537493406353,0.011408,0.002455,0,0,0,-0.1558,10.8991,0.003692,0,Within synthetic screening pattern
LOT-007,L007-P015,9.839,10.0805,10.352,10.6028,11.314616999999997,5.187822146279231,-0.2844386253793081,-0.23788729937187988,-0.18555319994738,-0.13720921418065962,0.010063,0.003627,0,0,0,-0.1598,10.5759,0.004386,0,Within synthetic screening pattern
LOT-007,L007-P016,13.4686,14.3036,17.9059,22.4395,11.314616999999997,5.187822146279231,0.41519985444082086,0.5761537145493196,1.270529870559913,2.144422589347806,0.034792,0.056499,0,1,1,0.1008,19.4704,0.035725,1,Dynamic lot outlier + projected drift above safety slope
LOT-007,L007-P017,9.5197,9.6755,9.9505,10.0611,11.314616999999997,5.187822146279231,-0.3459866104483425,-0.3159547405023496,-0.26294598417919124,-0.2416268261815865,0.006492,0.002678,0,0,0,-0.1497,10.0639,0.003239,0,Within synthetic screening pattern
LOT-007,L007-P018,10.339,10.4286,10.6336,10.9594,11.314616999999997,5.187822146279231,-0.18805906842811113,-0.17078785182245682,-0.13127223347246603,-0.06847131416306591,0.003733,0.003686,0,0,0,-0.1578,10.8684,0.003151,0,Within synthetic screening pattern
LOT-007,L007-P019,10.8732,11.0175,11.3429,11.4311,11.314616999999997,5.187822146279231,-0.08508714978145224,-0.0572720096453369,0.0054518060185021035,0.022453159864693345,0.006012,0.002872,0,0,0,-0.1436,11.4714,0.003561,0,Within synthetic screening pattern
LOT-007,L007-P020,10.5125,10.746,11.0058,11.3354,11.314616999999997,5.187822146279231,-0.154615362166046,-0.10960610906983678,-0.05952729127799479,0.004006112664234094,0.009729,0.004093,0,0,0,-0.1512,11.3051,0.004718,0,Within synthetic screening pattern
LOT-007,L007-P021,10.1325,10.2162,10.5167,10.7363,11.314616999999997,5.187822146279231,-0.22786382544895548,-0.21172988761532505,-0.15380577388765576,-0.1114758724746901,0.003488,0.003612,0,0,0,-0.1571,10.6252,0.002933,0,Within synthetic screening pattern
LOT-007,L007-P022,11.7763,12.0352,12.3721,12.5265,11.314616999999997,5.187822146279231,0.08899360598379975,0.13889894057312932,0.20383948604684582,0.2336014932333756,0.010787,0.003412,0,0,0,-0.0629,12.5638,0.004687,0,Within synthetic screening pattern
LOT-007,L007-P023,10.8778,11.1005,11.2542,11.3561,11.314616999999997,5.187822146279231,-0.08420045785750124,-0.04127300319143817,-0.01164592738464011,0.007996226322013593,0.009279,0.001775,0,0,0,-0.1378,11.4549,0.003435,0,Within synthetic screening pattern
LOT-007,L007-P024,11.2704,11.5682,11.7578,11.9348,11.314616999999997,5.187822146279231,-0.008523229739421415,0.04888043438071125,0.08542756237660522,0.11954592553732887,0.012408,0.002546,0,0,0,-0.1075,12.0191,0.004457,0,Within synthetic screening pattern
LOT-007,L007-P025,10.0479,10.1278,10.3309,10.4155,11.314616999999997,5.187822146279231,-0.244171246485098,-0.22876979328429667,-0.18962041725072062,-0.1733129962145781,0.003329,0.001998,0,0,0,-0.155,10.57,0.003108,0,Within synthetic screening pattern
LOT-007,L007-P026,10.8725,10.9607,11.2193,11.1201,11.314616999999997,5.187822146279231,-0.08522208116118395,-0.06822072731499304,-0.01837322045983373,-0.037494924558951155,0.003675,0.001107,0,0,0,-0.141,11.2483,0.002237,0,Within synthetic screening pattern
LOT-007,L007-P027,12.1349,12.2851,12.6176,12.8992,11.314616999999997,5.187822146279231,0.15811702422919804,0.1870694431373376,0.2511618485098835,0.3054428149847978,0.006258,0.004265,0,0,0,-0.0356,12.8419,0.004208,0,Within synthetic screening pattern
LOT-007,L007-P028,9.9551,10.2749,10.6181,10.7945,11.314616999999997,5.187822146279231,-0.2620592922552403,-0.20041492762925453,-0.13425999973795302,-0.10025729204557089,0.013325,0.003608,0,0,0,-0.1525,10.749,0.004726,0,Within synthetic screening pattern
LOT-007,L007-P029,10.4443,10.6718,10.8114,11.1038,11.314616999999997,5.187822146279231,-0.1677615337341891,-0.12390883532139463,-0.09699966302062016,-0.040636898115560385,0.009479,0.003,0,0,0,-0.1563,11.1376,0.004127,0,Within synthetic screening pattern
LOT-007,L007-P030,10.2578,10.3532,10.7255,10.8997,11.314616999999997,5.187822146279231,-0.20371110847698565,-0.18532188901069732,-0.11355767090483589,-0.07997903326303905,0.003975,0.003795,0,0,0,-0.1588,10.8882,0.003752,0,Within synthetic screening pattern
LOT-007,L007-P031,10.8043,11.1213,11.365,11.38,11.314616999999997,5.187822146279231,-0.09836825272932738,-0.03726361362226848,0.00971178243574501,0.012603169144281029,0.013208,0.001797,0,0,0,-0.1335,11.5324,0.004334,0,Within synthetic screening pattern
LOT-007,L007-P032,9.6529,9.9918,10.333,10.5435,11.314616999999997,5.187822146279231,-0.32031109647654354,-0.25498503277502244,-0.1892156231115255,-0.14863982963507166,0.014121,0.003831,0,0,0,-0.1407,10.4743,0.004889,0,Within synthetic screening pattern
LOT-007,L007-P033,11.2532,11.5333,11.9742,12.2552,11.314616999999997,5.187822146279231,-0.01183868649854274,0.04215314130551797,0.1271406346250833,0.18130594563165608,0.011671,0.005013,0,0,0,-0.1097,12.1784,0.005507,0,Within synthetic screening pattern
LOT-007,L007-P034,9.4463,9.5495,9.7872,9.9966,11.314616999999997,5.187822146279231,-0.36013512940877807,-0.34024238885405117,-0.2944235474794521,-0.25405978902829074,0.0043,0.003105,0,0,0,-0.1417,9.9769,0.003158,0,Within synthetic screening pattern
LOT-007,L007-P035,9.8981,10.0703,10.3352,10.4672,11.314616999999997,5.187822146279231,-0.2730465617476768,-0.23985344233368452,-0.18879155306094023,-0.1633473500258243,0.007175,0.002756,0,0,0,-0.1605,10.4409,0.003231,0,Within synthetic screening pattern
LOT-007,L007-P036,10.6909,10.8539,11.0087,11.2165,11.314616999999997,5.187822146279231,-0.12022713624585893,-0.08880740067976867,-0.05896828984767813,-0.018912945978760545,0.006792,0.002518,0,0,0,-0.1492,11.3102,0.003686,0,Within synthetic screening pattern
LOT-007,L007-P037,9.3819,9.6084,9.8518,10.0969,11.314616999999997,5.187822146279231,-0.3725488163440924,-0.32888887704520026,-0.28197130872135734,-0.2347260499038808,0.009437,0.003392,0,0,0,-0.1421,10.0636,0.004058,0,Within synthetic screening pattern
LOT-007,L007-P038,10.3409,10.6719,10.9776,11.044,11.314616999999997,5.187822146279231,-0.18769282611169674,-0.1238895594100041,-0.0649630982900423,-0.052163893126923384,0.013792,0.002584,0,0,0,-0.1468,11.9798,0.009755,0,Within synthetic screening pattern
LOT-007,L007-P039,9.2945,9.5568,9.8498,10.0931,11.314616999999997,5.187822146279231,-0.3893959628991618,-0.33883524732256354,-0.28235682694916225,-0.2354585345367099,0.010929,0.003724,0,0,0,-0.1379,10.0204,0.004321,0,Within synthetic screening pattern
LOT-007,L007-P040,9.7113,9.7796,9.9712,10.275,11.314616999999997,5.187822146279231,-0.30905396422464393,-0.2958885167451103,-0.2589558705214117,-0.20039565171786433,0.002846,0.00344,0,0,0,-0.1507,10.3118,0.003574,0,Within synthetic screening pattern
LOT-007,L007-P041,10.5898,10.7017,11.0751,11.2686,11.314616999999997,5.187822146279231,-0.13971508266139074,-0.11814533781571279,-0.04616908468455887,-0.008870196144445942,0.004663,0.003937,0,0,0,-0.1494,11.1895,0.00357,0,Within synthetic screening pattern
LOT-007,L007-P042,11.504,11.647,11.8558,12.1712,11.314616999999997,5.187822146279231,0.03650529926817764,0.06406985255622011,0.10431795553903997,0.1651141800638551,0.005958,0.00364,0,0,0,-0.0962,12.0938,0.003511,0,Within synthetic screening pattern
LOT-007,L007-P043,10.935,11.1001,11.3837,11.7794,11.314616999999997,5.187822146279231,-0.07317463654228432,-0.041350106836999294,0.013316377865719594,0.08959115923689716,0.006879,0.004717,0,0,0,-0.139,11.6403,0.004198,0,Within synthetic screening pattern
LOT-007,L007-P044,8.8457,9.8069,13.6197,20.0187,11.314616999999997,5.187822146279231,-0.4759062532185559,-0.2906261929355749,0.44432575655147255,1.677791326412891,0.04005,0.070915,0,1,0,-0.0106,19.35,0.062526,1,Projected 168h drift above safety slope
LOT-007,L007-P045,10.1646,10.3172,10.5842,10.688,11.314616999999997,5.187822146279231,-0.2216762578926887,-0.19226121711118344,-0.14079453369924436,-0.1207861376761756,0.006358,0.002575,0,0,0,-0.1636,10.6904,0.00313,0,Within synthetic screening pattern
LOT-007,L007-P046,10.4901,10.6845,10.9832,11.1616,11.314616999999997,5.187822146279231,-0.15893316631745946,-0.12146079457483412,-0.06388364725218902,-0.02949542133200196,0.0081,0.003313,0,0,0,-0.1549,11.146,0.003904,0,Within synthetic screening pattern
LOT-007,L007-P047,10.1848,10.4575,10.6739,10.9164,11.314616999999997,5.187822146279231,-0.2177825237918605,-0.1652171134306776,-0.12350404118219953,-0.07675995606086905,0.011363,0.003187,0,0,0,-0.1583,10.9585,0.004605,0,Within synthetic screening pattern
LOT-007,L007-P048,11.5019,11.6446,11.8658,11.9588,11.314616999999997,5.187822146279231,0.03610050512898253,0.06360723068285441,0.10624554667806387,0.1241721442709865,0.005946,0.002182,0,0,0,-0.0963,12.0257,0.003118,0,Within synthetic screening pattern
LOT-007,L007-P049,9.3511,9.4867,9.7571,9.8369,11.314616999999997,5.187822146279231,-0.378485797052286,-0.35234766120712135,-0.30022559680791433,-0.28484341951850317,0.00565,0.002432,0,0,0,-0.1375,9.8977,0.003254,0,Within synthetic screening pattern
LOT-007,L007-P050,10.3538,10.4378,10.6586,10.8739,11.314616999999997,5.187822146279231,-0.18520623354235582,-0.1690144679745548,-0.1264532556249061,-0.08495221840172053,0.0035,0.003028,0,0,0,-0.157,10.8793,0.003128,0,Within synthetic screening pattern
LOT-007,L007-P051,11.3728,11.6932,11.945,12.1675,11.314616999999997,5.187822146279231,0.011215303524183604,0.07297532361851049,0.1215120684991335,0.16440097134241619,0.01335,0.003294,0,0,0,-0.0935,12.1302,0.004508,0,Within synthetic screening pattern
LOT-007,L007-P052,11.1382,11.4354,11.6292,12.0282,11.314616999999997,5.187822146279231,-0.03400598459731808,0.023282024054473417,0.06063874032875761,0.13754962677581262,0.012383,0.004117,0,0,0,-0.1132,12.031,0.005314,0,Within synthetic screening pattern
LOT-007,L007-P053,10.8919,11.1339,11.4392,11.6626,11.314616999999997,5.187822146279231,-0.08148255435147765,-0.03483484878709815,0.02401450868730252,0.06707689473309729,0.010083,0.003672,0,0,0,-0.137,11.6,0.004215,0,Within synthetic screening pattern
LOT-007,L007-P054,10.4599,10.6213,10.9878,11.261,11.314616999999997,5.187822146279231,-0.1647544915573119,-0.13364317057346545,-0.06299695532823801,-0.010335165410104145,0.006725,0.004442,0,0,0,-0.1563,11.1742,0.004252,0,Within synthetic screening pattern
LOT-007,L007-P055,10.4852,10.6607,11.0326,11.0375,11.314616999999997,5.187822146279231,-0.15987768597558105,-0.126048461485711,-0.05436134702541069,-0.05341682736728911,0.007312,0.002617,0,0,0,-0.155,11.1704,0.004079,0,Within synthetic screening pattern
LOT-007,L007-P056,10.7425,10.9044,11.1459,11.4966,11.314616999999997,5.187822146279231,-0.1102807659684953,-0.07907306542769753,-0.03252173942026968,0.03507888182530017,0.006746,0.004113,0,0,0,-0.1495,11.4662,0.004308,0,Within synthetic screening pattern
LOT-007,L007-P057,10.1402,10.4035,10.7119,10.8989,11.314616999999997,5.187822146279231,-0.22637958027190708,-0.17562610558140693,-0.1161791948539085,-0.08013324055416096,0.010971,0.00344,0,0,0,-0.1594,10.8937,0.004485,0,Within synthetic screening pattern
LOT-007,L007-P058,11.0569,11.2428,11.4591,11.7874,11.314616999999997,5.187822146279231,-0.04967730055758248,-0.013843381283127414,0.02785041505396012,0.09113323214811614,0.007746,0.003782,0,0,0,-0.1287,11.7134,0.003908,0,Within synthetic screening pattern
LOT-007,L007-P059,11.4229,11.4995,11.8067,12.0518,11.314616999999997,5.187822146279231,0.02087253513069363,0.035637883255616835,0.09485348304643224,0.14209874186390914,0.003192,0.003835,0,0,0,-0.1005,12.0108,0.003499,0,Within synthetic screening pattern
LOT-007,L007-P060,9.2914,9.4452,9.6613,10.011,11.314616999999997,5.187822146279231,-0.3899935161522592,-0.3603471644340709,-0.3186919199197634,-0.25128405778809654,0.006408,0.003929,0,0,0,-0.1334,9.9327,0.003817,0,Within synthetic screening pattern
LOT-007,L007-P061,10.296,10.4604,10.6348,10.9397,11.314616999999997,5.187822146279231,-0.19634771032591425,-0.1646581120003606,-0.13104092253578303,-0.07226866870694312,0.00685,0.003328,0,0,0,-0.1614,10.8826,0.003492,0,Within synthetic screening pattern
LOT-007,L007-P062,11.8321,11.9822,12.1814,12.322,11.314616999999997,5.187822146279231,0.09974956453955326,0.12868270753630262,0.16708032302565937,0.1941822544403358,0.006254,0.00236,0,0,0,-0.0704,12.3783,0.003251,0,Within synthetic screening pattern
LOT-007,L007-P063,10.5624,11.9364,15.2222,18.3225,11.314616999999997,5.187822146279231,-0.14499668238231633,0.11985434011957301,0.7532222365800589,1.350833317411651,0.05725,0.044348,0,1,0,-0.0016,18.9771,0.050088,1,Projected 168h drift above safety slope
LOT-007,L007-P064,10.5747,10.7517,10.8286,11.1781,11.314616999999997,5.187822146279231,-0.14262574528131694,-0.1085073821205933,-0.09368420626149918,-0.02631489595261234,0.007375,0.002961,0,0,0,-0.1531,11.2226,0.003857,0,Within synthetic screening pattern
LOT-007,L007-P065,9.3894,9.5967,9.7448,10.0382,11.314616999999997,5.187822146279231,-0.3711031229898244,-0.3311441586778582,-0.3025965339089137,-0.2460410098899513,0.008638,0.003066,0,0,0,-0.142,10.0651,0.004022,0,Within synthetic screening pattern
LOT-007,L007-P066,11.2493,11.2591,11.4992,11.6389,11.314616999999997,5.187822146279231,-0.012590447042762035,-0.010701407726518525,0.035580055521446254,0.06250850373361058,0.000408,0.002637,0,0,0,-0.1034,11.6581,0.002433,0,Within synthetic screening pattern
LOT-007,L007-P067,10.2132,10.4456,10.7592,10.9043,11.314616999999997,5.187822146279231,-0.21230816495703225,-0.16751094688611587,-0.1070616887663253,-0.07909234133908806,0.009683,0.003185,0,0,0,-0.1598,10.9371,0.004309,0,Within synthetic screening pattern
LOT-007,L007-P068,10.5592,10.6675,11.0017,11.1648,11.314616999999997,5.187822146279231,-0.14561351154680394,-0.12473769951117471,-0.06031760364499482,-0.02887859216751437,0.004512,0.003453,0,0,0,-0.1517,11.1114,0.003287,0,Within synthetic screening pattern
LOT-007,L007-P069,11.1272,11.9785,15.4635,20.0109,11.314616999999997,5.187822146279231,-0.03612633485024427,0.12796949881486372,0.7997350107647064,1.6762878053244525,0.035471,0.055781,0,1,0,-0.0096,19.5257,0.049991,1,Projected 168h drift above safety slope
LOT-007,L007-P070,10.0804,10.3143,10.3273,10.5525,11.314616999999997,5.187822146279231,-0.23790657528327042,-0.19282021854150044,-0.19031435006076936,-0.14690499760995004,0.009746,0.001654,0,0,0,-0.1612,10.6965,0.003667,0,Within synthetic screening pattern
LOT-007,L007-P071,9.7842,9.9157,10.2113,10.3654,11.314616999999997,5.187822146279231,-0.2950018248211593,-0.26965400134299466,-0.21267440727344697,-0.18297022782108813,0.005479,0.003123,0,0,0,-0.1576,10.3266,0.003229,0,Within synthetic screening pattern
LOT-007,L007-P072,10.1384,10.4542,10.6177,10.9745,11.314616999999997,5.187822146279231,-0.22672654667693126,-0.16585321850655538,-0.13433710338351415,-0.0655606515431397,0.013158,0.003613,0,0,0,-0.154,10.9296,0.00471,0,Within synthetic screening pattern
LOT-007,L007-P073,10.0196,10.0942,10.4218,10.5216,11.314616999999997,5.187822146279231,-0.2496263294085357,-0.23524649951141707,-0.17209861379699312,-0.15286125422953417,0.003108,0.002968,0,0,0,-0.1547,10.5918,0.003406,0,Within synthetic screening pattern
LOT-007,L007-P074,10.0967,10.3376,10.473,10.7247,11.314616999999997,5.187822146279231,-0.2347646017266612,-0.18832893118757452,-0.16222934716519027,-0.1137118781959578,0.010037,0.002688,0,0,0,-0.1624,10.6954,0.003564,0,Within synthetic screening pattern
LOT-007,L007-P075,11.3402,11.4319,11.6489,11.7708,11.314616999999997,5.187822146279231,0.004931356410965483,0.022607367155815242,0.06443609487263448,0.08793343085733632,0.003821,0.002353,0,0,0,-0.1114,11.8263,0.002893,0,Within synthetic screening pattern
LOT-007,L007-P076,11.5979,11.7478,11.9772,12.2377,11.314616999999997,5.187822146279231,0.05460538006361236,0.08349997123758132,0.1277189119667905,0.1779326611383642,0.006246,0.003402,0,0,0,-0.0944,12.2112,0.003651,0,Within synthetic screening pattern
LOT-007,L007-P077,11.4429,11.5901,11.9114,12.3395,11.314616999999997,5.187822146279231,0.024727717408741426,0.05310185897517377,0.1150353622720131,0.1975555389336277,0.006133,0.005204,0,0,0,-0.1008,12.1934,0.004467,0,Within synthetic screening pattern
LOT-007,L007-P078,10.1939,10.227,10.3985,10.713,11.314616999999997,5.187822146279231,-0.21602841585534868,-0.20964808918517924,-0.1765899011509187,-0.11596715982861602,0.001379,0.003375,0,0,0,-0.148,10.6774,0.002878,0,Within synthetic screening pattern
LOT-007,L007-P079,10.7901,10.985,11.2775,11.4997,11.314616999999997,5.187822146279231,-0.10110543214674116,-0.06353668084716484,-0.007154640030714526,0.035676435078397566,0.008121,0.003574,0,0,0,-0.1464,11.3968,0.003611,0,Within synthetic screening pattern
LOT-007,L007-P080,11.5607,11.7938,11.9713,12.23,11.314616999999997,5.187822146279231,0.047434741026443586,0.09236689047709132,0.12658163319476629,0.1764484159613158,0.009712,0.003029,0,0,0,-0.0932,12.1894,0.003742,0,Within synthetic screening pattern
LOT-007,L007-P081,10.3535,10.6055,10.9007,11.219,11.314616999999997,5.187822146279231,-0.18526406127652642,-0.13668876457312334,-0.07978627414913643,-0.018431048194004655,0.0105,0.00426,0,0,0,-0.1574,11.1962,0.005016,0,Within synthetic screening pattern
LOT-007,L007-P082,9.79,10.0998,10.4416,10.4695,11.314616999999997,5.187822146279231,-0.2938838219605256,-0.2341670484735638,-0.1682819833417257,-0.16290400406384878,0.012908,0.002567,0,0,0,-0.1486,10.4945,0.004193,0,Within synthetic screening pattern
LOT-007,L007-P083,11.9562,12.0774,12.3995,12.4945,11.314616999999997,5.187822146279231,0.12367097057484042,0.14703337517981055,0.20912108576777144,0.22743320158849897,0.00505,0.002897,0,0,0,-0.0538,12.5505,0.003537,0,Within synthetic screening pattern
LOT-007,L007-P084,11.1849,11.3003,11.6213,11.9286,11.314616999999997,5.187822146279231,-0.025004133978076035,-0.002759732233739915,0.05911594332892848,0.11835081903113408,0.004808,0.004363,0,0,0,-0.1215,11.8861,0.004174,0,Within synthetic screening pattern
LOT-007,L007-P085,10.8735,12.4077,15.5903,20.2652,11.314616999999997,5.187822146279231,-0.08502932204728166,0.21070171050177114,0.8241768664075299,1.7253064479898315,0.063925,0.054566,0,1,1,0.0333,20.2276,0.055679,1,Dynamic lot outlier + projected drift above safety slope
LOT-007,L007-P086,10.3378,10.3557,10.4987,10.8898,11.314616999999997,5.187822146279231,-0.18829037936479412,-0.1848399912259411,-0.15727543793789897,-0.08188734849067277,0.000746,0.003709,0,0,0,-0.1456,10.8763,0.003205,0,Within synthetic screening pattern
LOT-007,L007-P087,10.2456,10.356,10.6279,10.8356,11.314616999999997,5.187822146279231,-0.20606276966659487,-0.1847821634917705,-0.1323709604217095,-0.09233489246418247,0.0046,0.003331,0,0,0,-0.1608,10.8715,0.003726,0,Within synthetic screening pattern
LOT-007,L007-P088,10.7721,12.136,15.6366,18.8795,11.314616999999997,5.187822146279231,-0.10457509619698438,0.15832905925449053,0.8331016133812108,1.458200143855284,0.056829,0.04683,0,1,1,0.0119,19.2763,0.05062,1,Dynamic lot outlier + projected drift above safety slope
LOT-007,L007-P089,11.315,12.7159,15.8978,22.1082,11.314616999999997,5.187822146279231,7.382674062517757e-05,0.27011006940648885,0.8834502939325162,2.0805614949119433,0.058371,0.065224,0,1,1,0.0448,21.5014,0.060633,1,Dynamic lot outlier + projected drift above safety slope
LOT-007,L007-P090,10.9571,11.0784,11.3513,11.3655,11.314616999999997,5.187822146279231,-0.06891466012504141,-0.04553297960868108,0.007070982575282205,0.009808161992696325,0.005054,0.001994,0,0,0,-0.1372,11.4186,0.002747,0,Within synthetic screening pattern
LOT-007,L007-P091,10.7192,10.9114,11.2796,11.5957,11.314616999999997,5.187822146279231,-0.11477205332242088,-0.07772375163038082,-0.006749845891519415,0.054181310013027395,0.008008,0.004752,0,0,0,-0.1482,11.4765,0.004508,0,Within synthetic screening pattern
LOT-007,L007-P092,10.004,10.127,10.4957,10.8393,11.314616999999997,5.187822146279231,-0.2526333715854132,-0.22892400057541856,-0.15785371527960618,-0.09162168374274357,0.005125,0.004947,0,0,0,-0.1584,10.6733,0.003984,0,Within synthetic screening pattern
LOT-007,L007-P093,11.4786,11.559,11.612,11.8829,11.314616999999997,5.187822146279231,0.031609217775056944,0.04710705053280925,0.057323283569636285,0.10954172752579465,0.00335,0.002249,0,0,0,-0.1007,11.927,0.002669,0,Within synthetic screening pattern
LOT-007,L007-P094,10.8058,11.0375,11.266,11.3787,11.314616999999997,5.187822146279231,-0.09807911405847378,-0.05341682736728911,-0.009371369840592026,0.012352582296207816,0.009654,0.002369,0,0,0,-0.1429,11.473,0.003971,0,Within synthetic screening pattern
LOT-007,L007-P095,10.3669,10.569,10.6893,10.8135,11.314616999999997,5.187822146279231,-0.18268108915023454,-0.14372447223056042,-0.12053555082810273,-0.09659486888142538,0.008421,0.001698,0,0,0,-0.1579,10.9208,0.003297,0,Within synthetic screening pattern
LOT-007,L007-P096,44.1851,60.6966,85.0611,110.0732,11.314616999999997,5.187822146279231,6.336085176623703,9.51882728582308,14.215306716497956,19.036616949336025,0.687979,0.342893,1,1,1,0.3015,109.0879,0.386326,1,Dynamic lot outlier + projected drift above safety slope
LOT-007,L007-P097,10.7104,10.8231,11.2149,11.2561,11.314616999999997,5.187822146279231,-0.1164683335247621,-0.09474438138796226,-0.01922136056100434,-0.01127968506822573,0.004696,0.003007,0,0,0,-0.1474,11.2648,0.0033,0,Within synthetic screening pattern
LOT-007,L007-P098,10.4011,10.5641,10.7514,10.9226,11.314616999999997,5.187822146279231,-0.1760887274547726,-0.14466899188868235,-0.10856520985476388,-0.07556484955467425,0.006792,0.00249,0,0,0,-0.1585,10.9808,0.003451,0,Within synthetic screening pattern
LOT-007,L007-P099,10.6163,10.8183,11.1752,11.3843,11.314616999999997,5.187822146279231,-0.1346069661429772,-0.09566962513469365,-0.02687389738292935,0.013432033334061103,0.008417,0.003931,0,0,0,-0.1474,11.3066,0.004109,0,Within synthetic screening pattern
LOT-007,L007-P100,11.5593,11.7664,11.8956,11.9881,11.314616999999997,5.187822146279231,0.047164878266980174,0.08708529075616606,0.11198976827235517,0.1298199863083265,0.008629,0.00154,0,0,0,-0.0948,12.152,0.003528,0,Within synthetic screening pattern
LOT-008,L008-P001,11.9955,12.2669,12.4377,12.5977,11.204448,0.7657069941596789,1.033100136257912,1.387543809973922,1.6106056355844394,1.8195628492711071,0.011308,0.002297,0,0,1,0.0216,12.6409,0.003842,0,Dynamic lot-relative outlier
LOT-008,L008-P002,11.2926,11.3906,11.7506,12.0568,11.204448,0.7657069941596789,0.1151249768806707,0.24311127026375332,0.7132650010587571,1.113156868751618,0.004083,0.004626,0,0,0,-0.105,11.8339,0.003222,0,Within synthetic screening pattern
LOT-008,L008-P003,11.1386,11.4053,11.7298,12.0737,11.204448,0.7657069941596789,-0.08599634129274679,0.26230921427121756,0.6861005632794887,1.1352279744472717,0.011113,0.004642,0,0,0,-0.1077,11.9705,0.004952,0,Within synthetic screening pattern
LOT-008,L008-P004,12.6208,12.7197,12.9335,13.1752,11.204448,0.7657069941596789,1.849731046997119,1.978892724707191,2.258111801496002,2.5737677924214237,0.004121,0.003163,0,0,1,0.0914,13.2303,0.003628,0,Dynamic lot-relative outlier
LOT-008,L008-P005,12.9538,13.0824,13.2471,13.4556,11.204448,0.7657069941596789,2.284623247982496,2.4525726084831563,2.6676679403218695,2.939965309407309,0.005358,0.002592,0,0,1,0.1274,13.833,0.005233,0,Dynamic lot-relative outlier
LOT-008,L008-P006,11.2781,12.6224,15.5899,20.8221,11.204448,0.7657069941596789,0.09618822939031652,1.8518206191339879,5.727323941728901,12.56048602580004,0.056013,0.056942,0,1,1,0.1018,20.9868,0.05779,1,Dynamic lot outlier + projected drift above safety slope
LOT-008,L008-P007,10.4964,10.6762,10.8672,10.958,11.204448,0.7657069941596789,-0.92469835772761,-0.689882688847217,-0.4404400150087566,-0.32185679624157304,0.007492,0.001957,0,0,0,-0.0719,11.0646,0.003382,0,Within synthetic screening pattern
LOT-008,L008-P008,11.7318,11.9787,12.2526,12.4871,11.204448,0.7657069941596789,0.6887125284505728,1.011159628820812,1.3688682590006753,1.6751211753101984,0.010288,0.003531,0,0,0,-0.0278,12.7887,0.006291,0,Within synthetic screening pattern
LOT-008,L008-P009,12.0528,12.3447,12.4605,12.5239,11.204448,0.7657069941596789,1.1079329384094494,1.4891492551290637,1.6403820385347896,1.7231813344581313,0.012163,0.001244,0,0,1,0.0359,12.6621,0.003627,0,Dynamic lot-relative outlier
LOT-008,L008-P010,11.0329,11.0508,11.3817,11.5443,11.204448,0.7657069941596789,-0.22403870058450234,-0.2006616123033052,0.23148802525243398,0.4438407936615092,0.000746,0.003427,0,0,0,-0.114,11.4959,0.002756,0,Within synthetic screening pattern
LOT-008,L008-P011,11.0282,11.1261,11.4991,11.6026,11.204448,0.7657069941596789,-0.23017681873654783,-0.10232112361201909,0.38481038079502633,0.5199795783985899,0.004079,0.003309,0,0,0,-0.122,11.6166,0.003502,0,Within synthetic screening pattern
LOT-008,L008-P012,12.2957,12.2952,12.4274,12.6492,11.204448,0.7657069941596789,1.4251561084375226,1.4245031171447509,1.5971540149533614,1.8868209524265043,-2.1e-05,0.002458,0,0,1,0.055,12.7622,0.002777,0,Dynamic lot-relative outlier
LOT-008,L008-P013,10.4433,10.5757,10.8092,11.017,11.204448,0.7657069941596789,-0.9940460330198714,-0.8211339386941555,-0.5161870049701734,-0.24480382369461526,0.005517,0.003065,0,0,0,-0.0622,11.0269,0.003474,0,Within synthetic screening pattern
LOT-008,L008-P014,9.6262,9.641,9.8224,9.9297,11.204448,0.7657069941596789,-2.061164403665972,-2.041835861399956,-1.804930620382697,-1.664798688954075,0.000617,0.002005,0,0,1,0.0747,10.0496,0.00252,0,Dynamic lot-relative outlier
LOT-008,L008-P015,10.9686,11.0051,11.1196,11.2487,11.204448,0.7657069941596789,-0.30801338083483104,-0.26034501646255975,-0.11081001041803874,0.05779234137539034,0.001521,0.001692,0,0,0,-0.1164,11.3444,0.002237,0,Within synthetic screening pattern
LOT-008,L008-P016,12.5265,12.7203,13.0214,13.4658,11.204448,0.7657069941596789,1.726576889180541,1.9796763142585165,2.372907670765114,2.9532863317798332,0.008075,0.005177,0,0,1,0.0809,13.3622,0.004974,0,Dynamic lot-relative outlier
LOT-008,L008-P017,10.7534,10.7988,10.9464,11.1184,11.204448,0.7657069941596789,-0.5890608332434005,-0.5297692238598076,-0.3370061942338559,-0.11237718952068973,0.001892,0.002219,0,0,0,-0.0862,11.2316,0.002846,0,Within synthetic screening pattern
LOT-008,L008-P018,10.4534,10.5662,10.8838,11.0919,11.204448,0.7657069941596789,-0.9808556089059011,-0.8335407732568003,-0.4187607040887643,-0.14698572803754228,0.0047,0.003651,0,0,0,-0.0642,11.0224,0.003387,0,Within synthetic screening pattern
LOT-008,L008-P019,10.6548,10.8518,11.2045,11.5151,11.204448,0.7657069941596789,-0.7178307161778087,-0.4605521468260979,6.79110944483799e-05,0.40570610216369307,0.008208,0.004606,0,0,0,-0.1008,11.3733,0.004277,0,Within synthetic screening pattern
LOT-008,L008-P020,10.738,10.9279,11.0988,11.2783,11.204448,0.7657069941596789,-0.6091729650607418,-0.36116687206637854,-0.13797444819730487,0.09644942590742424,0.007912,0.002433,0,0,0,-0.1085,11.3445,0.00361,0,Within synthetic screening pattern
LOT-008,L008-P021,11.7099,11.884,12.1264,12.5237,11.204448,0.7657069941596789,0.6601115098272096,0.8874830779700161,1.2040532567053175,1.7229201379410235,0.007254,0.004442,0,0,0,-0.0391,12.3309,0.003696,0,Within synthetic screening pattern
LOT-008,L008-P022,10.154,11.8935,15.9038,20.957,11.204448,0.7657069941596789,-1.3718667950170782,0.899889912532661,6.137271875330432,12.736663076589613,0.072479,0.062941,0,1,1,0.1211,20.6917,0.062724,1,Dynamic lot outlier + projected drift above safety slope
LOT-008,L008-P023,11.1061,11.2196,11.5791,11.8225,11.204448,0.7657069941596789,-0.12844077532285197,0.019788248136128075,0.4892889876383602,0.8071651489592025,0.004729,0.004187,0,0,0,-0.1169,11.7155,0.003627,0,Within synthetic screening pattern
LOT-008,L008-P024,11.2776,11.4497,11.7433,11.6901,11.204448,0.7657069941596789,0.09553523809754487,0.32029484106926726,0.7037313281843018,0.6342530546334845,0.007171,0.001669,0,0,0,-0.1049,11.7975,0.003095,0,Within synthetic screening pattern
LOT-008,L008-P025,11.2714,11.4892,11.8771,12.0688,11.204448,0.7657069941596789,0.08743814606718682,0.3718811531981637,0.8784717981297787,1.1288286597781163,0.009075,0.004025,0,0,0,-0.0987,12.0139,0.00442,0,Within synthetic screening pattern
LOT-008,L008-P026,10.6592,10.8069,11.2561,11.3729,11.204448,0.7657069941596789,-0.7120843928014248,-0.5191907649169192,0.06745661250839939,0.21999537849966622,0.006154,0.003931,0,0,0,-0.1034,11.2699,0.003635,0,Within synthetic screening pattern
LOT-008,L008-P027,11.2322,11.3651,11.5916,11.8724,11.204448,0.7657069941596789,0.03624362871395424,0.20980871433244172,0.5056137699576302,0.8723336799777333,0.005537,0.003523,0,0,0,-0.1151,11.8696,0.003794,0,Within synthetic screening pattern
LOT-008,L008-P028,10.7072,10.881,11.1736,11.4154,11.204448,0.7657069941596789,-0.6493972286954244,-0.4224174553282818,-0.04028695079878805,0.2754996383851879,0.007242,0.003711,0,0,0,-0.1059,11.3716,0.003955,0,Within synthetic screening pattern
LOT-008,L008-P029,11.9497,12.085,12.4619,12.6832,11.204448,0.7657069941596789,0.9732861338401037,1.149985577663893,1.6422104141545484,1.9312243603349197,0.005638,0.004154,0,0,1,0.0058,12.6195,0.003987,0,Dynamic lot-relative outlier
LOT-008,L008-P030,11.4702,11.7579,12.0601,12.2503,11.204448,0.7657069941596789,0.34706748407287175,0.72279867393321,1.1174666112839047,1.3658644990539295,0.011987,0.003419,0,0,0,-0.0598,12.5132,0.006208,0,Within synthetic screening pattern
LOT-008,L008-P031,10.1838,10.4042,10.7645,11.158,11.204448,0.7657069941596789,-1.3329485139679367,-1.0451099521145524,-0.574564426543887,-0.06066027913323938,0.009183,0.005235,0,0,0,-0.0444,10.9901,0.004799,0,Within synthetic screening pattern
LOT-008,L008-P032,11.2421,11.373,11.6371,11.9959,11.204448,0.7657069941596789,0.049172856310816825,0.22012597675822007,0.565035977599777,1.0336225292921297,0.005454,0.004326,0,0,0,-0.1127,11.896,0.003892,0,Within synthetic screening pattern
LOT-008,L008-P033,10.7177,10.9165,11.0449,11.2239,11.204448,0.7657069941596789,-0.6356844115472363,-0.3760550735415537,-0.2083669095580017,0.0254039732539581,0.008283,0.002135,0,0,0,-0.1053,11.3582,0.003812,0,Within synthetic screening pattern
LOT-008,L008-P034,10.7993,10.8789,11.1162,11.2601,11.204448,0.7657069941596789,-0.529116232567036,-0.42516001875791987,-0.11525035120888168,0.07268054285056551,0.003317,0.002647,0,0,0,-0.1072,11.2643,0.002768,0,Within synthetic screening pattern
LOT-008,L008-P035,9.4502,9.6031,9.8334,10.0523,11.204448,0.7657069941596789,-2.2910173387213066,-2.0913326013919864,-1.7905648119417394,-1.5046852239666655,0.006371,0.003119,0,0,1,0.0698,10.0475,0.003555,0,Dynamic lot-relative outlier
LOT-008,L008-P036,12.3435,12.6753,12.941,13.2433,11.204448,0.7657069941596789,1.4875820760264151,1.9209070979091414,2.2679066708875646,2.662705206496811,0.013825,0.003944,0,0,1,0.0785,13.1727,0.004936,0,Dynamic lot-relative outlier
LOT-008,L008-P037,12.6334,12.8611,13.0623,13.3444,11.204448,0.7657069941596789,1.8661864275749454,2.1635586623027847,2.426322358513769,2.794740045895075,0.009488,0.003356,0,0,1,0.0936,13.373,0.004402,0,Dynamic lot-relative outlier
LOT-008,L008-P038,11.0738,11.997,15.5342,19.3946,11.204448,0.7657069941596789,-0.17062401283584713,1.0350591101362245,5.65458071171423,10.696195884939304,0.038467,0.051372,0,1,1,0.0598,19.4736,0.049999,1,Dynamic lot outlier + projected drift above safety slope
LOT-008,L008-P039,11.0812,11.3395,11.3789,11.6943,11.204448,0.7657069941596789,-0.16095974170283808,0.17637556014257394,0.22783127401291656,0.6397381814927606,0.010762,0.002464,0,0,0,-0.1208,11.7182,0.003792,0,Within synthetic screening pattern
LOT-008,L008-P040,12.1237,12.0924,12.3101,12.5211,11.204448,0.7657069941596789,1.2005271037243541,1.1596498487968998,1.443962257669323,1.7195245832186161,-0.001304,0.002977,0,0,1,0.0317,12.6478,0.00312,0,Dynamic lot-relative outlier
LOT-008,L008-P041,11.4992,11.6053,11.6955,11.8628,11.204448,0.7657069941596789,0.38494097905358016,0.5235057313795511,0.6413053605954092,0.8597962471565322,0.004421,0.001788,0,0,0,-0.0728,11.9365,0.002603,0,Within synthetic screening pattern
LOT-008,L008-P042,10.987,11.2167,11.5707,11.6303,11.204448,0.7657069941596789,-0.28398330126086463,0.016000898638056774,0.4783187339198102,0.5561552960180934,0.009571,0.002872,0,0,0,-0.1182,11.5767,0.00351,0,Within synthetic screening pattern
LOT-008,L008-P043,13.018,13.1833,13.3977,13.7157,11.204448,0.7657069941596789,2.3684673299742736,2.58434625136431,2.8643489177044463,3.279651379906698,0.006887,0.003697,0,0,1,0.1313,14.0358,0.006058,0,Dynamic lot-relative outlier
LOT-008,L008-P044,10.693,10.9132,11.1284,11.2788,11.204448,0.7657069941596789,-0.6679421814101171,-0.3803648160738405,-0.09931736366527329,0.09710241720019587,0.009175,0.002539,0,0,0,-0.1062,11.3366,0.003831,0,Within synthetic screening pattern
LOT-008,L008-P045,11.5619,11.7677,12.0116,12.2617,11.204448,0.7657069941596789,0.46682608716704244,0.7355973032715187,1.0541264558851327,1.3807527005291047,0.008575,0.003431,0,0,0,-0.0588,12.1525,0.003515,0,Within synthetic screening pattern
LOT-008,L008-P046,10.7596,10.8953,11.3052,11.6253,11.204448,0.7657069941596789,-0.5809637412130402,-0.40374190435503526,0.13158035745849456,0.5496253830903841,0.005654,0.005069,0,0,0,-0.1088,11.4814,0.004296,0,Within synthetic screening pattern
LOT-008,L008-P047,11.3397,11.4561,11.7485,12.0765,11.204448,0.7657069941596789,0.17663675665968398,0.32865312961673304,0.710522437629119,1.138884725686787,0.00485,0.004308,0,0,0,-0.1019,11.9567,0.003673,0,Within synthetic screening pattern
LOT-008,L008-P048,9.5637,9.7562,10.0069,10.2467,11.204448,0.7657069941596789,-2.142788315262327,-1.891386667545556,-1.5639768333502584,-1.2508022093373643,0.008021,0.003406,0,0,1,0.0533,10.2527,0.004101,0,Dynamic lot-relative outlier
LOT-008,L008-P049,10.5501,10.6836,10.8162,10.9964,11.204448,0.7657069941596789,-0.854567092884021,-0.680218417714208,-0.5070451268713821,-0.27170706495677366,0.005562,0.002172,0,0,0,-0.0746,11.0796,0.003152,0,Within synthetic screening pattern
LOT-008,L008-P050,12.6079,12.8794,12.9561,13.0381,11.204448,0.7657069941596789,1.8328838716436338,2.1874581436181972,2.2876270079292422,2.39471757994366,0.011312,0.001102,0,0,1,0.0915,13.2478,0.003809,0,Dynamic lot-relative outlier
LOT-008,L008-P051,11.3259,11.6736,12.0831,12.351,11.204448,0.7657069941596789,0.15861419697920914,0.6127043419720484,1.1475042107513627,1.497376945417978,0.014487,0.004704,0,0,0,-0.069,12.2836,0.005701,0,Within synthetic screening pattern
LOT-008,L008-P052,10.5615,11.7163,15.7767,20.7504,11.204448,0.7657069941596789,-0.8396788914088458,0.6684697983746777,5.971281488708085,12.466847074416702,0.048117,0.062737,0,1,1,0.0754,20.4034,0.058583,1,Dynamic lot outlier + projected drift above safety slope
LOT-008,L008-P053,11.5755,11.8978,12.2135,12.4963,11.204448,0.7657069941596789,0.48458745033040956,0.905505637650491,1.3178043399059967,1.6871362150971816,0.013429,0.004156,0,0,0,-0.0324,13.3532,0.010582,0,Within synthetic screening pattern
LOT-008,L008-P054,10.3489,10.5261,10.7229,10.7661,11.204448,0.7657069941596789,-1.1173307890950055,-0.8859106749370222,-0.6288933021024216,-0.5724748544070205,0.007383,0.001667,0,0,0,-0.0515,10.8888,0.003214,0,Within synthetic screening pattern
LOT-008,L008-P055,9.8261,10.0157,10.2655,10.4427,11.204448,0.7657069941596789,-1.8000984848161923,-1.5524841865974905,-1.2262497367291825,-0.9948296225711968,0.0079,0.002965,0,0,1,0.0174,10.3801,0.003298,0,Dynamic lot-relative outlier
LOT-008,L008-P056,11.5938,11.7837,12.0223,12.0924,11.204448,0.7657069941596789,0.5084869316458221,0.7564930246401854,1.0681004695504286,1.1596498487968998,0.007912,0.002144,0,0,0,-0.0551,12.1865,0.003528,0,Within synthetic screening pattern
LOT-008,L008-P057,11.7445,12.9518,16.4946,22.6326,11.204448,0.7657069941596789,0.7052985072869529,2.2820112828114145,6.90884638686845,14.924967496923239,0.050304,0.067228,0,1,1,0.1359,19.6474,0.047041,1,Dynamic lot outlier + projected drift above safety slope
LOT-008,L008-P058,12.6454,12.9003,13.1687,13.4941,11.204448,0.7657069941596789,1.8818582186014459,2.214753179656017,2.565278905615402,2.9902456389506624,0.010621,0.004124,0,0,1,0.0985,13.3298,0.004074,0,Dynamic lot-relative outlier
LOT-008,L008-P059,11.417,11.6226,11.8921,11.965,11.204448,0.7657069941596789,0.2775892105220543,0.5460992301094229,0.8980615369129022,0.993267667398891,0.008567,0.002378,0,0,0,-0.0818,12.0504,0.00377,0,Within synthetic screening pattern
LOT-008,L008-P060,11.3426,11.4722,11.6473,11.8996,11.204448,0.7657069941596789,0.18042410615775295,0.349679449243956,0.5783569999723012,0.9078564063044652,0.0054,0.002968,0,0,0,-0.1026,12.0027,0.003929,0,Within synthetic screening pattern
LOT-008,L008-P061,9.8351,10.1687,10.2964,10.5035,11.204448,0.7657069941596789,-1.788344641546317,-1.3526688510096163,-1.1858948748359437,-0.9154258813702626,0.0139,0.002325,0,0,1,0.0198,10.5657,0.004349,0,Dynamic lot-relative outlier
LOT-008,L008-P062,10.2197,10.3421,10.4358,10.7695,11.204448,0.7657069941596789,-1.286063739146991,-1.126211470676689,-1.0038409024114343,-0.5680345136161776,0.0051,0.002968,0,0,0,-0.026,10.7577,0.003202,0,Within synthetic screening pattern
LOT-008,L008-P063,11.9789,12.3432,12.4453,12.7712,11.204448,0.7657069941596789,1.0114208253379198,1.4871902812507511,1.6205311032345562,2.046150827862588,0.015179,0.002972,0,0,1,0.0403,12.7289,0.004464,0,Dynamic lot-relative outlier
LOT-008,L008-P064,11.9532,12.1852,12.3988,12.5712,11.204448,0.7657069941596789,0.9778570728895004,1.2808450327351677,1.5598029130068685,1.7849543107542523,0.009667,0.002681,0,0,1,0.0093,12.5573,0.003596,0,Dynamic lot-relative outlier
LOT-008,L008-P065,11.4591,11.803,12.0531,12.3313,11.204448,0.7657069941596789,0.33257107737335817,0.7816984885411413,1.1083247331851134,1.4716490884828068,0.014329,0.003669,0,0,0,-0.0523,12.8003,0.007983,0,Within synthetic screening pattern
LOT-008,L008-P066,10.5768,10.6922,10.773,11.0289,11.204448,0.7657069941596789,-0.8196973578500584,-0.6689869674785502,-0.5634635745667831,-0.22926263092666846,0.004808,0.002338,0,0,0,-0.0702,11.0912,0.003062,0,Within synthetic screening pattern
LOT-008,L008-P067,11.2719,11.5074,11.8308,11.9323,11.204448,0.7657069941596789,0.08809113735995845,0.39565003625502243,0.8180048044191988,0.9505620368516782,0.009813,0.002951,0,0,0,-0.0994,11.9822,0.004228,0,Within synthetic screening pattern
LOT-008,L008-P068,10.9368,11.1593,11.5715,11.7738,11.204448,0.7657069941596789,-0.3495436270550569,-0.05896250177203453,0.47936351998824345,0.7435637970433229,0.009271,0.004267,0,0,0,-0.1187,11.6531,0.004264,0,Within synthetic screening pattern
LOT-008,L008-P069,10.1007,10.4325,10.5877,10.7043,11.204448,0.7657069941596789,-1.4414756668264497,-1.0081506449437234,-0.8054621476676548,-0.6531845781934957,0.013825,0.001888,0,0,0,-0.0239,10.8032,0.004182,0,Within synthetic screening pattern
LOT-008,L008-P070,11.6815,11.7949,11.9811,12.192,11.204448,0.7657069941596789,0.6230216043978267,0.7711200295982529,1.0142939870261116,1.2897257143168512,0.004725,0.002758,0,0,0,-0.052,12.2228,0.003222,0,Within synthetic screening pattern
LOT-008,L008-P071,11.1925,11.4063,11.6829,11.849,11.204448,0.7657069941596789,-0.015603879932049968,0.2636151968567585,0.6248499800175854,0.8417736874760574,0.008908,0.003074,0,0,0,-0.1098,11.8668,0.004014,0,Within synthetic screening pattern
LOT-008,L008-P072,11.4016,11.461,11.5953,11.793,11.204448,0.7657069941596789,0.25747707870471304,0.33505244428588854,0.5104459055241347,0.7686386626857226,0.002475,0.002306,0,0,0,-0.0871,11.9998,0.003561,0,Within synthetic screening pattern
LOT-008,L008-P073,10.621,10.7361,10.8747,11.1006,11.204448,0.7657069941596789,-0.7619729275691164,-0.6116543319732699,-0.4306451456171937,-0.13562367954333068,0.004796,0.002531,0,0,0,-0.0792,11.1974,0.003431,0,Within synthetic screening pattern
LOT-008,L008-P074,11.2899,11.4247,11.717,11.9501,11.204448,0.7657069941596789,0.11159882389970713,0.28764527643072496,0.6693839861845571,0.9738085268743214,0.005617,0.003649,0,0,0,-0.1066,11.8531,0.003352,0,Within synthetic screening pattern
LOT-008,L008-P075,11.2394,11.42,11.4614,11.6774,11.204448,0.7657069941596789,0.04564670332985325,0.28150715827867945,0.335574837320104,0.6176670757971067,0.007525,0.001788,0,0,0,-0.1124,11.773,0.003176,0,Within synthetic screening pattern
LOT-008,L008-P076,12.7107,12.9699,13.1584,13.3455,11.204448,0.7657069941596789,1.9671388814373156,2.3056495676097195,2.551827284984324,2.79617662673917,0.0108,0.002608,0,0,1,0.1063,13.8384,0.006713,0,Dynamic lot-relative outlier
LOT-008,L008-P077,11.3807,11.6192,11.9283,12.1141,11.204448,0.7657069941596789,0.2301820426668907,0.5416588893185799,0.945338106509512,1.1879896709031554,0.009938,0.003437,0,0,0,-0.083,12.0873,0.004206,0,Within synthetic screening pattern
LOT-008,L008-P078,11.3793,11.5915,11.7693,12.0538,11.204448,0.7657069941596789,0.2283536670471343,0.5054831716990763,0.7376868754083851,1.1092389209949927,0.008842,0.00321,0,0,0,-0.0886,12.0768,0.004152,0,Within synthetic screening pattern
LOT-008,L008-P079,11.9566,12.1315,12.3888,12.5961,11.204448,0.7657069941596789,0.9822974136803411,1.210713767891581,1.5467430871514518,1.8174732771342408,0.007288,0.003226,0,0,1,0.0049,12.5773,0.003695,0,Dynamic lot-relative outlier
LOT-008,L008-P080,11.032,11.1839,11.5389,11.7728,11.204448,0.7657069941596789,-0.22521408491148942,-0.026835330167710017,0.4367884876995844,0.7422578144577819,0.006329,0.00409,0,0,0,-0.1208,11.6529,0.003696,0,Within synthetic screening pattern
LOT-008,L008-P081,10.9013,11.1295,11.2945,11.743,11.204448,0.7657069941596789,-0.39590600884178495,-0.09788078282117615,0.11760634379319874,0.7033395334086403,0.009508,0.00426,0,0,0,-0.1242,11.555,0.003891,0,Within synthetic screening pattern
LOT-008,L008-P082,11.3268,11.5371,11.8249,11.9656,11.204448,0.7657069941596789,0.15978958130619622,0.4344377190456102,0.8102995071645023,0.9940512569502166,0.008763,0.002976,0,0,0,-0.0953,11.9849,0.003917,0,Within synthetic screening pattern
LOT-008,L008-P083,11.3623,11.6398,11.9955,12.2827,11.204448,0.7657069941596789,0.20615196309292427,0.5685621305807382,1.033100136257912,1.4081783348254808,0.011562,0.004465,0,0,0,-0.0818,12.1602,0.004749,0,Within synthetic screening pattern
LOT-008,L008-P084,10.9148,11.0772,11.2343,11.4416,11.204448,0.7657069941596789,-0.37827524393697404,-0.16618367204500653,0.038986192143590004,0.3097163821263788,0.006767,0.002531,0,0,0,-0.128,11.4566,0.003225,0,Within synthetic screening pattern
LOT-008,L008-P085,11.2718,11.3785,11.5448,11.7307,11.204448,0.7657069941596789,0.08796053910140458,0.22730888097870108,0.4444937849542808,0.687275947606478,0.004446,0.002446,0,0,0,-0.1111,11.7992,0.003139,0,Within synthetic screening pattern
LOT-008,L008-P086,11.3573,11.4555,11.6752,11.8775,11.204448,0.7657069941596789,0.1996220501652172,0.32786954006540986,0.6147939141089148,0.8789941911639942,0.004092,0.002931,0,0,0,-0.0998,11.9629,0.003605,0,Within synthetic screening pattern
LOT-008,L008-P087,10.951,11.0161,11.1346,11.3627,11.204448,0.7657069941596789,-0.3309986743403643,-0.24597920802160236,-0.0912202716349129,0.20667435612714205,0.002712,0.002407,0,0,0,-0.1209,11.3546,0.002402,0,Within synthetic screening pattern
LOT-008,L008-P088,9.6235,9.8047,10.1595,10.2457,11.204448,0.7657069941596789,-2.064690556646936,-1.828046512146784,-1.3646838907965997,-1.2521081919229076,0.00755,0.003062,0,0,1,0.0433,10.2276,0.003596,0,Dynamic lot-relative outlier
LOT-008,L008-P089,11.156,11.3215,11.5609,11.8604,11.204448,0.7657069941596789,-0.06327224430432128,0.15286787360282525,0.4655201045815015,0.8566618889512326,0.006896,0.003742,0,0,0,-0.1163,11.7797,0.003712,0,Within synthetic screening pattern
LOT-008,L008-P090,12.3488,12.6407,12.8526,13.1036,11.204448,0.7657069941596789,1.494503783729786,1.8757201004494004,2.152457810325681,2.48025943929664,0.012163,0.003215,0,0,1,0.0727,13.1469,0.004751,0,Dynamic lot-relative outlier
LOT-008,L008-P091,10.7943,10.8783,10.8967,11.1825,11.204448,0.7657069941596789,-0.5356461454947453,-0.4259436083092453,-0.4019135287352789,-0.028663705787468737,0.0035,0.002112,0,0,0,-0.0936,11.257,0.002754,0,Within synthetic screening pattern
LOT-008,L008-P092,10.5503,10.802,10.8848,11.0845,11.204448,0.7657069941596789,-0.8543058963669132,-0.5255900795860747,-0.4174547215032234,-0.15664999917055134,0.010487,0.001962,0,0,0,-0.0829,11.2248,0.004015,0,Within synthetic screening pattern
LOT-008,L008-P093,11.1537,11.297,11.5311,11.694,11.204448,0.7657069941596789,-0.06627600425106708,0.1208713002570546,0.42660182353235987,0.639346386717099,0.005971,0.002757,0,0,0,-0.1178,11.811,0.003912,0,Within synthetic screening pattern
LOT-008,L008-P094,10.1809,10.3992,10.7172,10.9321,11.204448,0.7657069941596789,-1.336735863466008,-1.0516398650422594,-0.636337402840008,-0.3556817452071024,0.009096,0.003701,0,0,0,-0.0419,10.9588,0.00463,0,Within synthetic screening pattern
LOT-008,L008-P095,10.9338,11.0342,11.266,11.2483,11.204448,0.7657069941596789,-0.35346157481168206,-0.2223409232232975,0.08038584010526198,0.05726994834117489,0.004183,0.001487,0,0,0,-0.1276,11.3427,0.002434,0,Within synthetic screening pattern
LOT-008,L008-P096,11.2655,11.562,11.8927,12.0821,11.204448,0.7657069941596789,0.07973284881249035,0.4669566854255963,0.8988451264642278,1.1461982281658218,0.012354,0.003612,0,0,0,-0.0906,12.0474,0.004654,0,Within synthetic screening pattern
LOT-008,L008-P097,10.8163,10.9409,10.994,11.2044,11.204448,0.7657069941596789,-0.5069145286128283,-0.34418909845433693,-0.27484142316207333,-6.268716410548302e-05,0.005192,0.00183,0,0,0,-0.1088,11.3051,0.00291,0,Within synthetic screening pattern
LOT-008,L008-P098,12.5896,12.7526,13.153,13.352,11.204448,0.7657069941596789,1.808984390328221,2.0218595517715117,2.544774979022399,2.8046655135451917,0.006792,0.004163,0,0,1,0.0877,13.3154,0.00432,0,Dynamic lot-relative outlier
LOT-008,L008-P099,11.3493,11.4642,11.7966,12.0191,11.204448,0.7657069941596789,0.18917418948088266,0.33923158855962143,0.7733401999936732,1.0639213252766957,0.004788,0.003853,0,0,0,-0.0983,12.0017,0.003883,0,Within synthetic screening pattern
LOT-008,L008-P100,11.1512,11.3543,11.548,11.6059,11.204448,0.7657069941596789,-0.06954096071492294,0.19570410240859204,0.4486729292280137,0.5242893209308767,0.008463,0.001747,0,0,0,-0.1183,11.7147,0.003354,0,Within synthetic screening pattern
LOT-009,L009-P001,9.5262,9.7864,9.9866,10.1084,10.135044,3.486952140301257,-0.1746063540600818,-0.09998531266617239,-0.04257127543688525,-0.007641056982703261,0.010842,0.002236,0,0,0,-0.1599,10.2087,0.004063,0,Within synthetic screening pattern
LOT-009,L009-P002,9.4124,10.3995,14.0106,18.0304,10.135044,3.486952140301257,-0.20724230529231397,0.07584159155598601,1.1114451372037384,2.2642570595528384,0.041129,0.052992,0,1,0,-0.0492,17.4564,0.047881,1,Projected 168h drift above safety slope
LOT-009,L009-P003,10.2007,10.3566,10.605,10.8966,10.135044,3.486952140301257,0.018829051090539617,0.0635385835782817,0.13477558081981525,0.21840162105987604,0.006496,0.00375,0,0,0,-0.1629,10.8785,0.004035,0,Within synthetic screening pattern
LOT-009,L009-P004,9.6984,9.8522,9.998,10.0807,10.135044,3.486952140301257,-0.1252222521076177,-0.08111496476563751,-0.03930194464560712,-0.0155849572387034,0.006408,0.001587,0,0,0,-0.1662,10.1953,0.002958,0,Within synthetic screening pattern
LOT-009,L009-P005,9.5883,9.7914,9.9523,10.1842,10.135044,3.486952140301257,-0.15679710474969816,-0.0985513956524542,-0.05240794615099394,0.014097124945269,0.008462,0.002728,0,0,0,-0.163,10.2229,0.003777,0,Within synthetic screening pattern
LOT-009,L009-P006,9.8539,10.7317,15.1426,19.007,10.135044,3.486952140301257,-0.08062743298097334,0.17111103794744112,1.4360839491095996,2.5443297306723296,0.036575,0.057467,0,1,0,-0.0424,18.5582,0.051811,1,Projected 168h drift above safety slope
LOT-009,L009-P007,10.3805,10.5811,10.807,11.0078,10.135044,3.486952140301257,0.0703927069038558,0.12792145749424064,0.19270582817404136,0.2502919354449748,0.008358,0.002963,0,0,0,-0.1552,10.9947,0.003656,0,Within synthetic screening pattern
LOT-009,L009-P008,9.6161,9.745,9.9059,10.0206,10.135044,3.486952140301257,-0.1488245261534237,-0.11185814553976166,-0.06571469603830088,-0.032820639743599465,0.005371,0.001914,0,0,0,-0.1625,10.2581,0.003821,0,Within synthetic screening pattern
LOT-009,L009-P009,9.0824,9.165,9.431,9.5417,10.135044,3.486952140301257,-0.30188082819773293,-0.278192519131104,-0.2019081340012815,-0.1701612113175542,0.003442,0.002616,0,0,0,-0.1282,9.6014,0.003089,0,Within synthetic screening pattern
LOT-009,L009-P010,10.0099,10.3056,10.5572,10.8363,10.135044,3.486952140301257,-0.03588922215295697,0.04891263003835327,0.12106733416866655,0.20110858187443137,0.012321,0.003685,0,0,0,-0.1597,10.774,0.004548,0,Within synthetic screening pattern
LOT-009,L009-P011,10.3792,10.4907,10.7505,10.824,10.135044,3.486952140301257,0.07001988848028935,0.10199623788621104,0.17650256591902275,0.197581146020684,0.004646,0.002315,0,0,0,-0.1531,10.8774,0.002965,0,Within synthetic screening pattern
LOT-009,L009-P012,8.9274,10.0014,14.4127,20.7504,10.135044,3.486952140301257,-0.34633225562300524,-0.03832688107627829,1.2267607434469774,3.044307915015685,0.04475,0.074646,0,1,0,-0.0112,19.8824,0.065208,1,Projected 168h drift above safety slope
LOT-009,L009-P013,10.0304,10.1997,10.4901,10.6351,10.135044,3.486952140301257,-0.030010162396711195,0.01854226768779608,0.10182416784456472,0.14340776124240018,0.007054,0.003024,0,0,0,-0.1627,10.6364,0.003607,0,Within synthetic screening pattern
LOT-009,L009-P014,9.7478,9.9424,10.1254,10.4426,10.135044,3.486952140301257,-0.11105515201207915,-0.055247101838156516,-0.0027657391360601143,0.08820195621423943,0.008108,0.003474,0,0,0,-0.1676,10.4831,0.004377,0,Within synthetic screening pattern
LOT-009,L009-P015,9.5904,9.7439,10.0218,10.308,10.135044,3.486952140301257,-0.15619485960393628,-0.11217360728277949,-0.032476499660306815,0.04960091020493806,0.006396,0.003917,0,0,0,-0.1637,10.2562,0.003963,0,Within synthetic screening pattern
LOT-009,L009-P016,9.6739,9.8116,10.1652,10.2229,10.135044,3.486952140301257,-0.13224844547483813,-0.09275837091703133,0.008648240293138784,0.02519564263144955,0.005738,0.002856,0,0,0,-0.1649,10.2283,0.0033,0,Within synthetic screening pattern
LOT-009,L009-P017,9.9086,10.0018,10.2075,10.5257,10.135044,3.486952140301257,-0.06494038085089318,-0.03821216771518108,0.02077917822919677,0.11203365698224037,0.003883,0.003638,0,0,0,-0.1633,10.4516,0.003232,0,Within synthetic screening pattern
LOT-009,L009-P018,9.4806,9.6038,9.9517,10.0145,10.135044,3.486952140301257,-0.1876836772251938,-0.15235196200717108,-0.05258001619263976,-0.034570018500335996,0.005133,0.002852,0,0,0,-0.1579,10.051,0.003395,0,Within synthetic screening pattern
LOT-009,L009-P019,9.3065,9.5989,9.8002,10.0536,10.135044,3.486952140301257,-0.23761266764287117,-0.15375720068061496,-0.09602770170830947,-0.023356787453057727,0.012183,0.003158,0,0,0,-0.1503,10.0394,0.004363,0,Within synthetic screening pattern
LOT-009,L009-P020,9.5227,9.7422,10.1218,10.2111,10.135044,3.486952140301257,-0.1756100959696844,-0.11266113906744366,-0.0037981593859375525,0.02181159847907421,0.009146,0.003256,0,0,0,-0.1597,10.1588,0.003786,0,Within synthetic screening pattern
LOT-009,L009-P021,9.248,10.1037,13.8234,17.6662,10.135044,3.486952140301257,-0.25438949670337735,-0.008988938975598536,1.0577592842101187,2.1598105442735847,0.035654,0.052517,0,1,0,-0.0424,17.1551,0.047066,1,Projected 168h drift above safety slope
LOT-009,L009-P022,10.3072,10.4443,10.6679,10.7618,10.135044,3.486952140301257,0.04937148348274313,0.0886894879989036,0.1528142568523933,0.17974321837002605,0.005713,0.002205,0,0,0,-0.1581,10.8578,0.003277,0,Within synthetic screening pattern
LOT-009,L009-P023,9.7476,9.9531,10.3685,10.5825,10.135044,3.486952140301257,-0.11111250869262775,-0.05217851942879902,0.06695130607093133,0.1283229542580819,0.008562,0.004371,0,0,0,-0.1638,10.475,0.00433,0,Within synthetic screening pattern
LOT-009,L009-P024,10.2364,10.3788,10.5859,10.7612,10.135044,3.486952140301257,0.029067218568489563,0.06990517511919163,0.12929801782741074,0.17957114832838023,0.005933,0.002656,0,0,0,-0.1609,10.7755,0.003209,0,Within synthetic screening pattern
LOT-009,L009-P025,10.0485,10.1693,10.5385,10.8335,10.135044,3.486952140301257,-0.024819382807050212,0.009824052244387734,0.11570448453735975,0.20030558834674936,0.005033,0.004613,0,0,0,-0.1614,10.6282,0.003451,0,Within synthetic screening pattern
LOT-009,L009-P026,9.8829,10.94,14.3701,18.1645,10.135044,3.486952140301257,-0.07231071430140626,0.23084802073895236,1.2145437704900963,2.3027147138607678,0.044046,0.05017,0,1,0,-0.0542,18.1427,0.049165,1,Projected 168h drift above safety slope
LOT-009,L009-P027,9.7017,9.9447,10.2244,10.4143,10.135044,3.486952140301257,-0.12427586687856318,-0.05458750001184603,0.025625817735565107,0.08008598591659297,0.010125,0.003261,0,0,0,-0.1657,10.4317,0.004345,0,Within synthetic screening pattern
LOT-009,L009-P028,8.7383,8.9053,9.1696,9.4546,10.135044,3.486952140301257,-0.4005629970818377,-0.3526701688236409,-0.27687331547848254,-0.1951400456965303,0.006958,0.003815,0,0,0,-0.1043,9.4289,0.004111,0,Within synthetic screening pattern
LOT-009,L009-P029,9.5149,9.7803,10.1454,10.3235,10.135044,3.486952140301257,-0.17784700651108512,-0.10173469142290892,0.0029699289188136373,0.05404605294746514,0.011058,0.003772,0,0,0,-0.158,10.2349,0.004286,0,Within synthetic screening pattern
LOT-009,L009-P030,10.4228,10.6597,10.9526,11.1906,10.135044,3.486952140301257,0.08252364483991428,0.15046263294989543,0.23446149161352314,0.3027159414665221,0.009871,0.003687,0,0,0,-0.1522,11.1393,0.004265,0,Within synthetic screening pattern
LOT-009,L009-P031,9.7105,9.845,10.0396,10.4335,10.135044,3.486952140301257,-0.12175217293441895,-0.08317980526539188,-0.02737175509146925,0.08559222724927179,0.005604,0.004087,0,0,0,-0.1666,10.3121,0.003581,0,Within synthetic screening pattern
LOT-009,L009-P032,10.3909,10.4584,10.767,10.8933,10.135044,3.486952140301257,0.07337525429239039,0.09273313397758942,0.18123449206429335,0.21745523583082202,0.002812,0.00302,0,0,0,-0.1477,10.8771,0.002894,0,Within synthetic screening pattern
LOT-009,L009-P033,9.4618,9.5673,9.8057,10.1722,10.135044,3.486952140301257,-0.19307520519677543,-0.16281955620731595,-0.09445039299321926,0.010655724112344545,0.004396,0.004201,0,0,0,-0.1577,9.977,0.003067,0,Within synthetic screening pattern
LOT-009,L009-P034,9.7279,9.9517,10.2967,10.4908,10.135044,3.486952140301257,-0.11676214172667859,-0.05258001619263976,0.04636025775393423,0.10202491622648535,0.009325,0.003744,0,0,0,-0.1657,10.4391,0.004233,0,Within synthetic screening pattern
LOT-009,L009-P035,9.2931,9.541,9.6874,9.8727,10.135044,3.486952140301257,-0.24145556523963638,-0.17036195969947485,-0.12837686953779812,-0.07523590500939174,0.010329,0.002303,0,0,0,-0.1558,9.9926,0.004164,0,Within synthetic screening pattern
LOT-009,L009-P036,10.2196,10.4366,10.5686,10.7859,10.135044,3.486952140301257,0.02424925740239553,0.08648125579777721,0.12433666495994468,0.18665469837614926,0.009042,0.002426,0,0,0,-0.161,10.8835,0.003952,0,Within synthetic screening pattern
LOT-009,L009-P037,10.4816,10.7143,10.7783,11.0647,10.135044,3.486952140301257,0.0993865089212434,0.16612100673970076,0.18447514451529717,0.26660991106109116,0.009696,0.002433,0,0,0,-0.1484,11.0928,0.003638,0,Within synthetic screening pattern
LOT-009,L009-P038,9.6049,9.7231,10.011,10.334,10.135044,3.486952140301257,-0.15203650026415272,-0.11813870205984817,-0.035573760409939134,0.05705727867627404,0.004925,0.004242,0,0,0,-0.1616,10.2324,0.003735,0,Within synthetic screening pattern
LOT-009,L009-P039,10.3154,10.4885,10.8238,10.9869,10.135044,3.486952140301257,0.051723107385241544,0.10136531440017486,0.1975237893401354,0.24429816232763185,0.007212,0.003461,0,0,0,-0.1552,10.9356,0.003692,0,Within synthetic screening pattern
LOT-009,L009-P040,10.0212,11.003,14.3637,17.943,10.135044,3.486952140301257,-0.032648569701953144,0.24891537511180525,1.2127083567125365,2.2391921901530396,0.040908,0.048194,0,1,0,-0.0547,18.3789,0.049748,1,Projected 168h drift above safety slope
LOT-009,L009-P041,9.9698,10.3246,10.6316,10.7736,10.135044,3.486952140301257,-0.047389236602979286,0.05436151469048349,0.14240401933279756,0.1831272625224019,0.014783,0.003118,0,0,0,-0.1502,10.7897,0.00488,0,Within synthetic screening pattern
LOT-009,L009-P042,9.482,10.604,14.2235,20.2263,10.135044,3.486952140301257,-0.18728218046135306,0.1344887974170712,1.1725013236478705,2.894004733637715,0.04675,0.066822,0,1,0,-0.0452,19.7568,0.06116,1,Projected 168h drift above safety slope
LOT-009,L009-P043,10.0452,10.2184,10.5018,10.7187,10.135044,3.486952140301257,-0.025765768036104742,0.02390511731910339,0.10517953365666576,0.16738285371177314,0.007217,0.003474,0,0,0,-0.1632,10.6739,0.003742,0,Within synthetic screening pattern
LOT-009,L009-P044,9.4835,9.6925,9.9736,9.9847,10.135044,3.486952140301257,-0.1868520053572375,-0.12691427418380513,-0.04629945967255324,-0.04311616390209802,0.008708,0.002029,0,0,0,-0.1596,10.1057,0.003704,0,Within synthetic screening pattern
LOT-009,L009-P045,9.2291,9.4369,9.8327,9.883,10.135044,3.486952140301257,-0.25980970301523276,-0.20021611192509356,-0.08670724111913924,-0.07228203596113196,0.008658,0.003098,0,0,0,-0.1517,9.865,0.003785,0,Within synthetic screening pattern
LOT-009,L009-P046,9.9358,10.1311,10.4318,10.7765,10.135044,3.486952140301257,-0.057139872296264556,-0.001131073740421304,0.08510469546460762,0.1839589343903587,0.008137,0.004482,0,0,0,-0.1642,10.6532,0.00427,0,Within synthetic screening pattern
LOT-009,L009-P047,10.2928,10.5934,10.8185,11.2686,10.135044,3.486952140301257,0.04524180248323389,0.1314488933479885,0.1960038373055938,0.32508504688053,0.012525,0.004689,0,0,0,-0.1486,11.2805,0.005879,0,Within synthetic screening pattern
LOT-009,L009-P048,9.8829,9.8963,10.2016,10.3468,10.135044,3.486952140301257,-0.07231071430140626,-0.06846781670464056,0.019087156153008846,0.06072810623139342,0.000558,0.003128,0,0,0,-0.1504,10.3453,0.002752,0,Within synthetic screening pattern
LOT-009,L009-P049,9.7094,9.8233,9.9972,10.3905,10.135044,3.486952140301257,-0.12206763467743678,-0.0894030051049303,-0.03953137136780205,0.07326054093129267,0.004746,0.003939,0,0,0,-0.1649,10.316,0.003611,0,Within synthetic screening pattern
LOT-009,L009-P050,8.8418,9.0819,9.1254,9.3282,10.135044,3.486952140301257,-0.3708809148978658,-0.30202421989910494,-0.2895491418797538,-0.23138946780333275,0.010004,0.00171,0,0,0,-0.107,9.3966,0.003302,0,Within synthetic screening pattern
LOT-009,L009-P051,9.7549,9.8913,10.2009,10.3777,10.135044,3.486952140301257,-0.10901898985259909,-0.06990173371835924,0.01888640777108873,0.06958971337617378,0.005683,0.003378,0,0,0,-0.1667,10.3442,0.003508,0,Within synthetic screening pattern
LOT-009,L009-P052,44.3979,59.8045,77.0798,91.044,10.135044,3.486952140301257,9.82601843139718,14.244375604108171,19.198644921526306,23.203345714119788,0.641942,0.216941,1,1,1,0.3139,93.804,0.294084,1,Dynamic lot outlier + projected drift above safety slope
LOT-009,L009-P053,10.8909,11.1011,11.3411,11.3815,10.135044,3.486952140301257,0.21676695566423723,0.2770488269209617,0.3458768435794483,0.3574628930502935,0.008758,0.001947,0,0,0,-0.1267,11.4804,0.003509,0,Within synthetic screening pattern
LOT-009,L009-P054,9.5398,9.7704,10.0227,10.0821,10.135044,3.486952140301257,-0.1707060997827675,-0.10457384711007149,-0.03221839459783758,-0.015183460474862147,0.009608,0.002165,0,0,0,-0.1627,10.2236,0.00407,0,Within synthetic screening pattern
LOT-009,L009-P055,9.8244,9.9504,10.3182,10.4969,10.135044,3.486952140301257,-0.08908754336191195,-0.05295283461620671,0.05252610091292354,0.10377429498322188,0.00525,0.003795,0,0,0,-0.1649,10.4392,0.00366,0,Within synthetic screening pattern
LOT-009,L009-P056,9.5259,9.6989,10.1659,10.2235,10.135044,3.486952140301257,-0.1746923890809047,-0.1250788604062457,0.00884898867505941,0.025367712673095875,0.007208,0.003643,0,0,0,-0.1588,10.1154,0.003509,0,Within synthetic screening pattern
LOT-009,L009-P057,9.1892,9.2794,9.5018,9.6202,10.135044,3.486952140301257,-0.2712523607847065,-0.245384497857225,-0.1816038690870279,-0.14764871420217424,0.003758,0.002367,0,0,0,-0.1399,9.6817,0.002932,0,Within synthetic screening pattern
LOT-009,L009-P058,10.5191,11.6043,15.3658,19.9606,10.135044,3.486952140301257,0.11014088652413181,0.4213582351815883,1.500094004601992,2.8178063835287155,0.045217,0.05803,0,1,0,-0.0097,20.435,0.059023,1,Projected 168h drift above safety slope
LOT-009,L009-P059,10.1453,10.2606,10.6063,10.858,10.135044,3.486952140301257,0.0029412505785393348,0.036007376914887076,0.1351483992433817,0.2073317817139698,0.004804,0.004149,0,0,0,-0.1619,10.6891,0.003237,0,Within synthetic screening pattern
LOT-009,L009-P060,9.6649,10.9506,15.2762,20.4125,10.135044,3.486952140301257,-0.13482949609953146,0.23388792480803558,1.474398211716157,2.947403803228591,0.053571,0.065708,0,1,0,-0.011,19.7142,0.059817,1,Projected 168h drift above safety slope
LOT-009,L009-P061,9.4074,9.4889,9.7582,10.0727,10.135044,3.486952140301257,-0.20867622230603217,-0.1853033749824216,-0.10807260462354455,-0.01787922446065321,0.003396,0.004054,0,0,0,-0.1533,10.0111,0.003593,0,Within synthetic screening pattern
LOT-009,L009-P062,9.7199,9.9314,10.1076,10.3257,10.135044,3.486952140301257,-0.11905640894862789,-0.05840171926833693,-0.007870483704898191,0.05467697643350133,0.008812,0.002738,0,0,0,-0.1668,10.3838,0.003952,0,Within synthetic screening pattern
LOT-009,L009-P063,9.8272,10.0639,10.336,10.435,10.135044,3.486952140301257,-0.08828454983422995,-0.020402918404797434,0.05763084548176162,0.08602240235338734,0.009863,0.002577,0,0,0,-0.1646,10.4314,0.003596,0,Within synthetic screening pattern
LOT-009,L009-P064,10.2204,10.3814,10.7064,10.9343,10.135044,3.486952140301257,0.02447868412459046,0.07065081196632503,0.16385541785802576,0.22921335534331355,0.006708,0.00384,0,0,0,-0.1595,10.864,0.003831,0,Within synthetic screening pattern
LOT-009,L009-P065,9.583,9.7016,10.028,10.3407,10.135044,3.486952140301257,-0.15831705678423974,-0.12430454521883799,-0.030698442563295986,0.05897872747465689,0.004942,0.004438,0,0,0,-0.1615,10.2444,0.003937,0,Within synthetic screening pattern
LOT-009,L009-P066,10.0373,10.161,10.2572,10.4427,10.135044,3.486952140301257,-0.028031356917779738,0.0074437500016150205,0.035032313345558244,0.08823063455451374,0.005154,0.001956,0,0,0,-0.1611,10.5909,0.003295,0,Within synthetic screening pattern
LOT-009,L009-P067,9.7253,9.8856,10.0183,10.2078,10.135044,3.486952140301257,-0.11750777857381199,-0.07153639911399805,-0.03348024156990995,0.02086521325002019,0.006679,0.002238,0,0,0,-0.1671,10.2783,0.003292,0,Within synthetic screening pattern
LOT-009,L009-P068,9.5866,9.7422,10.0556,10.1857,10.135044,3.486952140301257,-0.1572846365343623,-0.11266113906744366,-0.022783220647570147,0.014527300049384557,0.006483,0.00308,0,0,0,-0.1632,10.2031,0.00367,0,Within synthetic screening pattern
LOT-009,L009-P069,9.5982,9.7822,10.0263,10.1758,10.135044,3.486952140301257,-0.15395794906253557,-0.10118980295769615,-0.03118597434796015,0.011688144362221984,0.007667,0.002733,0,0,0,-0.1642,10.2206,0.003705,0,Within synthetic screening pattern
LOT-009,L009-P070,10.1723,10.3587,10.7226,10.8839,10.135044,3.486952140301257,0.010684402452618848,0.06414082872404357,0.16850130898247348,0.21475947184503147,0.007767,0.003647,0,0,0,-0.161,10.8931,0.00429,0,Within synthetic screening pattern
LOT-009,L009-P071,9.8473,10.0607,10.3665,10.5491,10.135044,3.486952140301257,-0.0825202034390814,-0.02132062529357715,0.06637773926544427,0.11874438860644244,0.008892,0.003392,0,0,0,-0.1652,10.5571,0.004225,0,Within synthetic screening pattern
LOT-009,L009-P072,10.3484,10.4458,10.7554,10.8964,10.135044,3.486952140301257,0.06118695967578328,0.08911966310301915,0.1779078045924666,0.2183442643793274,0.004058,0.003129,0,0,0,-0.1522,10.8803,0.003166,0,Within synthetic screening pattern
LOT-009,L009-P073,9.6931,9.8231,9.9751,10.0661,10.135044,3.486952140301257,-0.1267422041421593,-0.0894603617854789,-0.04586928456843768,-0.01977199491876125,0.005417,0.001688,0,0,0,-0.165,10.2334,0.003216,0,Within synthetic screening pattern
LOT-009,L009-P074,10.403,10.6539,10.8976,11.1219,10.135044,3.486952140301257,0.07684533346558914,0.1487992892139818,0.21868840446262008,0.2830139216980304,0.010454,0.00325,0,0,0,-0.154,11.1431,0.004405,0,Within synthetic screening pattern
LOT-009,L009-P075,10.2639,10.429,10.6114,10.7019,10.135044,3.486952140301257,0.036953762143941096,0.08430170193692511,0.1366109945973747,0.1625648925456791,0.006879,0.001895,0,0,0,-0.1604,10.8797,0.003665,0,Within synthetic screening pattern
LOT-009,L009-P076,10.5004,10.558,10.971,11.1337,10.135044,3.486952140301257,0.10477803689282501,0.12129676089086147,0.23973830622400705,0.2863979658504058,0.0024,0.003998,0,0,0,-0.1418,11.0359,0.003187,0,Within synthetic screening pattern
LOT-009,L009-P077,9.7007,9.8551,9.9779,10.1681,10.135044,3.486952140301257,-0.12456265028130722,-0.0802832928976807,-0.04506629104075518,0.009479912161095594,0.006433,0.002174,0,0,0,-0.1664,10.2147,0.00306,0,Within synthetic screening pattern
LOT-009,L009-P078,9.4837,9.6527,9.9985,10.2193,10.135044,3.486952140301257,-0.18679464867668838,-0.13832825361300452,-0.0391585529442351,0.024163222381572622,0.007042,0.003935,0,0,0,-0.1608,10.1489,0.00396,0,Within synthetic screening pattern
LOT-009,L009-P079,10.5594,10.8194,11.2391,11.371,10.135044,3.486952140301257,0.12169825765470273,0.19626194236806302,0.31662493649959145,0.3544516673214846,0.010833,0.003831,0,0,0,-0.1408,11.3278,0.004574,0,Within synthetic screening pattern
LOT-009,L009-P080,9.6548,9.835,10.1921,10.5192,10.135044,3.486952140301257,-0.13772600846724264,-0.08604763929282876,0.016362713826943993,0.11016956486440611,0.007508,0.004751,0,0,0,-0.1646,10.259,0.003596,0,Within synthetic screening pattern
LOT-009,L009-P081,9.8412,11.0619,14.5658,20.7506,10.135044,3.486952140301257,-0.08426958219581793,0.2658069175334087,1.2706672824070369,3.044365271696233,0.050862,0.067283,0,1,0,-0.0352,20.2926,0.062211,1,Projected 168h drift above safety slope
LOT-009,L009-P082,9.749,10.0361,10.3229,10.5099,10.135044,3.486952140301257,-0.11071101192878649,-0.028375497001072385,0.05387398290581932,0.10750247921888986,0.011962,0.00329,0,0,0,-0.1614,10.4731,0.00431,0,Within synthetic screening pattern
LOT-009,L009-P083,10.2874,10.4985,10.739,10.8876,10.135044,3.486952140301257,0.043693172108417985,0.10423314842761174,0.1732045567874703,0.2158205704351832,0.008796,0.002702,0,0,0,-0.1551,10.8838,0.00355,0,Within synthetic screening pattern
LOT-009,L009-P084,9.8832,10.0019,10.2485,10.2286,10.135044,3.486952140301257,-0.07222467928058283,-0.03818348937490677,0.03253729774168832,0.02683030802708887,0.004946,0.001574,0,0,0,-0.1659,10.3898,0.003015,0,Within synthetic screening pattern
LOT-009,L009-P085,10.3882,10.6103,10.8126,10.9476,10.135044,3.486952140301257,0.07260093910498218,0.13629553285435686,0.19431181522940588,0.23302757459980444,0.009254,0.002342,0,0,0,-0.1546,10.9976,0.003627,0,Within synthetic screening pattern
LOT-009,L009-P086,9.8084,9.8394,10.1007,10.4153,10.135044,3.486952140301257,-0.09367607780581105,-0.08478579232075689,-0.00984928918382965,0.0803727693193365,0.001292,0.003999,0,0,0,-0.1535,10.3424,0.003179,0,Within synthetic screening pattern
LOT-009,L009-P087,9.7229,9.8791,10.1045,10.4031,10.135044,3.486952140301257,-0.11819605874039729,-0.0734004912318323,-0.008759512253403608,0.07687401180586345,0.006508,0.003639,0,0,0,-0.1682,10.2897,0.003374,0,Within synthetic screening pattern
LOT-009,L009-P088,9.4348,9.567,9.7682,10.0142,10.135044,3.486952140301257,-0.20081835707085544,-0.16290559122813886,-0.10520477059610768,-0.03465605352115891,0.005508,0.003106,0,0,0,-0.1596,10.0058,0.003399,0,Within synthetic screening pattern
LOT-009,L009-P089,9.6869,9.8661,10.1468,10.5282,10.135044,3.486952140301257,-0.12852026123917015,-0.0771286754675003,0.0033714256826548913,0.11275061548909945,0.007467,0.004598,0,0,0,-0.1656,10.2494,0.003348,0,Within synthetic screening pattern
LOT-009,L009-P090,9.608,9.7102,10.0584,10.2487,10.135044,3.486952140301257,-0.1511474717156473,-0.12183820795524186,-0.02198022711988764,0.03259465442223693,0.004258,0.00374,0,0,0,-0.1611,10.2301,0.003703,0,Within synthetic screening pattern
LOT-009,L009-P091,9.2489,9.3956,9.6393,9.8789,10.135044,3.486952140301257,-0.25413139164090764,-0.212060266458408,-0.14217115120976972,-0.0734578479123809,0.006112,0.003356,0,0,0,-0.1494,9.7968,0.003261,0,Within synthetic screening pattern
LOT-009,L009-P092,9.8926,9.9359,10.4497,10.739,10.135044,3.486952140301257,-0.06952891529479228,-0.05711119395599026,0.09023811837371949,0.1732045567874703,0.001804,0.005577,0,0,0,-0.1525,10.5893,0.004147,0,Within synthetic screening pattern
LOT-009,L009-P093,9.649,9.9168,10.0102,9.9095,10.135044,3.486952140301257,-0.13938935220315626,-0.06258875694839477,-0.03580318713213406,-0.06468227578842395,0.011158,-5.1e-05,0,0,0,-0.1619,10.0916,0.002635,0,Within synthetic screening pattern
LOT-009,L009-P094,10.037,10.0852,10.3957,10.5281,10.135044,3.486952140301257,-0.028117391938602646,-0.01429443192635673,0.07475181462555996,0.11272193714882515,0.002008,0.003076,0,0,0,-0.1524,10.5756,0.003206,0,Within synthetic screening pattern
LOT-009,L009-P095,9.0314,9.2202,9.4076,9.657,10.135044,3.486952140301257,-0.31650678173766134,-0.26236207529965183,-0.20861886562548357,-0.13709508498120646,0.007867,0.003033,0,0,0,-0.1344,9.6623,0.003755,0,Within synthetic screening pattern
LOT-009,L009-P096,8.4292,8.5628,8.787,8.971,10.135044,3.486952140301257,-0.48920774686991364,-0.4508934842633563,-0.38659664536821975,-0.3338284992633803,0.005567,0.002835,0,0,0,-0.0455,8.9879,0.003326,0,Within synthetic screening pattern
LOT-009,L009-P097,9.9707,10.1544,10.4602,10.8459,10.135044,3.486952140301257,-0.04713113154050954,0.005550979543506978,0.0932493441025284,0.20386170254077102,0.007654,0.004802,0,0,0,-0.1643,10.6402,0.003985,0,Within synthetic screening pattern
LOT-009,L009-P098,9.5428,9.8819,10.3599,10.4423,10.135044,3.486952140301257,-0.16984574957453638,-0.07259749770414979,0.06448496880733572,0.08811592119341602,0.014129,0.003892,0,0,0,-0.1458,10.379,0.004977,0,Within synthetic screening pattern
LOT-009,L009-P099,9.6115,9.7911,10.1589,10.2216,10.135044,3.486952140301257,-0.15014372980604468,-0.09863743067327711,0.006841504855853139,0.024822824207883107,0.007483,0.00299,0,0,0,-0.164,10.2192,0.003617,0,Within synthetic screening pattern
LOT-009,L009-P100,10.0129,10.2049,10.6481,10.9768,10.135044,3.486952140301257,-0.035028871944725856,0.02003354138206338,0.14713594547806816,0.24140164995992067,0.008,0.00536,0,0,0,-0.1615,10.7928,0.004642,0,Within synthetic screening pattern
LOT-010,L010-P001,10.506,10.561,10.693,11.0365,10.805193000000001,0.587113261534516,-0.5096001395335733,-0.41592145161525196,-0.1910926006112801,0.39397338666042186,0.002292,0.003302,0,0,0,-0.115,11.0239,0.003083,0,Within synthetic screening pattern
LOT-010,L010-P002,10.6634,10.8718,11.2585,11.5658,10.805193000000001,0.587113261534516,-0.24150876720005018,0.11344829756682924,0.7720946360761929,1.295503014208925,0.008683,0.004819,0,0,0,-0.1316,11.3922,0.004338,0,Within synthetic screening pattern
LOT-010,L010-P003,10.5439,10.7259,10.8216,11.038,10.805193000000001,0.587113261534516,-0.44504700731349256,-0.13505571274741174,0.027945204230469617,0.39652825996728525,0.007583,0.002167,0,0,0,-0.1403,11.1082,0.003359,0,Within synthetic screening pattern
LOT-010,L010-P004,12.1875,12.3732,12.6704,12.9761,10.805193000000001,0.587113261534516,2.3544128374602113,2.670706152849892,3.1769117173830783,3.6975948973218236,0.007738,0.004187,0,0,1,0.112,12.9024,0.004255,0,Dynamic lot-relative outlier
LOT-010,L010-P005,10.9906,11.1037,11.4962,11.687,10.805193000000001,0.587113261534516,0.31579426347040485,0.5084317108078982,1.1769568927704679,1.5019367774034815,0.004712,0.004051,0,0,0,-0.1026,11.5912,0.003575,0,Within synthetic screening pattern
LOT-010,L010-P006,10.3395,10.4891,10.7937,10.9187,10.805193000000001,0.587113261534516,-0.7931910765954039,-0.5383850454575663,-0.019575439277189386,0.19333066962808754,0.006233,0.002983,0,0,0,-0.1106,10.9463,0.003612,0,Within synthetic screening pattern
LOT-010,L010-P007,10.1247,10.3,10.5993,10.8284,10.805193000000001,0.587113261534516,-1.1590489341382293,-0.8604694070094688,-0.3506870198466759,0.03952729655491692,0.007304,0.003669,0,0,0,-0.0707,10.7976,0.004005,0,Within synthetic screening pattern
LOT-010,L010-P008,9.6758,9.9309,10.0909,10.1336,10.805193000000001,0.587113261534516,-1.92363735243886,-1.4891385653849727,-1.216618745986218,-1.1438900191841757,0.010629,0.001408,0,0,1,0.0297,10.3986,0.004302,0,Dynamic lot-relative outlier
LOT-010,L010-P009,10.1398,10.1581,10.398,10.5381,10.805193000000001,0.587113261534516,-1.1333298761824742,-1.1021604218387417,-0.6935510176277335,-0.45492585076669856,0.000762,0.002639,0,0,0,-0.034,10.5639,0.002524,0,Within synthetic screening pattern
LOT-010,L010-P010,10.2923,10.3666,10.4043,10.6332,10.805193000000001,0.587113261534516,-0.8735844233180367,-0.7470330321847385,-0.6828205497389084,-0.2929468831115632,0.003096,0.001851,0,0,0,-0.0712,10.8252,0.003172,0,Within synthetic screening pattern
LOT-010,L010-P011,10.899,11.1717,11.519,11.6411,10.805193000000001,0.587113261534516,0.15977666686461542,0.6242526340523682,1.2157909670347906,1.4237576542134645,0.011363,0.00326,0,0,0,-0.1033,11.6139,0.004255,0,Within synthetic screening pattern
LOT-010,L010-P012,10.9933,11.1849,11.3691,11.4867,10.805193000000001,0.587113261534516,0.32039303542275716,0.6467355191527675,0.9604739612355815,1.1607760284936681,0.007983,0.002096,0,0,0,-0.103,11.5491,0.003308,0,Within synthetic screening pattern
LOT-010,L010-P013,11.2809,11.3422,11.5713,11.892,10.805193000000001,0.587113261534516,0.8102474107920203,0.9146565665991668,1.3048708830007596,1.8511027960081359,0.002554,0.003818,0,0,0,-0.0575,11.8273,0.003252,0,Within synthetic screening pattern
LOT-010,L010-P014,9.9564,10.1058,10.2878,10.4133,10.805193000000001,0.587113261534516,-1.4457057191682947,-1.1912403378047076,-0.8812490432386239,-0.6674913098977279,0.006225,0.002135,0,0,0,-0.0257,10.5113,0.003303,0,Within synthetic screening pattern
LOT-010,L010-P015,10.4642,10.5663,10.8866,10.9559,10.805193000000001,0.587113261534516,-0.5807959423514985,-0.4068942325976681,0.13865638086121276,0.2566915276382985,0.004254,0.002706,0,0,0,-0.1214,11.0127,0.003265,0,Within synthetic screening pattern
LOT-010,L010-P016,9.9141,10.0031,10.1638,10.5171,10.805193000000001,0.587113261534516,-1.517753146421842,-1.366163996881284,-1.0924519032726596,-0.49069407706278645,0.003708,0.003569,0,0,1,0.0027,10.461,0.003255,0,Dynamic lot-relative outlier
LOT-010,L010-P017,10.8911,11.0384,11.3889,11.4762,10.805193000000001,0.587113261534516,0.14632100078180302,0.3972095595157806,0.9941982888861775,1.1428919153456243,0.006137,0.00304,0,0,0,-0.1241,11.5219,0.003755,0,Within synthetic screening pattern
LOT-010,L010-P018,11.5473,13.0489,15.5686,20.0007,10.805193000000001,0.587113261534516,1.2639929100909448,3.821591415148255,8.113267596017266,15.662236918249885,0.062567,0.048276,0,1,1,0.1655,20.1761,0.051362,1,Dynamic lot outlier + projected drift above safety slope
LOT-010,L010-P019,11.4987,11.7395,12.0832,12.2243,10.805193000000001,0.587113261534516,1.1812150149485725,1.5913573431436983,2.176763980189648,2.417092395921924,0.010033,0.003367,0,0,1,0.0003,12.339,0.005002,0,Dynamic lot-relative outlier
LOT-010,L010-P020,11.8898,12.0377,12.3558,12.4404,10.805193000000001,0.587113261534516,1.8473556484914027,2.099266156548126,2.6410696224902765,2.7851644769973682,0.006162,0.002797,0,0,1,0.0607,12.4592,0.003389,0,Dynamic lot-relative outlier
LOT-010,L010-P021,11.1244,11.429,11.6589,11.6822,10.805193000000001,0.587113261534516,0.5436889624426116,1.0624985686229915,1.4540754841215748,1.4937611828215198,0.012692,0.001758,0,0,0,-0.057,11.9826,0.005108,0,Within synthetic screening pattern
LOT-010,L010-P022,11.4355,11.6308,12.0756,12.3782,10.805193000000001,0.587113261534516,1.0735696862860642,1.4062141908396713,2.163819288768207,2.679222397206101,0.008138,0.00519,0,0,0,-0.0183,12.205,0.00458,0,Within synthetic screening pattern
LOT-010,L010-P023,9.6935,9.8669,10.1186,10.1842,10.805193000000001,0.587113261534516,-1.8934898474178732,-1.5981464931444747,-1.1694387522528067,-1.0577056262993176,0.007225,0.002203,0,0,1,0.0258,10.2251,0.003164,0,Dynamic lot-relative outlier
LOT-010,L010-P024,10.7223,10.7684,11.0588,11.3304,10.805193000000001,0.587113261534516,-0.14118740868388152,-0.06266763571961685,0.43195583648912245,0.8945582299185071,0.001921,0.003903,0,0,0,-0.1345,11.2559,0.003176,0,Within synthetic screening pattern
LOT-010,L010-P025,11.2606,11.4872,11.6962,11.9246,10.805193000000001,0.587113261534516,0.7756714587058022,1.1616276529292873,1.5176066670189097,1.9066287092106327,0.009442,0.003038,0,0,0,-0.0491,11.9744,0.004249,0,Within synthetic screening pattern
LOT-010,L010-P026,11.0372,11.3129,11.5032,11.913,10.805193000000001,0.587113261534516,0.39516566087029165,0.8647513746717712,1.1888796348691628,1.8868710223042238,0.011488,0.004167,0,0,0,-0.0835,11.8711,0.004964,0,Within synthetic screening pattern
LOT-010,L010-P027,10.9294,11.0835,11.321,11.4405,10.805193000000001,0.587113261534516,0.21155543255037912,0.474026083608807,0.8785476905288313,1.0820859306422768,0.006421,0.002479,0,0,0,-0.1206,11.457,0.00314,0,Within synthetic screening pattern
LOT-010,L010-P028,10.2171,10.4079,10.7574,11.022,10.805193000000001,0.587113261534516,-1.0016687384354492,-0.6766888538024356,-0.08140337330327992,0.3692762780274098,0.00795,0.004265,0,0,0,-0.0962,10.9434,0.004323,0,Within synthetic screening pattern
LOT-010,L010-P029,10.9187,11.183,11.3361,11.528,10.805193000000001,0.587113261534516,0.19333066962808754,0.6434993462974058,0.9042667484845893,1.2311202068759712,0.011013,0.002396,0,0,0,-0.1094,11.574,0.003901,0,Within synthetic screening pattern
LOT-010,L010-P030,10.9657,11.1597,11.3431,11.5629,10.805193000000001,0.587113261534516,0.27338336657647266,0.6038136475974639,0.9161894905832842,1.290563592482325,0.008083,0.0028,0,0,0,-0.1092,11.5984,0.003766,0,Within synthetic screening pattern
LOT-010,L010-P031,10.6281,10.7587,11.0663,11.2514,10.805193000000001,0.587113261534516,-0.3016334523548994,-0.07918914977066717,0.4447302030234396,0.7600015690903741,0.005442,0.003422,0,0,0,-0.1419,11.2078,0.003451,0,Within synthetic screening pattern
LOT-010,L010-P032,11.18,11.4256,11.708,11.8548,10.805193000000001,0.587113261534516,0.6383895996836789,1.0567075224607663,1.5377050036995694,1.7877419379979247,0.010233,0.002981,0,0,0,-0.0576,11.8275,0.003854,0,Within synthetic screening pattern
LOT-010,L010-P033,10.0343,10.3121,10.5942,10.7777,10.805193000000001,0.587113261534516,-1.3130226320985268,-0.8398600956674407,-0.3593735890900091,-0.04682742121706485,0.011575,0.003233,0,0,0,-0.0615,10.7635,0.00434,0,Within synthetic screening pattern
LOT-010,L010-P034,11.5187,13.155,17.6039,24.0185,10.805193000000001,0.587113261534516,1.2152799923734192,4.002306120387053,11.579890023656546,22.50555023312686,0.068179,0.075441,0,1,1,0.1925,22.589,0.065895,1,Dynamic lot outlier + projected drift above safety slope
LOT-010,L010-P035,11.4364,13.0583,16.8509,22.1166,10.805193000000001,0.587113261534516,1.0751026102701848,3.837601954537931,10.297343623611157,19.26614120491129,0.067579,0.062905,0,1,1,0.184,21.5621,0.060272,1,Dynamic lot outlier + projected drift above safety slope
LOT-010,L010-P036,10.7965,11.0442,11.2827,11.4442,10.805193000000001,0.587113261534516,-0.014806342437710196,0.4070884029689866,0.8133132587602552,1.0883879514658734,0.010321,0.002778,0,0,0,-0.1288,11.4774,0.004053,0,Within synthetic screening pattern
LOT-010,L010-P037,10.648,10.9759,11.2155,11.352,10.805193000000001,0.587113261534516,-0.2677387998171797,0.2907565050631421,0.6988549346127788,0.931348405537341,0.013662,0.002612,0,0,0,-0.1196,11.3802,0.004358,0,Within synthetic screening pattern
LOT-010,L010-P038,10.9916,11.2203,11.4965,11.5016,10.805193000000001,0.587113261534516,0.3174975123416461,0.7070305291947406,1.1774678674318393,1.1861544366751755,0.009529,0.001953,0,0,0,-0.0942,11.5842,0.003527,0,Within synthetic screening pattern
LOT-010,L010-P039,10.8307,12.1085,15.3191,20.7079,10.805193000000001,0.587113261534516,0.04344476895877396,2.2198561766320752,7.6883070026423335,16.86677451999238,0.053242,0.059718,0,1,1,0.1051,19.9369,0.054204,1,Dynamic lot outlier + projected drift above safety slope
LOT-010,L010-P040,11.0094,11.1101,11.4521,11.576,10.805193000000001,0.587113261534516,0.34781534224975647,0.5193325035838472,1.1018436175486856,1.3128761526955977,0.004196,0.003235,0,0,0,-0.0999,11.5924,0.00347,0,Within synthetic screening pattern
LOT-010,L010-P041,10.6471,10.8353,11.037,11.0589,10.805193000000001,0.587113261534516,-0.2692717238012971,0.051279713766488044,0.394825011096044,0.43212616137624627,0.007842,0.001553,0,0,0,-0.1413,11.2354,0.003502,0,Within synthetic screening pattern
LOT-010,L010-P042,9.535,11.0058,15.1483,19.0046,10.805193000000001,0.587113261534516,-2.1634547935097648,0.3416836463132867,7.397392095434164,13.965630717605517,0.061283,0.055547,0,1,1,0.113,18.8146,0.055236,1,Dynamic lot outlier + projected drift above safety slope
LOT-010,L010-P043,11.0578,11.1115,11.3402,11.6581,10.805193000000001,0.587113261534516,0.4302525876178812,0.5217170520035868,0.9112500688566813,1.4527128850245812,0.002237,0.003796,0,0,0,-0.0867,11.6693,0.00364,0,Within synthetic screening pattern
LOT-010,L010-P044,10.3452,10.5332,10.8313,11.181,10.805193000000001,0.587113261534516,-0.7834825580293217,-0.46327177023578414,0.044466718281519935,0.6400928485549202,0.007833,0.004499,0,0,0,-0.1108,11.0423,0.004149,0,Within synthetic screening pattern
LOT-010,L010-P045,10.5769,10.718,10.9804,11.1178,10.805193000000001,0.587113261534516,-0.38883979456250034,-0.1485113788302241,0.29842112498373236,0.532447519892415,0.005879,0.002776,0,0,0,-0.1437,11.1566,0.003451,0,Within synthetic screening pattern
LOT-010,L010-P046,11.6311,11.8342,11.9685,12.0352,10.805193000000001,0.587113261534516,1.4067251655010427,1.7526550112503352,1.9814013346581671,2.0950080343700215,0.008462,0.001396,0,0,1,0.0111,12.1324,0.002984,0,Dynamic lot-relative outlier
LOT-010,L010-P047,11.3191,11.611,12.0168,12.2688,10.805193000000001,0.587113261534516,0.8753115176734726,1.3724898631890754,2.063668255139165,2.4928869706922043,0.012163,0.004568,0,0,0,-0.0202,12.2139,0.005326,0,Within synthetic screening pattern
LOT-010,L010-P048,10.524,10.6114,10.9464,11.1882,10.805193000000001,0.587113261534516,-0.47894165985121534,-0.3300777085046447,0.24051066336149887,0.6523562404278658,0.003642,0.004006,0,0,0,-0.125,11.0879,0.003357,0,Within synthetic screening pattern
LOT-010,L010-P049,10.1846,10.4018,10.8386,11.1629,10.805193000000001,0.587113261534516,-1.0570243267508224,-0.687078671917013,0.05690043504158636,0.6092640439854383,0.00905,0.005285,0,0,0,-0.0922,11.0328,0.005049,0,Within synthetic screening pattern
LOT-010,L010-P050,11.3783,11.5994,11.8033,12.079,10.805193000000001,0.587113261534516,0.9761438508510097,1.3527321762826632,1.7000246211289525,2.169610334930432,0.009212,0.003331,0,0,0,-0.0281,12.0481,0.003987,0,Within synthetic screening pattern
LOT-010,L010-P051,10.991,11.1646,11.4224,11.5763,10.805193000000001,0.587113261534516,0.3164755630189001,0.6121595670665494,1.0512571260727919,1.313387127356969,0.007233,0.002859,0,0,0,-0.102,11.5746,0.003474,0,Within synthetic screening pattern
LOT-010,L010-P052,10.3651,10.5894,10.836,10.8765,10.805193000000001,0.587113261534516,-0.7495879054916019,-0.36754918367197387,0.05247198797635784,0.12145356726166714,0.009346,0.001994,0,0,0,-0.121,10.9979,0.003767,0,Within synthetic screening pattern
LOT-010,L010-P053,10.5954,10.7455,10.9959,11.3581,10.805193000000001,0.587113261534516,-0.3573296904445202,-0.10167203487106344,0.3248214824879887,0.9417382236519185,0.006254,0.004254,0,0,0,-0.1435,11.2599,0.003955,0,Within synthetic screening pattern
LOT-010,L010-P054,11.1084,11.2118,11.4029,11.557,10.805193000000001,0.587113261534516,0.5164369805027361,0.6925529137891822,1.0180437730835703,1.2805144241419952,0.004308,0.002397,0,0,0,-0.084,11.6344,0.003131,0,Within synthetic screening pattern
LOT-010,L010-P055,11.7505,11.9736,12.1728,12.1869,10.805193000000001,0.587113261534516,1.6100930807273643,1.9900879039015005,2.3293750790529515,2.3533908881374654,0.009296,0.001481,0,0,1,0.0319,12.4494,0.00416,0,Dynamic lot-relative outlier
LOT-010,L010-P056,10.297,10.3688,10.4604,10.7017,10.805193000000001,0.587113261534516,-0.8655791536231957,-0.7432858846680053,-0.5872682880622189,-0.17627433543147106,0.002992,0.002312,0,0,0,-0.0735,10.8136,0.003075,0,Within synthetic screening pattern
LOT-010,L010-P057,11.1694,11.3259,11.6052,11.7309,10.805193000000001,0.587113261534516,0.6203351616485111,0.8868936099979199,1.3626110197358694,1.576709402851016,0.006521,0.002812,0,0,0,-0.0707,11.7655,0.003548,0,Within synthetic screening pattern
LOT-010,L010-P058,11.2656,11.4401,11.5714,11.8772,10.805193000000001,0.587113261534516,0.7841877030620116,1.0814046310937784,1.3050412078878835,1.8258947127137524,0.007271,0.003035,0,0,0,-0.0591,11.8438,0.003442,0,Within synthetic screening pattern
LOT-010,L010-P059,10.528,10.6858,11.0717,11.2363,10.805193000000001,0.587113261534516,-0.4721286643662442,-0.2033559924842227,0.45392774692814725,0.7342825111346161,0.006575,0.003823,0,0,0,-0.1284,11.1597,0.00376,0,Within synthetic screening pattern
LOT-010,L010-P060,11.0802,11.1884,11.3896,11.6971,10.805193000000001,0.587113261534516,0.46840536233370567,0.6526968902021134,0.9953905630960472,1.51913959100303,0.004508,0.003533,0,0,0,-0.0859,11.6527,0.003408,0,Within synthetic screening pattern
LOT-010,L010-P061,12.0536,12.2668,12.6202,12.9669,10.805193000000001,0.587113261534516,2.1263478136008778,2.489480472949719,3.0914086240467187,3.681925007706395,0.008883,0.004862,0,0,1,0.0949,12.8248,0.00459,0,Dynamic lot-relative outlier
LOT-010,L010-P062,10.8397,10.9756,11.2424,11.5369,10.805193000000001,0.587113261534516,0.05877400879995448,0.29024553040177065,0.7446723292491936,1.2462791218300249,0.005662,0.003898,0,0,0,-0.1317,11.4394,0.00357,0,Within synthetic screening pattern
LOT-010,L010-P063,11.5249,11.8009,11.9418,12.2212,10.805193000000001,0.587113261534516,1.2258401353751205,1.6959368238379715,1.935924589796,2.4118123244210734,0.0115,0.002919,0,0,1,0.0089,12.4516,0.005516,0,Dynamic lot-relative outlier
LOT-010,L010-P064,11.0013,11.1571,11.3852,11.6618,10.805193000000001,0.587113261534516,0.3340190263926964,0.5993852005322323,0.9878962680625808,1.4590149058481778,0.006492,0.003505,0,0,0,-0.1042,11.5933,0.003524,0,Within synthetic screening pattern
LOT-010,L010-P065,9.8395,9.8648,10.2217,10.3444,10.805193000000001,0.587113261534516,-1.6448155122165116,-1.6017233157740811,-0.9938337936277352,-0.7848451571263153,0.001054,0.003331,0,0,1,0.0167,10.3187,0.002852,0,Dynamic lot-relative outlier
LOT-010,L010-P066,11.0933,11.3201,11.56,11.7543,10.805193000000001,0.587113261534516,0.4907179225469781,0.8770147665447139,1.285624170755722,1.6165654264380847,0.00945,0.003015,0,0,0,-0.0766,11.7443,0.003875,0,Within synthetic screening pattern
LOT-010,L010-P067,11.011,11.2487,11.4028,11.6901,10.805193000000001,0.587113261534516,0.3505405404437437,0.7554027971380187,1.0178734481964435,1.5072168489043323,0.009904,0.003065,0,0,0,-0.0941,11.6408,0.003749,0,Within synthetic screening pattern
LOT-010,L010-P068,10.8239,10.9799,11.1293,11.3653,10.805193000000001,0.587113261534516,0.03186267663432666,0.29756950054811326,0.5520348819117001,0.9540016155248611,0.0065,0.002676,0,0,0,-0.1348,11.3871,0.003352,0,Within synthetic screening pattern
LOT-010,L010-P069,11.2905,11.3731,11.786,11.8253,10.805193000000001,0.587113261534516,0.8265985999559438,0.9672869567205526,1.6705584156564612,1.7374960962962815,0.003442,0.00314,0,0,0,-0.0448,11.8401,0.003271,0,Within synthetic screening pattern
LOT-010,L010-P070,11.346,11.4803,11.8156,11.8927,10.805193000000001,0.587113261534516,0.9211289123098872,1.1498752357177162,1.7209745822452314,1.8522950702180057,0.005596,0.002864,0,0,0,-0.0393,11.9445,0.003562,0,Within synthetic screening pattern
LOT-010,L010-P071,10.8751,11.1238,11.3343,11.5663,10.805193000000001,0.587113261534516,0.11906901884192755,0.5426670131198656,0.9012009005163545,1.2963546386445473,0.010362,0.003073,0,0,0,-0.1182,11.546,0.003993,0,Within synthetic screening pattern
LOT-010,L010-P072,10.5141,10.6702,11.0011,11.1426,10.805193000000001,0.587113261534516,-0.49580382367651327,-0.2299266748756029,0.33367837661844574,0.5746880918992203,0.006504,0.003281,0,0,0,-0.1317,11.1367,0.003706,0,Within synthetic screening pattern
LOT-010,L010-P073,10.7192,10.8462,11.099,11.3094,10.805193000000001,0.587113261534516,-0.14646748018473219,0.06984512646302728,0.5004264411130603,0.8587900036224223,0.005292,0.003217,0,0,0,-0.1412,11.2985,0.003448,0,Within synthetic screening pattern
LOT-010,L010-P074,10.5321,10.7786,11.0496,11.1511,10.805193000000001,0.587113261534516,-0.46514534399415225,-0.04529449723294438,0.4162859468736943,0.5891657073047787,0.010271,0.002587,0,0,0,-0.1331,11.3165,0.004669,0,Within synthetic screening pattern
LOT-010,L010-P075,11.6073,11.7863,12.214,12.3679,10.805193000000001,0.587113261534516,1.3661878423654787,1.6710693903178357,2.399548932548131,2.661678933832308,0.007458,0.004039,0,0,1,0.0141,12.1626,0.003305,0,Dynamic lot-relative outlier
LOT-010,L010-P076,10.5961,10.6897,10.8783,11.098,10.805193000000001,0.587113261534516,-0.3561374162346504,-0.1967133218863784,0.12451941522990205,0.49872319224181905,0.0039,0.002835,0,0,0,-0.1435,11.0962,0.002977,0,Within synthetic screening pattern
LOT-010,L010-P077,10.9571,11.1379,11.5224,11.7116,10.805193000000001,0.587113261534516,0.2587354262837905,0.5666828222043824,1.2215820131970128,1.5438366996360422,0.007533,0.003984,0,0,0,-0.1042,11.6413,0.004073,0,Within synthetic screening pattern
LOT-010,L010-P078,11.1242,11.409,11.6374,11.9312,10.805193000000001,0.587113261534516,0.5433483126683639,1.028433591198148,1.4174556333898678,1.9178701517608323,0.011867,0.003626,0,0,0,-0.0624,11.8936,0.00458,0,Within synthetic screening pattern
LOT-010,L010-P079,10.1741,10.5006,10.6773,10.8103,10.805193000000001,0.587113261534516,-1.0749084398988662,-0.518797683438281,-0.2178336078897811,0.008698491985432056,0.013604,0.002151,0,0,0,-0.0832,11.0057,0.00495,0,Within synthetic screening pattern
LOT-010,L010-P080,10.9121,10.9306,11.3247,11.4735,10.805193000000001,0.587113261534516,0.1820892270778909,0.21359933119587107,0.884849711352428,1.1382931433932688,0.000771,0.00377,0,0,0,-0.1074,11.3983,0.002894,0,Within synthetic screening pattern
LOT-010,L010-P081,10.1697,10.5316,10.7577,10.9585,10.805193000000001,0.587113261534516,-1.0824027349323297,-0.4659969684297744,-0.08089239864190843,0.26111997470353004,0.015079,0.002965,0,0,0,-0.0786,11.1992,0.006128,0,Within synthetic screening pattern
LOT-010,L010-P082,10.5997,10.9178,11.079,11.3562,10.805193000000001,0.587113261534516,-0.35000572029817756,0.1917977456439701,0.46636146368821674,0.9385020507965567,0.013254,0.003044,0,0,0,-0.1247,11.3551,0.004496,0,Within synthetic screening pattern
LOT-010,L010-P083,10.059,10.2721,10.5861,10.6545,10.805193000000001,0.587113261534516,-1.270952384978845,-0.9079900505171279,-0.37316990494707214,-0.25666768215410385,0.008879,0.002656,0,0,0,-0.0665,10.6952,0.003787,0,Within synthetic screening pattern
LOT-010,L010-P084,9.9458,10.0826,10.3713,10.655,10.805193000000001,0.587113261534516,-1.4637601572034624,-1.2307557116175287,-0.7390277624899005,-0.2558160577184847,0.0057,0.003975,0,0,0,-0.028,10.6271,0.004055,0,Within synthetic screening pattern
LOT-010,L010-P085,10.0045,10.1798,10.2833,10.6148,10.805193000000001,0.587113261534516,-1.3637794484615444,-1.065199921332784,-0.8889136631592142,-0.32428666234241954,0.007304,0.003021,0,0,0,-0.0393,10.6259,0.003699,0,Within synthetic screening pattern
LOT-010,L010-P086,9.6627,9.6161,9.9475,10.1604,10.805193000000001,0.587113261534516,-1.9459499126521353,-2.025321310052022,-1.4608646341223512,-1.0982429494348847,-0.001942,0.00378,0,0,1,0.07,10.1284,0.002772,0,Dynamic lot-relative outlier
LOT-010,L010-P087,11.9192,12.068,12.2946,12.7585,10.805193000000001,0.587113261534516,1.897431165305925,2.150874597346766,2.536830791570254,3.326967942939516,0.0062,0.004795,0,0,1,0.0651,12.6461,0.004327,0,Dynamic lot-relative outlier
LOT-010,L010-P088,9.9028,10.0644,10.2896,10.5522,10.805193000000001,0.587113261534516,-1.5369998586668794,-1.2617548410741375,-0.878183195270389,-0.43091004168218483,0.006733,0.003387,0,0,0,-0.0207,10.4511,0.003264,0,Within synthetic screening pattern
LOT-010,L010-P089,12.1991,12.4236,12.5661,12.7786,10.805193000000001,0.587113261534516,2.3741705243666202,2.7565498959604993,2.999262860112515,3.3612032452514864,0.009354,0.002465,0,0,1,0.1125,12.8161,0.003673,0,Dynamic lot-relative outlier
LOT-010,L010-P090,11.019,11.1348,11.533,11.7046,10.805193000000001,0.587113261534516,0.36416653141368294,0.5614027507035317,1.2396364512321805,1.5319139575373442,0.004825,0.003957,0,0,0,-0.0945,11.637,0.003679,0,Within synthetic screening pattern
LOT-010,L010-P091,10.6777,10.765,11.0348,11.2748,10.805193000000001,0.587113261534516,-0.2171523083412858,-0.06845868188183898,0.3910778635793108,0.7998575926774428,0.003638,0.00354,0,0,0,-0.1421,11.2416,0.003357,0,Within synthetic screening pattern
LOT-010,L010-P092,10.3585,10.5413,10.8566,10.8934,10.805193000000001,0.587113261534516,-0.7608293480418016,-0.4494754543787241,0.08755891472394739,0.15023847318566005,0.007617,0.002445,0,0,0,-0.114,10.9367,0.003442,0,Within synthetic screening pattern
LOT-010,L010-P093,10.1177,10.3562,10.6993,10.9725,10.805193000000001,0.587113261534516,-1.170971676236927,-0.7647468204456586,-0.18036213272245497,0.28496545890091995,0.009938,0.00428,0,0,0,-0.0815,10.9276,0.004821,0,Within synthetic screening pattern
LOT-010,L010-P094,11.3877,11.5878,11.8146,11.957,10.805193000000001,0.587113261534516,0.9921543902406885,1.3329744893762543,1.71927133337399,1.961813972638882,0.008337,0.002564,0,0,0,-0.0311,12.1229,0.004376,0,Within synthetic screening pattern
LOT-010,L010-P095,11.4093,11.6797,11.8623,11.9879,10.805193000000001,0.587113261534516,1.0289445658595193,1.4895030606434152,1.8005163045322419,2.0144443627602646,0.011267,0.00214,0,0,0,-0.0136,12.0971,0.004094,0,Within synthetic screening pattern
LOT-010,L010-P096,10.0065,10.1479,10.3896,10.6139,10.805193000000001,0.587113261534516,-1.360372950719059,-1.119533560325411,-0.707858308146168,-0.32581958632654,0.005892,0.003236,0,0,0,-0.038,10.6112,0.003599,0,Within synthetic screening pattern
LOT-010,L010-P097,10.6953,10.8969,11.1903,11.3394,10.805193000000001,0.587113261534516,-0.18717512820742307,0.15619984423500904,0.6559330630574752,0.9098874697596876,0.0084,0.003073,0,0,0,-0.1337,11.3761,0.004052,0,Within synthetic screening pattern
LOT-010,L010-P098,10.9472,11.0897,11.2404,11.2958,10.805193000000001,0.587113261534516,0.2418732624584925,0.4845862266105083,0.741265831506708,0.8356258189735276,0.005938,0.001431,0,0,0,-0.1165,11.4209,0.00282,0,Within synthetic screening pattern
LOT-010,L010-P099,10.6328,10.9122,11.1499,11.4087,10.805193000000001,0.587113261534516,-0.2936281826600615,0.18225955196501473,0.5871218086592898,1.0279226165367734,0.011642,0.003448,0,0,0,-0.1301,11.3752,0.004419,0,Within synthetic screening pattern
LOT-010,L010-P100,11.4439,11.6208,11.81,12.0692,10.805193000000001,0.587113261534516,1.087876976804499,1.3891817021272463,1.711436388566276,2.152918495992258,0.007371,0.003114,0,0,0,-0.0223,12.0965,0.003885,0,Within synthetic screening pattern
LOT-011,L011-P001,8.7856,9.0272,9.2898,9.3721,9.67297,4.6011411740496895,-0.19285867710487595,-0.14034996440494457,-0.08327716657794987,-0.06539029962760072,0.010067,0.002395,0,0,0,-0.118,9.4379,0.003883,0,Within synthetic screening pattern
LOT-011,L011-P002,9.5454,9.7344,10.0851,10.3369,9.67297,4.6011411740496895,-0.027725730459975874,0.013351035683596267,0.08957125730555784,0.14429681135291994,0.007875,0.004184,0,0,0,-0.154,10.2071,0.003939,0,Within synthetic screening pattern
LOT-011,L011-P003,44.2143,56.8099,74.2944,87.9553,9.67297,4.6011411740496895,7.507122405809271,10.2446171975446,14.044652740599028,17.013677050708683,0.524817,0.216287,1,1,1,0.2951,92.1123,0.285107,1,Dynamic lot outlier + projected drift above safety slope
LOT-011,L011-P004,10.1027,10.2842,10.4153,10.6103,9.67297,4.6011411740496895,0.09339639531681108,0.13284313105786047,0.16133606249395732,0.20371685295954767,0.007562,0.002265,0,0,0,-0.1577,10.6801,0.003437,0,Within synthetic screening pattern
LOT-011,L011-P005,9.1687,9.3392,9.4808,9.7166,9.67297,4.6011411740496895,-0.1095967241440165,-0.07254069966000025,-0.04176572566037152,0.009482430194942135,0.007104,0.002621,0,0,0,-0.1411,9.7139,0.003245,0,Within synthetic screening pattern
LOT-011,L011-P006,8.5758,8.7585,8.872,9.1421,9.67297,4.6011411740496895,-0.23845606089811133,-0.19874852029265816,-0.17408072686781453,-0.11537789863829706,0.007613,0.002664,0,0,0,-0.0996,9.1673,0.003521,0,Within synthetic screening pattern
LOT-011,L011-P007,7.0968,7.287,7.4816,7.7198,9.67297,4.6011411740496895,-0.5598980562755883,-0.5185604852676126,-0.4762666297568234,-0.4244968641727023,0.007925,0.003006,0,0,1,0.0467,7.999,0.00537,0,Dynamic lot-relative outlier
LOT-011,L011-P008,8.5262,8.714,9.0744,9.2488,9.67297,4.6011411740496895,-0.24923599529346144,-0.2084200340142927,-0.13009163973840168,-0.09218799944507405,0.007825,0.003714,0,0,0,-0.0968,9.197,0.003993,0,Within synthetic screening pattern
LOT-011,L011-P009,9.4569,9.6073,9.8965,10.0304,9.67297,4.6011411740496895,-0.04696008920974412,-0.014272546204488576,0.0485814261167867,0.07768290223649216,0.006267,0.002938,0,0,0,-0.1534,10.0474,0.003515,0,Within synthetic screening pattern
LOT-011,L011-P010,8.1233,8.4057,8.5892,8.8614,9.67297,4.6011411740496895,-0.33680122851698086,-0.2754251504273262,-0.2355437399122706,-0.17638450317004667,0.011767,0.003165,0,0,0,-0.0356,8.824,0.004171,0,Within synthetic screening pattern
LOT-011,L011-P011,9.5828,9.6855,9.9616,10.2639,9.67297,4.6011411740496895,-0.019597312186062685,0.002723237459147915,0.062730090010684,0.12843118210169888,0.004279,0.004017,0,0,0,-0.1525,10.1533,0.003396,0,Within synthetic screening pattern
LOT-011,L011-P012,8.3245,8.4843,8.8373,9.1169,9.67297,4.6011411740496895,-0.2930729462519718,-0.2583424318088883,-0.1816223341968194,-0.12085480079077332,0.006658,0.004393,0,0,0,-0.0605,9.0584,0.004368,0,Within synthetic screening pattern
LOT-011,L011-P013,9.954,10.1362,10.3885,10.6622,9.67297,4.6011411740496895,0.061078325869460985,0.10067719778141251,0.15551142052227626,0.21499666334500475,0.007592,0.003653,0,0,0,-0.1574,10.6298,0.004023,0,Within synthetic screening pattern
LOT-011,L011-P014,7.596,7.8386,8.0862,8.4064,9.67297,4.6011411740496895,-0.4514032326836771,-0.39867718259674284,-0.3448644455747933,-0.27527301425642403,0.010108,0.003943,0,0,1,0.015,8.426,0.00494,0,Dynamic lot-relative outlier
LOT-011,L011-P015,9.8567,10.034,10.2501,10.5667,9.67297,4.6011411740496895,0.03993139811406631,0.07846531682970317,0.12543192616105714,0.19424094288621577,0.007388,0.003699,0,0,0,-0.1603,10.4985,0.00382,0,Within synthetic screening pattern
LOT-011,L011-P016,10.8474,11.0029,11.326,11.461,9.67297,4.6011411740496895,0.25524754741796535,0.2890435110969361,0.3592652208376142,0.38860576808302283,0.006479,0.003181,0,0,0,-0.1273,11.4783,0.003755,0,Within synthetic screening pattern
LOT-011,L011-P017,8.6127,8.7679,8.9295,9.0774,9.67297,4.6011411740496895,-0.2304363113176994,-0.19670554885482983,-0.16158382711514027,-0.12943962757739258,0.006467,0.002149,0,0,0,-0.104,9.1105,0.002963,0,Within synthetic screening pattern
LOT-011,L011-P018,9.3938,9.4179,9.4629,9.7368,9.67297,4.6011411740496895,-0.060674078329634826,-0.05543624730286211,-0.0456560648877259,0.013872645412403475,0.001004,0.002215,0,0,0,-0.1258,9.8183,0.002527,0,Within synthetic screening pattern
LOT-011,L011-P019,9.0189,9.229,9.3929,9.5118,9.67297,4.6011411740496895,-0.14215386471706976,-0.096491279707734,-0.060869681977937865,-0.03502826666327794,0.008754,0.001964,0,0,0,-0.1299,9.5692,0.003276,0,Within synthetic screening pattern
LOT-011,L011-P020,8.609,8.8412,9.2339,9.392,9.67297,4.6011411740496895,-0.23124045964961065,-0.1807747183875076,-0.09542632651141894,-0.06106528562624052,0.009675,0.003825,0,0,0,-0.1113,9.3113,0.00418,0,Within synthetic screening pattern
LOT-011,L011-P021,8.1927,8.3967,8.6112,8.8527,9.67297,4.6011411740496895,-0.32171801385897075,-0.2773811869103535,-0.23076231739820396,-0.17827533843697285,0.0085,0.003167,0,0,0,-0.0444,8.8537,0.003935,0,Within synthetic screening pattern
LOT-011,L011-P022,9.9283,10.0383,10.3511,10.5231,9.67297,4.6011411740496895,0.055492755023483074,0.07939986759381594,0.14738300224836307,0.18476503281288348,0.004583,0.003367,0,0,0,-0.1558,10.4639,0.003188,0,Within synthetic screening pattern
LOT-011,L011-P023,9.0639,9.1377,9.4557,9.6358,9.67297,4.6011411740496895,-0.13237368230193355,-0.11633418314111008,-0.04722089407414753,-0.008078430674902454,0.003075,0.003459,0,0,0,-0.1218,9.5955,0.003164,0,Within synthetic screening pattern
LOT-011,L011-P024,9.674,9.7699,10.1068,10.1882,9.67297,4.6011411740496895,0.00022385750861313674,0.021066512922203507,0.09428747860352335,0.11197874190556983,0.003996,0.002905,0,0,0,-0.1556,10.2295,0.003307,0,Within synthetic screening pattern
LOT-011,L011-P025,9.1148,10.2148,13.0174,17.0137,9.67297,4.6011411740496895,-0.12131120930347938,0.1177599163998504,0.7268696772145342,1.5954150768947315,0.045833,0.047215,0,1,0,-0.0378,17.5435,0.050171,1,Projected 168h drift above safety slope
LOT-011,L011-P026,10.0368,10.2366,10.6467,10.8269,9.67297,4.6011411740496895,0.07907386151331139,0.12249787143651615,0.21162793384645756,0.2507921309844033,0.008325,0.004099,0,0,0,-0.1572,10.6731,0.003788,0,Within synthetic screening pattern
LOT-011,L011-P027,8.5175,8.7908,9.0939,9.076,9.67297,4.6011411740496895,-0.2511268305603876,-0.19172852269246013,-0.12585356069184286,-0.12974389991919688,0.011388,0.001981,0,0,0,-0.0952,9.1354,0.003678,0,Within synthetic screening pattern
LOT-011,L011-P028,8.7432,8.9469,9.2362,9.4409,9.67297,4.6011411740496895,-0.20207378231380443,-0.1578021565812879,-0.09492645052131199,-0.050437487401792554,0.008487,0.003431,0,0,0,-0.1143,9.3989,0.003903,0,Within synthetic screening pattern
LOT-011,L011-P029,8.2634,8.4859,8.7508,9.069,9.67297,4.6011411740496895,-0.3063522605978567,-0.2579946919896831,-0.20042201817258143,-0.131265261628218,0.009271,0.004049,0,0,0,-0.0566,9.044,0.004646,0,Within synthetic screening pattern
LOT-011,L011-P030,10.5837,11.4467,14.3213,17.435,9.67297,4.6011411740496895,0.1979356784652671,0.38549784344887944,1.0102558961277814,1.6869793180391066,0.035958,0.041585,0,1,0,-0.0373,17.7843,0.042861,1,Projected 168h drift above safety slope
LOT-011,L011-P031,8.6486,8.8618,9.0842,9.3111,9.67297,4.6011411740496895,-0.22263389912429077,-0.17629756821524528,-0.12796173334577235,-0.07864788023478536,0.008883,0.00312,0,0,0,-0.1091,9.3314,0.004064,0,Within synthetic screening pattern
LOT-011,L011-P032,8.6423,8.7143,8.9567,8.9882,9.67297,4.6011411740496895,-0.22400312466240974,-0.20835483279819195,-0.15567225018865818,-0.14882612249806257,0.003,0.001902,0,0,0,-0.0919,9.0532,0.002446,0,Within synthetic screening pattern
LOT-011,L011-P033,8.7402,8.9322,9.1867,9.5124,9.67297,4.6011411740496895,-0.20272579447481354,-0.1609970161702323,-0.10568465117796186,-0.03489786423107604,0.008,0.004029,0,0,0,-0.1131,9.4428,0.004182,0,Within synthetic screening pattern
LOT-011,L011-P034,8.2851,8.4838,8.673,8.7715,9.67297,4.6011411740496895,-0.30163603929989113,-0.25845110050238956,-0.2173308668814169,-0.19592313426161884,0.008279,0.001998,0,0,0,-0.0598,9.0805,0.004735,0,Within synthetic screening pattern
LOT-011,L011-P035,8.8805,9.0414,9.3498,9.6112,9.67297,4.6011411740496895,-0.17223335907828888,-0.13726377350950184,-0.07023692335776813,-0.013424930395176815,0.006704,0.003957,0,0,0,-0.1206,9.5642,0.00407,0,Within synthetic screening pattern
LOT-011,L011-P036,9.719,10.0089,10.1737,10.4212,9.67297,4.6011411740496895,0.010004039923749342,0.07301014841592716,0.10882734979402595,0.16261835307727526,0.012079,0.002863,0,0,0,-0.1551,10.4321,0.004245,0,Within synthetic screening pattern
LOT-011,L011-P037,8.8103,9.0303,9.3004,9.4582,9.67297,4.6011411740496895,-0.18749044364590134,-0.13967621850523523,-0.08097339027571773,-0.04667755060664007,0.009167,0.002972,0,0,0,-0.1171,9.3674,0.003316,0,Within synthetic screening pattern
LOT-011,L011-P038,9.2281,9.459,9.6268,9.7049,9.67297,4.6011411740496895,-0.09668688335603666,-0.04650368069703767,-0.010034467157929772,0.006939582767006853,0.009621,0.001708,0,0,0,-0.1445,9.8037,0.003426,0,Within synthetic screening pattern
LOT-011,L011-P039,9.0791,9.2065,9.4311,9.5344,9.67297,4.6011411740496895,-0.12907015401948752,-0.10138137091530192,-0.05256739379442189,-0.03011644171700939,0.005308,0.002277,0,0,0,-0.1297,9.6033,0.00312,0,Within synthetic screening pattern
LOT-011,L011-P040,9.5122,9.7405,9.9513,10.0495,9.67297,4.6011411740496895,-0.03494133170847655,0.014676793744314732,0.06049151492455263,0.08183404632824996,0.009513,0.002146,0,0,0,-0.1545,10.1015,0.003508,0,Within synthetic screening pattern
LOT-011,L011-P041,9.3264,9.4708,9.6307,9.891,9.67297,4.6011411740496895,-0.07532261821363907,-0.043939099530401746,-0.009186851348618012,0.04738607048827014,0.006017,0.002918,0,0,0,-0.1472,9.8974,0.003399,0,Within synthetic screening pattern
LOT-011,L011-P042,9.254,9.3681,9.5663,9.8988,9.67297,4.6011411740496895,-0.09105784503265825,-0.06625964917561274,-0.02318337907161277,0.04908130210689366,0.004754,0.003685,0,0,0,-0.1418,9.8866,0.003765,0,Within synthetic screening pattern
LOT-011,L011-P043,9.1546,9.4031,9.6109,9.6978,9.67297,4.6011411740496895,-0.11266118130075899,-0.05865284063050675,-0.013490131611277571,0.005396487319285482,0.010354,0.002047,0,0,0,-0.1407,9.7459,0.00352,0,Within synthetic screening pattern
LOT-011,L011-P044,9.9479,10.2313,10.6477,10.8782,9.67297,4.6011411740496895,0.05975256780874252,0.1213459832854001,0.21184527123346086,0.2619415389376584,0.011808,0.004492,0,0,0,-0.1536,10.7405,0.004718,0,Within synthetic screening pattern
LOT-011,L011-P045,8.3534,8.5625,8.8778,9.166,9.67297,4.6011411740496895,-0.28679189576758424,-0.24134664814525142,-0.17282017002319683,-0.11018353508892445,0.008712,0.004191,0,0,0,-0.0706,9.1068,0.004485,0,Within synthetic screening pattern
LOT-011,L011-P046,8.2557,9.3931,11.9293,16.3305,9.67297,4.6011411740496895,-0.3080257584777803,-0.060826214500536976,0.4903848664165403,1.4469301740942635,0.047392,0.048176,0,1,1,0.0015,14.4417,0.036821,1,Dynamic lot outlier + projected drift above safety slope
LOT-011,L011-P047,8.9906,9.2934,9.6556,9.8096,9.67297,4.6011411740496895,-0.14830451276925538,-0.08249475198473885,-0.003775150412242508,0.02969480718622365,0.012617,0.003585,0,0,0,-0.1248,9.7944,0.004785,0,Within synthetic screening pattern
LOT-011,L011-P048,9.4305,9.5958,9.8646,10.1035,9.67297,4.6011411740496895,-0.05269779622662379,-0.016771926155023355,0.04164836347139008,0.09357026522641348,0.006888,0.003526,0,0,0,-0.1525,10.0596,0.003745,0,Within synthetic screening pattern
LOT-011,L011-P049,9.0829,10.1859,13.9624,18.1874,9.67297,4.6011411740496895,-0.128244271948876,0.11147886591546288,0.9322535079323949,1.8505039680201845,0.045958,0.055566,0,1,0,-0.0315,17.9343,0.052687,1,Projected 168h drift above safety slope
LOT-011,L011-P050,9.1355,9.2572,9.682,9.986,9.67297,4.6011411740496895,-0.11681232539251678,-0.09036236539424863,0.001962556604637548,0.06803312225355786,0.005071,0.005061,0,0,0,-0.1379,9.8451,0.004224,0,Within synthetic screening pattern
LOT-011,L011-P051,9.7382,9.886,10.1848,10.3392,9.67297,4.6011411740496895,0.014176917754207777,0.04629938355325484,0.11123979478975933,0.1447966873430269,0.006158,0.003147,0,0,0,-0.1606,10.2936,0.003306,0,Within synthetic screening pattern
LOT-011,L011-P052,9.5884,9.846,10.1287,10.1897,9.67297,4.6011411740496895,-0.018380222818845868,0.03760588807313393,0.09904716737888974,0.11230474798607439,0.010733,0.002387,0,0,0,-0.1568,10.3041,0.00426,0,Within synthetic screening pattern
LOT-011,L011-P053,9.3895,9.564,9.7005,9.8853,9.67297,4.6011411740496895,-0.06160862909374798,-0.023683255061719723,0.0059832982641934455,0.04614724738235307,0.007271,0.002231,0,0,0,-0.1522,9.9442,0.003302,0,Within synthetic screening pattern
LOT-011,L011-P054,9.0034,9.2081,9.3925,9.569,9.67297,4.6011411740496895,-0.14552259421561692,-0.1010336310960971,-0.06095661693273888,-0.02259656812670442,0.008529,0.002506,0,0,0,-0.129,9.7156,0.004239,0,Within synthetic screening pattern
LOT-011,L011-P055,9.7447,9.8696,10.0469,9.9639,9.67297,4.6011411740496895,0.01558961076972725,0.042735050406405385,0.08126896912204225,0.06322996600079095,0.005204,0.000655,0,0,0,-0.1597,10.3607,0.003667,0,Within synthetic screening pattern
LOT-011,L011-P056,8.4364,8.4495,8.5523,8.6149,9.67297,4.6011411740496895,-0.26875289264633295,-0.2659057728765934,-0.24356348949268214,-0.22995816906629268,0.000546,0.001149,0,0,0,-0.0298,8.7333,0.001767,0,Within synthetic screening pattern
LOT-011,L011-P057,8.7552,9.0265,9.4808,9.7098,9.67297,4.6011411740496895,-0.19946573366976802,-0.14050210057584672,-0.04176572566037152,0.00800453596332152,0.011304,0.004745,0,0,0,-0.1139,9.5881,0.004958,0,Within synthetic screening pattern
LOT-011,L011-P058,9.2661,9.4343,9.7408,10.1044,9.67297,4.6011411740496895,-0.08842806264992156,-0.05187191415601228,0.014741994960415488,0.09376586887471614,0.007008,0.004653,0,0,0,-0.1464,9.9198,0.003891,0,Within synthetic screening pattern
LOT-011,L011-P059,9.1363,9.2895,9.8409,10.1036,9.67297,4.6011411740496895,-0.11663845548291438,-0.08334236779405062,0.03649746739941838,0.09359199896511373,0.006383,0.005653,0,0,0,-0.1385,9.92,0.004665,0,Within synthetic screening pattern
LOT-011,L011-P060,9.0089,9.2342,9.4185,9.6136,9.67297,4.6011411740496895,-0.14432723858709998,-0.09536112529531819,-0.05530584487066021,-0.012903320666369608,0.009387,0.002635,0,0,0,-0.1288,9.6017,0.003529,0,Within synthetic screening pattern
LOT-011,L011-P061,9.2827,10.5914,13.5776,19.1843,9.67297,4.6011411740496895,-0.08482026202567124,0.19960917634519038,0.84862208141363,2.0671676091235023,0.054529,0.059673,0,1,0,-0.0317,18.9801,0.057723,1,Projected 168h drift above safety slope
LOT-011,L011-P062,10.2242,10.3905,10.5044,10.6063,9.67297,4.6011411740496895,0.11980288783767871,0.15594609529628206,0.18070082367592707,0.20284750341153526,0.006929,0.001499,0,0,0,-0.1533,10.7607,0.003193,0,Within synthetic screening pattern
LOT-011,L011-P063,8.5505,8.8144,9.1132,9.2397,9.67297,4.6011411740496895,-0.24395469678928783,-0.18659936035918906,-0.12165894912268418,-0.09416576966680162,0.010996,0.002953,0,0,0,-0.099,9.2602,0.004224,0,Within synthetic screening pattern
LOT-011,L011-P064,8.9917,9.1763,9.4548,9.5992,9.67297,4.6011411740496895,-0.1480654416435522,-0.10794496000279348,-0.047416497722450185,-0.01603297903921324,0.007692,0.002937,0,0,0,-0.1288,9.6944,0.004183,0,Within synthetic screening pattern
LOT-011,L011-P065,9.0964,9.108,9.5622,9.7778,9.67297,4.6011411740496895,-0.1253102172243354,-0.12278910353509999,-0.024074462358325034,0.022783478279527283,0.000483,0.004651,0,0,0,-0.1088,9.6663,0.003392,0,Within synthetic screening pattern
LOT-011,L011-P066,9.3375,10.6032,13.5837,18.228,9.67297,4.6011411740496895,-0.0729101732179053,0.2021737575118259,0.8499478394743485,1.8593278659325077,0.052737,0.05295,0,1,0,-0.0334,18.5776,0.055001,1,Projected 168h drift above safety slope
LOT-011,L011-P067,7.9125,8.1763,8.4277,8.5015,9.67297,4.6011411740496895,-0.3826159496972191,-0.3252823470058206,-0.2706437279132595,-0.25460422875243605,0.010992,0.002258,0,0,0,-0.0122,8.5363,0.003713,0,Within synthetic screening pattern
LOT-011,L011-P068,8.2905,8.5709,8.894,9.1478,9.67297,4.6011411740496895,-0.30046241741007484,-0.239521014094426,-0.1692993043537479,-0.11413907553237959,0.011683,0.004006,0,0,0,-0.0637,9.1339,0.00502,0,Within synthetic screening pattern
LOT-011,L011-P069,9.2313,9.4835,9.6865,9.8895,9.67297,4.6011411740496895,-0.09599140371762704,-0.04117891471546356,0.0029405748461512077,0.047060064407765584,0.010508,0.002819,0,0,0,-0.1453,9.8904,0.003923,0,Within synthetic screening pattern
LOT-011,L011-P070,10.4822,10.6072,11.0196,11.2579,9.67297,4.6011411740496895,0.17587593368445992,0.2030431070598383,0.29267304545988665,0.34446454478270777,0.005208,0.004519,0,0,0,-0.1448,11.1674,0.004079,0,Within synthetic screening pattern
LOT-011,L011-P071,8.543,8.7336,9.1344,9.2824,9.67297,4.6011411740496895,-0.2455847271918106,-0.20416022122903366,-0.11705139651822033,-0.08488546324177199,0.007942,0.003811,0,0,0,-0.0996,9.248,0.004196,0,Within synthetic screening pattern
LOT-011,L011-P072,7.7535,7.9317,8.2939,8.4752,9.67297,4.6011411740496895,-0.4171725942307004,-0.3784430718667609,-0.2997234702942643,-0.26032020203061584,0.007425,0.003774,0,0,1,0.0071,8.4649,0.004235,0,Dynamic lot-relative outlier
LOT-011,L011-P073,8.9404,9.1433,9.3607,9.6348,9.67297,4.6011411740496895,-0.15921484959680737,-0.11511709377389326,-0.06786794583943524,-0.008295768061905361,0.008454,0.003413,0,0,0,-0.1233,9.631,0.004111,0,Within synthetic screening pattern
LOT-011,L011-P074,9.5368,9.7184,9.9545,10.1121,9.67297,4.6011411740496895,-0.029594831988202185,0.00987363749154783,0.06118699456296224,0.0954393667546394,0.007567,0.002734,0,0,0,-0.1548,10.1822,0.003842,0,Within synthetic screening pattern
LOT-011,L011-P075,8.2686,8.4135,8.4733,8.5483,9.67297,4.6011411740496895,-0.30522210618544127,-0.2737299188087023,-0.26073314306592144,-0.24443283904069454,0.006038,0.000936,0,0,0,-0.0407,8.714,0.002651,0,Within synthetic screening pattern
LOT-011,L011-P076,9.1025,9.4111,9.6591,9.888,9.67297,4.6011411740496895,-0.12398445916361694,-0.05691414153448272,-0.003014469557731756,0.04673405832726103,0.012858,0.003312,0,0,0,-0.1317,9.9058,0.004782,0,Within synthetic screening pattern
LOT-011,L011-P077,8.8023,9.7592,14.1544,19.8383,9.67297,4.6011411740496895,-0.18922914274192537,0.018741002881271132,0.9739822862369762,2.209306260223482,0.039871,0.069994,0,1,0,-0.0206,18.7744,0.059358,1,Projected 168h drift above safety slope
LOT-011,L011-P078,8.0409,8.348,8.6631,9.0175,9.67297,4.6011411740496895,-0.3547098292060302,-0.2879655176574006,-0.21948250701274688,-0.14245813705887406,0.012796,0.004649,0,0,0,-0.0273,8.9252,0.005264,0,Within synthetic screening pattern
LOT-011,L011-P079,9.1371,9.2376,9.5012,9.7097,9.67297,4.6011411740496895,-0.11646458557331198,-0.09462217817950769,-0.037332042965509675,0.007982802224621268,0.004188,0.003278,0,0,0,-0.1333,9.6179,0.002862,0,Within synthetic screening pattern
LOT-011,L011-P080,8.3974,8.5843,8.7919,9.0411,9.67297,4.6011411740496895,-0.27722905073945137,-0.23660869310858526,-0.19148945156675698,-0.1373289747256026,0.007788,0.003172,0,0,0,-0.0721,9.0223,0.00372,0,Within synthetic screening pattern
LOT-011,L011-P081,9.1087,9.2955,9.4741,9.4921,9.67297,4.6011411740496895,-0.12263696736419784,-0.0820383434720324,-0.04322188615329189,-0.039309813187237246,0.007783,0.001365,0,0,0,-0.1363,9.8094,0.004171,0,Within synthetic screening pattern
LOT-011,L011-P082,8.6303,8.8464,8.9755,9.1256,9.67297,4.6011411740496895,-0.22661117330644615,-0.17964456397509218,-0.15158630731300116,-0.11896396552384675,0.009004,0.001939,0,0,0,-0.1082,9.2202,0.003511,0,Within synthetic screening pattern
LOT-011,L011-P083,9.0166,9.2678,9.4056,9.5289,9.67297,4.6011411740496895,-0.1426537407071767,-0.08805858909201651,-0.05810949716299929,-0.03131179734552596,0.010467,0.001813,0,0,0,-0.1292,9.6463,0.003748,0,Within synthetic screening pattern
LOT-011,L011-P084,9.126,9.3625,9.7316,9.9799,9.67297,4.6011411740496895,-0.11887703056904575,-0.06747673854282955,0.012742490999987666,0.06670736419283939,0.009854,0.004287,0,0,0,-0.1407,9.7438,0.003677,0,Within synthetic screening pattern
LOT-011,L011-P085,9.7622,9.9742,10.2444,10.3414,9.67297,4.6011411740496895,0.019393015042280238,0.06546854108692193,0.12419310305514006,0.14527482959443358,0.008833,0.00255,0,0,0,-0.1617,10.4758,0.004248,0,Within synthetic screening pattern
LOT-011,L011-P086,9.1119,9.3117,9.4621,9.896,9.67297,4.6011411740496895,-0.12194148772578824,-0.07851747780258346,-0.04582993479732831,0.04847275742328545,0.008325,0.004058,0,0,0,-0.1351,9.8034,0.004116,0,Within synthetic screening pattern
LOT-011,L011-P087,38.3123,51.2256,75.4831,96.3062,9.67297,4.6011411740496895,6.224397147717405,9.030940027303595,14.303001692529524,18.82863983583226,0.538054,0.31306,1,1,1,0.2943,94.4783,0.334321,1,Dynamic lot outlier + projected drift above safety slope
LOT-011,L011-P088,8.8684,9.1083,9.5132,9.6398,9.67297,4.6011411740496895,-0.17486314146102555,-0.12272390231899924,-0.03472399432147364,-0.007209081126890442,0.009996,0.003691,0,0,0,-0.121,9.6113,0.004422,0,Within synthetic screening pattern
LOT-011,L011-P089,8.0211,8.1805,8.4235,8.6925,9.67297,4.6011411740496895,-0.3590131094686902,-0.3243695299804077,-0.27155654493867204,-0.21309278783485772,0.006642,0.003556,0,0,0,-0.0187,8.6447,0.003712,0,Within synthetic screening pattern
LOT-011,L011-P090,8.6445,8.8204,8.9875,9.2463,9.67297,4.6011411740496895,-0.22352498241100302,-0.18529533603717085,-0.14897825866896472,-0.09273134291258152,0.007329,0.002958,0,0,0,-0.1076,9.2797,0.003781,0,Within synthetic screening pattern
LOT-011,L011-P091,9.5096,9.7245,10.0589,10.2981,9.67297,4.6011411740496895,-0.035506408914684255,0.011199395552266294,0.08387701776607828,0.13586412073720244,0.008954,0.003983,0,0,0,-0.1528,10.2129,0.004186,0,Within synthetic screening pattern
LOT-011,L011-P092,9.373,9.5996,9.8045,9.96,9.67297,4.6011411740496895,-0.06519469597929807,-0.015946044084411845,0.028586386512508482,0.0623823501914792,0.009442,0.002503,0,0,0,-0.1519,10.0286,0.003902,0,Within synthetic screening pattern
LOT-011,L011-P093,8.7249,8.859,9.1626,9.466,9.67297,4.6011411740496895,-0.20605105649595984,-0.17690611289885388,-0.11092248220473495,-0.04498231898801655,0.005588,0.004215,0,0,0,-0.1085,9.3873,0.003943,0,Within synthetic screening pattern
LOT-011,L011-P094,8.8214,9.0652,9.1976,9.3873,9.67297,4.6011411740496895,-0.18507799865016755,-0.1320911436988295,-0.10331567365962897,-0.06208677134515469,0.010158,0.002237,0,0,0,-0.1157,9.4117,0.003514,0,Within synthetic screening pattern
LOT-011,L011-P095,9.7166,9.938,10.1351,10.2482,9.67297,4.6011411740496895,0.009482430194942135,0.057600927677412546,0.10043812665570896,0.12501898512575157,0.009225,0.002154,0,0,0,-0.1601,10.3815,0.003958,0,Within synthetic screening pattern
LOT-011,L011-P096,9.0754,9.162,9.4129,9.4199,9.67297,4.6011411740496895,-0.12987430235139877,-0.11105288463693647,-0.056522934237877034,-0.05500157252885591,0.003608,0.001791,0,0,0,-0.1228,9.5309,0.002711,0,Within synthetic screening pattern
LOT-011,L011-P097,8.6504,8.8231,9.0747,9.3542,9.67297,4.6011411740496895,-0.22224269182768547,-0.18470852509226252,-0.13002643852230092,-0.06928063885495472,0.007196,0.003688,0,0,0,-0.1087,9.3361,0.004082,0,Within synthetic screening pattern
LOT-011,L011-P098,9.7061,9.8067,10.0014,10.0865,9.67297,4.6011411740496895,0.007200387631410263,0.0290645287639148,0.0713801180134044,0.08987552964736176,0.004192,0.001943,0,0,0,-0.1568,10.2204,0.003061,0,Within synthetic screening pattern
LOT-011,L011-P099,9.2464,9.4704,9.9006,9.9704,9.67297,4.6011411740496895,-0.09270960917388127,-0.04402603448520314,0.04947250940349936,0.06464265901631043,0.009333,0.003472,0,0,0,-0.1455,9.8954,0.003863,0,Within synthetic screening pattern
LOT-011,L011-P100,7.8954,8.1122,8.3848,8.5061,9.67297,4.6011411740496895,-0.38633241901497073,-0.3392136735127146,-0.2799675018156893,-0.25360447677222214,0.009033,0.002735,0,0,0,-0.0097,8.544,0.003861,0,Within synthetic screening pattern
LOT-012,L012-P001,9.1654,9.3159,9.5873,9.6955,9.917544,0.6276899130409324,-1.1982731988732012,-0.9585051272932698,-0.5261260267830098,-0.35374791817870205,0.006271,0.002636,0,0,0,-0.0484,9.6906,0.003126,0,Within synthetic screening pattern
LOT-012,L012-P002,10.8288,10.9906,11.3845,11.4954,9.917544,0.6276899130409324,1.451761420834838,1.709532012074927,2.337071170847918,2.513750766450674,0.006742,0.003506,0,0,0,-0.0183,11.4499,0.003697,0,Within synthetic screening pattern
LOT-012,L012-P003,9.0973,9.2096,9.5521,9.719,9.917544,0.6276899130409324,-1.3067662598339538,-1.1278562635653404,-0.5822046720960594,-0.31630904985891145,0.004679,0.003537,0,0,0,-0.0239,9.6727,0.003425,0,Within synthetic screening pattern
LOT-012,L012-P004,9.636,9.896,10.3897,10.4188,9.917544,0.6276899130409324,-0.44853994647774503,-0.0343226799609153,0.7522121834212273,0.7985726544044564,0.010833,0.003631,0,0,0,-0.1323,10.3023,0.003966,0,Within synthetic screening pattern
LOT-012,L012-P005,10.562,10.6599,10.9161,11.1269,9.917544,0.6276899130409324,1.026710779655263,1.1826795119321776,1.5908428337845277,1.9266774483297078,0.004079,0.003243,0,0,0,-0.0596,11.1075,0.003247,0,Within synthetic screening pattern
LOT-012,L012-P006,9.3335,9.5743,9.7849,9.9075,9.917544,0.6276899130409324,-0.9304658046367434,-0.5468368901088538,-0.21132090423022176,-0.016001531634209726,0.010033,0.002314,0,0,0,-0.1013,10.0144,0.004053,0,Within synthetic screening pattern
LOT-012,L012-P007,10.339,11.2409,15.1979,18.8967,9.917544,0.6276899130409324,0.6714398164504475,2.10829578826401,8.41236395598357,14.305082515185264,0.037579,0.053165,0,1,1,0.0978,18.6807,0.049653,1,Dynamic lot outlier + projected drift above safety slope
LOT-012,L012-P008,10.8574,11.0384,11.2659,11.3731,9.917544,0.6276899130409324,1.4973253201516903,1.785684263380711,2.148124371582936,2.3189093368544906,0.007542,0.002324,0,0,0,-0.0191,11.5113,0.003892,0,Within synthetic screening pattern
LOT-012,L012-P009,10.6104,10.804,11.0983,11.251,9.917544,0.6276899130409324,1.1038189169607047,1.4122514661824652,1.881113549012858,2.1243865359248555,0.008067,0.003104,0,0,0,-0.0508,11.2702,0.003927,0,Within synthetic screening pattern
LOT-012,L012-P010,10.8695,11.09,11.2344,11.4087,9.917544,0.6276899130409324,1.5166023544780507,1.8678904593509744,2.097940356601091,2.3756252395006388,0.009187,0.002213,0,0,0,-0.0137,11.4674,0.003559,0,Within synthetic screening pattern
LOT-012,L012-P011,11.0849,11.2963,11.6139,11.787,9.917544,0.6276899130409324,1.859765428353913,2.1965559288987504,2.7025382513823804,2.9783113622826245,0.008808,0.003408,0,0,1,0.0338,11.8209,0.004381,0,Dynamic lot-relative outlier
LOT-012,L012-P012,9.8532,9.9658,10.2909,10.5564,9.917544,0.6276899130409324,-0.1025092146029185,0.07687872466552362,0.5948096221448347,1.0177891769918246,0.004692,0.004101,0,0,0,-0.1512,10.509,0.003904,0,Within synthetic screening pattern
LOT-012,L012-P013,9.7477,9.9685,10.3062,10.4865,9.917544,0.6276899130409324,-0.27058583620878374,0.08118021166396888,0.619184715136017,0.9064284580321076,0.0092,0.003597,0,0,0,-0.1506,10.4832,0.004378,0,Within synthetic screening pattern
LOT-012,L012-P014,10.3436,10.5575,10.7109,10.857,9.917544,0.6276899130409324,0.6787682757811296,1.019541634657856,1.2639298219027864,1.4966880628185861,0.008912,0.00208,0,0,0,-0.0912,10.967,0.003711,0,Within synthetic screening pattern
LOT-012,L012-P015,9.0948,9.2345,9.403,9.5629,9.917544,0.6276899130409324,-1.3107491181658484,-1.0881869945796896,-0.8197423430101306,-0.5649987241022812,0.005821,0.002281,0,0,0,-0.018,9.6052,0.003038,0,Within synthetic screening pattern
LOT-012,L012-P016,9.0416,9.3834,9.7587,9.8808,9.917544,0.6276899130409324,-1.39550434346852,-0.8509679523321692,-0.25306125954845765,-0.05853845861882229,0.014242,0.003454,0,0,0,-0.0315,9.8969,0.005091,0,Within synthetic screening pattern
LOT-012,L012-P017,9.5003,9.7739,9.958,10.2043,9.917544,0.6276899130409324,-0.6647294967328736,-0.22884548089055068,0.06445220667001945,0.456843409528075,0.0114,0.002989,0,0,0,-0.1327,10.2339,0.004367,0,Within synthetic screening pattern
LOT-012,L012-P018,10.4887,10.6249,10.7413,11.0137,9.917544,0.6276899130409324,0.9099333733641733,1.1269194952856814,1.3123613792186002,1.7463336230616135,0.005675,0.0027,0,0,0,-0.0774,11.1235,0.003779,0,Within synthetic screening pattern
LOT-012,L012-P019,11.0328,11.2428,11.5443,11.7066,9.917544,0.6276899130409324,1.7767626607172726,2.11132276059625,2.5916554754224923,2.850222638328958,0.00875,0.003221,0,0,1,0.02,11.6825,0.003867,0,Dynamic lot-relative outlier
LOT-012,L012-P020,9.1249,9.2039,9.3763,9.5842,9.917544,0.6276899130409324,-1.2627955038498604,-1.1369371805620543,-0.8622792699947431,-0.5310647711145592,0.003292,0.002641,0,0,0,-0.0074,9.6261,0.002983,0,Within synthetic screening pattern
LOT-012,L012-P021,10.2679,10.3615,10.6392,10.975,9.917544,0.6276899130409324,0.5581673254914208,0.7072855414374791,1.1497014449441076,1.684678976083916,0.0039,0.00426,0,0,0,-0.101,10.8876,0.003689,0,Within synthetic screening pattern
LOT-012,L012-P022,9.2599,9.5489,9.7384,10.0295,9.917544,0.6276899130409324,-1.047721153927662,-0.5873027307608814,-0.28540206920342354,0.1783619549621475,0.012042,0.003338,0,0,0,-0.0837,9.9515,0.004117,0,Within synthetic screening pattern
LOT-012,L012-P023,9.5419,9.8333,10.0448,10.058,9.917544,0.6276899130409324,-0.59845473409018,-0.13421276692478304,0.2027370479533298,0.22376653994572168,0.012142,0.00156,0,0,0,-0.1312,10.2509,0.00422,0,Within synthetic screening pattern
LOT-012,L012-P024,9.9498,10.1906,10.5102,10.7381,9.917544,0.6276899130409324,0.05138843134141115,0.4350173458693037,0.9441859550184489,1.3072633205537756,0.010033,0.003802,0,0,0,-0.1341,10.6959,0.004441,0,Within synthetic screening pattern
LOT-012,L012-P025,10.3144,11.9381,16.1522,20.605,9.917544,0.6276899130409324,0.6322484904646225,3.219035319862211,9.932700638433602,17.026649270534097,0.067654,0.060187,0,1,1,0.1557,20.3421,0.059689,1,Dynamic lot outlier + projected drift above safety slope
LOT-012,L012-P026,9.3857,10.6235,13.5849,17.6041,9.917544,0.6276899130409324,-0.847303722666828,1.1246890946198211,5.842623760246482,12.245785443263529,0.051575,0.048476,0,1,1,0.0615,18.2897,0.053,1,Dynamic lot outlier + projected drift above safety slope
LOT-012,L012-P027,10.9226,10.9877,11.2117,11.346,9.917544,0.6276899130409324,1.601198265447447,1.7049118964099312,2.061776002947506,2.275735152536774,0.002713,0.002488,0,0,0,-0.0061,11.3649,0.002633,0,Within synthetic screening pattern
LOT-012,L012-P028,9.1039,10.8373,14.0265,17.5899,9.917544,0.6276899130409324,-1.2962515138377593,1.4653031391632751,6.546155855991988,12.22316280793838,0.072225,0.046893,0,1,1,0.1089,18.0222,0.053085,1,Dynamic lot outlier + projected drift above safety slope
LOT-012,L012-P029,9.7901,10.0569,10.3279,10.5477,9.917544,0.6276899130409324,-0.20303655889988473,0.22201408227969022,0.6537559254568432,1.0039288299968396,0.011117,0.003408,0,0,0,-0.1434,10.455,0.003958,0,Within synthetic screening pattern
LOT-012,L012-P030,9.9026,9.9539,10.1341,10.1526,9.917544,0.6276899130409324,-0.02380793396472078,0.05792031900571672,0.34500474756853194,0.37447789922453617,0.002138,0.00138,0,0,0,-0.1499,10.3687,0.002774,0,Within synthetic screening pattern
LOT-012,L012-P031,10.1933,10.9947,14.3939,20.3229,9.917544,0.6276899130409324,0.4393188328677489,1.71606389973923,7.13147671644692,16.577223536363338,0.033392,0.064779,0,1,1,0.068,19.4801,0.055279,1,Dynamic lot outlier + projected drift above safety slope
LOT-012,L012-P032,9.4968,9.6369,9.8357,9.9555,9.917544,0.6276899130409324,-0.6703054983975215,-0.4471061174782614,-0.1303892229261666,0.06046934833812768,0.005838,0.002213,0,0,0,-0.1245,10.0647,0.00338,0,Within synthetic screening pattern
LOT-012,L012-P033,10.139,10.2946,10.4701,10.6371,9.917544,0.6276899130409324,0.35281114989904017,0.6007042524760361,0.8803009073748937,1.1463558439453172,0.006483,0.002378,0,0,0,-0.1193,10.7208,0.003463,0,Within synthetic screening pattern
LOT-012,L012-P034,9.3466,9.5609,9.6407,9.7845,9.917544,0.6276899130409324,-0.909595626977627,-0.5681850107677964,-0.44105217281378467,-0.21195816156332592,0.008929,0.001553,0,0,0,-0.0922,9.9071,0.003336,0,Within synthetic screening pattern
LOT-012,L012-P035,10.0463,10.2243,10.4585,10.6098,9.917544,0.6276899130409324,0.20512676295246546,0.4887062761832149,0.8618204447149129,1.1028630309610499,0.007417,0.002677,0,0,0,-0.1335,10.6634,0.003673,0,Within synthetic screening pattern
LOT-012,L012-P036,8.8437,9.0264,9.3378,9.5753,9.917544,0.6276899130409324,-1.7107874090211368,-1.419720122126427,-0.9236152883058901,-0.5452437467760948,0.007613,0.003812,0,0,1,0.0265,9.5284,0.004076,0,Dynamic lot-relative outlier
LOT-012,L012-P037,10.1246,10.333,10.7105,10.9303,9.917544,0.6276899130409324,0.3298698859073387,0.6618809564539049,1.2632925645696822,1.6134654691096786,0.008683,0.004148,0,0,0,-0.1107,10.8114,0.004088,0,Within synthetic screening pattern
LOT-012,L012-P038,9.0389,9.1465,9.2158,9.3884,9.917544,0.6276899130409324,-1.3998058304669654,-1.2283836078623096,-1.1179787749022474,-0.8430022356683827,0.004483,0.00168,0,0,1,0.0219,9.6095,0.003396,0,Dynamic lot-relative outlier
LOT-012,L012-P039,9.573,9.7296,9.9106,10.1148,9.917544,0.6276899130409324,-0.548907976441436,-0.2994217305316867,-0.01106278730266313,0.31425708124632223,0.006525,0.002675,0,0,0,-0.1389,10.1914,0.003681,0,Within synthetic screening pattern
LOT-012,L012-P040,9.8063,9.8665,10.2528,10.4224,9.917544,0.6276899130409324,-0.17722763690922158,-0.08132040827724846,0.534110861166792,0.8043079704023823,0.002508,0.00386,0,0,0,-0.1478,10.3604,0.003298,0,Within synthetic screening pattern
LOT-012,L012-P041,8.9289,9.0437,9.4009,9.5291,9.917544,0.6276899130409324,-1.5750515970702375,-1.3921587424697324,-0.823087944008921,-0.6188469687494706,0.004783,0.003371,0,0,1,0.0168,9.5404,0.00364,0,Dynamic lot-relative outlier
LOT-012,L012-P042,9.3241,10.3597,14.7247,20.7329,9.917544,0.6276899130409324,-0.9454413519646614,0.7044178834385175,7.658488530922945,17.23041230279372,0.04315,0.072036,0,1,1,0.0838,19.9388,0.063183,1,Dynamic lot outlier + projected drift above safety slope
LOT-012,L012-P043,9.8714,10.2571,10.2822,10.5431,9.917544,0.6276899130409324,-0.07351400594674024,0.5409613774976453,0.580949275149847,0.9966003706661575,0.016071,0.001986,0,0,0,-0.1169,11.2761,0.008361,0,Within synthetic screening pattern
LOT-012,L012-P044,9.611,9.8438,9.9865,10.2551,9.917544,0.6276899130409324,-0.48836852979666845,-0.11748476193083361,0.10985679165359365,0.537775090832133,0.0097,0.002856,0,0,0,-0.1444,10.2957,0.004076,0,Within synthetic screening pattern
LOT-012,L012-P045,9.8271,11.1386,15.4756,21.64,9.917544,0.6276899130409324,-0.14409025558787622,1.9453172253229667,8.854779859490197,18.67555261993762,0.054646,0.072926,0,1,1,0.0982,20.7818,0.065207,1,Dynamic lot outlier + projected drift above safety slope
LOT-012,L012-P046,10.6265,10.6855,10.8024,10.7846,9.917544,0.6276899130409324,1.1294685246180924,1.223463981250756,1.4097024368500541,1.3813444855269772,0.002458,0.000688,0,0,0,-0.0466,10.9117,0.001698,0,Within synthetic screening pattern
LOT-012,L012-P047,10.4887,10.5506,10.8463,11.0212,9.917544,0.6276899130409324,0.9099333733641733,1.0085489456618328,1.4796414291580862,1.7582821980572918,0.002579,0.003268,0,0,0,-0.0659,11.0242,0.003188,0,Within synthetic screening pattern
LOT-012,L012-P048,8.9002,9.1051,9.2363,9.3966,9.917544,0.6276899130409324,-1.6207748107203652,-1.2943397418384497,-1.0853193365807279,-0.8299384603397773,0.008538,0.002024,0,0,1,0.031,9.5057,0.003604,0,Dynamic lot-relative outlier
LOT-012,L012-P049,9.9096,10.137,10.4078,10.5355,9.917544,0.6276899130409324,-0.012655930635422105,0.34962486323352787,0.7810480777441302,0.984492481337204,0.009475,0.002767,0,0,0,-0.1437,10.6024,0.004124,0,Within synthetic screening pattern
LOT-012,L012-P050,9.7982,10.0677,10.2651,10.4127,9.917544,0.6276899130409324,-0.19013209790455457,0.23922003027346564,0.553706524159703,0.7888544800746384,0.011229,0.002396,0,0,0,-0.1449,10.3818,0.003474,0,Within synthetic screening pattern
LOT-012,L012-P051,10.3749,10.4932,10.6798,10.7752,9.917544,0.6276899130409324,0.7286336620964244,0.9171025183615803,1.214383064254042,1.3663689381990622,0.004929,0.001958,0,0,0,-0.0913,10.8603,0.002889,0,Within synthetic screening pattern
LOT-012,L012-P052,9.604,9.6897,9.943,10.024,9.917544,0.6276899130409324,-0.49952053312597,-0.3629881495086911,0.04055505667866313,0.16959966663198162,0.003571,0.002322,0,0,0,-0.1333,10.1304,0.003133,0,Within synthetic screening pattern
LOT-012,L012-P053,9.8166,9.8041,9.9085,10.0663,9.917544,0.6276899130409324,-0.16081826058182566,-0.18073255224128737,-0.014408388301453582,0.23698962960760533,-0.000521,0.001821,0,0,0,-0.1417,10.2135,0.002363,0,Within synthetic screening pattern
LOT-012,L012-P054,9.9645,10.1169,10.4357,10.5744,9.917544,0.6276899130409324,0.07480763833293864,0.31760268224510985,0.8254967767280524,1.0464657569814522,0.00635,0.003177,0,0,0,-0.1395,10.604,0.003807,0,Within synthetic screening pattern
LOT-012,L012-P055,8.5215,8.6594,8.8397,8.9443,9.917544,0.6276899130409324,-2.224098190835452,-2.004403725248258,-1.7171599823521642,-1.55051718974578,0.005746,0.001978,0,0,1,0.1116,9.0229,0.002985,0,Dynamic lot-relative outlier
LOT-012,L012-P056,10.3097,10.4719,10.5869,10.9638,9.917544,0.6276899130409324,0.6247607168006649,0.8831685653738555,1.066380048640914,1.6668357707570391,0.006758,0.003416,0,0,0,-0.0999,10.8887,0.003446,0,Within synthetic screening pattern
LOT-012,L012-P057,10.9715,11.2427,11.4825,11.6343,9.917544,0.6276899130409324,1.679102974419268,2.111163446262972,2.493199217458108,2.7350383753706247,0.0113,0.002719,0,0,1,0.0143,11.6146,0.003828,0,Dynamic lot-relative outlier
LOT-012,L012-P058,10.4269,10.7189,10.906,11.0783,9.917544,0.6276899130409324,0.8114771153997893,1.276674968564841,1.5747520861236826,1.8492506823577182,0.012167,0.002496,0,0,0,-0.0692,11.0939,0.00397,0,Within synthetic screening pattern
LOT-012,L012-P059,8.8542,9.0127,9.2614,9.6202,9.917544,0.6276899130409324,-1.6940594040271875,-1.4415461857851983,-1.0453314389285264,-0.473711611135304,0.006604,0.004219,0,0,1,0.0386,9.5438,0.004105,0,Dynamic lot-relative outlier
LOT-012,L012-P060,10.0637,10.2637,10.481,10.6935,9.917544,0.6276899130409324,0.23284745694243822,0.5514761234938427,0.8976661697019446,1.2362091279128136,0.008333,0.002985,0,0,0,-0.1264,10.6392,0.003426,0,Within synthetic screening pattern
LOT-012,L012-P061,9.6243,9.8351,10.1264,10.2971,9.917544,0.6276899130409324,-0.4671797234710013,-0.13134510892581858,0.3327375439063031,0.6046871108079279,0.008783,0.003208,0,0,0,-0.1461,10.2874,0.003947,0,Within synthetic screening pattern
LOT-012,L012-P062,9.8171,11.0639,13.5781,19.446,9.917544,0.6276899130409324,-0.16002168891544616,1.8263094183660167,5.8317903855837345,15.180196147868703,0.05195,0.058209,0,1,1,0.0534,19.6829,0.058725,1,Dynamic lot outlier + projected drift above safety slope
LOT-012,L012-P063,10.7786,11.1154,11.4104,11.6187,9.917544,0.6276899130409324,1.3717856255304377,1.9083563000030022,2.378333583166325,2.710185339379616,0.014033,0.003495,0,0,0,-0.0029,11.6231,0.005027,0,Within synthetic screening pattern
LOT-012,L012-P064,9.9271,10.1494,10.3877,10.4503,9.917544,0.6276899130409324,0.015224077687825997,0.3693798405597143,0.749025896755715,0.8487566693863046,0.009263,0.00209,0,0,0,-0.1433,10.5702,0.003828,0,Within synthetic screening pattern
LOT-012,L012-P065,10.4223,10.5694,10.9216,11.0837,9.917544,0.6276899130409324,0.804148656069107,1.0385000403176659,1.5996051221146907,1.857853656354606,0.006129,0.003572,0,0,0,-0.0818,10.9925,0.003394,0,Within synthetic screening pattern
LOT-012,L012-P066,11.0159,11.1458,11.4103,11.7311,9.917544,0.6276899130409324,1.7498385383936794,1.956787857318816,2.37817426883305,2.889254649981505,0.005412,0.004065,0,0,1,0.0138,11.6478,0.003761,0,Dynamic lot-relative outlier
LOT-012,L012-P067,8.7124,8.9486,9.2519,9.4685,9.917544,0.6276899130409324,-1.9199671286121338,-1.5436666734149236,-1.0604663005897197,-0.715391454714545,0.009842,0.00361,0,0,1,0.0591,9.4451,0.004361,0,Dynamic lot-relative outlier
LOT-012,L012-P068,9.172,9.3756,9.6545,9.7915,9.917544,0.6276899130409324,-1.1877584528770038,-0.8633944703276732,-0.419066794821738,-0.20080615823402725,0.008483,0.002888,0,0,0,-0.0583,9.8318,0.003927,0,Within synthetic screening pattern
LOT-012,L012-P069,8.9719,9.1337,9.3695,9.5831,9.917544,0.6276899130409324,-1.5065464337616865,-1.2487758425216,-0.8731126446574912,-0.5328172287805907,0.006742,0.003121,0,0,1,0.0021,9.6507,0.00404,0,Dynamic lot-relative outlier
LOT-012,L012-P070,10.2952,10.4551,10.7723,10.9302,9.917544,0.6276899130409324,0.6016601384756881,0.8564037573835375,1.3617488225340662,1.6133061547764005,0.006663,0.003299,0,0,0,-0.0966,10.8845,0.003508,0,Within synthetic screening pattern
LOT-012,L012-P071,9.9664,10.1868,10.4994,10.5755,9.917544,0.6276899130409324,0.07783461066517844,0.4289634012048269,0.9269800070246734,1.0482182146474837,0.009183,0.002699,0,0,0,-0.135,10.6369,0.003991,0,Within synthetic screening pattern
LOT-012,L012-P072,9.1077,9.2342,9.4061,9.544,9.917544,0.6276899130409324,-1.2901975691732825,-1.0886649375795183,-0.814803598678584,-0.5951091330913896,0.005271,0.002151,0,0,0,-0.0204,9.6067,0.00297,0,Within synthetic screening pattern
LOT-012,L012-P073,10.3665,10.636,10.8873,11.0693,9.917544,0.6276899130409324,0.7152512581012654,1.1446033862792828,1.5449603058011248,1.8349123923629045,0.011229,0.003009,0,0,0,-0.0789,11.1032,0.004385,0,Within synthetic screening pattern
LOT-012,L012-P074,9.849,10.0555,10.4673,10.7134,9.917544,0.6276899130409324,-0.10920041660049656,0.2197836816138299,0.8758401060431732,1.267912680234678,0.008604,0.004569,0,0,0,-0.1438,10.5283,0.004043,0,Within synthetic screening pattern
LOT-012,L012-P075,10.5999,10.6954,10.91,10.9868,9.917544,0.6276899130409324,1.0870909119667551,1.2392361002450505,1.58112465945471,1.7034780674104504,0.003979,0.002024,0,0,0,-0.0527,11.0702,0.002799,0,Within synthetic screening pattern
LOT-012,L012-P076,10.4144,10.4875,10.9511,11.1001,9.917544,0.6276899130409324,0.7915628237403276,0.9080216013648665,1.646602850431024,1.8839812070118198,0.003046,0.004254,0,0,0,-0.0759,10.9615,0.003257,0,Within synthetic screening pattern
LOT-012,L012-P077,10.2958,10.6386,10.9355,11.0863,9.917544,0.6276899130409324,0.6026160244753429,1.1487455589444528,1.6217498144400129,1.8619958290197731,0.014283,0.003109,0,0,0,-0.0696,11.58,0.007644,0,Within synthetic screening pattern
LOT-012,L012-P078,10.6143,10.9104,11.0865,11.3919,9.917544,0.6276899130409324,1.1100321759584566,1.5817619167878112,1.8623144576863238,2.348860431510321,0.012337,0.003344,0,0,0,-0.0355,11.3981,0.004665,0,Within synthetic screening pattern
LOT-012,L012-P079,9.8883,10.066,10.3935,10.489,9.917544,0.6276899130409324,-0.046589883623146956,0.23651168660777933,0.758266128085704,0.9104113163640022,0.007404,0.002938,0,0,0,-0.1438,10.4735,0.003483,0,Within synthetic screening pattern
LOT-012,L012-P080,9.8935,10.1054,10.3302,10.732,9.917544,0.6276899130409324,-0.03830553829280991,0.2992815339184043,0.6574201551221843,1.2975451462239576,0.008829,0.004351,0,0,0,-0.1465,10.5243,0.003755,0,Within synthetic screening pattern
LOT-012,L012-P081,10.0302,10.232,10.3822,10.5819,9.917544,0.6276899130409324,0.17947715529507766,0.5009734798454437,0.7402636084255492,1.0584143319771275,0.008408,0.00243,0,0,0,-0.1352,10.6532,0.003708,0,Within synthetic screening pattern
LOT-012,L012-P082,9.6238,9.7656,9.9033,10.3009,9.917544,0.6276899130409324,-0.46797629513738076,-0.24206857055243433,-0.02269273363179063,0.6107410554724046,0.005908,0.003717,0,0,0,-0.1467,10.2404,0.00367,0,Within synthetic screening pattern
LOT-012,L012-P083,9.3307,10.6344,13.4997,18.5086,9.917544,0.6276899130409324,-0.9349266059684641,1.142054356946872,5.706887948295586,13.686783587742264,0.054321,0.054682,0,1,1,0.0662,18.7301,0.055949,1,Dynamic lot outlier + projected drift above safety slope
LOT-012,L012-P084,10.7822,10.9935,11.3602,11.4878,9.917544,0.6276899130409324,1.377520941528361,1.7141521277399203,2.298357787861925,2.5016428771217205,0.008804,0.003433,0,0,0,-0.0237,11.4681,0.004083,0,Within synthetic screening pattern
LOT-012,L012-P085,11.0722,11.2335,11.3315,11.6263,9.917544,0.6276899130409324,1.8395325080279004,2.096506527601607,2.2526345742117972,2.7222932287085695,0.006721,0.002728,0,0,1,0.0158,11.6371,0.003362,0,Dynamic lot-relative outlier
LOT-012,L012-P086,9.5063,10.663,14.348,20.2725,9.917544,0.6276899130409324,-0.6551706367363311,1.1876182562637243,7.058351437473373,16.496929112392383,0.048196,0.066733,0,1,1,0.0644,19.1135,0.057186,1,Dynamic lot outlier + projected drift above safety slope
LOT-012,L012-P087,10.1111,11.1478,15.4273,18.4594,9.917544,0.6276899130409324,0.3083624509151208,1.9599741439843312,8.777831036518032,13.608400935770614,0.043196,0.050775,0,1,1,0.0937,19.2064,0.054139,1,Dynamic lot outlier + projected drift above safety slope
LOT-012,L012-P088,9.9678,10.1846,10.4157,10.6054,9.917544,0.6276899130409324,0.08006501133103873,0.42545848587276114,0.7936339100729097,1.0958532002969181,0.009033,0.002922,0,0,0,-0.1379,10.6318,0.003952,0,Within synthetic screening pattern
LOT-012,L012-P089,10.1662,11.3822,15.3228,21.5368,9.917544,0.6276899130409324,0.39614464855003223,2.333406941182577,8.611347558244924,18.511140227997092,0.050667,0.070518,0,1,1,0.1027,20.8682,0.063702,1,Dynamic lot outlier + projected drift above safety slope
LOT-012,L012-P090,9.7344,9.9205,10.0321,10.2505,9.917544,0.6276899130409324,-0.29177464253445096,0.0047093316916314775,0.1825041276273146,0.5304466315014508,0.007754,0.002292,0,0,0,-0.1597,10.2566,0.003108,0,Within synthetic screening pattern
LOT-012,L012-P091,9.687,9.9501,10.2094,10.3583,9.917544,0.6276899130409324,-0.36728963650713636,0.05186637434123997,0.46496844052513675,0.7021874827726572,0.010963,0.002835,0,0,0,-0.1472,10.4196,0.004361,0,Within synthetic screening pattern
LOT-012,L012-P092,8.5485,9.6266,12.7757,19.0836,9.917544,0.6276899130409324,-2.1810833208510108,-0.46351549380566015,4.553452175379498,14.602841004077554,0.044921,0.065674,0,1,1,0.1,17.2861,0.05201,1,Dynamic lot outlier + projected drift above safety slope
LOT-012,L012-P093,10.9686,11.1122,11.3572,11.4322,9.917544,0.6276899130409324,1.6744828587542722,1.9032582413381802,2.2935783578636535,2.4130641078204293,0.005983,0.002222,0,0,1,0.0003,11.5617,0.00353,0,Dynamic lot-relative outlier
LOT-012,L012-P094,10.082,10.3382,10.5071,10.7438,9.917544,0.6276899130409324,0.2620019799318918,0.6701653017842419,0.9392472106869023,1.3163442375504921,0.010675,0.002817,0,0,0,-0.117,10.7076,0.003724,0,Within synthetic screening pattern
LOT-012,L012-P095,10.0945,10.2369,10.5074,10.6963,9.917544,0.6276899130409324,0.2819162715913535,0.5087798821759548,0.9397251536867312,1.2406699292445342,0.005933,0.00319,0,0,0,-0.1244,10.6444,0.003273,0,Within synthetic screening pattern
LOT-012,L012-P096,9.491,9.7276,10.186,10.2852,9.917544,0.6276899130409324,-0.6795457297275134,-0.302608017197199,0.4276888865386214,0.5857287051481181,0.009858,0.003872,0,0,0,-0.12,10.1974,0.004205,0,Within synthetic screening pattern
LOT-012,L012-P097,9.7375,9.9609,10.2184,10.5502,9.917544,0.6276899130409324,-0.28683589820290434,0.0690723223350154,0.47930673051995054,1.0079116883287316,0.009308,0.004092,0,0,0,-0.1538,10.4586,0.004292,0,Within synthetic screening pattern
LOT-012,L012-P098,10.3122,10.3528,10.542,10.8989,9.917544,0.6276899130409324,0.6287435751325595,0.6934251944424942,0.9948479130001232,1.5634407684611058,0.001692,0.003792,0,0,0,-0.0932,10.8734,0.00334,0,Within synthetic screening pattern
LOT-012,L012-P099,10.4781,10.7391,10.8209,10.9914,9.917544,0.6276899130409324,0.8930460540369486,1.3088564638865345,1.4391755885060584,1.7108065267411325,0.010875,0.001752,0,0,0,-0.0706,11.2682,0.004703,0,Within synthetic screening pattern
LOT-012,L012-P100,10.4452,10.6216,11.0095,11.1423,9.917544,0.6276899130409324,0.8406316383892428,1.1216621222875842,1.7396424210640327,1.9512118556541682,0.00735,0.003616,0,0,0,-0.0721,11.1306,0.00408,0,Within synthetic screening pattern
LOT-013,L013-P001,9.4817,11.0522,13.9732,18.7283,10.508701,6.368956393945462,-0.16125106477040743,0.08533564470886734,0.5439665128330076,1.2905723467998336,0.065437,0.053306,0,1,0,-0.006,18.9371,0.056282,1,Projected 168h drift above safety slope
LOT-013,L013-P002,9.3462,9.637,9.8423,9.9696,10.508701,6.368956393945462,-0.18252613585250985,-0.13686716411320815,-0.10463268372091589,-0.0846451077153688,0.012117,0.00231,0,0,0,-0.1514,10.1747,0.004932,0,Within synthetic screening pattern
LOT-013,L013-P003,9.7285,9.77,10.1534,10.6032,10.508701,6.368956393945462,-0.12250060319798774,-0.11598462201786058,-0.055786376609166535,0.014837438687731139,0.001729,0.005786,0,0,0,-0.1531,10.4718,0.004424,0,Within synthetic screening pattern
LOT-013,L013-P004,9.3763,9.6591,9.5552,9.8003,10.508701,6.368956393945462,-0.17780008685198365,-0.133397207870297,-0.14971071255982069,-0.11122717069839408,0.011783,0.000981,0,0,0,-0.1504,9.9536,0.003436,0,Within synthetic screening pattern
LOT-013,L013-P005,9.1106,9.3194,9.5195,9.6244,10.508701,6.368956393945462,-0.21951806756426862,-0.18673404659051973,-0.15531602649067694,-0.13884551020645175,0.0087,0.002118,0,0,0,-0.1445,9.7473,0.00379,0,Within synthetic screening pattern
LOT-013,L013-P006,9.1754,9.3092,9.4854,9.5138,10.508701,6.368956393945462,-0.20934371622758793,-0.18833556485647862,-0.1606701218700105,-0.1562109925804777,0.005575,0.001421,0,0,0,-0.1456,9.6299,0.002705,0,Within synthetic screening pattern
LOT-013,L013-P007,8.6417,8.7203,8.9534,9.1603,10.508701,6.368956393945462,-0.29314080431997186,-0.2807996929764055,-0.2442002902514013,-0.2117145913075861,0.003275,0.003056,0,0,0,-0.0919,9.1559,0.003061,0,Within synthetic screening pattern
LOT-013,L013-P008,8.4475,8.7218,9.1721,9.4006,10.508701,6.368956393945462,-0.3236324560110736,-0.2805641755843527,-0.209861854490104,-0.17398470510072836,0.011429,0.004714,0,0,0,-0.0884,9.3396,0.00531,0,Within synthetic screening pattern
LOT-013,L013-P009,9.425,9.5731,9.7485,9.938,10.508701,6.368956393945462,-0.17015362219000293,-0.1469002050146572,-0.11936037130395057,-0.08960667410794752,0.006171,0.002534,0,0,0,-0.1596,10.0267,0.003582,0,Within synthetic screening pattern
LOT-013,L013-P010,42.5207,50.9814,69.1396,88.9263,10.508701,6.368956393945462,5.026255012584424,6.354683011878472,9.20573095079383,12.31247227168117,0.352529,0.263506,1,1,1,0.2805,90.1861,0.283723,1,Dynamic lot outlier + projected drift above safety slope
LOT-013,L013-P011,9.67,9.9279,10.2078,10.3305,10.508701,6.368956393945462,-0.13168578148804677,-0.09119249121443655,-0.04724494585738504,-0.027979623187466524,0.010746,0.002796,0,0,0,-0.1625,10.3783,0.004216,0,Within synthetic screening pattern
LOT-013,L013-P012,10.3364,10.3722,10.6489,10.8617,10.508701,6.368956393945462,-0.02705325477872574,-0.02143223968839906,0.02201286856560626,0.05542493591816281,0.001492,0.003399,0,0,0,-0.1514,10.8545,0.003084,0,Within synthetic screening pattern
LOT-013,L013-P013,9.1734,9.3849,9.5924,9.8374,10.508701,6.368956393945462,-0.20965773941699148,-0.17644978713754772,-0.14386988123691133,-0.10540204053495489,0.008812,0.003142,0,0,0,-0.1492,9.8403,0.00397,0,Within synthetic screening pattern
LOT-013,L013-P014,9.2169,9.3467,9.604,9.6416,10.508701,6.368956393945462,-0.2028277350474605,-0.18244763005515882,-0.1420485467383698,-0.1361449107775796,0.005408,0.002048,0,0,0,-0.1486,9.7156,0.002968,0,Within synthetic screening pattern
LOT-013,L013-P015,9.1608,9.305,9.4335,9.4127,10.508701,6.368956393945462,-0.21163608551023508,-0.18899501355422657,-0.16881902363503715,-0.1720848648048361,0.006008,0.000748,0,0,0,-0.143,9.5579,0.002364,0,Within synthetic screening pattern
LOT-013,L013-P016,9.233,9.4212,9.7045,9.8989,10.508701,6.368956393945462,-0.20029984837276055,-0.17075026624987,-0.1262688814708326,-0.09574582746079055,0.007842,0.003317,0,0,0,-0.1527,9.8552,0.003704,0,Within synthetic screening pattern
LOT-013,L013-P017,9.1542,9.2883,9.5102,9.7681,10.508701,6.368956393945462,-0.21267236203526746,-0.1916171071857477,-0.15677623432140447,-0.11628294404779398,0.005588,0.003332,0,0,0,-0.1439,9.734,0.003451,0,Within synthetic screening pattern
LOT-013,L013-P018,10.0842,10.1646,10.4668,10.9758,10.508701,6.368956393945462,-0.06665157896253547,-0.05402784674850559,-0.006578942829602905,0.07333995887364511,0.00335,0.005633,0,0,0,-0.1619,10.7442,0.003929,0,Within synthetic screening pattern
LOT-013,L013-P019,9.4977,9.647,9.9172,10.1154,10.508701,6.368956393945462,-0.15873887925517763,-0.13529704816618954,-0.09287251527774647,-0.061752817207837346,0.006221,0.003253,0,0,0,-0.1621,10.138,0.003811,0,Within synthetic screening pattern
LOT-013,L013-P020,8.8465,8.845,9.074,9.1838,10.508701,6.368956393945462,-0.26098482972503034,-0.26122034711708314,-0.22526469193035678,-0.20802481883209228,-6.3e-05,0.002353,0,0,0,-0.0819,9.2226,0.002239,0,Within synthetic screening pattern
LOT-013,L013-P021,9.5283,9.7539,9.9708,10.1189,10.508701,6.368956393945462,-0.15393432445730068,-0.11851250869256053,-0.08445669380172645,-0.06120327662638071,0.0094,0.002535,0,0,0,-0.161,10.2179,0.004105,0,Within synthetic screening pattern
LOT-013,L013-P022,9.7946,9.8222,10.098,10.2393,10.508701,6.368956393945462,-0.11212213678819456,-0.10778861677442321,-0.06448481895564952,-0.042299080624276474,0.00115,0.002897,0,0,0,-0.1512,10.3335,0.003208,0,Within synthetic screening pattern
LOT-013,L013-P023,9.2562,9.4448,9.6629,9.9255,10.508701,6.368956393945462,-0.19665717937567745,-0.16704479261490604,-0.1328005638104299,-0.09156931904172097,0.007858,0.003338,0,0,0,-0.153,9.8778,0.0037,0,Within synthetic screening pattern
LOT-013,L013-P024,9.3111,9.3664,9.8998,10.0607,10.508701,6.368956393945462,-0.18803724282654521,-0.1793545016395321,-0.09560451702555864,-0.07034135143802901,0.002304,0.004822,0,0,0,-0.1389,9.9091,0.00356,0,Within synthetic screening pattern
LOT-013,L013-P025,9.4476,9.6834,9.8498,10.0806,10.508701,6.368956393945462,-0.16660516014974103,-0.12958182611904168,-0.10345509676065187,-0.06721682070346198,0.009825,0.002758,0,0,0,-0.1613,10.0958,0.003858,0,Within synthetic screening pattern
LOT-013,L013-P026,8.6774,8.6826,8.96,9.2449,10.508701,6.368956393945462,-0.2875354903891153,-0.28671903009666555,-0.24316401372636892,-0.19843141039580856,0.000217,0.003905,0,0,0,-0.0713,9.098,0.002504,0,Within synthetic screening pattern
LOT-013,L013-P027,8.692,8.861,9.1701,9.3594,10.508701,6.368956393945462,-0.28524312110646816,-0.25870816160185334,-0.21017587767950782,-0.18045358280244508,0.007042,0.003461,0,0,0,-0.1134,9.3521,0.003929,0,Within synthetic screening pattern
LOT-013,L013-P028,10.359,10.5126,10.5928,10.9779,10.508701,6.368956393945462,-0.023504792738463554,0.0006121882077426465,0.01320451810283195,0.0736696832225191,0.0064,0.003231,0,0,0,-0.1621,10.9208,0.003344,0,Within synthetic screening pattern
LOT-013,L013-P029,9.2169,9.3741,9.6135,10.1233,10.508701,6.368956393945462,-0.2028277350474605,-0.1781455123603278,-0.14055693658870194,-0.06051242560969246,0.00655,0.005203,0,0,0,-0.1508,9.9441,0.004329,0,Within synthetic screening pattern
LOT-013,L013-P030,9.2187,9.429,9.7486,10.1398,10.508701,6.368956393945462,-0.20254511417699725,-0.16952557581119554,-0.11934467014448041,-0.05792173429711191,0.008763,0.004936,0,0,0,-0.1522,9.8576,0.003803,0,Within synthetic screening pattern
LOT-013,L013-P031,8.2261,8.2217,8.4356,8.9059,10.508701,6.368956393945462,-0.3583948230780658,-0.35908567409475406,-0.32550089398802556,-0.2516583409997397,-0.000183,0.004751,0,0,1,0.0015,8.8677,0.003819,0,Dynamic lot-relative outlier
LOT-013,L013-P032,9.233,9.4363,9.7536,9.8755,10.508701,6.368956393945462,-0.20029984837276055,-0.1683793911698721,-0.11855961217097098,-0.09941989877681393,0.008471,0.00305,0,0,0,-0.1526,9.8666,0.003771,0,Within synthetic screening pattern
LOT-013,L013-P033,9.4872,9.4723,9.7908,9.9093,10.508701,6.368956393945462,-0.16038750099954727,-0.16272697376060485,-0.11271878084806164,-0.09411290687589108,-0.000621,0.003035,0,0,0,-0.1328,9.9022,0.00247,0,Within synthetic screening pattern
LOT-013,L013-P034,9.4438,9.7705,10.0804,10.2154,10.508701,6.368956393945462,-0.1672018042096081,-0.11590611622050954,-0.06724822302240255,-0.04605165773765088,0.013613,0.00309,0,0,0,-0.1484,10.3304,0.005277,0,Within synthetic screening pattern
LOT-013,L013-P035,9.2076,9.3398,9.4224,9.6115,10.508701,6.368956393945462,-0.20428794287818802,-0.18353101005860167,-0.17056185233622795,-0.1408709597781058,0.005508,0.001887,0,0,0,-0.1448,9.6829,0.002829,0,Within synthetic screening pattern
LOT-013,L013-P036,9.3703,9.4092,9.6883,9.9196,10.508701,6.368956393945462,-0.17874215642019486,-0.17263440538629243,-0.12881246930500267,-0.09249568745046176,0.001621,0.003544,0,0,0,-0.1388,9.8584,0.002905,0,Within synthetic screening pattern
LOT-013,L013-P037,9.6976,9.8924,10.1004,10.1099,10.508701,6.368956393945462,-0.12735226147427542,-0.0967664028263525,-0.0641079911283651,-0.06261638097869753,0.008117,0.00151,0,0,0,-0.1662,10.2322,0.003182,0,Within synthetic screening pattern
LOT-013,L013-P038,10.101,10.334,10.4734,10.5277,10.508701,6.368956393945462,-0.06401378417154392,-0.027430082606010167,-0.005542666304570519,0.0029830632877405425,0.009708,0.001345,0,0,0,-0.1656,10.6406,0.003212,0,Within synthetic screening pattern
LOT-013,L013-P039,10.3194,10.5571,10.7525,11.2453,10.508701,6.368956393945462,-0.02972245188865732,0.007599204171975417,0.03827926977671923,0.11565458364579714,0.009904,0.004779,0,0,0,-0.1601,11.0903,0.004589,0,Within synthetic screening pattern
LOT-013,L013-P040,8.8372,8.946,9.2588,9.3681,10.508701,6.368956393945462,-0.2624450375557579,-0.24536217605219518,-0.19624894922945244,-0.179087581928539,0.004533,0.002931,0,0,0,-0.1123,9.3786,0.003223,0,Within synthetic screening pattern
LOT-013,L013-P041,10.1673,10.1694,10.3676,10.5375,10.508701,6.368956393945462,-0.053603915442810714,-0.05327419109393673,-0.022154493024027614,0.004521776915818834,8.8e-05,0.002556,0,0,0,-0.1468,10.5626,0.002353,0,Within synthetic screening pattern
LOT-013,L013-P042,9.0253,9.1062,9.4523,9.5147,10.508701,6.368956393945462,-0.2329111565923375,-0.22020891858095687,-0.1658672056546423,-0.15606968214524605,0.003371,0.002837,0,0,0,-0.1273,9.5631,0.003201,0,Within synthetic screening pattern
LOT-013,L013-P043,9.2598,9.3872,9.5674,9.7021,10.508701,6.368956393945462,-0.19609193763475066,-0.17608866046973345,-0.14779517110445795,-0.126645709298117,0.005308,0.002187,0,0,0,-0.1477,9.8525,0.003528,0,Within synthetic screening pattern
LOT-013,L013-P044,9.1522,9.2234,9.5962,9.845,10.508701,6.368956393945462,-0.21298638522467103,-0.20180715968189852,-0.14327323717704427,-0.10420875241522073,0.002967,0.004317,0,0,0,-0.1368,9.7189,0.003373,0,Within synthetic screening pattern
LOT-013,L013-P045,10.2684,10.383,10.6652,10.6248,10.508701,6.368956393945462,-0.037730043218452324,-0.01973651446561899,0.024572157559246792,0.018228889133291553,0.004775,0.001679,0,0,0,-0.1631,10.8867,0.00368,0,Within synthetic screening pattern
LOT-013,L013-P046,10.0741,10.3326,10.6101,10.671,10.508701,6.368956393945462,-0.06823739606902421,-0.027649898838592823,0.015920818691173975,0.025482824808517424,0.010771,0.00235,0,0,0,-0.1652,10.6983,0.003715,0,Within synthetic screening pattern
LOT-013,L013-P047,9.1026,9.1013,9.3162,9.4934,10.508701,6.368956393945462,-0.22077416032188338,-0.22097827539499587,-0.18723648369356563,-0.15941402911239574,-5.4e-05,0.002723,0,0,0,-0.1034,9.5636,0.002744,0,Within synthetic screening pattern
LOT-013,L013-P048,9.7233,9.9913,10.2032,10.5223,10.508701,6.368956393945462,-0.12331706349043747,-0.08123795611033824,-0.0479671991930136,0.0021352006763505093,0.011167,0.003687,0,0,0,-0.1639,10.4447,0.004294,0,Within synthetic screening pattern
LOT-013,L013-P049,10.1672,10.3502,10.7094,10.9024,10.508701,6.368956393945462,-0.053619616602280866,-0.02488649477184007,0.03151207004506911,0.0618153078225285,0.007625,0.003835,0,0,0,-0.1659,10.8944,0.004329,0,Within synthetic screening pattern
LOT-013,L013-P050,8.0455,8.0663,8.2488,8.4304,10.508701,6.368956393945462,-0.3867511170812222,-0.3834852759114235,-0.35483065987833373,-0.3263173542804753,0.000867,0.002528,0,0,1,0.0175,8.5392,0.002939,0,Dynamic lot-relative outlier
LOT-013,L013-P051,8.7835,9.0972,9.2571,9.5077,10.508701,6.368956393945462,-0.2708765601912478,-0.2216220229332734,-0.19651586894044581,-0.15716876330815904,0.013071,0.002851,0,0,0,-0.1064,9.5041,0.004289,0,Within synthetic screening pattern
LOT-013,L013-P052,9.3076,9.478,9.7374,9.7722,10.508701,6.368956393945462,-0.18858678340800156,-0.16183200767080438,-0.12110320000514135,-0.11563919650951644,0.0071,0.002043,0,0,0,-0.155,9.8969,0.003508,0,Within synthetic screening pattern
LOT-013,L013-P053,8.8135,9.0452,9.1853,9.5105,10.508701,6.368956393945462,-0.266166212350192,-0.22978662585777046,-0.2077893014400395,-0.15672913084299375,0.009654,0.003231,0,0,0,-0.1168,9.4658,0.003883,0,Within synthetic screening pattern
LOT-013,L013-P054,9.4361,9.6291,9.7729,9.9613,10.508701,6.368956393945462,-0.1684107934888124,-0.13810755571135302,-0.11552928839322513,-0.0859483039513943,0.008042,0.002307,0,0,0,-0.1599,10.0294,0.003532,0,Within synthetic screening pattern
LOT-013,L013-P055,9.6673,9.9011,10.1678,10.4859,10.508701,6.368956393945462,-0.13210971279374192,-0.09540040195244641,-0.05352540964545969,-0.0035800213707970715,0.009742,0.004061,0,0,0,-0.1641,10.3302,0.003946,0,Within synthetic screening pattern
LOT-013,L013-P056,9.5615,9.8012,9.9834,10.1676,10.508701,6.368956393945462,-0.14872153951319875,-0.11108586026316244,-0.08247834770848313,-0.053556811964399986,0.009987,0.002544,0,0,0,-0.1631,10.2167,0.0039,0,Within synthetic screening pattern
LOT-013,L013-P057,9.0747,9.3886,9.6828,10.0055,10.508701,6.368956393945462,-0.22515478381406545,-0.1758688442371508,-0.12967603307586287,-0.07900839146557197,0.013079,0.004284,0,0,0,-0.1339,9.9405,0.005154,0,Within synthetic screening pattern
LOT-013,L013-P058,8.5334,8.8805,9.2012,9.3663,10.508701,6.368956393945462,-0.31014516002618353,-0.2556464355051672,-0.20529281708427985,-0.17937020279900226,0.014462,0.003374,0,0,0,-0.0882,9.3127,0.004639,0,Within synthetic screening pattern
LOT-013,L013-P059,9.2475,9.4276,9.5231,9.7724,10.508701,6.368956393945462,-0.19802318024958354,-0.1697453920437782,-0.15475078474975043,-0.11560779419057615,0.007504,0.002394,0,0,0,-0.1511,9.8461,0.003563,0,Within synthetic screening pattern
LOT-013,L013-P060,9.7845,9.8766,9.9549,10.0312,10.508701,6.368956393945462,-0.11370795389468358,-0.099247186022642,-0.0869531781574861,-0.07497319348173404,0.003838,0.001074,0,0,0,-0.1616,10.3515,0.003375,0,Within synthetic screening pattern
LOT-013,L013-P061,9.1314,10.5223,15.0007,18.5846,10.508701,6.368956393945462,-0.21625222639446995,0.0021352006763505093,0.7052959263891713,1.2680097806411756,0.057954,0.055988,0,1,0,-0.0076,18.4931,0.055724,1,Projected 168h drift above safety slope
LOT-013,L013-P062,8.9812,10.6108,14.5187,20.8285,10.508701,6.368956393945462,-0.23983536791868967,0.0160307268074653,0.6296163377428736,1.6203280979926846,0.0679,0.070956,0,1,1,0.014,20.0737,0.066027,1,Dynamic lot outlier + projected drift above safety slope
LOT-013,L013-P063,9.772,9.9164,10.3718,10.4905,10.508701,6.368956393945462,-0.11567059882845675,-0.09299812455350794,-0.021495044326279657,-0.002857768035168514,0.006017,0.003987,0,0,0,-0.164,10.3433,0.003401,0,Within synthetic screening pattern
LOT-013,L013-P064,10.4435,10.8827,11.2222,11.4825,10.508701,6.368956393945462,-0.010237312986156141,0.05872217940690176,0.11202761580818421,0.15289773390907885,0.0183,0.004165,0,0,0,-0.1286,11.3939,0.005657,0,Within synthetic screening pattern
LOT-013,L013-P065,9.7646,9.9716,10.1624,10.4599,10.508701,6.368956393945462,-0.11683248462925061,-0.08433108452596498,-0.05437327225684972,-0.007662322833045742,0.008625,0.003391,0,0,0,-0.1673,10.4717,0.004209,0,Within synthetic screening pattern
LOT-013,L013-P066,9.3529,9.5242,9.7364,9.8199,10.508701,6.368956393945462,-0.18147415816800733,-0.15457807199557821,-0.12126021159984313,-0.10814974344223749,0.007138,0.002053,0,0,0,-0.1562,9.9129,0.003333,0,Within synthetic screening pattern
LOT-013,L013-P067,9.4251,9.7373,10.0496,10.2736,10.508701,6.368956393945462,-0.17013792103053277,-0.1211189011646115,-0.0720841801392198,-0.03691358292600259,0.013008,0.003724,0,0,0,-0.1498,10.2277,0.004777,0,Within synthetic screening pattern
LOT-013,L013-P068,9.6045,9.792,9.9384,10.0553,10.508701,6.368956393945462,-0.14197004094101875,-0.11253036693441956,-0.08954386947006693,-0.07118921404941904,0.007812,0.001828,0,0,0,-0.1627,10.2009,0.00355,0,Within synthetic screening pattern
LOT-013,L013-P069,10.2656,10.3819,10.636,10.8795,10.508701,6.368956393945462,-0.03816967568361763,-0.019909227219790916,0.019987418993952216,0.05821974230385586,0.004846,0.003456,0,0,0,-0.1639,10.8808,0.003662,0,Within synthetic screening pattern
LOT-013,L013-P070,9.1483,9.4034,9.5311,9.7618,10.508701,6.368956393945462,-0.21359873044400826,-0.17354507263556335,-0.1534946919921354,-0.11727211709441591,0.010629,0.002489,0,0,0,-0.1455,9.8087,0.003931,0,Within synthetic screening pattern
LOT-013,L013-P071,8.7115,8.9837,9.112,9.3588,10.508701,6.368956393945462,-0.282181395009782,-0.23944283893193483,-0.21929825133168596,-0.18054778975926628,0.011342,0.002605,0,0,0,-0.1067,9.4008,0.004103,0,Within synthetic screening pattern
LOT-013,L013-P072,8.7461,8.8729,9.0202,9.0767,10.508701,6.368956393945462,-0.2767487938330974,-0.2568397236249014,-0.2337119157253168,-0.22484076062466163,0.005283,0.001415,0,0,0,-0.1068,9.158,0.002452,0,Within synthetic screening pattern
LOT-013,L013-P073,9.0523,9.3235,9.4898,9.6839,10.508701,6.368956393945462,-0.22867184353538705,-0.1860902990522422,-0.15997927085332225,-0.12950332032169093,0.0113,0.002503,0,0,0,-0.1375,9.7256,0.004008,0,Within synthetic screening pattern
LOT-013,L013-P074,9.5839,9.6697,9.9423,10.1561,10.508701,6.368956393945462,-0.14520447979187712,-0.13173288496645721,-0.0889315242507297,-0.055362445303471376,0.003575,0.003378,0,0,0,-0.1587,10.1355,0.003283,0,Within synthetic screening pattern
LOT-013,L013-P075,10.3664,10.5346,10.881,11.106,10.508701,6.368956393945462,-0.02234290693766969,0.004066443291183379,0.058455259695908666,0.09378286850382765,0.007008,0.003968,0,0,0,-0.1594,10.9116,0.003245,0,Within synthetic screening pattern
LOT-013,L013-P076,9.5594,9.6085,9.9553,10.1442,10.508701,6.368956393945462,-0.1490512638620727,-0.1413419945622114,-0.0868903735196055,-0.057230883280423646,0.002046,0.00372,0,0,0,-0.1491,10.0928,0.003175,0,Within synthetic screening pattern
LOT-013,L013-P077,9.2015,9.2242,9.4155,9.4521,10.508701,6.368956393945462,-0.20524571360586938,-0.20168155040613706,-0.17164523233967077,-0.1658986079735826,0.000946,0.001583,0,0,0,-0.1214,9.5391,0.00201,0,Within synthetic screening pattern
LOT-013,L013-P078,9.1324,9.3245,9.7708,9.9092,10.508701,6.368956393945462,-0.2160952147997679,-0.18593328745754015,-0.1158590127420991,-0.09412860803536123,0.008004,0.00406,0,0,0,-0.1478,9.7993,0.00397,0,Within synthetic screening pattern
LOT-013,L013-P079,8.822,9.0676,9.3994,9.6948,10.508701,6.368956393945462,-0.2648316137952262,-0.22626956613644858,-0.17417311901437071,-0.12779189393944043,0.010233,0.004356,0,0,0,-0.1234,9.4142,0.003525,0,Within synthetic screening pattern
LOT-013,L013-P080,9.9839,10.1355,10.3965,10.7261,10.508701,6.368956393945462,-0.0823998419111321,-0.05859688415432974,-0.01761685793714377,0.03413416367659024,0.006317,0.004101,0,0,0,-0.1653,10.6449,0.003935,0,Within synthetic screening pattern
LOT-013,L013-P081,9.646,9.7184,9.8823,10.22,10.508701,6.368956393945462,-0.1354540597608913,-0.12408642030447649,-0.09835221993284124,-0.04532940440202232,0.003017,0.003483,0,0,0,-0.1577,10.2161,0.003393,0,Within synthetic screening pattern
LOT-013,L013-P082,9.8811,10.1558,10.3366,10.6362,10.508701,6.368956393945462,-0.0985406338464836,-0.055409548781882104,-0.027021852459785164,0.020018821312892794,0.011446,0.003336,0,0,0,-0.1617,10.5808,0.004165,0,Within synthetic screening pattern
LOT-013,L013-P083,9.4352,9.8266,10.1364,10.3413,10.508701,6.368956393945462,-0.16855210392404404,-0.10709776575773523,-0.05845557371909811,-0.026283897964686456,0.016308,0.003574,0,0,0,-0.139,10.5388,0.006569,0,Within synthetic screening pattern
LOT-013,L013-P084,9.7269,9.8342,10.0803,10.3565,10.508701,6.368956393945462,-0.1227518217495107,-0.10590447763800108,-0.0672639241818727,-0.02389732172521813,0.004471,0.003627,0,0,0,-0.1647,10.323,0.003548,0,Within synthetic screening pattern
LOT-013,L013-P085,9.7805,10.0299,10.2301,10.4878,10.508701,6.368956393945462,-0.11433600027349096,-0.07517730855484653,-0.043743587295533584,-0.00328169934086367,0.010392,0.00318,0,0,0,-0.1658,10.3343,0.003296,0,Within synthetic screening pattern
LOT-013,L013-P086,8.5708,8.684,9.1077,9.2005,10.508701,6.368956393945462,-0.3042729263843339,-0.2864992138640832,-0.21997340118890407,-0.20540272520057118,0.004717,0.003587,0,0,0,-0.0919,9.1739,0.00359,0,Within synthetic screening pattern
LOT-013,L013-P087,10.0274,10.1004,10.4841,10.839,10.508701,6.368956393945462,-0.07556983754160111,-0.0641079911283651,-0.0038626422412606017,0.051860772718430474,0.003042,0.005129,0,0,0,-0.1608,10.6645,0.003792,0,Within synthetic screening pattern
LOT-013,L013-P088,9.5184,9.5947,9.779,9.9024,10.508701,6.368956393945462,-0.15548873924484913,-0.14350875456909706,-0.11457151766554376,-0.09519628687933392,0.003179,0.002137,0,0,0,-0.1546,10.0082,0.002915,0,Within synthetic screening pattern
LOT-013,L013-P089,9.3036,9.5047,9.7507,10.0252,10.508701,6.368956393945462,-0.18921482978680923,-0.15763979809226467,-0.11901494579560642,-0.07591526304994524,0.008379,0.003615,0,0,0,-0.1553,9.9585,0.003898,0,Within synthetic screening pattern
LOT-013,L013-P090,47.7201,64.7506,76.8464,91.0573,10.508701,6.368956393945462,5.842621098077288,8.516607061647356,10.415787908842143,12.64706397999084,0.709604,0.182685,1,1,1,0.2995,112.7921,0.387333,1,Dynamic lot outlier + projected drift above safety slope
LOT-013,L013-P091,9.401,9.5867,9.9106,9.9962,10.508701,6.368956393945462,-0.17392190046284778,-0.14476484732671183,-0.09390879180277857,-0.08046859929629924,0.007738,0.002844,0,0,0,-0.1585,10.0105,0.003628,0,Within synthetic screening pattern
LOT-013,L013-P092,48.7724,57.6481,77.1559,110.1921,10.508701,6.368956393945462,6.007844399182058,7.4014322102773775,10.46438299740237,15.651449442292035,0.369821,0.364889,1,1,1,0.29,106.1655,0.341626,1,Dynamic lot outlier + projected drift above safety slope
LOT-013,L013-P093,9.3978,9.5308,9.8039,9.8905,10.508701,6.368956393945462,-0.17442433756589368,-0.1535417954705461,-0.11066192895746729,-0.09706472485628619,0.005542,0.002498,0,0,0,-0.156,9.9355,0.003201,0,Within synthetic screening pattern
LOT-013,L013-P094,9.5338,9.6862,9.7491,9.8317,10.508701,6.368956393945462,-0.15307076068644052,-0.12914219365387666,-0.11926616434712939,-0.10629700662475565,0.00635,0.00101,0,0,0,-0.1606,10.0432,0.003032,0,Within synthetic screening pattern
LOT-013,L013-P095,9.5364,9.7997,9.9231,10.1712,10.508701,6.368956393945462,-0.1526625305402155,-0.11132137765521526,-0.0919461468690054,-0.0529915702234732,0.010971,0.00258,0,0,0,-0.1602,10.2095,0.004007,0,Within synthetic screening pattern
LOT-013,L013-P096,8.9001,8.9573,9.162,9.2774,10.508701,6.368956393945462,-0.2525690082490106,-0.24358794503206407,-0.21144767159659272,-0.19332853356799792,0.002383,0.002223,0,0,0,-0.1057,9.3723,0.002811,0,Within synthetic screening pattern
LOT-013,L013-P097,9.8102,9.981,10.2458,10.3696,10.508701,6.368956393945462,-0.10967275591084563,-0.08285517553576756,-0.041278505258714515,-0.021840469834623785,0.007117,0.002699,0,0,0,-0.1668,10.4238,0.003652,0,Within synthetic screening pattern
LOT-013,L013-P098,9.4615,9.7175,10.0947,10.1505,10.508701,6.368956393945462,-0.1644226989833852,-0.12422773073970839,-0.06500295721816586,-0.05624171023380199,0.010667,0.003007,0,0,0,-0.1586,10.1593,0.004154,0,Within synthetic screening pattern
LOT-013,L013-P099,9.7809,9.9851,10.1803,10.5672,10.508701,6.368956393945462,-0.11427319563561009,-0.08221142799749002,-0.05156276471168624,0.009185021278464156,0.008508,0.004042,0,0,0,-0.1672,10.4764,0.00414,0,Within synthetic screening pattern
LOT-013,L013-P100,9.3705,9.4568,9.5828,9.7856,10.508701,6.368956393945462,-0.17871075410125456,-0.1651606534784839,-0.14537719254604906,-0.11353524114051138,0.003596,0.002283,0,0,0,-0.1479,9.8244,0.002702,0,Within synthetic screening pattern
LOT-014,L014-P001,9.7573,9.8986,10.144,10.3424,9.638906,0.5038828922026877,0.23496332547122112,0.5153856263402119,1.0024035501424107,1.3961458324665994,0.005887,0.003082,0,0,0,-0.1164,10.3578,0.003574,0,Within synthetic screening pattern
LOT-014,L014-P002,10.0996,10.3858,10.8567,11.0204,9.638906,0.5038828922026877,0.9142878377674416,1.4822769567250162,2.4168195008100017,2.7416965754897906,0.011925,0.004407,0,0,0,-0.0356,10.8257,0.004322,0,Within synthetic screening pattern
LOT-014,L014-P003,9.0048,9.123,9.2859,9.5584,9.638906,0.5038828922026877,-1.2584392322351974,-1.0238609168585884,-0.7005715126720424,-0.15977125091124564,0.004925,0.003024,0,0,0,-0.0241,9.6259,0.003697,0,Within synthetic screening pattern
LOT-014,L014-P004,9.9781,10.0395,10.2519,10.2843,9.638906,0.5038828922026877,0.6731603816062043,0.7950140919625831,1.216540607918518,1.2808412628948491,0.002558,0.0017,0,0,0,-0.083,10.411,0.002577,0,Within synthetic screening pattern
LOT-014,L014-P005,9.8022,9.9937,10.3308,10.4057,9.638906,0.5038828922026877,0.3240713319044645,0.7041199562244388,1.373124610314581,1.521770260244428,0.007979,0.002861,0,0,0,-0.0956,10.4065,0.003597,0,Within synthetic screening pattern
LOT-014,L014-P006,8.9533,9.1042,9.5253,9.7965,9.638906,0.5038828922026877,-1.3606455202376941,-1.0611711734497895,-0.2254611175691644,0.31275917964011196,0.006288,0.004808,0,0,0,-0.0395,9.6952,0.004416,0,Within synthetic screening pattern
LOT-014,L014-P007,8.7517,9.7522,13.0791,16.8008,9.638906,0.5038828922026877,-1.7607384845348566,0.22484192607679782,6.827368131038226,14.213409724414925,0.041688,0.048949,0,1,1,0.0957,17.29,0.050823,1,Dynamic lot outlier + projected drift above safety slope
LOT-014,L014-P008,9.6649,9.7481,10.1572,10.4449,9.638906,0.5038828922026877,0.05158738350168641,0.21670511479893032,1.0286001132809142,1.5995661144133224,0.003467,0.004839,0,0,0,-0.1232,10.299,0.003774,0,Within synthetic screening pattern
LOT-014,L014-P009,9.8469,10.1112,10.2885,10.4783,9.638906,0.5038828922026877,0.4127824207144017,0.93730905991946,1.289176532984375,1.6658513575062057,0.011013,0.002549,0,0,0,-0.0877,10.5547,0.004213,0,Within synthetic screening pattern
LOT-014,L014-P010,9.9617,10.2351,10.4828,10.8106,9.638906,0.5038828922026877,0.6406131364947307,1.1831995275604215,1.6747820040306929,2.3253299886368928,0.011392,0.003997,0,0,0,-0.0708,10.7027,0.004411,0,Within synthetic screening pattern
LOT-014,L014-P011,10.2538,10.4873,10.7333,10.7441,9.638906,0.5038828922026877,1.220311325339971,1.6837126505551834,2.171921327227315,2.193354878886091,0.009729,0.001783,0,0,0,-0.0262,10.8562,0.003586,0,Within synthetic screening pattern
LOT-014,L014-P012,9.0059,9.1478,9.3679,9.5321,9.638906,0.5038828922026877,-1.2562561853069867,-0.974643131568063,-0.5378352871146641,-0.21196591837660117,0.005912,0.002669,0,0,0,-0.0363,9.5985,0.003527,0,Within synthetic screening pattern
LOT-014,L014-P013,8.9829,10.756,13.6434,17.8538,9.638906,0.5038828922026877,-1.3019017119877137,2.216971477473077,7.9472712052092955,16.303181011145632,0.073879,0.04929,0,1,1,0.1329,18.4876,0.056576,1,Dynamic lot outlier + projected drift above safety slope
LOT-014,L014-P014,10.275,10.4621,10.8095,11.215,9.638906,0.5038828922026877,1.2623845934109035,1.6337010300180386,2.323146941708682,3.1278974229710763,0.007796,0.005228,0,0,0,-0.022,10.8832,0.00362,0,Within synthetic screening pattern
LOT-014,L014-P015,10.0475,10.1955,10.4584,10.6521,9.638906,0.5038828922026877,0.8108907968950084,1.1046098381449074,1.6263580539867906,2.0107727721631825,0.006167,0.003171,0,0,0,-0.0715,10.6367,0.003507,0,Within synthetic screening pattern
LOT-014,L014-P016,9.4048,9.5445,9.8506,9.89,9.638906,0.5038828922026877,-0.46460398561384597,-0.18735702573134025,0.4201253967456497,0.4983181685378538,0.005821,0.002399,0,0,0,-0.1279,9.9611,0.003311,0,Within synthetic screening pattern
LOT-014,L014-P017,9.2665,9.4475,9.5778,9.7513,9.638906,0.5038828922026877,-0.7390725221331763,-0.37986207303701686,-0.12127024145011171,0.2230557967719004,0.007542,0.00211,0,0,0,-0.1186,9.8274,0.003339,0,Within synthetic screening pattern
LOT-014,L014-P018,10.4549,10.6722,11.0012,11.0312,9.638906,0.5038828922026877,1.6194119955788557,2.050662993305904,2.703592483651966,2.763130127148566,0.009054,0.002493,0,0,1,0.012,11.1192,0.003954,0,Dynamic lot-relative outlier
LOT-014,L014-P019,9.7115,9.7774,10.0668,10.3497,9.638906,0.5038828922026877,0.14406918973307326,0.2748535466139427,0.8491933475444909,1.4106333257174406,0.002746,0.003974,0,0,0,-0.1233,10.3198,0.003621,0,Within synthetic screening pattern
LOT-014,L014-P020,9.4193,11.2114,13.9721,19.7584,9.638906,0.5038828922026877,-0.43582745792382205,3.120752905751483,8.59960531912039,20.083027537933198,0.074671,0.059354,0,1,1,0.137,20.0734,0.063417,1,Dynamic lot outlier + projected drift above safety slope
LOT-014,L014-P021,10.2861,10.4644,10.8164,10.7795,9.638906,0.5038828922026877,1.284413521504644,1.6382655826861112,2.3368405997129003,2.2636092982120823,0.007429,0.002188,0,0,0,-0.0212,10.8626,0.003432,0,Within synthetic screening pattern
LOT-014,L014-P022,9.355,10.2688,13.5907,18.8582,9.638906,0.5038828922026877,-0.5634364738182029,1.250080147088273,7.8426834114669335,18.296501315411845,0.038075,0.059649,0,1,1,0.0797,18.7295,0.055801,1,Dynamic lot outlier + projected drift above safety slope
LOT-014,L014-P023,9.9326,10.0642,10.3639,10.6177,9.638906,0.5038828922026877,0.5828616223030281,0.8440334184414501,1.4388144769724964,1.9425029409537433,0.005483,0.003844,0,0,0,-0.085,10.5138,0.00346,0,Within synthetic screening pattern
LOT-014,L014-P024,10.0784,10.1603,10.3263,10.529,9.638906,0.5038828922026877,0.8722145696965093,1.0347523364422293,1.3641939637900906,1.7664699750154602,0.003412,0.00256,0,0,0,-0.0661,10.673,0.003539,0,Within synthetic screening pattern
LOT-014,L014-P025,9.1997,9.3488,9.3783,9.7173,9.638906,0.5038828922026877,-0.8716430083189431,-0.5757409201408333,-0.5171955707025112,0.15557980080908423,0.006213,0.002559,0,0,0,-0.0819,9.7257,0.003131,0,Within synthetic screening pattern
LOT-014,L014-P026,9.0502,9.1992,9.3395,9.5739,9.638906,0.5038828922026877,-1.1683389317436725,-0.8726353023772211,-0.5941975896247826,-0.12901013510466947,0.006208,0.002602,0,0,0,-0.0386,9.6165,0.003371,0,Within synthetic screening pattern
LOT-014,L014-P027,9.2348,9.4022,9.683,9.823,9.638906,0.5038828922026877,-0.8019839654279198,-0.4697639147168833,0.08750842841130342,0.36535076472877726,0.006975,0.002922,0,0,0,-0.1024,9.7879,0.003292,0,Within synthetic screening pattern
LOT-014,L014-P028,9.8183,10.1611,10.447,10.6191,9.638906,0.5038828922026877,0.356023200580977,1.0363400069354718,1.603733749458082,1.9452813643169187,0.014283,0.003181,0,0,0,-0.0669,10.6204,0.004774,0,Within synthetic screening pattern
LOT-014,L014-P029,9.8828,11.5617,14.6916,18.143,9.638906,0.5038828922026877,0.48402913409866755,3.8159541229801324,10.027516468980544,16.877123894452872,0.069954,0.045703,0,1,1,0.1486,19.0021,0.054282,1,Dynamic lot outlier + projected drift above safety slope
LOT-014,L014-P030,9.5375,9.7242,10.0653,10.2469,9.638906,0.5038828922026877,-0.20124914254721324,0.16927345881330233,0.8462164653696608,1.206617667335753,0.007779,0.00363,0,0,0,-0.1324,10.2069,0.003985,0,Within synthetic screening pattern
LOT-014,L014-P031,9.2083,9.422,9.6756,9.9667,9.638906,0.5038828922026877,-0.8545755505165851,-0.4304690700091263,0.07282247634880741,0.6505360770774956,0.008904,0.003783,0,0,0,-0.1032,9.9054,0.004149,0,Within synthetic screening pattern
LOT-014,L014-P032,9.8048,9.9997,10.3416,10.6435,9.638906,0.5038828922026877,0.3292312610075054,0.7160274849237594,1.394558161973357,1.993705314360821,0.008121,0.004471,0,0,0,-0.0904,10.4764,0.003998,0,Within synthetic screening pattern
LOT-014,L014-P033,10.0902,10.1886,10.4067,10.4611,9.638906,0.5038828922026877,0.8956327094718375,1.0909161801406895,1.5237548483609837,1.6317164419014862,0.0041,0.001892,0,0,0,-0.0655,10.5229,0.002576,0,Within synthetic screening pattern
LOT-014,L014-P034,9.6212,9.9186,10.2191,10.4627,9.638906,0.5038828922026877,-0.03513911719169496,0.5550773886712785,1.1514461176955673,1.6348917828879712,0.012392,0.003778,0,0,0,-0.1057,10.2033,0.003465,0,Within synthetic screening pattern
LOT-014,L014-P035,9.3561,9.4636,9.6413,9.8064,9.638906,0.5038828922026877,-0.5612534268899958,-0.3479102043605079,0.004751103951026595,0.3324066019939904,0.004479,0.002381,0,0,0,-0.1268,9.8342,0.002846,0,Within synthetic screening pattern
LOT-014,L014-P036,9.6315,9.6962,10.0421,10.3548,9.638906,0.5038828922026877,-0.014697859591193473,0.11370499154980687,0.8001740210656204,1.4207547251118604,0.002696,0.004574,0,0,0,-0.1291,10.1492,0.003082,0,Within synthetic screening pattern
LOT-014,L014-P037,9.8113,10.975,14.9881,18.8889,9.638906,0.5038828922026877,0.3421310837651005,2.6515962749982656,10.61594684553862,18.357428170590033,0.048488,0.054958,0,1,1,0.1175,19.1699,0.055706,1,Dynamic lot outlier + projected drift above safety slope
LOT-014,L014-P038,10.1486,10.4945,10.6658,10.9349,9.638906,0.5038828922026877,1.011532655478556,1.6980016849943695,2.037961629359964,2.5720142915244772,0.014413,0.003058,0,0,0,-0.0238,11.0062,0.005105,0,Within synthetic screening pattern
LOT-014,L014-P039,9.1837,9.5496,9.7468,10.0425,9.638906,0.5038828922026877,-0.9033964181837972,-0.17723562633691695,0.21412515024740988,0.8009678563122434,0.015246,0.003423,0,0,0,-0.0846,10.0015,0.004868,0,Within synthetic screening pattern
LOT-014,L014-P040,9.6912,9.9035,10.1992,10.2565,9.638906,0.5038828922026877,0.10378205096704196,0.5251101081113219,1.1119528141761554,1.2256697132546668,0.008846,0.002451,0,0,0,-0.116,10.3025,0.003639,0,Within synthetic screening pattern
LOT-014,L014-P041,9.5015,9.6401,9.952,10.2913,9.638906,0.5038828922026877,-0.272694314743134,0.0023695982111645677,0.621362631764162,1.294733379710722,0.005775,0.004522,0,0,0,-0.1425,10.1265,0.00372,0,Within synthetic screening pattern
LOT-014,L014-P042,9.8036,9.881,10.2027,10.4205,9.638906,0.5038828922026877,0.3268497552676398,0.4804568754888728,1.1188988725840938,1.55114216436942,0.003225,0.003747,0,0,0,-0.1021,10.3611,0.003318,0,Within synthetic screening pattern
LOT-014,L014-P043,9.624,10.6954,14.9056,19.1183,9.638906,0.5038828922026877,-0.02958227046534436,2.0967054376099408,10.452218325922967,18.81269268452738,0.044642,0.058492,0,1,1,0.0981,18.6681,0.053834,1,Dynamic lot outlier + projected drift above safety slope
LOT-014,L014-P044,9.2671,9.438,9.6737,9.8572,9.638906,0.5038828922026877,-0.7378817692632471,-0.3987156601442723,0.06905175892735772,0.4332236783149032,0.007121,0.002911,0,0,0,-0.1145,9.8708,0.003593,0,Within synthetic screening pattern
LOT-014,L014-P045,10.2496,10.4795,10.5641,10.6607,9.638906,0.5038828922026877,1.2119760552504453,1.668232863246068,1.8361290179064835,2.0278402299655407,0.009579,0.001258,0,0,0,-0.0345,10.8011,0.003283,0,Within synthetic screening pattern
LOT-014,L014-P046,11.1842,11.2811,11.3958,11.6692,9.638906,0.5038828922026877,3.0667721089812336,3.2590786974752555,3.486710954443926,4.029297345509621,0.004037,0.002695,0,0,1,0.1008,11.809,0.003719,0,Dynamic lot-relative outlier
LOT-014,L014-P047,9.7392,9.8918,10.0818,10.0854,9.638906,0.5038828922026877,0.1990422805616041,0.5018904271476486,0.8789621692927893,0.8861066865123823,0.006358,0.001344,0,0,0,-0.1231,10.2598,0.003099,0,Within synthetic screening pattern
LOT-014,L014-P048,8.7208,8.7809,9.1207,9.4332,9.638906,0.5038828922026877,-1.822062257336354,-1.7027885115314956,-1.0284254695266613,-0.408241683103731,0.002504,0.00453,0,0,1,0.0694,9.2903,0.00339,0,Dynamic lot-relative outlier
LOT-014,L014-P049,10.069,10.135,10.2042,10.5225,9.638906,0.5038828922026877,0.8535594414009088,0.9845422570934296,1.121875754758924,1.753570152257865,0.00275,0.002691,0,0,0,-0.0721,10.5922,0.003114,0,Within synthetic screening pattern
LOT-014,L014-P050,9.3215,9.4673,9.6914,9.8726,9.638906,0.5038828922026877,-0.6299201757227412,-0.3405672283292599,0.10417896859035171,0.4637863353098245,0.006075,0.002815,0,0,0,-0.1205,9.8485,0.003137,0,Within synthetic screening pattern
LOT-014,L014-P051,9.9508,10.1421,10.602,10.6634,9.638906,0.5038828922026877,0.6189811260242964,0.9986328327209574,1.9113449075238576,2.033198617880233,0.007971,0.00362,0,0,0,-0.0746,10.6193,0.003979,0,Within synthetic screening pattern
LOT-014,L014-P052,10.2151,10.4008,10.8566,10.9128,9.638906,0.5038828922026877,1.1435077652293546,1.512045778473318,2.416621041998347,2.528154894148648,0.007738,0.003556,0,0,0,-0.0294,10.9445,0.004342,0,Within synthetic screening pattern
LOT-014,L014-P053,9.0907,9.3058,9.726,9.9224,9.638906,0.5038828922026877,-1.0879631130232612,-0.6610782091526306,0.17284571742310068,0.5626188235141815,0.008962,0.004282,0,0,0,-0.0718,9.8052,0.004253,0,Within synthetic screening pattern
LOT-014,L014-P054,8.7416,8.9213,9.0123,9.1458,9.638906,0.5038828922026877,-1.780782824512045,-1.4241523399674023,-1.2435548213610463,-0.9786123078011711,0.007488,0.001559,0,0,1,0.0545,9.2873,0.003248,0,Dynamic lot-relative outlier
LOT-014,L014-P055,9.4004,9.5384,9.6051,9.8311,9.638906,0.5038828922026877,-0.4733361733266816,-0.19946301324231583,-0.06709098586820389,0.3814259284728574,0.00575,0.002033,0,0,0,-0.1394,9.9392,0.003207,0,Within synthetic screening pattern
LOT-014,L014-P056,9.9169,10.0317,10.2452,10.4956,9.638906,0.5038828922026877,0.5517035888731386,0.7795343046534676,1.2032438675376131,1.7001847319225767,0.004783,0.003222,0,0,0,-0.0909,10.4494,0.00317,0,Within synthetic screening pattern
LOT-014,L014-P057,9.9321,10.1188,10.517,10.6138,9.638906,0.5038828922026877,0.5818693282447501,0.9523919296052658,1.7426549176168187,1.9347630472991857,0.007779,0.003437,0,0,0,-0.0801,10.6264,0.004133,0,Within synthetic screening pattern
LOT-014,L014-P058,9.9734,11.3124,14.3882,17.8091,9.638906,0.5038828922026877,0.663832817458404,3.321196305523376,9.42539243441825,16.2144699223357,0.055792,0.045116,0,1,1,0.1297,18.4209,0.050283,1,Dynamic lot outlier + projected drift above safety slope
LOT-014,L014-P059,9.6952,9.7725,10.1701,10.4192,9.638906,0.5038828922026877,0.1117204034332546,0.26512906484283266,1.0542012999844528,1.5485621998178996,0.003221,0.004491,0,0,0,-0.1198,10.308,0.003648,0,Within synthetic screening pattern
LOT-014,L014-P060,9.6276,9.8258,9.9109,10.1682,9.638906,0.5038828922026877,-0.022437753245754755,0.37090761145512435,0.5397960601738179,1.0504305825630031,0.008258,0.002378,0,0,0,-0.1348,10.2728,0.00384,0,Within synthetic screening pattern
LOT-014,L014-P061,9.3009,9.5892,9.7925,9.9296,9.638906,0.5038828922026877,-0.6708026909237407,-0.09864593692140307,0.30482082717389936,0.5769078579533677,0.012012,0.002364,0,0,0,-0.115,9.9822,0.004055,0,Within synthetic screening pattern
LOT-014,L014-P062,8.3917,8.5325,8.7675,8.9046,9.638906,0.5038828922026877,-2.475190206494071,-2.1957601996833547,-1.7293819922933122,-1.457294961513844,0.005867,0.002584,0,0,1,0.1236,8.9712,0.003449,0,Dynamic lot-relative outlier
LOT-014,L014-P063,10.6924,10.9128,11.2156,11.2257,9.638906,0.5038828922026877,2.0907516732602804,2.528154894148648,3.129088175841009,3.1491325158181973,0.009183,0.002173,0,0,1,0.055,11.3366,0.003835,0,Dynamic lot-relative outlier
LOT-014,L014-P064,9.6797,9.7818,9.9536,10.1097,9.638906,0.5038828922026877,0.08095928762667844,0.28358573432677836,0.624537972750647,0.9343321777446298,0.004254,0.002277,0,0,0,-0.1295,10.2053,0.003129,0,Within synthetic screening pattern
LOT-014,L014-P065,9.4381,9.4379,9.7215,9.8942,9.638906,0.5038828922026877,-0.3985172013326174,-0.39891411895592715,0.16391507089861013,0.5066534386273762,-8e-06,0.003169,0,0,0,-0.1087,9.8762,0.002608,0,Within synthetic screening pattern
LOT-014,L014-P066,10.248,10.3864,10.5119,10.826,9.638906,0.5038828922026877,1.2088007142639603,1.483467709594949,1.7325335182223989,2.355892645631814,0.005767,0.003053,0,0,0,-0.0436,10.867,0.003685,0,Within synthetic screening pattern
LOT-014,L014-P067,9.1359,9.2601,9.5225,9.6844,9.638906,0.5038828922026877,-0.9982597301550497,-0.7517738860791201,-0.2310179642955115,0.09028685177447872,0.005175,0.002947,0,0,0,-0.0773,9.7798,0.003833,0,Within synthetic screening pattern
LOT-014,L014-P068,9.0894,9.3904,9.5273,9.6708,9.638906,0.5038828922026877,-1.0905430775747815,-0.49318205449221497,-0.22149194133605632,0.06329645338935225,0.012542,0.001947,0,0,0,-0.0774,9.8161,0.004326,0,Within synthetic screening pattern
LOT-014,L014-P069,9.5545,10.6599,13.4752,17.0842,9.638906,0.5038828922026877,-0.16751114456580338,2.026252559472298,7.613463484005017,14.775841996646152,0.046058,0.044613,0,1,1,0.076,18.1825,0.051357,1,Dynamic lot outlier + projected drift above safety slope
LOT-014,L014-P070,9.7655,9.9204,10.1833,10.1452,9.638906,0.5038828922026877,0.2512369480269561,0.5586496472810769,1.0803978631229563,1.0047850558822762,0.006454,0.001561,0,0,0,-0.111,10.2439,0.002848,0,Within synthetic screening pattern
LOT-014,L014-P071,9.1586,9.2558,9.5671,9.8057,9.638906,0.5038828922026877,-0.9532095799092872,-0.7603076149802973,-0.14250533429723272,0.3310173903124028,0.00405,0.003819,0,0,0,-0.0763,9.6541,0.002949,0,Within synthetic screening pattern
LOT-014,L014-P072,10.1047,10.1225,10.2839,10.4506,9.638906,0.5038828922026877,0.9244092371618614,0.9597349056365138,1.280047427648226,1.6108782666776749,0.000742,0.002278,0,0,0,-0.0564,10.4972,0.002336,0,Within synthetic screening pattern
LOT-014,L014-P073,9.0046,9.1943,9.5851,9.7623,9.638906,0.5038828922026877,-1.258836149858507,-0.882359784148331,-0.10678274819927058,0.24488626605398603,0.007904,0.003944,0,0,0,-0.0531,9.69,0.00408,0,Within synthetic screening pattern
LOT-014,L014-P074,9.802,9.9094,10.2552,10.5216,9.638906,0.5038828922026877,0.3236744142811548,0.5368191779989877,1.2230897487031465,1.7517840229529642,0.004475,0.004251,0,0,0,-0.101,10.3908,0.003505,0,Within synthetic screening pattern
LOT-014,L014-P075,9.9906,10.1081,10.1836,10.2915,9.638906,0.5038828922026877,0.6979677330631235,0.9311568367581448,1.0809932395579245,1.2951302973340317,0.004896,0.001274,0,0,0,-0.0837,10.4643,0.00282,0,Within synthetic screening pattern
LOT-014,L014-P076,9.973,10.0434,10.3999,10.5741,9.638906,0.5038828922026877,0.6630389822117845,0.8027539856171408,1.5102596491684206,1.8559748990720168,0.002933,0.003685,0,0,0,-0.0774,10.491,0.003083,0,Within synthetic screening pattern
LOT-014,L014-P077,9.7716,9.9683,10.2751,10.4055,9.638906,0.5038828922026877,0.2633429355379317,0.6537114180639807,1.2625830522225583,1.5213733426211182,0.008196,0.003036,0,0,0,-0.1025,10.4795,0.004214,0,Within synthetic screening pattern
LOT-014,L014-P078,9.1133,10.5248,14.4169,18.6155,9.638906,0.5038828922026877,-1.0431114215891537,1.7581347049259377,9.482350113363333,17.814841779524343,0.058813,0.056185,0,1,1,0.1236,18.3217,0.054812,1,Dynamic lot outlier + projected drift above safety slope
LOT-014,L014-P079,10.4831,10.6747,10.8543,11.2236,9.638906,0.5038828922026877,1.6753773804656609,2.0556244635972867,2.4120564893302743,3.1449648807734345,0.007983,0.003812,0,0,1,0.0048,11.1499,0.003969,0,Dynamic lot-relative outlier
LOT-014,L014-P080,9.8208,9.8522,9.9608,10.2504,9.638906,0.5038828922026877,0.3609846708723594,0.4233007377321348,0.6388270071898333,1.2135637257436913,0.001308,0.002765,0,0,0,-0.101,10.2946,0.00282,0,Within synthetic screening pattern
LOT-014,L014-P081,8.8458,8.9987,9.2445,9.4465,9.638906,0.5038828922026877,-1.573988742767182,-1.2705452197461728,-0.7827334606973511,-0.38184666115356913,0.006371,0.00311,0,0,1,0.0104,9.4258,0.003452,0,Dynamic lot-relative outlier
LOT-014,L014-P082,9.331,9.4751,9.7453,10.003,9.638906,0.5038828922026877,-0.6110665886154858,-0.3250874410201444,0.2111482680725797,0.7225766257083844,0.006004,0.003666,0,0,0,-0.1196,9.931,0.003571,0,Within synthetic screening pattern
LOT-014,L014-P083,9.4042,9.7075,10.083,10.2144,9.638906,0.5038828922026877,-0.4657947384837787,0.13613083726686065,0.8813436750326548,1.142118553547767,0.012638,0.00352,0,0,0,-0.1109,10.1644,0.004525,0,Within synthetic screening pattern
LOT-014,L014-P084,10.1704,10.3081,10.5089,10.6185,9.638906,0.5038828922026877,1.054796676419421,1.3280744600688186,1.7265797538727385,1.9440906114469858,0.005737,0.002156,0,0,0,-0.0576,10.6964,0.003131,0,Within synthetic screening pattern
LOT-014,L014-P085,8.8158,8.8557,9.088,9.2962,9.638906,0.5038828922026877,-1.6335263862637857,-1.5543413204133036,-1.0933215009379569,-0.6801302550715409,0.001663,0.003059,0,0,1,0.0619,9.2533,0.002604,0,Dynamic lot-relative outlier
LOT-014,L014-P086,9.5551,9.7942,10.0036,10.2653,9.638906,0.5038828922026877,-0.16632039169587412,0.30819462697203925,0.7237673785783173,1.2431340886803346,0.009963,0.003272,0,0,0,-0.1311,10.2329,0.004035,0,Within synthetic screening pattern
LOT-014,L014-P087,9.966,10.1778,10.3531,10.525,9.638906,0.5038828922026877,0.6491468653959079,1.0694826284819134,1.4173809253137204,1.7585316225492476,0.008825,0.002411,0,0,0,-0.0798,10.5942,0.003739,0,Within synthetic screening pattern
LOT-014,L014-P088,9.0204,10.6457,13.3976,19.5584,9.638906,0.5038828922026877,-1.2274796576169626,1.9980714082172388,7.459459446160477,19.686109914622516,0.067721,0.061894,0,1,1,0.1244,19.1046,0.060025,1,Dynamic lot outlier + projected drift above safety slope
LOT-014,L014-P089,10.6061,10.7669,11.1387,11.3867,9.638906,0.5038828922026877,1.919481718801725,2.238603487943508,2.976473349678054,3.46865120258329,0.0067,0.004304,0,0,1,0.0406,11.2659,0.003927,0,Dynamic lot-relative outlier
LOT-014,L014-P090,9.6461,9.9438,10.1916,10.4624,9.638906,0.5038828922026877,0.014277126910485279,0.6050890092084235,1.0968699444903498,1.6342964064530066,0.012404,0.003601,0,0,0,-0.1074,10.4506,0.004789,0,Within synthetic screening pattern
LOT-014,L014-P091,10.0474,10.2687,10.3892,10.6112,9.638906,0.5038828922026877,0.8106923380833535,1.2498816882766182,1.4890245563212996,1.9296031181961482,0.009221,0.002378,0,0,0,-0.0681,10.668,0.003694,0,Within synthetic screening pattern
LOT-014,L014-P092,10.8547,10.9971,11.263,11.5786,9.638906,0.5038828922026877,2.412850324576894,2.695455672374095,3.2231576525656385,3.849493662149884,0.005933,0.004038,0,0,1,0.0692,11.5132,0.00392,0,Dynamic lot-relative outlier
LOT-014,L014-P093,9.1507,9.2535,9.4383,9.6428,9.638906,0.5038828922026877,-0.9688878260300576,-0.7648721676483701,-0.3981202837093077,0.007727986125856772,0.004283,0.002703,0,0,0,-0.0655,9.6716,0.003101,0,Within synthetic screening pattern
LOT-014,L014-P094,9.5972,9.7968,10.0198,10.0654,9.638906,0.5038828922026877,-0.08276923198897429,0.3133545560750766,0.755917706066481,0.8464149241813157,0.008317,0.001865,0,0,0,-0.1305,10.1859,0.003504,0,Within synthetic screening pattern
LOT-014,L014-P095,9.5864,9.89,10.1917,10.5184,9.638906,0.5038828922026877,-0.10420278364775368,0.4983181685378538,1.0970684033020082,1.745433340979994,0.01265,0.004364,0,0,0,-0.1111,10.3799,0.004723,0,Within synthetic screening pattern
LOT-014,L014-P096,9.6345,9.7203,10.1172,10.255,9.638906,0.5038828922026877,-0.008744095241536642,0.1615335651587446,0.9492165886187807,1.2226928310798366,0.003575,0.003713,0,0,0,-0.1269,10.209,0.00342,0,Within synthetic screening pattern
LOT-014,L014-P097,9.1557,9.3047,9.5949,9.6496,9.638906,0.5038828922026877,-0.9589648854472926,-0.6632612560808377,-0.08733378465704698,0.021223185318420008,0.006208,0.002395,0,0,0,-0.088,9.6593,0.002998,0,Within synthetic screening pattern
LOT-014,L014-P098,9.0791,9.2637,9.605,9.8472,9.638906,0.5038828922026877,-1.1109843351752795,-0.7446293688595269,-0.06728944467985877,0.41337779714936984,0.007692,0.004052,0,0,0,-0.0737,9.7989,0.004285,0,Within synthetic screening pattern
LOT-014,L014-P099,9.9775,10.1568,10.5037,10.5337,9.638906,0.5038828922026877,0.6719696287362714,1.0278062780342945,1.7162598956666604,1.7757975391632606,0.007471,0.002617,0,0,0,-0.0773,10.6129,0.003782,0,Within synthetic screening pattern
LOT-014,L014-P100,9.3389,11.0981,15.0295,20.788,9.638906,0.5038828922026877,-0.5953883424947118,2.895899072145988,10.698108793563932,22.126359462736552,0.0733,0.067291,0,1,1,0.1466,20.3577,0.065588,1,Dynamic lot outlier + projected drift above safety slope
LOT-015,L015-P001,9.8883,9.9702,10.4399,10.7166,10.799554,5.82871841204853,-0.1563386555295501,-0.1422875392788996,-0.06170378710636645,-0.014231945023888415,0.003413,0.005183,0,0,0,-0.1612,10.5515,0.003948,0,Within synthetic screening pattern
LOT-015,L015-P002,9.7932,9.7948,10.2329,10.439,10.799554,5.82871841204853,-0.1726544205531988,-0.17237991767162325,-0.09721759741020781,-0.061858194977252666,6.7e-05,0.004474,0,0,0,-0.1449,10.3428,0.003271,0,Within synthetic screening pattern
LOT-015,L015-P003,9.0417,9.2509,9.497,9.6315,10.799554,5.82871841204853,-0.30158499274323225,-0.2656937409772244,-0.22347176650487943,-0.2003963680224315,0.008717,0.002643,0,0,0,-0.1354,9.6849,0.003829,0,Within synthetic screening pattern
LOT-015,L015-P004,8.8436,9.1448,9.4359,9.6592,10.799554,5.82871841204853,-0.3355718807683096,-0.28389671331170546,-0.2339543452950471,-0.19564403688515425,0.01255,0.003572,0,0,0,-0.1092,9.6257,0.004655,0,Within synthetic screening pattern
LOT-015,L015-P005,9.2677,9.4162,9.5899,9.7139,10.799554,5.82871841204853,-0.2628114607206808,-0.23733416202444657,-0.20753344294339687,-0.1862594696212888,0.006188,0.002067,0,0,0,-0.1476,9.8132,0.003247,0,Within synthetic screening pattern
LOT-015,L015-P006,9.6115,9.7378,10.0013,10.1698,10.799554,5.82871841204853,-0.20382765404212658,-0.1821590828277536,-0.13695188951827406,-0.10804330480234509,0.005263,0.003,0,0,0,-0.1634,10.1575,0.00325,0,Within synthetic screening pattern
LOT-015,L015-P007,9.0541,10.4948,13.8227,17.7679,10.799554,5.82871841204853,-0.2994575954110215,-0.05228490698230414,0.5186639302648179,1.1955194105098215,0.060029,0.050508,0,1,0,-0.0121,17.8442,0.052322,1,Projected 168h drift above safety slope
LOT-015,L015-P008,9.3404,9.6642,9.9695,10.0759,10.799554,5.82871841204853,-0.25033873603908985,-0.19478621538023072,-0.1424076342895889,-0.12415319266481228,0.013492,0.002859,0,0,0,-0.1454,10.187,0.005039,0,Within synthetic screening pattern
LOT-015,L015-P009,10.0995,10.3663,10.651,10.7825,10.799554,5.82871841204853,-0.12010427516157236,-0.07433091965884327,-0.025486563168487453,-0.002925857588993769,0.011117,0.00289,0,0,0,-0.1648,10.8375,0.004393,0,Within synthetic screening pattern
LOT-015,L015-P010,9.2054,9.5083,9.7472,9.9771,10.799554,5.82871841204853,-0.2734999166720303,-0.22153308990375178,-0.18054637839849713,-0.14110374560210487,0.012621,0.003256,0,0,0,-0.1434,9.8905,0.004078,0,Within synthetic screening pattern
LOT-015,L015-P011,9.6655,9.8842,10.0936,10.1348,10.799554,5.82871841204853,-0.19456318178895046,-0.15704206916358743,-0.12111650453738242,-0.11404805533681107,0.009113,0.00174,0,0,0,-0.1668,10.2656,0.003572,0,Within synthetic screening pattern
LOT-015,L015-P012,9.4601,9.5662,9.6909,9.8694,10.799554,5.82871841204853,-0.22980248921121627,-0.21159951687673523,-0.19020544854393812,-0.15958122081816148,0.004421,0.002106,0,0,0,-0.1558,9.9337,0.002819,0,Within synthetic screening pattern
LOT-015,L015-P013,9.5623,9.7621,10.1436,10.472,10.799554,5.82871841204853,-0.2122686176505757,-0.17799007031382433,-0.11253828948814551,-0.056196573044756275,0.008325,0.00493,0,0,0,-0.1615,10.2469,0.004075,0,Within synthetic screening pattern
LOT-015,L015-P014,10.228,10.4702,10.7233,10.8335,10.799554,5.82871841204853,-0.09805826248503323,-0.0565053887865287,-0.013082464207290583,0.005823921761228088,0.010092,0.002523,0,0,0,-0.1627,10.8323,0.003597,0,Within synthetic screening pattern
LOT-015,L015-P015,10.0151,10.1559,10.3964,10.4852,10.799554,5.82871841204853,-0.13458430216468464,-0.11042804858603293,-0.06916683419920269,-0.05393192427175748,0.005867,0.002287,0,0,0,-0.164,10.6385,0.003711,0,Within synthetic screening pattern
LOT-015,L015-P016,9.8015,9.9929,10.1914,10.2988,10.799554,5.82871841204853,-0.17123043685502543,-0.13839302964654587,-0.10433751590107476,-0.08591150997531348,0.007975,0.002124,0,0,0,-0.1674,10.392,0.003515,0,Within synthetic screening pattern
LOT-015,L015-P017,9.2785,9.3812,9.7086,9.9265,10.799554,5.82871841204853,-0.2609585662700456,-0.24333891255891255,-0.18716876041650796,-0.1497848992319327,0.004279,0.003787,0,0,0,-0.1457,9.8764,0.003559,0,Within synthetic screening pattern
LOT-015,L015-P018,10.0354,10.1291,10.4788,10.7915,10.799554,5.82871841204853,-0.13110154685469458,-0.11502597185242426,-0.05502993579806001,-0.0013817788801313397,0.003904,0.0046,0,0,0,-0.1619,10.6793,0.003833,0,Within synthetic screening pattern
LOT-015,L015-P019,9.7566,10.0006,10.2343,10.5528,10.799554,5.82871841204853,-0.17893367396924034,-0.1370719845289634,-0.09697740738882943,-0.04233417752518914,0.010167,0.003835,0,0,0,-0.1672,10.5185,0.004535,0,Within synthetic screening pattern
LOT-015,L015-P020,9.6784,9.7653,9.974,10.1772,10.799554,5.82871841204853,-0.19235000230624727,-0.1774410645506732,-0.14163559493515757,-0.10677372897505821,0.003621,0.00286,0,0,0,-0.1605,10.2344,0.00331,0,Within synthetic screening pattern
LOT-015,L015-P021,10.1115,10.3771,10.7001,10.9242,10.799554,5.82871841204853,-0.11804550354975568,-0.07247802520820812,-0.017062755990136458,0.021384803860544165,0.011067,0.003799,0,0,0,-0.1639,10.8439,0.00436,0,Within synthetic screening pattern
LOT-015,L015-P022,44.4698,60.3433,78.4633,97.9129,10.799554,5.82871841204853,5.776612218974297,8.499938150655595,11.608683284499117,14.945540312931948,0.661396,0.2609,1,1,1,0.2903,102.355,0.344555,1,Dynamic lot outlier + projected drift above safety slope
LOT-015,L015-P023,9.759,10.0191,10.2914,10.5897,10.799554,5.82871841204853,-0.178521919646877,-0.13389804496074575,-0.08718108580260066,-0.036003454818852,0.010837,0.003963,0,0,0,-0.1662,10.4484,0.004104,0,Within synthetic screening pattern
LOT-015,L015-P024,10.0575,10.3244,10.6078,10.5585,10.799554,5.82871841204853,-0.1273099758029318,-0.08151946387010396,-0.032898140971028396,-0.041356261009575956,0.011121,0.001626,0,0,0,-0.1643,10.8167,0.004519,0,Within synthetic screening pattern
LOT-015,L015-P025,9.1533,9.2084,9.4839,9.6137,10.799554,5.82871841204853,-0.2824384167533352,-0.272985223769076,-0.2257192588477795,-0.2034502125799601,0.002296,0.002815,0,0,0,-0.1278,9.662,0.003028,0,Within synthetic screening pattern
LOT-015,L015-P026,10.5737,10.683,10.9477,11.0797,10.799554,5.82871841204853,-0.038748483634607866,-0.01999650553697571,0.025416564933685343,0.0480630526636715,0.004554,0.002755,0,0,0,-0.1552,11.087,0.003055,0,Within synthetic screening pattern
LOT-015,L015-P027,9.6171,9.8275,10.1066,10.3805,10.799554,5.82871841204853,-0.2028668939566118,-0.16676976502942217,-0.11888616862458079,-0.07189470658486014,0.008767,0.00384,0,0,0,-0.1665,10.3035,0.004086,0,Within synthetic screening pattern
LOT-015,L015-P028,11.1551,11.2529,11.3319,11.4925,10.799554,5.82871841204853,0.06099900095792075,0.0777779895942287,0.09133156937202311,0.11888479611017272,0.004075,0.001664,0,0,0,-0.1215,11.5796,0.002527,0,Within synthetic screening pattern
LOT-015,L015-P029,9.0927,9.209,9.525,9.6827,10.799554,5.82871841204853,-0.2928352133930104,-0.2728822851884851,-0.21866796607730657,-0.19161227581201276,0.004846,0.00329,0,0,0,-0.1357,9.6625,0.003392,0,Within synthetic screening pattern
LOT-015,L015-P030,9.3513,10.4958,13.1189,17.0638,10.799554,5.82871841204853,-0.24846868515835627,-0.05211334268131949,0.3979169752317568,1.0747209861864646,0.047687,0.045611,0,1,0,-0.0484,17.6273,0.049262,1,Projected 168h drift above safety slope
LOT-015,L015-P031,10.0343,10.1931,10.4797,10.4856,10.799554,5.82871841204853,-0.13129026758577766,-0.10404585658940077,-0.054875527927173796,-0.053863298551363736,0.006617,0.002031,0,0,0,-0.1657,10.628,0.003534,0,Within synthetic screening pattern
LOT-015,L015-P032,8.6881,8.8745,9.2845,9.5754,10.799554,5.82871841204853,-0.36225012957143693,-0.33027054386788124,-0.2599291804641371,-0.21002112530767564,0.007767,0.004867,0,0,0,-0.1096,9.3148,0.00373,0,Within synthetic screening pattern
LOT-015,L015-P033,41.8491,58.9216,80.0263,104.5116,10.799554,5.82871841204853,5.326993655383585,8.256025183945587,11.876838286938268,16.077641665839966,0.711354,0.316597,1,1,1,0.2916,98.3568,0.336355,1,Dynamic lot outlier + projected drift above safety slope
LOT-015,L015-P034,10.001,10.2042,10.2389,10.3437,10.799554,5.82871841204853,-0.13700335880856965,-0.10214149284847002,-0.09618821160429963,-0.07820827286109855,0.008467,0.000969,0,0,0,-0.1643,10.7615,0.004527,0,Within synthetic screening pattern
LOT-015,L015-P035,10.634,10.8114,11.0648,11.043,10.799554,5.82871841204853,-0.028403156285227972,0.002032350709465293,0.04550674457899871,0.04176664281753122,0.007392,0.001608,0,0,0,-0.1518,11.1893,0.003305,0,Within synthetic screening pattern
LOT-015,L015-P036,9.2523,9.4907,9.6106,9.7891,10.799554,5.82871841204853,-0.2654535509558457,-0.22455262160108322,-0.20398206191301277,-0.17335783418723644,0.009933,0.002072,0,0,0,-0.1506,9.8067,0.0033,0,Within synthetic screening pattern
LOT-015,L015-P037,10.2544,10.5306,10.7815,10.9873,10.799554,5.82871841204853,-0.09352896493903594,-0.04614290500705037,-0.003097421889978721,0.03221051125268113,0.011508,0.003172,0,0,0,-0.158,10.9831,0.004337,0,Within synthetic screening pattern
LOT-015,L015-P038,9.6708,9.8171,10.1377,10.4495,10.799554,5.82871841204853,-0.19365389099373131,-0.16855403375966357,-0.11355051886395526,-0.060056769816912804,0.006096,0.004392,0,0,0,-0.1661,10.3292,0.003919,0,Within synthetic screening pattern
LOT-015,L015-P039,10.3498,10.5227,10.7273,11.0163,10.799554,5.82871841204853,-0.07716173062509162,-0.047498262984829724,-0.01239620700335169,0.037185875981238625,0.007204,0.003428,0,0,0,-0.1628,10.9428,0.00353,0,Within synthetic screening pattern
LOT-015,L015-P040,9.5124,9.8724,10.0316,10.3484,10.799554,5.82871841204853,-0.22082967626971448,-0.15906652791520723,-0.1317534911984366,-0.0774019206464703,0.015,0.003306,0,0,0,-0.1445,10.3458,0.004961,0,Within synthetic screening pattern
LOT-015,L015-P041,9.9666,10.0707,10.23,10.195,10.799554,5.82871841204853,-0.14290517076244474,-0.12504532702993298,-0.09771513388306363,-0.1037198844175296,0.004338,0.000863,0,0,0,-0.1629,10.487,0.003098,0,Within synthetic screening pattern
LOT-015,L015-P042,10.5697,10.7704,10.972,11.11,10.799554,5.82871841204853,-0.03943474083854706,-0.0050017856309091824,0.029585577447614603,0.05326145098350895,0.008363,0.002358,0,0,0,-0.154,11.2478,0.004036,0,Within synthetic screening pattern
LOT-015,L015-P043,9.5224,9.7378,9.8444,9.9607,10.799554,5.82871841204853,-0.21911403325986709,-0.1821590828277536,-0.16387032834278006,-0.1439174001382548,0.008975,0.001548,0,0,0,-0.1608,10.0754,0.003292,0,Within synthetic screening pattern
LOT-015,L015-P044,8.817,8.9595,9.1691,9.3517,10.799554,5.82871841204853,-0.34013549117450376,-0.31568757828417804,-0.2797277007977762,-0.2484000594379625,0.005938,0.002724,0,0,0,-0.1106,9.3389,0.003107,0,Within synthetic screening pattern
LOT-015,L015-P045,10.2584,10.4382,10.6339,11.0331,10.799554,5.82871841204853,-0.09284270773509704,-0.06199544641804044,-0.028420312715326405,0.040068156237782274,0.007492,0.004131,0,0,0,-0.1645,10.9095,0.003876,0,Within synthetic screening pattern
LOT-015,L015-P046,10.6444,10.7801,10.958,11.1573,10.799554,5.82871841204853,-0.026618887554986852,-0.0033376119113574087,0.02718367723382833,0.06137644242008722,0.005654,0.002619,0,0,0,-0.1531,11.222,0.003438,0,Within synthetic screening pattern
LOT-015,L015-P047,9.2717,9.4378,9.6443,9.8885,10.799554,5.82871841204853,-0.26212520351674184,-0.23362837312317625,-0.19820034496982705,-0.15630434266935292,0.006921,0.00313,0,0,0,-0.1507,9.8761,0.003598,0,Within synthetic screening pattern
LOT-015,L015-P048,9.4459,9.5871,9.8832,9.9205,10.799554,5.82871841204853,-0.23223870228519972,-0.20801382298615426,-0.15721363346457207,-0.1508142850378412,0.005883,0.002315,0,0,0,-0.1596,9.9701,0.00312,0,Within synthetic screening pattern
LOT-015,L015-P049,10.2857,10.4194,10.6436,10.78,10.799554,5.82871841204853,-0.08815900231821354,-0.06522085527655369,-0.02675613899577463,-0.003354768341455843,0.005571,0.002504,0,0,0,-0.1643,10.8503,0.003361,0,Within synthetic screening pattern
LOT-015,L015-P050,9.532,9.6121,9.9458,10.147,10.799554,5.82871841204853,-0.21746701597041343,-0.20372471546153564,-0.14647370822292727,-0.11195497086479722,0.003337,0.003715,0,0,0,-0.1569,10.1177,0.003486,0,Within synthetic screening pattern
LOT-015,L015-P051,9.6514,9.8388,10.1364,10.5894,10.799554,5.82871841204853,-0.19698223843283516,-0.16483108842829453,-0.11377355245523552,-0.0360549241091476,0.007808,0.005212,0,0,0,-0.1662,10.2612,0.00363,0,Within synthetic screening pattern
LOT-015,L015-P052,9.3333,9.4722,9.8175,9.9387,10.799554,5.82871841204853,-0.25155684257608174,-0.22772656116930087,-0.16848540803926954,-0.14769181475991885,0.005788,0.00324,0,0,0,-0.1528,9.913,0.003451,0,Within synthetic screening pattern
LOT-015,L015-P053,9.3898,9.5715,9.9909,10.206,10.799554,5.82871841204853,-0.24186345957044386,-0.21069022608151608,-0.13873615824851548,-0.10183267710669759,0.007571,0.004406,0,0,0,-0.1576,10.0966,0.004207,0,Within synthetic screening pattern
LOT-015,L015-P054,9.6583,9.9162,10.0413,10.3362,10.799554,5.82871841204853,-0.19579844475604047,-0.15155201153207568,-0.13008931747888453,-0.07949500511848416,0.010746,0.002917,0,0,0,-0.1644,10.2564,0.00356,0,Within synthetic screening pattern
LOT-015,L015-P055,9.711,10.0456,10.3213,10.5202,10.799554,5.82871841204853,-0.1867570060941446,-0.12935159098465002,-0.08205131320315665,-0.04792717373729149,0.013942,0.003296,0,0,0,-0.1523,10.4788,0.00457,0,Within synthetic screening pattern
LOT-015,L015-P056,10.2719,10.3891,10.7102,11.0093,10.799554,5.82871841204853,-0.09052658967180294,-0.07041925359639144,-0.015329956550190642,0.03598492587434549,0.004883,0.004307,0,0,0,-0.1623,10.8956,0.003712,0,Within synthetic screening pattern
LOT-015,L015-P057,9.6539,9.726,9.9304,9.9957,10.799554,5.82871841204853,-0.1965533276803734,-0.1841835415793734,-0.14911579845809222,-0.1379126496037888,0.003004,0.001873,0,0,0,-0.1589,10.1202,0.002776,0,Within synthetic screening pattern
LOT-015,L015-P058,9.3772,9.4883,9.8229,9.8031,10.799554,5.82871841204853,-0.24402516976285143,-0.22496437592344656,-0.16755896081395197,-0.17095593397344985,0.004629,0.002186,0,0,0,-0.1534,9.9208,0.003236,0,Within synthetic screening pattern
LOT-015,L015-P059,9.3848,9.5064,9.7375,9.9556,10.799554,5.82871841204853,-0.2427212810753674,-0.22185906207562295,-0.1822105521180489,-0.14479237807327677,0.005067,0.003119,0,0,0,-0.1548,9.9282,0.003235,0,Within synthetic screening pattern
LOT-015,L015-P060,9.4161,9.4681,9.5273,9.7298,10.799554,5.82871841204853,-0.237351318454545,-0.2284299748033385,-0.21827336818504167,-0.18353159723563167,0.002167,0.001817,0,0,0,-0.1418,9.8341,0.002488,0,Within synthetic screening pattern
LOT-015,L015-P061,9.4818,9.5623,9.8573,9.9865,10.799554,5.82871841204853,-0.22607954387984752,-0.2122686176505757,-0.1616571488600769,-0.1394910411728484,0.003354,0.002946,0,0,0,-0.1554,9.9247,0.002636,0,Within synthetic screening pattern
LOT-015,L015-P062,9.5442,9.6912,9.9954,10.0876,10.799554,5.82871841204853,-0.2153739314983996,-0.19015397925364252,-0.1379641188940841,-0.1221458903432909,0.006125,0.002753,0,0,0,-0.162,10.1113,0.003376,0,Within synthetic screening pattern
LOT-015,L015-P063,9.4969,9.7527,10.0082,10.2504,10.799554,5.82871841204853,-0.22348892293497785,-0.1796027747430808,-0.13576809584147934,-0.09421522214297483,0.010658,0.003456,0,0,0,-0.1618,10.2235,0.004325,0,Within synthetic screening pattern
LOT-015,L015-P064,9.5778,9.7365,9.8885,10.0357,10.799554,5.82871841204853,-0.2096093709853123,-0.18238211641903385,-0.15630434266935292,-0.131050077564399,0.006612,0.002078,0,0,0,-0.162,10.1589,0.003459,0,Within synthetic screening pattern
LOT-015,L015-P065,9.4646,9.4758,9.8598,9.9911,10.799554,5.82871841204853,-0.22903044985678492,-0.22710892968575602,-0.1612282381076151,-0.13870184538831862,0.000467,0.003578,0,0,0,-0.1381,9.928,0.002758,0,Within synthetic screening pattern
LOT-015,L015-P066,10.3335,10.479,10.8096,11.0893,10.799554,5.82871841204853,-0.07995822873114279,-0.05499562293786314,0.0017235349676925633,0.049710069953124845,0.006062,0.004238,0,0,0,-0.1635,10.9237,0.003513,0,Within synthetic screening pattern
LOT-015,L015-P067,10.6774,10.9974,11.2443,11.47,10.799554,5.82871841204853,-0.020957265622490163,0.03394331069262725,0.07630253660576002,0.11502459933801619,0.013333,0.003282,0,0,0,-0.1379,11.4824,0.004792,0,Within synthetic screening pattern
LOT-015,L015-P068,9.5015,9.6418,10.0632,10.1598,10.799554,5.82871841204853,-0.22269972715044806,-0.19862925572228882,-0.1263320592873186,-0.10975894781219246,0.005846,0.003597,0,0,0,-0.1611,10.1229,0.003699,0,Within synthetic screening pattern
LOT-015,L015-P069,9.6666,9.8413,9.9838,10.1056,10.799554,5.82871841204853,-0.19437446105786707,-0.16440217767583276,-0.13995426478550704,-0.11905773292556544,0.007279,0.001835,0,0,0,-0.1662,10.2427,0.003429,0,Within synthetic screening pattern
LOT-015,L015-P070,10.1896,10.3467,10.7117,10.8867,10.799554,5.82871841204853,-0.10464633164284719,-0.0776935799581443,-0.01507261009871352,0.014951142573616105,0.006546,0.00375,0,0,0,-0.1666,10.846,0.003907,0,Within synthetic screening pattern
LOT-015,L015-P071,9.6466,9.7923,10.1388,10.4688,10.799554,5.82871841204853,-0.19780574707756216,-0.17280882842408532,-0.11336179813287219,-0.05674557880790739,0.006071,0.004698,0,0,0,-0.165,10.275,0.00374,0,Within synthetic screening pattern
LOT-015,L015-P072,10.2393,10.4999,10.5632,10.6994,10.799554,5.82871841204853,-0.0961195858839056,-0.05140992904728186,-0.04054990879494772,-0.0171828510008258,0.010858,0.001385,0,0,0,-0.1613,10.8093,0.003393,0,Within synthetic screening pattern
LOT-015,L015-P073,9.6818,9.8324,10.1526,10.2194,10.799554,5.82871841204853,-0.19176668368289898,-0.16592909995459706,-0.11099421077928277,-0.09953371547350191,0.006275,0.002688,0,0,0,-0.1665,10.2535,0.003403,0,Within synthetic screening pattern
LOT-015,L015-P074,10.3371,10.451,10.5758,10.9356,10.799554,5.82871841204853,-0.07934059724759794,-0.059799423365435686,-0.038388198602540134,0.023340636891770235,0.004746,0.003365,0,0,0,-0.1616,10.8861,0.003268,0,Within synthetic screening pattern
LOT-015,L015-P075,9.4938,9.8872,10.1469,10.4585,10.799554,5.82871841204853,-0.22402077226803055,-0.15652737626063318,-0.11197212729489565,-0.058512691108050074,0.016392,0.003967,0,0,0,-0.1407,10.3613,0.005164,0,Within synthetic screening pattern
LOT-015,L015-P076,9.9016,10.1,10.3624,10.487,10.799554,5.82871841204853,-0.15405685032645286,-0.1200184930110802,-0.07500002043268403,-0.05362310852998505,0.008267,0.002688,0,0,0,-0.1654,10.4985,0.003553,0,Within synthetic screening pattern
LOT-015,L015-P077,10.6955,12.4156,15.8562,18.9577,10.799554,5.82871841204853,-0.01785195177466656,0.2772558023491878,0.8675399363172903,1.3996466158214669,0.071671,0.045431,0,1,1,0.0556,19.3316,0.051405,1,Dynamic lot outlier + projected drift above safety slope
LOT-015,L015-P078,9.2997,9.4756,9.9168,10.2332,10.799554,5.82871841204853,-0.257321403089169,-0.2271432425459529,-0.15144907295148477,-0.09716612811991251,0.007329,0.005261,0,0,0,-0.1535,10.0605,0.004529,0,Within synthetic screening pattern
LOT-015,L015-P079,9.933,10.134,10.3122,10.6832,10.799554,5.82871841204853,-0.14866973127553204,-0.11418530677759885,-0.0836125483421178,-0.019962192676778845,0.008375,0.003814,0,0,0,-0.1659,10.6407,0.004213,0,Within synthetic screening pattern
LOT-015,L015-P080,9.184,9.4688,9.6911,9.8239,10.799554,5.82871841204853,-0.2771713927131037,-0.22830987979264913,-0.19017113568374094,-0.16738739651296733,0.011867,0.002466,0,0,0,-0.1449,9.885,0.004173,0,Within synthetic screening pattern
LOT-015,L015-P081,9.9844,10.0542,10.2542,10.4481,10.799554,5.82871841204853,-0.13985132620491614,-0.12787613799618133,-0.0935632777992328,-0.060296959838291496,0.002908,0.002735,0,0,0,-0.1603,10.4699,0.00289,0,Within synthetic screening pattern
LOT-015,L015-P082,10.0667,10.3237,10.6683,10.9756,10.799554,5.82871841204853,-0.12573158423387187,-0.0816395588807933,-0.02251850076145133,0.03020320893115976,0.010708,0.004527,0,0,0,-0.1645,10.8356,0.004577,0,Within synthetic screening pattern
LOT-015,L015-P083,9.6625,9.8026,10.0247,10.2243,10.799554,5.82871841204853,-0.1950778746919047,-0.17104171612394234,-0.13293728487523132,-0.09869305039867682,0.005838,0.002928,0,0,0,-0.1666,10.1882,0.003129,0,Within synthetic screening pattern
LOT-015,L015-P084,10.1581,10.1959,10.5174,10.694,10.799554,5.82871841204853,-0.11005060712386676,-0.1035654765466434,-0.048407553780048865,-0.01810929822614338,0.001575,0.003459,0,0,0,-0.1524,10.6119,0.002701,0,Within synthetic screening pattern
LOT-015,L015-P085,10.0689,10.3624,10.7583,11.0923,10.799554,5.82871841204853,-0.12535414277170573,-0.07500002043268403,-0.007077713672824596,0.05022476285607909,0.012229,0.005069,0,0,0,-0.1606,10.9779,0.005411,0,Within synthetic screening pattern
LOT-015,L015-P086,9.9291,10.1117,10.449,10.7222,10.799554,5.82871841204853,-0.14933883204937248,-0.11801119068955851,-0.06014255196740528,-0.013271184938373662,0.007608,0.00424,0,0,0,-0.1657,10.6182,0.004102,0,Within synthetic screening pattern
LOT-015,L015-P087,10.8345,10.7964,11.025,11.3503,10.799554,5.82871841204853,0.005995486062212734,-0.000541113805305931,0.03867848539980606,0.09448835251014262,-0.001588,0.003847,0,0,0,-0.1197,11.2436,0.002435,0,Within synthetic screening pattern
LOT-015,L015-P088,9.5358,9.7184,10.0822,10.3221,10.799554,5.82871841204853,-0.2168150716266714,-0.18548743026685743,-0.12307233756860848,-0.08191406176236886,0.007608,0.004192,0,0,0,-0.1624,10.1798,0.003833,0,Within synthetic screening pattern
LOT-015,L015-P089,10.546,10.8567,11.1011,11.3264,10.799554,5.82871841204853,-0.043500814771885415,0.009804213544073962,0.05173452870474495,0.0903879657166071,0.012946,0.003262,0,0,0,-0.1426,11.3366,0.004706,0,Within synthetic screening pattern
LOT-015,L015-P090,10.0263,10.1277,10.5382,10.8606,10.799554,5.82871841204853,-0.13266278199365544,-0.11526616187380265,-0.04483901631956633,0.01047331431791442,0.004225,0.00509,0,0,0,-0.1609,10.7211,0.004136,0,Within synthetic screening pattern
LOT-015,L015-P091,9.6813,10.7947,14.2194,18.5846,10.799554,5.82871841204853,-0.19185246583339147,-0.0008327731169799217,0.5867234884654651,1.3356359751240594,0.046392,0.054097,0,1,0,-0.0565,18.8135,0.054358,1,Projected 168h drift above safety slope
LOT-015,L015-P092,10.1946,10.3586,10.6522,10.8875,10.799554,5.82871841204853,-0.10378851013792366,-0.07565196477642606,-0.025280686007305635,0.015088394014403884,0.006833,0.003673,0,0,0,-0.1664,10.8841,0.004104,0,Within synthetic screening pattern
LOT-015,L015-P093,10.0055,10.2224,10.3201,10.5999,10.799554,5.82871841204853,-0.1362313194541383,-0.09901902257054768,-0.08225719036433846,-0.03425349894880775,0.009038,0.002622,0,0,0,-0.1647,10.6613,0.003904,0,Within synthetic screening pattern
LOT-015,L015-P094,44.6019,55.994,70.8342,97.6671,10.799554,5.82871841204853,5.7992758631343815,7.753753536382658,10.299802075856421,14.9033698077499,0.474671,0.289397,1,1,1,0.2852,96.8911,0.311245,1,Dynamic lot outlier + projected drift above safety slope
LOT-015,L015-P095,9.5366,9.8006,10.0831,10.2974,10.799554,5.82871841204853,-0.21667782018588364,-0.17138484472591192,-0.12291792969772228,-0.08615169999669216,0.011,0.00345,0,0,0,-0.1615,10.2166,0.004048,0,Within synthetic screening pattern
LOT-015,L015-P096,8.9936,9.176,9.4003,9.6987,10.799554,5.82871841204853,-0.3098372356205983,-0.2785439071209815,-0.24006203441010399,-0.1888672469962569,0.0076,0.00363,0,0,0,-0.1302,9.6891,0.00414,0,Within synthetic screening pattern
LOT-015,L015-P097,10.5959,10.719,10.9807,11.2043,10.799554,5.82871841204853,-0.03493975615274664,-0.01382019070152508,0.031078186866182037,0.06943996456637018,0.005129,0.00337,0,0,0,-0.1526,11.164,0.003382,0,Within synthetic screening pattern
LOT-015,L015-P098,9.3585,9.528,9.6991,9.7063,10.799554,5.82871841204853,-0.24723342219126626,-0.21815327317435235,-0.18879862127586317,-0.18756335830877285,0.007063,0.001238,0,0,0,-0.156,9.9317,0.003412,0,Within synthetic screening pattern
LOT-015,L015-P099,10.0777,10.1479,10.5159,10.7891,10.799554,5.82871841204853,-0.12384437692303986,-0.11180056299391102,-0.04866490023152599,-0.0017935332024946746,0.002925,0.004453,0,0,0,-0.1612,10.6567,0.003446,0,Within synthetic screening pattern
LOT-015,L015-P100,10.3757,10.5349,10.7878,10.8943,10.799554,5.82871841204853,-0.0727182152295868,-0.04540517851281587,-0.0020165667937746237,0.01625503126110015,0.006633,0.002496,0,0,0,-0.1622,10.9191,0.003235,0,Within synthetic screening pattern
LOT-016,L016-P001,10.8617,11.0692,11.4435,11.5656,10.434546000000001,3.7987955157907507,0.11244458887676774,0.16706716572710573,0.26559839712508904,0.2977401640331674,0.008646,0.003447,0,0,0,-0.1349,11.524,0.003942,0,Within synthetic screening pattern
LOT-016,L016-P002,9.5479,9.578,9.8064,9.88,10.434546000000001,3.7987955157907507,-0.23340187601949353,-0.225478311859517,-0.16535399112401217,-0.1459794289255306,0.001254,0.002097,0,0,0,-0.1444,9.9731,0.002531,0,Within synthetic screening pattern
LOT-016,L016-P003,9.9843,10.1685,10.505,10.6573,10.434546000000001,3.7987955157907507,-0.11852335776654177,-0.0700343040034945,0.01854640496102992,0.058638060162506604,0.007675,0.003394,0,0,0,-0.1666,10.6184,0.003774,0,Within synthetic screening pattern
LOT-016,L016-P004,10.9826,11.0601,11.2074,11.4009,10.434546000000001,3.7987955157907507,0.14427046618378372,0.16467166958571736,0.20344711811610183,0.254384316287381,0.003229,0.002367,0,0,0,-0.1279,11.4128,0.002561,0,Within synthetic screening pattern
LOT-016,L016-P005,11.6268,11.7366,11.8459,12.0239,10.434546000000001,3.7987955157907507,0.3138505336873393,0.3427544321845302,0.3715267100146122,0.4183836675055044,0.004575,0.001995,0,0,0,-0.0744,12.1076,0.002862,0,Within synthetic screening pattern
LOT-016,L016-P006,9.871,9.9504,10.2883,10.4839,10.434546000000001,3.7987955157907507,-0.14834860093349714,-0.12744723899654858,-0.038497992164118665,0.01299201280901949,0.003308,0.003705,0,0,0,-0.1633,10.489,0.003679,0,Within synthetic screening pattern
LOT-016,L016-P007,10.6194,10.61,10.8954,10.9974,10.434546000000001,3.7987955157907507,0.04866121359562591,0.04618674505397173,0.12131582183993098,0.14816643793021775,-0.000392,0.00269,0,0,0,-0.1314,10.9985,0.002257,0,Within synthetic screening pattern
LOT-016,L016-P008,10.0501,10.0805,10.2388,10.3484,10.434546000000001,3.7987955157907507,-0.10120207797496436,-0.093199541414722,-0.051528438207934284,-0.022677187977586933,0.001267,0.00186,0,0,0,-0.1518,10.4709,0.002505,0,Within synthetic screening pattern
LOT-016,L016-P009,10.8094,11.1297,11.3432,11.4591,10.434546000000001,3.7987955157907507,0.09867706709714018,0.1829932664473246,0.23919529130297362,0.26970496193889737,0.013346,0.002287,0,0,0,-0.1265,11.5266,0.004269,0,Within synthetic screening pattern
LOT-016,L016-P010,10.3728,10.529,10.6137,10.8054,10.434546000000001,3.7987955157907507,-0.016254099422655616,0.024864196982273615,0.04716073799058024,0.0976241017602663,0.006508,0.001919,0,0,0,-0.1605,10.8779,0.003007,0,Within synthetic screening pattern
LOT-016,L016-P011,9.7132,9.895,10.2075,10.4268,10.434546000000001,3.7987955157907507,-0.18988808347317593,-0.14203080891225345,-0.0597678919689732,-0.002039067374856718,0.007575,0.003693,0,0,0,-0.1668,10.281,0.00338,0,Within synthetic screening pattern
LOT-016,L016-P012,10.7564,11.8714,15.5225,21.8496,10.434546000000001,3.7987955157907507,0.08472527638355963,0.3782393640371836,1.3393597994023376,3.0049140451361884,0.046458,0.069293,0,1,0,-0.0077,20.8291,0.059957,1,Projected 168h drift above safety slope
LOT-016,L016-P013,9.5089,9.6334,9.9245,10.1772,10.434546000000001,3.7987955157907507,-0.2436682880540148,-0.2108947419438121,-0.13426518955280767,-0.06774410439579377,0.005187,0.003776,0,0,0,-0.1601,10.1079,0.003565,0,Within synthetic screening pattern
LOT-016,L016-P014,7.9654,8.177,8.4304,8.4623,10.434546000000001,3.7987955157907507,-0.6499812874202648,-0.594279421099631,-0.5275740670086636,-0.5191766684470935,0.008817,0.001981,0,0,1,0.017,8.5301,0.003361,0,Dynamic lot-relative outlier
LOT-016,L016-P015,9.6604,10.9775,14.2175,19.8102,10.434546000000001,3.7987955157907507,-0.2037872259199129,0.14292793537926923,0.9958298582471989,2.468059668130986,0.054879,0.061338,0,1,0,-0.035,19.4986,0.058561,1,Projected 168h drift above safety slope
LOT-016,L016-P016,10.893,11.136,11.4791,11.6187,10.434546000000001,3.7987955157907507,0.12068404263780666,0.184651686852901,0.27496978862326765,0.31171827888016973,0.010125,0.003352,0,0,0,-0.129,11.6258,0.004362,0,Within synthetic screening pattern
LOT-016,L016-P017,9.271,9.5444,9.7169,9.8315,10.434546000000001,3.7987955157907507,-0.30629340146459516,-0.23432322068925845,-0.18891409053656744,-0.15874663363512787,0.011392,0.001994,0,0,0,-0.1487,9.8589,0.003499,0,Within synthetic screening pattern
LOT-016,L016-P018,9.7012,9.7861,10.235,10.4328,10.434546000000001,3.7987955157907507,-0.193046979483798,-0.1706977902086478,-0.05252875527796458,-0.00045961936954567746,0.003537,0.004491,0,0,0,-0.1612,10.2925,0.00352,0,Within synthetic screening pattern
LOT-016,L016-P019,9.4681,9.7349,9.9888,10.1404,10.434546000000001,3.7987955157907507,-0.2544085344901297,-0.18417574652063476,-0.11733877176255848,-0.07743138549503432,0.011117,0.002816,0,0,0,-0.1581,10.1543,0.004085,0,Within synthetic screening pattern
LOT-016,L016-P020,9.7975,10.0724,10.1333,10.2695,10.434546000000001,3.7987955157907507,-0.16769683899855692,-0.095331796221892,-0.0793003989679855,-0.04344692924742609,0.011454,0.001369,0,0,0,-0.1647,10.3185,0.003101,0,Within synthetic screening pattern
LOT-016,L016-P021,10.6031,10.75,10.9275,11.159,10.434546000000001,3.7987955157907507,0.04437037984786413,0.08304053184456144,0.12976586866834466,0.19070623753992683,0.006121,0.00284,0,0,0,-0.1532,11.2372,0.003774,0,Within synthetic screening pattern
LOT-016,L016-P022,9.7284,9.9245,10.1844,10.6351,10.434546000000001,3.7987955157907507,-0.18588681519305475,-0.13426518955280767,-0.06584876678942034,0.05279410254285603,0.008171,0.004935,0,0,0,-0.1681,10.4855,0.004507,0,Within synthetic screening pattern
LOT-016,L016-P023,11.0212,11.1785,11.226,11.4418,10.434546000000001,3.7987955157907507,0.15443158168461785,0.19583944355718724,0.20834340693256614,0.2651508868569177,0.006554,0.001828,0,0,0,-0.1311,11.5656,0.00324,0,Within synthetic screening pattern
LOT-016,L016-P024,9.9701,10.3171,10.5245,10.7011,10.434546000000001,3.7987955157907507,-0.12226138471244412,-0.030916641738625853,0.023679610978290334,0.070168030601277,0.014458,0.002667,0,0,0,-0.1533,10.7469,0.004624,0,Within synthetic screening pattern
LOT-016,L016-P025,10.4815,10.8035,10.9056,11.1195,10.434546000000001,3.7987955157907507,0.012360233606895166,0.09712394322525092,0.12400088344895947,0.1803082048382961,0.013417,0.002194,0,0,0,-0.1436,11.2179,0.004383,0,Within synthetic screening pattern
LOT-016,L016-P026,9.9896,10.1809,10.5982,10.8859,10.434546000000001,3.7987955157907507,-0.11712817869518372,-0.06677011145918527,0.04308049731019369,0.11881502916485501,0.007971,0.004896,0,0,0,-0.1662,10.7203,0.004349,0,Within synthetic screening pattern
LOT-016,L016-P027,9.4976,9.576,9.9415,10.3782,10.434546000000001,3.7987955157907507,-0.2466429151306839,-0.2260047945279537,-0.12979008687109336,-0.014832596217875775,0.003267,0.005571,0,0,0,-0.1555,10.1715,0.004011,0,Within synthetic screening pattern
LOT-016,L016-P028,9.7168,10.036,10.2945,10.3175,10.434546000000001,3.7987955157907507,-0.18894041466998968,-0.1049137807874454,-0.03686589589196405,-0.030811345204938233,0.0133,0.001955,0,0,0,-0.1559,10.3733,0.003908,0,Within synthetic screening pattern
LOT-016,L016-P029,9.2799,9.5485,9.571,9.7506,10.434546000000001,3.7987955157907507,-0.30395055359005085,-0.2332439312189623,-0.22732100119904639,-0.18004285757340419,0.011192,0.001403,0,0,0,-0.146,9.8624,0.003467,0,Within synthetic screening pattern
LOT-016,L016-P030,11.87,11.9472,12.1957,12.5596,10.434546000000001,3.7987955157907507,0.37787082616927764,0.39819305717094594,0.4636085287242424,0.5594020502463531,0.003217,0.004253,0,0,0,-0.0403,12.4688,0.003564,0,Within synthetic screening pattern
LOT-016,L016-P031,10.614,10.8136,11.1363,11.2735,10.434546000000001,3.7987955157907507,0.04723971039084607,0.09978268070085762,0.18473065925316684,0.2208473703079446,0.008317,0.003194,0,0,0,-0.1482,11.2461,0.003762,0,Within synthetic screening pattern
LOT-016,L016-P032,10.7419,10.9474,11.2262,11.3721,10.434546000000001,3.7987955157907507,0.08090827703739144,0.1350043712192927,0.20839605519940974,0.2468029658618882,0.008563,0.002949,0,0,0,-0.1444,11.3744,0.003765,0,Within synthetic screening pattern
LOT-016,L016-P033,9.4722,9.7072,9.9128,10.0275,10.434546000000001,3.7987955157907507,-0.25332924501983356,-0.19146753147848697,-0.13734511316316392,-0.10715133212830255,0.009792,0.002224,0,0,0,-0.1601,10.1661,0.00413,0,Within synthetic screening pattern
LOT-016,L016-P034,9.5533,9.7566,10.1444,10.3433,10.434546000000001,3.7987955157907507,-0.23198037281471368,-0.17846340956809315,-0.07637842015816045,-0.02401971878210141,0.008471,0.004074,0,0,0,-0.1621,10.2554,0.004179,0,Within synthetic screening pattern
LOT-016,L016-P035,9.9025,10.1094,10.2857,10.5914,10.434546000000001,3.7987955157907507,-0.14005649890561464,-0.08559186685580741,-0.03918241963308656,0.04129045623750788,0.008621,0.003347,0,0,0,-0.1669,10.5447,0.003823,0,Within synthetic screening pattern
LOT-016,L016-P036,10.5451,10.76,11.0501,11.2746,10.434546000000001,3.7987955157907507,0.029102382463191356,0.08567294518674634,0.16203925624353246,0.22113693577558474,0.008954,0.003574,0,0,0,-0.1505,11.2888,0.004427,0,Within synthetic screening pattern
LOT-016,L016-P037,9.6927,9.9302,10.3622,10.5539,10.434546000000001,3.7987955157907507,-0.19528453082465516,-0.13276471394776246,-0.019044457565371726,0.03141890620431434,0.009896,0.004331,0,0,0,-0.164,10.423,0.004347,0,Within synthetic screening pattern
LOT-016,L016-P038,10.3492,10.5896,10.8354,11.0357,10.434546000000001,3.7987955157907507,-0.02246659491021216,0.04081662183591475,0.10552134178682104,0.15824858103078604,0.010017,0.003098,0,0,0,-0.16,11.0902,0.004411,0,Within synthetic screening pattern
LOT-016,L016-P039,9.449,9.6599,10.0458,10.2311,10.434546000000001,3.7987955157907507,-0.25943644397370297,-0.20391884658702183,-0.10233401571210407,-0.053555396481416655,0.008788,0.003967,0,0,0,-0.161,10.1219,0.004005,0,Within synthetic screening pattern
LOT-016,L016-P040,9.545,10.6744,14.2482,20.436,10.434546000000001,3.7987955157907507,-0.23416527588872724,0.06313948697764317,1.0039113672077071,2.6327960950849216,0.047058,0.067789,0,1,0,-0.0506,19.5608,0.059618,1,Projected 168h drift above safety slope
LOT-016,L016-P041,10.4872,10.8613,11.1594,11.3313,10.434546000000001,3.7987955157907507,0.013860709211940376,0.11233929234308011,0.19081153407361398,0.23606271942577378,0.015588,0.003264,0,0,0,-0.131,11.3336,0.005038,0,Within synthetic screening pattern
LOT-016,L016-P042,10.507,10.6689,11.0625,11.1921,10.434546000000001,3.7987955157907507,0.01907288762946662,0.06169165963944153,0.1653034487878417,0.19941952570255886,0.006746,0.003633,0,0,0,-0.1534,11.101,0.003536,0,Within synthetic screening pattern
LOT-016,L016-P043,10.9884,11.142,11.3839,11.5817,10.434546000000001,3.7987955157907507,0.14579726592225117,0.18623113485821205,0.24990921360566673,0.30197834951408514,0.0064,0.003053,0,0,0,-0.1309,11.5964,0.003619,0,Within synthetic screening pattern
LOT-016,L016-P044,11.1611,11.338,11.713,11.8073,10.434546000000001,3.7987955157907507,0.1912590443417853,0.23782643636503734,0.33654193669697363,0.36136559451377803,0.007371,0.003259,0,0,0,-0.1151,11.7382,0.003435,0,Within synthetic screening pattern
LOT-016,L016-P045,9.9068,10.2381,10.4859,10.7722,10.434546000000001,3.7987955157907507,-0.13892456116847496,-0.05171270714188727,0.01351849547745666,0.088884489464212,0.013804,0.003709,0,0,0,-0.1563,10.6454,0.004396,0,Within synthetic screening pattern
LOT-016,L016-P046,9.5639,9.6657,9.9279,10.086,10.434546000000001,3.7987955157907507,-0.22919001467199757,-0.20239204684855486,-0.13337016901646498,-0.09175171407652037,0.004242,0.002919,0,0,0,-0.1596,10.1036,0.003212,0,Within synthetic screening pattern
LOT-016,L016-P047,10.5831,10.7036,10.8389,10.962,10.434546000000001,3.7987955157907507,0.0391055531634943,0.07082613393682312,0.10644268645658597,0.1388476946988827,0.005021,0.001794,0,0,0,-0.1519,11.1846,0.00358,0,Within synthetic screening pattern
LOT-016,L016-P048,9.6682,9.8753,10.1709,10.0665,10.434546000000001,3.7987955157907507,-0.20173394351300827,-0.14721666319635793,-0.06940252480137017,-0.09688492009378126,0.008629,0.001328,0,0,0,-0.1666,10.2438,0.003426,0,Within synthetic screening pattern
LOT-016,L016-P049,10.6577,10.8772,11.123,11.3136,10.434546000000001,3.7987955157907507,0.058743356696194224,0.11652482955715428,0.18122954950806058,0.23140334781010602,0.009146,0.003031,0,0,0,-0.146,11.3483,0.004111,0,Within synthetic screening pattern
LOT-016,L016-P050,9.6721,9.7917,10.0641,10.0694,10.434546000000001,3.7987955157907507,-0.2007073023095562,-0.16922363873702392,-0.09751669929590558,-0.09612152022454752,0.004983,0.001928,0,0,0,-0.1651,10.1842,0.003048,0,Within synthetic screening pattern
LOT-016,L016-P051,10.8524,10.9689,11.0937,11.1959,10.434546000000001,3.7987955157907507,0.10999644446853535,0.14066405990499029,0.1735165784154588,0.20041984277258915,0.004854,0.001576,0,0,0,-0.1415,11.3945,0.003227,0,Within synthetic screening pattern
LOT-016,L016-P052,10.3409,10.5114,10.7159,10.9404,10.434546000000001,3.7987955157907507,-0.024651497984225734,0.020231149500028113,0.07406400234771057,0.13316168187976332,0.007104,0.002979,0,0,0,-0.1611,10.9656,0.003718,0,Within synthetic screening pattern
LOT-016,L016-P053,10.3821,10.6797,10.8933,11.2149,10.434546000000001,3.7987955157907507,-0.013805955014423691,0.06453466604900122,0.12076301503807202,0.20542142812274064,0.0124,0.003717,0,0,0,-0.1545,11.1565,0.00461,0,Within synthetic screening pattern
LOT-016,L016-P054,11.7624,12.0004,12.4873,12.8268,10.434546000000001,3.7987955157907507,0.3495460586073675,0.4121974961513701,0.5403697017823558,0.6297401347495357,0.009917,0.005739,0,0,0,-0.0459,12.6943,0.005547,0,Within synthetic screening pattern
LOT-016,L016-P055,9.7823,9.9252,10.2963,10.4945,10.434546000000001,3.7987955157907507,-0.1716981072786781,-0.13408092061885468,-0.03639206149037045,0.0157823709517356,0.005954,0.003953,0,0,0,-0.1669,10.4503,0.003976,0,Within synthetic screening pattern
LOT-016,L016-P056,9.5801,9.7931,10.1282,10.2373,10.434546000000001,3.7987955157907507,-0.22492550505765804,-0.16885510086911795,-0.08064292977249998,-0.051923300209262044,0.008875,0.003085,0,0,0,-0.1646,10.2375,0.003913,0,Within synthetic screening pattern
LOT-016,L016-P057,9.1521,9.2666,9.6491,9.7536,10.434546000000001,3.7987955157907507,-0.33759279610317444,-0.3074516633351566,-0.20676185299658154,-0.17925313357074865,0.004771,0.003382,0,0,0,-0.136,9.6929,0.003219,0,Within synthetic screening pattern
LOT-016,L016-P058,9.3856,9.5757,9.7754,10.0933,10.434546000000001,3.7987955157907507,-0.2761259445631556,-0.22608376692821952,-0.17351447248478571,-0.08983005233672561,0.007921,0.003594,0,0,0,-0.157,10.0491,0.003949,0,Within synthetic screening pattern
LOT-016,L016-P059,9.4096,9.6441,9.9211,10.2106,10.434546000000001,3.7987955157907507,-0.26980815254191187,-0.20807805966767423,-0.1351602100891508,-0.05895184383289589,0.009771,0.003934,0,0,0,-0.1594,10.1413,0.004355,0,Within synthetic screening pattern
LOT-016,L016-P060,9.4815,9.7146,10.0706,10.2151,10.434546000000001,3.7987955157907507,-0.2508811006116016,-0.18951954560526996,-0.09580563062348513,-0.05776725782891261,0.009713,0.003476,0,0,0,-0.1596,10.1823,0.004171,0,Within synthetic screening pattern
LOT-016,L016-P061,9.742,10.0438,10.2152,10.5651,10.434546000000001,3.7987955157907507,-0.18230673304768313,-0.10286049838054123,-0.05774093369549082,0.03436720914756118,0.012575,0.00362,0,0,0,-0.161,10.5021,0.004524,0,Within synthetic screening pattern
LOT-016,L016-P062,10.0782,10.2628,10.4735,10.4825,10.434546000000001,3.7987955157907507,-0.09380499648342454,-0.045210646186690115,0.010254302933146957,0.012623474941113518,0.007692,0.001526,0,0,0,-0.1676,10.6058,0.00314,0,Within synthetic screening pattern
LOT-016,L016-P063,10.6919,10.8835,11.1709,11.4611,10.434546000000001,3.7987955157907507,0.06774621032646688,0.11818324996273069,0.19383880941712664,0.27023144460733456,0.007983,0.004011,0,0,0,-0.1469,11.3405,0.003861,0,Within synthetic screening pattern
LOT-016,L016-P064,9.7569,9.8732,10.0983,10.3297,10.434546000000001,3.7987955157907507,-0.1783844371678278,-0.1477694699982164,-0.08851384566563293,-0.027599800927472575,0.004846,0.00317,0,0,0,-0.1665,10.3709,0.003655,0,Within synthetic screening pattern
LOT-016,L016-P065,10.277,11.2397,15.4484,20.852,10.434546000000001,3.7987955157907507,-0.04147261924078776,0.21194981321135908,1.3198536165367467,2.742304490119816,0.040112,0.066752,0,1,0,-0.0289,20.0692,0.058287,1,Projected 168h drift above safety slope
LOT-016,L016-P066,10.2308,10.3872,10.7578,10.8959,10.434546000000001,3.7987955157907507,-0.05363436888168202,-0.012463424209909212,0.0850938142514656,0.12144744250703993,0.006517,0.003533,0,0,0,-0.1623,10.8591,0.00374,0,Within synthetic screening pattern
LOT-016,L016-P067,9.4066,9.6977,9.9619,10.2001,10.434546000000001,3.7987955157907507,-0.2705978765445674,-0.19396832415356294,-0.12441996365303591,-0.061715877842189744,0.012129,0.003489,0,0,0,-0.1529,10.1062,0.004164,0,Within synthetic screening pattern
LOT-016,L016-P068,10.7907,11.036,11.1801,11.4785,10.434546000000001,3.7987955157907507,0.09375445414725407,0.15832755343105143,0.19626062969193678,0.27481184382273643,0.010221,0.003073,0,0,0,-0.1392,11.4717,0.004054,0,Within synthetic screening pattern
LOT-016,L016-P069,9.8037,9.8337,10.2017,10.5069,10.434546000000001,3.7987955157907507,-0.16606474272640231,-0.1581675026998471,-0.061294691707440195,0.019046563496044833,0.00125,0.004675,0,0,0,-0.1532,10.3308,0.003138,0,Within synthetic screening pattern
LOT-016,L016-P070,10.0095,10.1674,10.2469,10.5102,10.434546000000001,3.7987955157907507,-0.11188967614423567,-0.07032386947113464,-0.04939618340076428,0.01991525989896572,0.006579,0.002381,0,0,0,-0.164,10.5854,0.003428,0,Within synthetic screening pattern
LOT-016,L016-P071,9.9922,10.2347,10.3936,10.5916,10.434546000000001,3.7987955157907507,-0.11644375122621534,-0.05260772767822994,-0.010778679670911019,0.041343104504351455,0.010104,0.002478,0,0,0,-0.1661,10.6766,0.004074,0,Within synthetic screening pattern
LOT-016,L016-P072,9.7968,10.0179,10.0912,10.2047,10.434546000000001,3.7987955157907507,-0.1678811079325099,-0.10967844893680032,-0.09038285913858411,-0.060504967704784675,0.009212,0.001297,0,0,0,-0.166,10.2722,0.00283,0,Within synthetic screening pattern
LOT-016,L016-P073,9.6308,9.827,9.9213,10.1253,10.434546000000001,3.7987955157907507,-0.21157916941278002,-0.15993121963911114,-0.13510756182230677,-0.08140632964173371,0.008175,0.002072,0,0,0,-0.1648,10.2678,0.003792,0,Within synthetic screening pattern
LOT-016,L016-P074,9.073,9.346,9.6742,9.866,10.434546000000001,3.7987955157907507,-0.35841518563985764,-0.2865503013982081,-0.20015449550769723,-0.14966480760458983,0.011375,0.003611,0,0,0,-0.134,9.8307,0.00451,0,Within synthetic screening pattern
LOT-016,L016-P075,9.3404,10.7386,13.7674,18.6141,10.434546000000001,3.7987955157907507,-0.28802445286983147,0.08003958063447054,0.8773449337154539,2.1531967082722425,0.058258,0.054691,0,1,0,-0.025,18.5691,0.054933,1,Projected 168h drift above safety slope
LOT-016,L016-P076,10.0057,10.2487,10.3207,10.6709,10.434546000000001,3.7987955157907507,-0.11288999321426597,-0.04892234899917116,-0.029968972935439136,0.062218142307878234,0.010125,0.002932,0,0,0,-0.1647,10.6648,0.003923,0,Within synthetic screening pattern
LOT-016,L016-P077,9.5001,9.7555,9.9825,10.2993,10.434546000000001,3.7987955157907507,-0.2459848117951378,-0.17875297503573376,-0.1189971921681349,-0.03560233748771493,0.010642,0.003776,0,0,0,-0.1615,10.2446,0.004432,0,Within synthetic screening pattern
LOT-016,L016-P078,9.6674,9.8854,10.029,10.3312,10.434546000000001,3.7987955157907507,-0.20194453658038305,-0.14455792572075074,-0.1067564701269748,-0.027204938926144815,0.009083,0.003096,0,0,0,-0.1671,10.2782,0.003636,0,Within synthetic screening pattern
LOT-016,L016-P079,10.5948,10.6991,10.867,11.1207,10.434546000000001,3.7987955157907507,0.04218547677385055,0.06964154793283985,0.1138397679481258,0.18062409443935803,0.004346,0.002928,0,0,0,-0.1505,11.137,0.003227,0,Within synthetic screening pattern
LOT-016,L016-P080,9.5696,9.6417,9.8312,10.028,10.434546000000001,3.7987955157907507,-0.22768953906695236,-0.20870983886979855,-0.15882560603539322,-0.10701971146119314,0.003004,0.002683,0,0,0,-0.1574,10.063,0.002937,0,Within synthetic screening pattern
LOT-016,L016-P081,9.3539,9.6284,9.8245,9.8344,10.434546000000001,3.7987955157907507,-0.2844706948578821,-0.2122109486149048,-0.16058932297465725,-0.15798323376589413,0.011437,0.001431,0,0,0,-0.1521,10.1299,0.004619,0,Within synthetic screening pattern
LOT-016,L016-P082,9.7505,9.9011,10.109,10.3711,10.434546000000001,3.7987955157907507,-0.18006918170682598,-0.1404250367735206,-0.08569716338949503,-0.016701609690826954,0.006275,0.003264,0,0,0,-0.1691,10.3769,0.003729,0,Within synthetic screening pattern
LOT-016,L016-P083,10.1763,10.4233,10.8022,10.8912,10.434546000000001,3.7987955157907507,-0.06798102159659034,-0.002960412044621648,0.09678172949076674,0.12021020823621306,0.010292,0.003249,0,0,0,-0.1631,10.9241,0.004451,0,Within synthetic screening pattern
LOT-016,L016-P084,47.5059,60.3761,82.5738,116.5305,10.434546000000001,3.7987955157907507,9.75871268824621,13.146681307905105,18.990033472487035,27.928840486144267,0.536258,0.389961,1,1,1,0.3143,110.8603,0.37711,1,Dynamic lot outlier + projected drift above safety slope
LOT-016,L016-P085,9.9659,10.2174,10.4133,10.3969,10.434546000000001,3.7987955157907507,-0.12336699831616205,-0.05716180276021007,-0.00559282538680656,-0.009909983267989666,0.010479,0.001247,0,0,0,-0.1655,10.5634,0.003557,0,Within synthetic screening pattern
LOT-016,L016-P086,9.8106,10.0142,10.2084,10.3772,10.434546000000001,3.7987955157907507,-0.16424837752029425,-0.11065244187340835,-0.05953097476817664,-0.015095837552094125,0.008483,0.002521,0,0,0,-0.1681,10.3827,0.003405,0,Within synthetic screening pattern
LOT-016,L016-P087,10.4589,10.5179,10.7702,10.7424,10.434546000000001,3.7987955157907507,0.006410979453556976,0.021942218172448097,0.08835800679577531,0.08103989770450085,0.002458,0.001559,0,0,0,-0.1491,10.8644,0.002414,0,Within synthetic screening pattern
LOT-016,L016-P088,9.297,10.7441,14.1726,18.9063,10.434546000000001,3.7987955157907507,-0.29944912677491425,0.08148740797267218,0.9840103223407884,2.2301158261308873,0.060296,0.056682,0,1,0,-0.0197,18.7874,0.05649,1,Projected 168h drift above safety slope
LOT-016,L016-P089,9.6413,9.9594,10.2216,10.4969,10.434546000000001,3.7987955157907507,-0.20881513540348617,-0.125078066988582,-0.05605618915649216,0.016414150153859924,0.013254,0.003733,0,0,0,-0.1562,10.4613,0.004881,0,Within synthetic screening pattern
LOT-016,L016-P090,10.011,10.1213,10.3637,10.4105,10.434546000000001,3.7987955157907507,-0.11149481414290792,-0.08245929497860759,-0.018649595564043966,-0.006329901122618036,0.004596,0.002008,0,0,0,-0.1624,10.5604,0.00327,0,Within synthetic screening pattern
LOT-016,L016-P091,10.435,10.7546,11.2451,11.4668,10.434546000000001,3.7987955157907507,0.00011951156573506866,0.0842514419819665,0.2133713164161394,0.27173192021237974,0.013317,0.004946,0,0,0,-0.1447,11.3347,0.005355,0,Within synthetic screening pattern
LOT-016,L016-P092,9.6632,9.8325,9.946,10.1699,10.434546000000001,3.7987955157907507,-0.20305015018410097,-0.1584833923009095,-0.1286055008671101,-0.06966576613558853,0.007054,0.002343,0,0,0,-0.1655,10.2468,0.003474,0,Within synthetic screening pattern
LOT-016,L016-P093,11.049,11.3078,11.3992,11.6169,10.434546000000001,3.7987955157907507,0.16174969077589185,0.22987654807163904,0.2539368060192097,0.31124444447857613,0.010783,0.002147,0,0,0,-0.1221,11.8838,0.004969,0,Within synthetic screening pattern
LOT-016,L016-P094,10.2275,11.4881,15.7698,19.1004,10.434546000000001,3.7987955157907507,-0.05450306528460338,0.27733896063123376,1.4044593813545718,2.2812109691026974,0.052525,0.052863,0,1,0,-0.0021,19.8407,0.057221,1,Projected 168h drift above safety slope
LOT-016,L016-P095,9.8349,10.062,10.285,10.5992,10.434546000000001,3.7987955157907507,-0.15785161309878518,-0.09806950609776453,-0.039366688567039544,0.043343738644412044,0.009463,0.003731,0,0,0,-0.1672,10.5582,0.004305,0,Within synthetic screening pattern
LOT-016,L016-P096,10.7262,10.9555,11.2143,11.3703,10.434546000000001,3.7987955157907507,0.07677538809016131,0.1371366260264627,0.20526348332220942,0.2463291314602951,0.009554,0.002881,0,0,0,-0.1432,11.4965,0.004585,0,Within synthetic screening pattern
LOT-016,L016-P097,9.1576,9.2334,9.2785,9.4403,10.434546000000001,3.7987955157907507,-0.3361449687649728,-0.3161912756312109,-0.3043190914579568,-0.2617266435814037,0.003158,0.001437,0,0,0,-0.1169,9.5216,0.002167,0,Within synthetic screening pattern
LOT-016,L016-P098,10.3252,10.502,10.8315,11.1664,10.434546000000001,3.7987955157907507,-0.028784386931455856,0.0177566809583744,0.10449470058336896,0.19265422341314337,0.007367,0.004614,0,0,0,-0.16,11.011,0.004082,0,Within synthetic screening pattern
LOT-016,L016-P099,11.1377,11.3214,11.6898,11.9207,10.434546000000001,3.7987955157907507,0.1850991971210728,0.23345663021701066,0.3304347377431047,0.39121716181415567,0.007654,0.004162,0,0,0,-0.1183,11.8028,0.003959,0,Within synthetic screening pattern
LOT-016,L016-P100,10.1602,11.3394,14.5199,19.6929,10.434546000000001,3.7987955157907507,-0.07221920707750808,0.2381949742329433,1.0754340377148726,2.437181459627157,0.049133,0.05801,0,1,0,-0.0372,19.5629,0.055968,1,Projected 168h drift above safety slope
LOT-017,L017-P001,11.2343,11.5194,11.7678,11.881,11.205858,5.369876826572618,0.005296583314398571,0.05838904878570959,0.10464709306166073,0.1257276510811362,0.011879,0.002511,0,0,0,-0.111,12.3243,0.006488,0,Within synthetic screening pattern
LOT-017,L017-P002,10.1462,10.9976,14.2579,18.4382,11.205858,5.369876826572618,-0.19733376280743056,-0.03878264003551118,0.5683635022868856,1.3468357345202124,0.035475,0.051671,0,1,0,-0.0567,18.8421,0.051761,1,Projected 168h drift above safety slope
LOT-017,L017-P003,9.8852,9.9935,10.1293,10.3446,11.205858,5.369876826572618,-0.2459382296191185,-0.2257701692524297,-0.20048094858948998,-0.16038691907011704,0.004512,0.002438,0,0,0,-0.1624,10.4203,0.003185,0,Within synthetic screening pattern
LOT-017,L017-P004,10.0723,10.1543,10.522,10.6636,11.205858,5.369876826572618,-0.2110957172035368,-0.19582534832017148,-0.1273507795590311,-0.10098145963360962,0.003417,0.003537,0,0,0,-0.1596,10.635,0.003349,0,Within synthetic screening pattern
LOT-017,L017-P005,10.4486,10.5814,10.6825,10.8177,11.205858,5.369876826572618,-0.14101962194975085,-0.11628907331912973,-0.09746182583000491,-0.07228433957352891,0.005533,0.001641,0,0,0,-0.1577,10.985,0.003193,0,Within synthetic screening pattern
LOT-017,L017-P006,9.156,9.3336,9.5274,9.5845,11.205858,5.369876826572618,-0.3817327782746076,-0.3486593939613672,-0.31256918067360834,-0.3019357896584843,0.0074,0.001742,0,0,0,-0.1324,9.7277,0.003403,0,Within synthetic screening pattern
LOT-017,L017-P007,48.1325,57.8419,68.5005,95.5356,11.205858,5.369876826572618,6.876627377609484,8.684750787806424,10.669638029028857,15.704222782671232,0.404558,0.261762,1,1,1,0.2932,99.4772,0.305623,1,Dynamic lot outlier + projected drift above safety slope
LOT-017,L017-P008,10.2409,10.53,10.8463,10.964,11.205858,5.369876826572618,-0.1796983489872512,-0.12586098747284927,-0.06695833286542842,-0.04503976679747555,0.012046,0.003014,0,0,0,-0.1542,10.972,0.004352,0,Within synthetic screening pattern
LOT-017,L017-P009,10.4447,10.606,10.8982,11.1789,11.205858,5.369876826572618,-0.14174589559176487,-0.11170796265412017,-0.05729330670632273,-0.0050202268824115544,0.006721,0.003978,0,0,0,-0.1583,11.1007,0.003905,0,Within synthetic screening pattern
LOT-017,L017-P010,9.8231,10.0517,10.2262,10.416,11.205858,5.369876826572618,-0.25750274068810614,-0.21493193182545545,-0.18243584194561052,-0.14709052470094258,0.009525,0.00253,0,0,0,-0.1641,10.4983,0.004019,0,Within synthetic screening pattern
LOT-017,L017-P011,9.9112,10.2059,10.5511,10.5817,11.205858,5.369876826572618,-0.24109640533902704,-0.18621618936429749,-0.12193166084554413,-0.11623320611589803,0.012279,0.00261,0,0,0,-0.1593,10.5541,0.003827,0,Within synthetic screening pattern
LOT-017,L017-P012,10.1895,10.3288,10.6273,10.7424,11.205858,5.369876826572618,-0.18927026314097042,-0.16332925844032659,-0.10774139122466057,-0.08630700758471704,0.005804,0.002872,0,0,0,-0.1645,10.7436,0.003298,0,Within synthetic screening pattern
LOT-017,L017-P013,9.6203,9.877,10.1226,10.2886,11.205858,5.369876826572618,-0.2952689700728198,-0.2474652665074548,-0.20172864946166746,-0.1708154636733909,0.010696,0.002858,0,0,0,-0.1596,10.3962,0.004618,0,Within synthetic screening pattern
LOT-017,L017-P014,10.3755,11.4972,14.2615,18.5789,11.205858,5.369876826572618,-0.15463259713723893,0.05425487574655458,0.5690339087256676,1.3730374528359388,0.046737,0.049178,0,1,0,-0.0402,19.0952,0.051903,1,Projected 168h drift above safety slope
LOT-017,L017-P015,8.372,8.565,8.9645,9.0333,11.205858,5.369876826572618,-0.5277324027204437,-0.49179116864130307,-0.4173946763375895,-0.40458246439642404,0.008042,0.003252,0,0,0,-0.0428,9.0549,0.004065,0,Within synthetic screening pattern
LOT-017,L017-P016,10.4565,10.5969,10.7803,10.9911,11.205858,5.369876826572618,-0.13954845226464624,-0.11340260115215221,-0.07924911757642973,-0.03999309610553421,0.00585,0.002737,0,0,0,-0.1577,11.0811,0.003718,0,Within synthetic screening pattern
LOT-017,L017-P017,9.4696,9.7377,10.0369,10.0763,11.205858,5.369876826572618,-0.3233329284962733,-0.27340627120809896,-0.21768804718489232,-0.21035082116044587,0.011171,0.002351,0,0,0,-0.1515,10.0958,0.003727,0,Within synthetic screening pattern
LOT-017,L017-P018,10.457,10.6939,10.847,11.0237,11.205858,5.369876826572618,-0.13945534025925976,-0.09533887210719555,-0.06682797605788747,-0.03392219335434248,0.009871,0.00229,0,0,0,-0.1552,11.0996,0.003825,0,Within synthetic screening pattern
LOT-017,L017-P019,11.0088,11.101,11.3148,11.6584,11.205858,5.369876826572618,-0.03669693111485628,-0.019527077321608716,0.020287616181605076,0.08427418628312205,0.003842,0.003871,0,0,0,-0.133,11.5602,0.003282,0,Within synthetic screening pattern
LOT-017,L017-P020,9.3217,9.5028,9.6759,9.8859,11.205858,5.369876826572618,-0.350875459689563,-0.3171502913386179,-0.28491491507385486,-0.24580787281157754,0.007546,0.00266,0,0,0,-0.1431,9.9028,0.003459,0,Within synthetic screening pattern
LOT-017,L017-P021,9.1996,10.3126,14.4523,19.3911,11.205858,5.369876826572618,-0.3736134114049158,-0.16634608741484505,0.6045654499811082,1.5242885943855664,0.046375,0.063045,0,1,0,-0.0274,19.2798,0.060001,1,Projected 168h drift above safety slope
LOT-017,L017-P022,9.7461,9.8414,10.2018,10.3633,11.205858,5.369876826572618,-0.27184198951760785,-0.2540948412909648,-0.18697970780846562,-0.15690453006866648,0.003971,0.003624,0,0,0,-0.1586,10.3588,0.003647,0,Within synthetic screening pattern
LOT-017,L017-P023,9.2071,9.2926,9.5184,9.8333,11.205858,5.369876826572618,-0.3722167313241201,-0.35629457840305,-0.3142451967705631,-0.2556032557782242,0.003562,0.003755,0,0,0,-0.1266,9.7452,0.003203,0,Within synthetic screening pattern
LOT-017,L017-P024,10.6432,10.7561,11.1433,11.3575,11.205858,5.369876826572618,-0.1047804294533738,-0.08375573863713036,-0.011649801665921552,0.028239381441601496,0.004704,0.004176,0,0,0,-0.1518,11.2228,0.00345,0,Within synthetic screening pattern
LOT-017,L017-P025,10.6124,10.7184,10.9111,11.2228,11.205858,5.369876826572618,-0.1105161289851747,-0.09077638384326289,-0.054891016967354225,0.0031550071905119747,0.004417,0.003503,0,0,0,-0.153,11.1283,0.003071,0,Within synthetic screening pattern
LOT-017,L017-P026,10.2532,10.4299,10.7549,10.7534,11.205858,5.369876826572618,-0.17740779365474643,-0.14450201095120144,-0.08397920745005781,-0.08425854346621695,0.007363,0.002247,0,0,0,-0.1614,10.8457,0.003527,0,Within synthetic screening pattern
LOT-017,L017-P027,10.04,10.2701,10.5092,10.5546,11.205858,5.369876826572618,-0.21711075275149683,-0.17426060787268702,-0.12973444689692237,-0.12127987680783937,0.009588,0.001976,0,0,0,-0.1654,10.6713,0.003758,0,Within synthetic screening pattern
LOT-017,L017-P028,9.8972,10.0072,10.3104,10.4299,11.205858,5.369876826572618,-0.2437035414898454,-0.223218900304843,-0.16675578023854515,-0.14450201095120144,0.004583,0.002935,0,0,0,-0.164,10.4535,0.003311,0,Within synthetic screening pattern
LOT-017,L017-P029,11.1732,11.3279,11.5138,11.7556,11.205858,5.369876826572618,-0.0060817037438164025,0.02272715072272804,0.05734619432538231,0.10237516013023318,0.006446,0.00297,0,0,0,-0.1227,11.7696,0.00355,0,Within synthetic screening pattern
LOT-017,L017-P030,10.0001,10.2235,10.4501,10.6305,11.205858,5.369876826572618,-0.22454109078132944,-0.18293864677469712,-0.14074028593359172,-0.10714547439018784,0.009308,0.002826,0,0,0,-0.1644,10.6683,0.003977,0,Within synthetic screening pattern
LOT-017,L017-P031,10.1521,10.4643,10.7847,11.0656,11.205858,5.369876826572618,-0.19623504114387125,-0.13809590498061888,-0.07842973192902955,-0.026119407302964248,0.013008,0.004176,0,0,0,-0.1535,10.9577,0.004795,0,Within synthetic screening pattern
LOT-017,L017-P032,10.7821,10.8493,11.1438,11.4289,11.205858,5.369876826572618,-0.0789139143570389,-0.06639966083311015,-0.011556689660535064,0.04153577581077596,0.0028,0.004025,0,0,0,-0.1449,11.328,0.003249,0,Within synthetic screening pattern
LOT-017,L017-P033,10.7732,11.0053,11.2358,11.4904,11.205858,5.369876826572618,-0.08057130805291648,-0.03734871515256104,0.005575919330557707,0.05298855247329985,0.009671,0.003369,0,0,0,-0.1452,11.4784,0.004198,0,Within synthetic screening pattern
LOT-017,L017-P034,11.0599,11.2361,11.4134,11.5257,11.205858,5.369876826572618,-0.027180884164368768,0.005631786533789733,0.03864930364379811,0.05956226005357816,0.007342,0.002011,0,0,0,-0.1279,11.6218,0.003345,0,Within synthetic screening pattern
LOT-017,L017-P035,10.64,10.8307,11.1384,11.2155,11.205858,5.369876826572618,-0.10537634628784653,-0.06986342743348317,-0.012562299318707885,0.0017955719118710907,0.007946,0.002672,0,0,0,-0.1513,11.2606,0.003694,0,Within synthetic screening pattern
LOT-017,L017-P036,9.8907,10.165,10.385,10.4615,11.205858,5.369876826572618,-0.24491399755986812,-0.19383275140490308,-0.15286346903489795,-0.13861733221078268,0.011429,0.002059,0,0,0,-0.1618,10.546,0.003901,0,Within synthetic screening pattern
LOT-017,L017-P037,11.3793,11.3944,11.4897,11.8221,11.205858,5.369876826572618,0.03229906487644758,0.03511104743911583,0.0528581956657589,0.11475905684662131,0.000629,0.00297,0,0,0,-0.0973,11.8295,0.00268,0,Within synthetic screening pattern
LOT-017,L017-P038,10.4456,10.6389,11.0432,11.2675,11.205858,5.369876826572618,-0.14157829398206911,-0.10558119269969675,-0.030290825144273722,0.01147922047205402,0.008054,0.004365,0,0,0,-0.1544,11.1518,0.004204,0,Within synthetic screening pattern
LOT-017,L017-P039,10.2609,11.0809,14.0866,18.8975,11.205858,5.369876826572618,-0.17597386877179627,-0.0232701799381412,0.5364633292415137,1.432368422668137,0.034167,0.054282,0,1,0,-0.0541,18.6293,0.049812,1,Projected 168h drift above safety slope
LOT-017,L017-P040,39.4973,52.6376,71.2348,104.5271,11.205858,5.369876826572618,5.268545799784634,7.7155851685418,11.178830341684789,17.378655975534414,0.547512,0.360344,1,1,1,0.2872,100.2286,0.361496,1,Dynamic lot outlier + projected drift above safety slope
LOT-017,L017-P041,9.4989,9.7356,9.9716,10.1084,11.205858,5.369876826572618,-0.31787656498063155,-0.27379734163072184,-0.22984847508835268,-0.20437303041464064,0.009862,0.002589,0,0,0,-0.1543,10.1591,0.00393,0,Within synthetic screening pattern
LOT-017,L017-P042,10.5614,10.7927,11.2311,11.4992,11.205858,5.369876826572618,-0.12001355353458465,-0.07693993984284772,0.004700666479925837,0.05462732376810021,0.009637,0.004906,0,0,0,-0.1505,11.3476,0.00468,0,Within synthetic screening pattern
LOT-017,L017-P043,10.6771,10.8589,11.1406,11.4216,11.205858,5.369876826572618,-0.09846743548817774,-0.06461191032969162,-0.01215260649500813,0.04017634053213474,0.007575,0.003908,0,0,0,-0.1515,11.3462,0.003983,0,Within synthetic screening pattern
LOT-017,L017-P044,9.8852,10.1289,10.5423,10.5264,11.205858,5.369876826572618,-0.2459382296191185,-0.20055543819379923,-0.12357043214034448,-0.12653139391163093,0.010154,0.00276,0,0,0,-0.1625,10.58,0.004136,0,Within synthetic screening pattern
LOT-017,L017-P045,9.9333,10.2185,10.5398,10.6372,11.205858,5.369876826572618,-0.23698085470094926,-0.18386976682856068,-0.12403599216727627,-0.10589777351801034,0.011883,0.002908,0,0,0,-0.1609,10.6072,0.004011,0,Within synthetic screening pattern
LOT-017,L017-P046,10.5654,10.7357,11.1315,11.4854,11.205858,5.369876826572618,-0.11926865749149373,-0.08755470845689454,-0.013847244993039843,0.05205743241943629,0.007096,0.005206,0,0,0,-0.1534,11.3481,0.004659,0,Within synthetic screening pattern
LOT-017,L017-P047,10.3614,10.6128,10.8423,11.0133,11.205858,5.369876826572618,-0.15725835568913485,-0.11044163938086544,-0.06770322890851935,-0.0358589230663792,0.010475,0.002781,0,0,0,-0.1566,11.1341,0.004599,0,Within synthetic screening pattern
LOT-017,L017-P048,10.4821,10.6895,10.9692,11.1055,11.205858,5.369876826572618,-0.1347811175888637,-0.0961582577545954,-0.04407140194145719,-0.018689069273131638,0.008642,0.002889,0,0,0,-0.1553,11.1461,0.003952,0,Within synthetic screening pattern
LOT-017,L017-P049,10.433,10.5822,10.9337,11.1445,11.205858,5.369876826572618,-0.14392471651780595,-0.11614009411051154,-0.05068235432388996,-0.011426332852994112,0.006217,0.003905,0,0,0,-0.1582,11.0541,0.003697,0,Within synthetic screening pattern
LOT-017,L017-P050,11.5864,11.8522,12.1241,12.2417,11.205858,5.369876826572618,0.07086605750748387,0.12036439957088092,0.17099870809999174,0.19289865176686705,0.011075,0.002705,0,0,0,-0.084,12.362,0.004617,0,Within synthetic screening pattern
LOT-017,L017-P051,10.2367,10.3427,10.5477,10.7551,11.205858,5.369876826572618,-0.1804804898324966,-0.1607407446905851,-0.12256482248217133,-0.08394196264790302,0.004417,0.002864,0,0,0,-0.1608,10.7661,0.003151,0,Within synthetic screening pattern
LOT-017,L017-P052,10.8647,11.0933,11.4395,11.5846,11.205858,5.369876826572618,-0.06353181106720987,-0.02096100220455919,0.043509750324967136,0.07053085428809304,0.009525,0.003412,0,0,0,-0.1393,11.5804,0.00426,0,Within synthetic screening pattern
LOT-017,L017-P053,9.8287,9.9421,10.1241,10.2445,11.205858,5.369876826572618,-0.2564598862277788,-0.2353420834061489,-0.20144931344550832,-0.1790279425484692,0.004725,0.0021,0,0,0,-0.1617,10.4274,0.003564,0,Within synthetic screening pattern
LOT-017,L017-P054,10.3533,11.5255,15.4669,20.4087,11.205858,5.369876826572618,-0.15876677017639393,0.05952501525142336,0.7935083313111406,1.7137901477479165,0.048842,0.061689,0,1,0,-0.0212,20.0536,0.05774,1,Projected 168h drift above safety slope
LOT-017,L017-P055,9.2479,9.505,9.8271,10.0591,11.205858,5.369876826572618,-0.36461879168459205,-0.3167405985149178,-0.2567578446450152,-0.21355387414573698,0.010713,0.003848,0,0,0,-0.1429,9.8388,0.003517,0,Within synthetic screening pattern
LOT-017,L017-P056,9.9597,10.068,10.2731,10.4965,11.205858,5.369876826572618,-0.23206454081654854,-0.21189648044985973,-0.17370193584036872,-0.1320994918337364,0.004512,0.002976,0,0,0,-0.162,10.4574,0.002963,0,Within synthetic screening pattern
LOT-017,L017-P057,10.7538,11.0083,11.2876,11.4338,11.205858,5.369876826572618,-0.08418405386190768,-0.03679004312024277,0.01522232308858617,0.04244827346356229,0.010604,0.002955,0,0,0,-0.1448,11.4736,0.004285,0,Within synthetic screening pattern
LOT-017,L017-P058,10.2253,10.3876,10.6567,10.7417,11.205858,5.369876826572618,-0.18260344355530594,-0.1523792866068886,-0.10226640530794158,-0.086437364392258,0.006763,0.002459,0,0,0,-0.1627,10.7686,0.003234,0,Within synthetic screening pattern
LOT-017,L017-P059,10.8098,10.9625,11.1125,11.5318,11.205858,5.369876826572618,-0.07375550925863383,-0.04531910281363469,-0.017385501197722118,0.06069822651929193,0.006363,0.003953,0,0,0,-0.1484,11.3538,0.003238,0,Within synthetic screening pattern
LOT-017,L017-P060,10.1144,10.2655,10.5092,10.6644,11.205858,5.369876826572618,-0.2032556863500041,-0.17511723832224163,-0.12973444689692237,-0.10083248042499145,0.006296,0.00277,0,0,0,-0.165,10.6088,0.002943,0,Within synthetic screening pattern
LOT-017,L017-P061,10.3981,10.657,10.9717,11.4028,11.205858,5.369876826572618,-0.15042393449377497,-0.10221053810470988,-0.04360584191452541,0.03667532912960693,0.010788,0.005179,0,0,0,-0.1548,11.2065,0.004812,0,Within synthetic screening pattern
LOT-017,L017-P062,9.9231,11.1959,15.0501,21.1109,11.205858,5.369876826572618,-0.2388803396108312,-0.0018544186992749043,0.7158901636210584,1.844556648112542,0.053033,0.068854,0,1,0,-0.0319,20.5789,0.063427,1,Projected 168h drift above safety slope
LOT-017,L017-P063,10.0885,10.1885,10.353,10.4324,11.205858,5.369876826572618,-0.20807888822901832,-0.1894564871517434,-0.15882263737962596,-0.14403645092426964,0.004167,0.001694,0,0,0,-0.1595,10.5167,0.002549,0,Within synthetic screening pattern
LOT-017,L017-P064,9.8029,10.0301,9.9962,10.0933,11.205858,5.369876826572618,-0.2612644657057158,-0.21895437045814706,-0.22526736442334314,-0.20718501297730924,0.009467,0.000439,0,0,0,-0.1614,10.2364,0.00258,0,Within synthetic screening pattern
LOT-017,L017-P065,11.0596,11.2029,11.3511,11.6371,11.205858,5.369876826572618,-0.027236751367600794,-0.0005508506238657149,0.027047547772656028,0.08030761485366246,0.005971,0.003015,0,0,0,-0.1289,11.6421,0.003467,0,Within synthetic screening pattern
LOT-017,L017-P066,10.669,10.8873,10.9928,11.1324,11.205858,5.369876826572618,-0.0999758499754368,-0.05932314842374561,-0.039676515287220285,-0.013679643383344429,0.009096,0.001702,0,0,0,-0.1482,11.2858,0.003671,0,Within synthetic screening pattern
LOT-017,L017-P067,11.6409,12.0468,12.2614,12.4021,11.205858,5.369876826572618,0.08101526609459891,0.15660359206725796,0.19656726477909028,0.22276898309481635,0.016912,0.002467,0,0,0,-0.0539,13.0048,0.008118,0,Within synthetic screening pattern
LOT-017,L017-P068,10.4223,10.5952,10.7763,10.97,11.205858,5.369876826572618,-0.14591731343307435,-0.11371918197046581,-0.07999401361952065,-0.043922422732839014,0.007204,0.002603,0,0,0,-0.1588,11.0145,0.003525,0,Within synthetic screening pattern
LOT-017,L017-P069,9.5598,9.7511,10.0486,10.3657,11.205858,5.369876826572618,-0.3065355227245714,-0.2709108694637443,-0.21550922625885094,-0.1564575924428119,0.007971,0.004268,0,0,0,-0.1569,10.2646,0.004195,0,Within synthetic screening pattern
LOT-017,L017-P070,9.4101,9.4386,9.7516,9.9308,11.205858,5.369876826572618,-0.33441325713725195,-0.3291058728302287,-0.2708177574583578,-0.23744641472788103,0.001187,0.003418,0,0,0,-0.1267,9.8909,0.002862,0,Within synthetic screening pattern
LOT-017,L017-P071,10.93,11.2164,11.4543,11.5203,11.205858,5.369876826572618,-0.05137138316374919,0.001963173521566506,0.0462658656844037,0.058556650395405335,0.011933,0.00211,0,0,0,-0.1302,11.5787,0.003861,0,Within synthetic screening pattern
LOT-017,L017-P072,10.0073,10.1073,10.3058,10.4533,11.205858,5.369876826572618,-0.22320027790376545,-0.2045778768264905,-0.1676124106880998,-0.14014436909911898,0.004167,0.002403,0,0,0,-0.1599,10.4891,0.002868,0,Within synthetic screening pattern
LOT-017,L017-P073,11.4839,11.6707,11.8929,12.1702,11.205858,5.369876826572618,0.05177809640327716,0.08656474161562683,0.12794371680933173,0.17958363499661537,0.007783,0.003469,0,0,0,-0.097,12.144,0.003929,0,Within synthetic screening pattern
LOT-017,L017-P074,10.6552,10.8596,11.1259,11.3299,11.205858,5.369876826572618,-0.10254574132410071,-0.06448155352215067,-0.01489009945336746,0.023099598744273666,0.008517,0.003266,0,0,0,-0.1504,11.372,0.004267,0,Within synthetic screening pattern
LOT-017,L017-P075,35.1183,45.5195,57.0317,75.0165,11.205858,5.369876826572618,4.45307085661076,6.390024037460289,8.533872094278342,11.883073683224096,0.433383,0.20484,1,1,1,0.2796,83.6215,0.28871,1,Dynamic lot outlier + projected drift above safety slope
LOT-017,L017-P076,9.1872,9.3913,9.718,9.9479,11.205858,5.369876826572618,-0.37592258913849774,-0.33791426853977974,-0.27707488422032217,-0.23426198414366683,0.008504,0.003865,0,0,0,-0.1372,9.8321,0.003839,0,Within synthetic screening pattern
LOT-017,L017-P077,10.6344,10.7889,11.099,11.2084,11.205858,5.369876826572618,-0.10641920074817415,-0.07764759108378418,-0.01989952534315434,0.0004733814353843388,0.006438,0.002913,0,0,0,-0.1529,11.2303,0.003547,0,Within synthetic screening pattern
LOT-017,L017-P078,10.3278,10.477,10.6769,11.03,11.205858,5.369876826572618,-0.16351548245109923,-0.13573086004380483,-0.0985046802903322,-0.03274898208647425,0.006217,0.00384,0,0,0,-0.1614,10.9379,0.003632,0,Within synthetic screening pattern
LOT-017,L017-P079,10.4274,10.5934,10.9795,11.1605,11.205858,5.369876826572618,-0.14496757097813323,-0.11405438518985664,-0.04215329463049804,-0.008446748680630108,0.006917,0.003938,0,0,0,-0.1558,11.0862,0.003921,0,Within synthetic screening pattern
LOT-017,L017-P080,10.6891,10.6532,10.7853,11.0002,11.205858,5.369876826572618,-0.09623274735890465,-0.10291818934564634,-0.07831799752256617,-0.03829845760750217,-0.001496,0.00241,0,0,0,-0.1269,10.9867,0.001771,0,Within synthetic screening pattern
LOT-017,L017-P081,11.0376,11.1021,11.3966,11.6378,11.205858,5.369876826572618,-0.03133367960460134,-0.019322230909758837,0.035520740262815924,0.08043797166120341,0.002688,0.00372,0,0,0,-0.1285,11.6481,0.003634,0,Within synthetic screening pattern
LOT-017,L017-P082,9.7746,9.9565,10.3719,10.6228,11.205858,5.369876826572618,-0.26653460521058464,-0.23266045765102128,-0.1553030035760209,-0.10857939927313798,0.007579,0.004627,0,0,0,-0.1595,10.4954,0.00429,0,Within synthetic screening pattern
LOT-017,L017-P083,10.8445,11.0028,11.1139,11.4491,11.205858,5.369876826572618,-0.06729353608481925,-0.037814275179492825,-0.017124787582640546,0.04529750082838534,0.006596,0.003099,0,0,0,-0.1464,11.4785,0.003774,0,Within synthetic screening pattern
LOT-017,L017-P084,11.3273,11.4661,11.7157,12.0662,11.205858,5.369876826572618,0.02261541631626432,0.04846330901152232,0.09494482210040057,0.1602163378762495,0.005783,0.004167,0,0,0,-0.1117,12.0097,0.004062,0,Within synthetic screening pattern
LOT-017,L017-P085,10.6545,10.7721,11.0956,11.2397,11.205858,5.369876826572618,-0.10267609813164166,-0.08077615446476637,-0.020532686979781868,0.006302192972571393,0.0049,0.003247,0,0,0,-0.1509,11.2357,0.00346,0,Within synthetic screening pattern
LOT-017,L017-P086,10.0203,10.2239,10.5051,10.839,11.205858,5.369876826572618,-0.22077936576371973,-0.18286415717038784,-0.1304979653410905,-0.06831776814406931,0.008483,0.004272,0,0,0,-0.164,10.7241,0.004189,0,Within synthetic screening pattern
LOT-017,L017-P087,9.3565,9.4841,9.6831,9.8911,11.205858,5.369876826572618,-0.34439486411467124,-0.3206326803400685,-0.28357410219629126,-0.2448395079555592,0.005317,0.002826,0,0,0,-0.1412,9.9353,0.003445,0,Within synthetic screening pattern
LOT-017,L017-P088,10.4192,10.7003,10.8493,10.9764,11.205858,5.369876826572618,-0.14649460786646984,-0.09414703843824974,-0.06639966083311015,-0.04273058906389354,0.011713,0.001917,0,0,0,-0.1534,11.1048,0.004081,0,Within synthetic screening pattern
LOT-017,L017-P089,9.8231,9.9288,10.1283,10.3211,11.205858,5.369876826572618,-0.25750274068810614,-0.23781886274942635,-0.20066717260026296,-0.16476318332327672,0.004404,0.002724,0,0,0,-0.1612,10.387,0.003357,0,Within synthetic screening pattern
LOT-017,L017-P090,11.22,12.1917,14.8967,20.0408,11.205858,5.369876826572618,0.0026335799603484974,0.18358745122822975,0.6873234003685182,1.645278334184622,0.040488,0.054508,0,1,0,-0.0123,19.9255,0.051818,1,Projected 168h drift above safety slope
LOT-017,L017-P091,10.4898,12.0083,14.6542,20.5282,11.205858,5.369876826572618,-0.13334719270591358,0.14943396765250727,0.6421640777561265,1.73604391703526,0.063271,0.059166,0,1,1,0.0074,20.1942,0.057764,1,Dynamic lot outlier + projected drift above safety slope
LOT-017,L017-P092,10.1049,10.3103,10.6699,10.931,11.205858,5.369876826572618,-0.20502481445234508,-0.16677440263962237,-0.09980824836574138,-0.051185159152976535,0.008558,0.00431,0,0,0,-0.1635,10.7319,0.003732,0,Within synthetic screening pattern
LOT-017,L017-P093,9.5821,9.7883,9.9548,10.3201,11.205858,5.369876826572618,-0.3023827272843388,-0.2639833362629979,-0.23297703846933487,-0.16494940733404936,0.008592,0.003693,0,0,0,-0.157,10.2361,0.003893,0,Within synthetic screening pattern
LOT-017,L017-P094,11.3162,12.5855,16.9348,21.3263,11.205858,5.369876826572618,0.02054832979668698,0.2569224666705385,1.0668665567244602,1.8846693000329922,0.052887,0.0607,0,1,1,0.0483,21.194,0.058796,1,Dynamic lot outlier + projected drift above safety slope
LOT-017,L017-P095,10.6015,10.835,11.2002,11.4064,11.205858,5.369876826572618,-0.11254597070259757,-0.06906266418716023,-0.0010536554529519606,0.03734573556838892,0.009729,0.003968,0,0,0,-0.1494,11.3066,0.004197,0,Within synthetic screening pattern
LOT-017,L017-P096,10.1082,10.3227,10.5613,10.7558,11.205858,5.369876826572618,-0.2044102752167951,-0.16446522490604035,-0.1200321759356622,-0.08381160584036206,0.008937,0.003008,0,0,0,-0.1651,10.7605,0.003883,0,Within synthetic screening pattern
LOT-017,L017-P097,9.5193,9.664,9.9452,10.1243,11.205858,5.369876826572618,-0.3140775951608677,-0.28713098080205074,-0.2347647889727534,-0.20141206864335387,0.006029,0.003197,0,0,0,-0.154,10.1108,0.003521,0,Within synthetic screening pattern
LOT-017,L017-P098,11.3383,11.5965,11.608,11.7515,11.205858,5.369876826572618,0.024663880434764758,0.0727469200162889,0.0748884961401755,0.10161164168606504,0.010758,0.001076,0,0,0,-0.1074,12.0883,0.004464,0,Within synthetic screening pattern
LOT-017,L017-P099,10.1432,10.2425,10.4899,10.4738,11.205858,5.369876826572618,-0.19789243483974883,-0.17940039057001483,-0.13332857030483633,-0.13632677687827757,0.004137,0.001606,0,0,0,-0.1615,10.6068,0.00276,0,Within synthetic screening pattern
LOT-017,L017-P100,9.6722,9.857,9.9445,10.1528,11.205858,5.369876826572618,-0.28560394391371413,-0.25118974672291006,-0.23489514578029436,-0.19610468433633063,0.0077,0.002054,0,0,0,-0.1588,10.2353,0.003352,0,Within synthetic screening pattern
LOT-018,L018-P001,10.8515,10.9433,11.2847,11.6007,9.712858,0.6898784148740202,1.6504966316534606,1.7835635576809472,2.2784333675478696,2.736485095485617,0.003825,0.004565,0,0,0,-0.0,11.4242,0.003409,0,Within synthetic screening pattern
LOT-018,L018-P002,8.7428,8.8105,9.0521,9.4775,9.712858,0.6898784148740202,-1.406128933860242,-1.3079956997419353,-0.9577890621794035,-0.3411586664049789,0.002821,0.004632,0,0,1,0.0355,9.3698,0.003732,0,Dynamic lot-relative outlier
LOT-018,L018-P003,9.6472,9.8327,10.117,10.2214,9.712858,0.6898784148740202,-0.09517329225613008,0.17371466828960688,0.5858162703551193,0.7371472842687274,0.007729,0.002699,0,0,0,-0.1457,10.2655,0.00368,0,Within synthetic screening pattern
LOT-018,L018-P004,10.262,10.5051,10.6922,10.8215,9.712858,0.6898784148740202,0.7959982341240224,1.148379167863474,1.4195863776645892,1.6070107081150677,0.010129,0.002197,0,0,0,-0.0789,10.888,0.003726,0,Within synthetic screening pattern
LOT-018,L018-P005,9.3621,9.4704,9.6296,9.782,9.712858,0.6898784148740202,-0.5084345189493329,-0.3514503349757313,-0.1206850340653209,0.10022345750972002,0.004512,0.002164,0,0,0,-0.1301,9.8677,0.00301,0,Within synthetic screening pattern
LOT-018,L018-P006,9.3581,9.5754,9.8333,10.0045,9.712858,0.6898784148740202,-0.5142326420877847,-0.1992496025913522,0.17458438676037275,0.4227440570861413,0.009054,0.00298,0,0,0,-0.1332,10.0179,0.003927,0,Within synthetic screening pattern
LOT-018,L018-P007,9.2119,9.3644,9.7008,9.9158,9.712858,0.6898784148740202,-0.7261540427982247,-0.5051005981447227,-0.017478442200867216,0.2941706764909578,0.006354,0.003829,0,0,0,-0.1068,9.8751,0.003948,0,Within synthetic screening pattern
LOT-018,L018-P008,8.7731,9.0327,9.1946,9.4036,9.712858,0.6898784148740202,-1.3622081510864663,-0.985909959400897,-0.7512309253720325,-0.4482789913878866,0.010817,0.002576,0,0,0,-0.01,9.4162,0.003828,0,Within synthetic screening pattern
LOT-018,L018-P009,10.7816,10.9935,11.1838,11.4405,9.712858,0.6898784148740202,1.5491744298090022,1.8563300030685241,2.132175711380403,2.504270263790594,0.008829,0.003104,0,0,0,-0.0126,11.4656,0.004071,0,Within synthetic screening pattern
LOT-018,L018-P010,8.4279,8.6203,8.862,9.1756,9.712858,0.6898784148740202,-1.8625861779349184,-1.5836964549753512,-1.233344864334358,-0.7787720102796822,0.008017,0.003856,0,0,1,0.0856,9.094,0.003965,0,Dynamic lot-relative outlier
LOT-018,L018-P011,10.5567,10.7707,11.1181,11.2689,9.712858,0.6898784148740202,1.2231749563495098,1.5333745442567197,2.036941538831321,2.2555307811509815,0.008917,0.00346,0,0,0,-0.0376,11.2984,0.004415,0,Within synthetic screening pattern
LOT-018,L018-P012,8.7999,8.9987,9.0502,9.2235,9.712858,0.6898784148740202,-1.3233607260588347,-1.0351940060777445,-0.9605431706701671,-0.7093394856967129,0.008283,0.001561,0,0,1,0.006,9.3272,0.003139,0,Dynamic lot-relative outlier
LOT-018,L018-P013,10.0845,10.2528,10.5059,10.6884,9.712858,0.6898784148740202,0.5387065198551917,0.7826625509055818,1.1495387924911644,1.4140781606830592,0.007013,0.003025,0,0,0,-0.1005,10.6433,0.003326,0,Within synthetic screening pattern
LOT-018,L018-P014,10.3835,10.6565,10.95,11.1667,9.712858,0.6898784148740202,0.9721162244545164,1.3678381286539,1.793275413937853,2.10738873496352,0.011375,0.003543,0,0,0,-0.0581,11.1797,0.004739,0,Within synthetic screening pattern
LOT-018,L018-P015,9.6618,9.7951,9.8835,9.9966,9.712858,0.6898784148740202,-0.07401014280077879,0.11921231078815153,0.24735083214795214,0.4112927638876986,0.005554,0.001399,0,0,0,-0.1512,10.1597,0.002964,0,Within synthetic screening pattern
LOT-018,L018-P016,8.9826,9.0041,9.2503,9.5322,9.712858,0.6898784148740202,-1.0585314517100155,-1.0273665398408338,-0.6704920606690815,-0.2618693324866402,0.000896,0.003667,0,0,0,-0.0122,9.5235,0.00322,0,Within synthetic screening pattern
LOT-018,L018-P017,9.4119,9.677,9.7343,9.7861,9.712858,0.6898784148740202,-0.4362478858756,-0.05197727487465909,0.031080839083672717,0.10616653372663287,0.011046,0.000758,0,0,0,-0.145,9.9833,0.003401,0,Within synthetic screening pattern
LOT-018,L018-P018,9.1454,9.3126,9.4612,9.6951,9.712858,0.6898784148740202,-0.822547839974997,-0.580186292787683,-0.3647860181941719,-0.025740767673160816,0.006967,0.002656,0,0,0,-0.0936,9.6921,0.003254,0,Within synthetic screening pattern
LOT-018,L018-P019,9.5736,9.9156,10.1231,10.31,9.712858,0.6898784148740202,-0.20185875800365488,0.29388077033403326,0.5946584081412594,0.8655757117854526,0.01425,0.002739,0,0,0,-0.1219,10.3229,0.00446,0,Within synthetic screening pattern
LOT-018,L018-P020,10.2171,10.3213,10.5531,10.7812,9.712858,0.6898784148740202,0.7309143018948927,0.8819554096515814,1.2179566455249042,1.5485946174951581,0.004342,0.003194,0,0,0,-0.0915,10.7049,0.002904,0,Within synthetic screening pattern
LOT-018,L018-P021,9.745,9.9079,9.9766,10.4397,9.712858,0.6898784148740202,0.04659081847903309,0.28271938329251245,0.382302148195434,1.053579854549775,0.006788,0.003693,0,0,0,-0.143,10.3718,0.003731,0,Within synthetic screening pattern
LOT-018,L018-P022,9.1335,9.3618,9.4501,9.6847,9.712858,0.6898784148740202,-0.8397972563118943,-0.5088693781847158,-0.38087580990337616,-0.04081588783313827,0.009513,0.002242,0,0,0,-0.0924,9.7369,0.003592,0,Within synthetic screening pattern
LOT-018,L018-P023,9.3846,9.4461,9.6909,9.7328,9.712858,0.6898784148740202,-0.4758200762955363,-0.3866739330418306,-0.031828796968537215,0.02890654290675294,0.002562,0.001991,0,0,0,-0.1254,9.8218,0.002602,0,Within synthetic screening pattern
LOT-018,L018-P024,10.0647,10.3779,10.6542,10.7984,9.712858,0.6898784148740202,0.5100058103198517,0.9639988520606838,1.36450420784929,1.573526546990505,0.01305,0.00292,0,0,0,-0.0835,10.8196,0.004493,0,Within synthetic screening pattern
LOT-018,L018-P025,9.2668,9.5099,9.5787,9.6782,9.712858,0.6898784148740202,-0.646574802722964,-0.2941938689835123,-0.19446615100212972,-0.05023783793312225,0.010129,0.001169,0,0,0,-0.1252,9.802,0.003186,0,Within synthetic screening pattern
LOT-018,L018-P026,9.7946,9.8917,10.1853,10.3091,9.712858,0.6898784148740202,0.11848754539584665,0.2592369845817804,0.6848192229441945,0.8642711340793012,0.004046,0.002899,0,0,0,-0.1333,10.3393,0.003242,0,Within synthetic screening pattern
LOT-018,L018-P027,9.3757,9.3321,9.5859,9.8647,9.712858,0.6898784148740202,-0.48872090027859394,-0.5519204424877259,-0.18402952935291375,0.22009965339722445,-0.001817,0.003699,0,0,0,-0.0825,9.8635,0.002904,0,Within synthetic screening pattern
LOT-018,L018-P028,10.7425,10.9804,11.155,11.3437,9.712858,0.6898784148740202,1.4924977761306295,1.8373411497900924,2.0904292247835445,2.363955683840043,0.009912,0.002523,0,0,0,-0.0181,11.3762,0.003772,0,Within synthetic screening pattern
LOT-018,L018-P029,9.1943,9.3544,9.692,9.9228,9.712858,0.6898784148740202,-0.7516657846074155,-0.5195959059908537,-0.030234313105461343,0.30431739198324925,0.006671,0.003947,0,0,0,-0.1068,9.733,0.003207,0,Within synthetic screening pattern
LOT-018,L018-P030,9.3988,9.6685,10.0785,10.4314,9.712858,0.6898784148740202,-0.45523673915403146,-0.06429828654387029,0.5300093351475126,1.0415487490374857,0.011238,0.005298,0,0,0,-0.1309,10.0504,0.003879,0,Within synthetic screening pattern
LOT-018,L018-P031,9.6887,9.9423,10.2023,10.4016,9.712858,0.6898784148740202,-0.03501776469468382,0.33258324228320374,0.7094612462826169,0.9983527316560147,0.010567,0.00319,0,0,0,-0.1363,10.421,0.004359,0,Within synthetic screening pattern
LOT-018,L018-P032,9.7169,9.7908,10.0965,10.3597,9.712858,0.6898784148740202,0.005859003431406412,0.11297932841431672,0.5561008892705499,0.9376173917807246,0.003079,0.003951,0,0,0,-0.1419,10.2884,0.003402,0,Within synthetic screening pattern
LOT-018,L018-P033,9.0703,9.3189,9.5375,9.7115,9.712858,0.6898784148740202,-0.9314076018994443,-0.5710542488446209,-0.2541868193281905,-0.0019684628055068386,0.010358,0.002726,0,0,0,-0.0856,9.7225,0.003882,0,Within synthetic screening pattern
LOT-018,L018-P034,9.7495,10.0093,10.3237,10.7314,9.712858,0.6898784148740202,0.05311370700979242,0.4297018048522836,0.8854342835346525,1.4764079844214253,0.010825,0.005015,0,0,0,-0.1328,10.5595,0.004821,0,Within synthetic screening pattern
LOT-018,L018-P035,9.7064,11.1541,14.6594,19.3807,9.712858,0.6898784148740202,-0.009361069807032016,2.0891246470773934,7.170164906381793,14.013834599775759,0.060321,0.057129,0,1,1,0.0847,19.4433,0.057958,1,Dynamic lot outlier + projected drift above safety slope
LOT-018,L018-P036,10.7063,10.8253,11.0258,11.1785,9.712858,0.6898784148740202,1.4400247617276356,1.6125189250965977,1.9031498474115298,2.1244931982219537,0.004958,0.002453,0,0,0,-0.0253,11.2554,0.003268,0,Within synthetic screening pattern
LOT-018,L018-P037,9.253,9.3468,9.6311,9.8934,9.712858,0.6898784148740202,-0.6665783275506248,-0.5306123399539135,-0.11851073788840114,0.26170118691562216,0.003908,0.003796,0,0,0,-0.1078,9.7313,0.002847,0,Within synthetic screening pattern
LOT-018,L018-P038,10.0731,10.2771,10.5126,10.7668,9.712858,0.6898784148740202,0.5221818689106019,0.8178861489716811,1.159250648748073,1.5277213741967288,0.0085,0.003401,0,0,0,-0.1032,10.706,0.003767,0,Within synthetic screening pattern
LOT-018,L018-P039,10.2244,11.4426,15.0612,18.7172,9.712858,0.6898784148740202,0.741495876622567,2.5073142784382823,7.752586375639348,13.052070924184944,0.050758,0.050518,0,1,1,0.106,19.4937,0.055174,1,Dynamic lot outlier + projected drift above safety slope
LOT-018,L018-P040,8.6826,8.94,9.2444,9.4894,9.712858,0.6898784148740202,-1.4933906870939524,-1.120281463134535,-0.6790442922982971,-0.3239092500680817,0.010725,0.003815,0,0,1,0.0008,9.4502,0.004569,0,Dynamic lot-relative outlier
LOT-018,L018-P041,9.5295,9.7293,10.0022,10.1348,9.712858,0.6898784148740202,-0.26578306560509424,0.023833185160608516,0.4194101362815312,0.6116179183212321,0.008325,0.002816,0,0,0,-0.1473,10.181,0.003878,0,Within synthetic screening pattern
LOT-018,L018-P042,9.5347,9.7735,10.0242,10.0394,9.712858,0.6898784148740202,-0.2582455055251055,0.08790244584050882,0.45129981354302035,0.4733326814691401,0.00995,0.001847,0,0,0,-0.1448,10.2234,0.004099,0,Within synthetic screening pattern
LOT-018,L018-P043,10.4747,10.571,10.8795,11.1226,9.712858,0.6898784148740202,1.1043134320112347,1.2439032465694781,1.6910834936226289,2.0434644273620806,0.004012,0.003831,0,0,0,-0.0514,11.069,0.003538,0,Within synthetic screening pattern
LOT-018,L018-P044,10.2383,10.3393,10.7509,10.8544,9.712858,0.6898784148740202,0.7616443545286915,0.9080469637746161,1.5046738347213797,1.6547002709288392,0.004208,0.003577,0,0,0,-0.0835,10.7893,0.00328,0,Within synthetic screening pattern
LOT-018,L018-P045,8.6927,8.8511,9.0861,9.282,9.712858,0.6898784148740202,-1.4787504261693605,-1.2491447498866406,-0.9085050155025561,-0.6245419347968443,0.0066,0.002992,0,0,1,0.0192,9.3305,0.003796,0,Dynamic lot-relative outlier
LOT-018,L018-P046,11.7316,11.9657,12.1748,12.2691,9.712858,0.6898784148740202,2.9262286751914757,3.2655638318694087,3.5686607189320134,3.705351471921032,0.009754,0.002107,0,0,1,0.1113,12.7111,0.00583,0,Dynamic lot-relative outlier
LOT-018,L018-P047,10.3936,10.5299,11.0403,11.3271,9.712858,0.6898784148740202,0.9867564853791084,1.1843275313218782,1.92416804378842,2.3398934728154646,0.005679,0.005536,0,0,0,-0.0558,11.1618,0.004573,0,Within synthetic screening pattern
LOT-018,L018-P048,9.4883,9.6898,9.8879,10.2598,9.712858,0.6898784148740202,-0.325503733931155,-0.033423280831610516,0.2537287676002505,0.7928092663978732,0.008396,0.003958,0,0,0,-0.1497,10.1535,0.00396,0,Within synthetic screening pattern
LOT-018,L018-P049,9.6731,9.8012,9.9226,10.0478,9.712858,0.6898784148740202,-0.05763044493465,0.1280544485742916,0.3040274858263247,0.4855087400598903,0.005337,0.001713,0,0,0,-0.1508,10.1664,0.002936,0,Within synthetic screening pattern
LOT-018,L018-P050,9.2291,9.4725,9.5749,9.8806,9.712858,0.6898784148740202,-0.7012221133028778,-0.3484063203280431,-0.19997436798365964,0.24314719287257358,0.010142,0.002834,0,0,0,-0.119,9.8925,0.003949,0,Within synthetic screening pattern
LOT-018,L018-P051,9.8727,9.9724,10.2332,10.307,9.712858,0.6898784148740202,0.2316958996741308,0.37621411890006023,0.7542517475271637,0.861227119431613,0.004154,0.002324,0,0,0,-0.1269,10.4389,0.00337,0,Within synthetic screening pattern
LOT-018,L018-P052,9.1603,9.4311,9.6495,9.9869,9.712858,0.6898784148740202,-0.8009498312842629,-0.40841689481102583,-0.09183937145151992,0.3972323152769505,0.011283,0.00386,0,0,0,-0.106,9.8916,0.004353,0,Within synthetic screening pattern
LOT-018,L018-P053,10.8008,10.9897,11.1789,11.3425,9.712858,0.6898784148740202,1.5770054208735762,1.8508217860869942,2.1250730105358,2.362216246898506,0.007871,0.00245,0,0,0,-0.0129,11.4054,0.003599,0,Within synthetic screening pattern
LOT-018,L018-P054,9.3001,9.3276,9.5688,9.9899,9.712858,0.6898784148740202,-0.598305427595346,-0.5584433310184852,-0.2088165057697997,0.4015809076307901,0.001146,0.004599,0,0,0,-0.0918,9.8899,0.003511,0,Within synthetic screening pattern
LOT-018,L018-P055,10.6946,10.8992,11.1798,11.5642,9.712858,0.6898784148740202,1.4230652515476603,1.719639250079508,2.1263775882419513,2.683577221847237,0.008525,0.004618,0,0,0,-0.0232,11.3769,0.004061,0,Within synthetic screening pattern
LOT-018,L018-P056,9.5707,9.8333,10.2287,10.3807,9.712858,0.6898784148740202,-0.20606239727903347,0.17458438676037275,0.7477288589964044,0.9680575382575989,0.010942,0.003801,0,0,0,-0.137,10.2926,0.004297,0,Within synthetic screening pattern
LOT-018,L018-P057,9.7621,9.8948,9.9608,10.0825,9.712858,0.6898784148740202,0.07137779489591904,0.2637305300140809,0.3593995617985485,0.5358074582859645,0.005529,0.001303,0,0,0,-0.1421,10.3407,0.003444,0,Within synthetic screening pattern
LOT-018,L018-P058,9.137,10.0416,13.7665,19.3494,9.712858,0.6898784148740202,-0.8347238985657472,0.4765216491952893,5.875878868800732,13.968464286217365,0.037692,0.064637,0,1,1,0.0522,18.4406,0.055379,1,Dynamic lot outlier + projected drift above safety slope
LOT-018,L018-P059,11.3199,11.4849,11.819,11.9364,9.712858,0.6898784148740202,2.3294568511662512,2.568629430627416,3.0529176657666643,3.2230925798802454,0.006875,0.003135,0,0,1,0.0711,11.9487,0.003743,0,Dynamic lot-relative outlier
LOT-018,L018-P060,9.3854,9.6809,9.7439,10.0957,9.712858,0.6898784148740202,-0.4746604516678459,-0.04632410481466819,0.04499633461595979,0.5549412646428595,0.012312,0.002881,0,0,0,-0.1351,10.072,0.004087,0,Within synthetic screening pattern
LOT-018,L018-P061,9.9912,10.1584,10.3841,10.5897,9.712858,0.6898784148740202,0.4034652976507853,0.645826844838102,0.9729859429252848,1.2710094722417447,0.006967,0.002995,0,0,0,-0.1085,10.6275,0.003788,0,Within synthetic screening pattern
LOT-018,L018-P062,9.6085,9.8482,10.0867,10.4629,9.712858,0.6898784148740202,-0.15127013362065872,0.19618239545110952,0.5418954875813409,1.0872089687527984,0.009988,0.004269,0,0,0,-0.145,10.3322,0.004308,0,Within synthetic screening pattern
LOT-018,L018-P063,10.426,10.5283,10.643,10.8579,9.712858,0.6898784148740202,1.033721282800575,1.1820082820664974,1.3482694630616248,1.6597736286749862,0.004262,0.002289,0,0,0,-0.0639,10.9271,0.002983,0,Within synthetic screening pattern
LOT-018,L018-P064,9.5804,9.7592,10.0352,10.3753,9.712858,0.6898784148740202,-0.19200194866828799,0.06717415562054047,0.46724465217376365,0.9602300720206881,0.00745,0.004278,0,0,0,-0.1472,10.258,0.004033,0,Within synthetic screening pattern
LOT-018,L018-P065,11.2199,11.3698,11.6514,11.9098,9.712858,0.6898784148740202,2.184503772704939,2.4017884373184453,2.8099763062655034,3.184535061009536,0.006246,0.00375,0,0,1,0.0637,11.883,0.003947,0,Dynamic lot-relative outlier
LOT-018,L018-P066,10.4626,10.6916,10.8997,11.1434,9.712858,0.6898784148740202,1.0867741095174155,1.4187166591938207,1.7203640154718127,2.073614667682033,0.009542,0.003138,0,0,0,-0.058,11.1292,0.003968,0,Within synthetic screening pattern
LOT-018,L018-P067,10.7953,10.9708,11.1317,11.2753,9.712858,0.6898784148740202,1.5690330015582021,1.823425654257808,2.05665515750206,2.2648077781725044,0.007313,0.002115,0,0,0,-0.0127,11.3656,0.003395,0,Within synthetic screening pattern
LOT-018,L018-P068,9.3249,9.4899,9.8199,10.0788,9.712858,0.6898784148740202,-0.5623570641369418,-0.3231844846757742,0.1551606742465583,0.5304441943828956,0.006875,0.00409,0,0,0,-0.1231,9.9215,0.003551,0,Within synthetic screening pattern
LOT-018,L018-P069,8.9824,9.2079,9.4962,9.8589,9.712858,0.6898784148740202,-1.0588213578669374,-0.7319521659366766,-0.3140524407327122,0.21169237484646988,0.009396,0.004521,0,0,0,-0.0698,9.7641,0.004653,0,Within synthetic screening pattern
LOT-018,L018-P070,9.8273,9.9141,10.004,10.2821,9.712858,0.6898784148740202,0.16588720205269364,0.2917064741571135,0.4220192916938339,0.8251338028947452,0.003617,0.002556,0,0,0,-0.134,10.3145,0.0029,0,Within synthetic screening pattern
LOT-018,L018-P071,9.6967,9.8619,10.0913,10.1549,9.712858,0.6898784148740202,-0.023421518417780066,0.21604096720030944,0.5485633291905612,0.640753487091955,0.006883,0.002035,0,0,0,-0.1427,10.2115,0.003064,0,Within synthetic screening pattern
LOT-018,L018-P072,9.1215,9.3809,9.676,9.7302,9.712858,0.6898784148740202,-0.8571916257272525,-0.4811833401986052,-0.05342680565927142,0.025137762866759866,0.010808,0.002426,0,0,0,-0.0993,9.7898,0.003978,0,Within synthetic screening pattern
LOT-018,L018-P073,9.7606,10.071,10.358,10.4991,9.712858,0.6898784148740202,0.06920349871899927,0.5191378542629137,0.9351531894468829,1.139681983155795,0.012933,0.002973,0,0,0,-0.1207,10.4649,0.004192,0,Within synthetic screening pattern
LOT-018,L018-P074,8.9244,9.099,9.4042,9.6853,9.712858,0.6898784148740202,-1.1428941433744986,-0.8898060683810466,-0.4474092729171208,-0.039946169362369846,0.007275,0.004072,0,0,0,-0.0485,9.6238,0.004163,0,Within synthetic screening pattern
LOT-018,L018-P075,10.1844,10.4384,10.7053,10.9729,9.712858,0.6898784148740202,0.6835146452380431,1.0516954645297771,1.4385752309430206,1.8264696689054938,0.010583,0.003712,0,0,0,-0.0861,10.9848,0.004764,0,Within synthetic screening pattern
LOT-018,L018-P076,9.6614,9.8768,10.145,10.378,9.712858,0.6898784148740202,-0.0745899551146227,0.23763897589104363,0.626403132324285,0.9641438051391448,0.008975,0.003481,0,0,0,-0.1413,10.2865,0.003721,0,Within synthetic screening pattern
LOT-018,L018-P077,9.8736,10.1037,10.3367,10.672,9.712858,0.6898784148740202,0.23300047738028215,0.5665375109197633,0.9042781837346231,1.3903058558154053,0.009588,0.003947,0,0,0,-0.1207,10.557,0.004068,0,Within synthetic screening pattern
LOT-018,L018-P078,8.2506,8.3381,8.8422,9.2542,9.712858,0.6898784148740202,-2.1195879860468247,-1.9927540423931753,-1.2620455738696983,-0.6648388906090881,0.003646,0.006362,0,0,1,0.1238,9.0871,0.004979,0,Dynamic lot-relative outlier
LOT-018,L018-P079,8.881,9.0148,9.2943,9.4878,9.712858,0.6898784148740202,-1.2058037794267085,-1.0118565604454735,-0.6067127061461032,-0.32622849932346243,0.005575,0.003285,0,0,0,-0.0248,9.5382,0.003912,0,Within synthetic screening pattern
LOT-018,L018-P080,9.7405,9.9564,10.2388,10.3187,9.712858,0.6898784148740202,0.04006792994827634,0.3530216263462501,0.7623691199209963,0.8781866296115858,0.008996,0.002516,0,0,0,-0.1384,10.4416,0.004173,0,Within synthetic screening pattern
LOT-018,L018-P081,9.9509,10.18,10.4267,10.7098,9.712858,0.6898784148740202,0.3450492070308785,0.6771367097857447,1.0347359543498045,1.44509811947378,0.009546,0.003679,0,0,0,-0.1101,10.6442,0.004127,0,Within synthetic screening pattern
LOT-018,L018-P082,9.1351,9.2831,9.3495,9.631,9.712858,0.6898784148740202,-0.8374780070565135,-0.622947450933771,-0.526698606835457,-0.1186556909668621,0.006167,0.002416,0,0,0,-0.0757,9.7495,0.003657,0,Within synthetic screening pattern
LOT-018,L018-P083,9.1219,10.877,13.7631,19.8527,9.712858,0.6898784148740202,-0.856611813413406,1.6874596666610968,5.870950464133045,14.698013130113152,0.073129,0.062331,0,1,1,0.1044,17.7073,0.051104,1,Dynamic lot outlier + projected drift above safety slope
LOT-018,L018-P084,9.6696,9.8904,10.0609,10.4008,9.712858,0.6898784148740202,-0.06270380268079442,0.2573525945617826,0.5044975933383218,0.9971931070283243,0.0092,0.003544,0,0,0,-0.1407,10.2925,0.003708,0,Within synthetic screening pattern
LOT-018,L018-P085,8.9393,9.1026,9.5296,9.8544,9.712858,0.6898784148740202,-1.1212961346837644,-0.8845877575564386,-0.2656381125266333,0.20516948631571055,0.006804,0.005221,0,0,0,-0.0586,9.6101,0.003993,0,Within synthetic screening pattern
LOT-018,L018-P086,9.2074,9.414,9.4884,9.7338,9.712858,0.6898784148740202,-0.732676931328984,-0.43320387122791176,-0.325358780852694,0.03035607369136784,0.008608,0.002221,0,0,0,-0.1098,9.844,0.003789,0,Within synthetic screening pattern
LOT-018,L018-P087,10.1562,10.2464,10.5017,10.5443,9.712858,0.6898784148740202,0.6426378771119529,0.7733855538840562,1.143450763195788,1.2052007746203075,0.003758,0.002069,0,0,0,-0.0937,10.6329,0.002837,0,Within synthetic screening pattern
LOT-018,L018-P088,9.1602,9.4673,9.6423,9.6261,9.712858,0.6898784148740202,-0.8010947843627239,-0.3559438804080318,-0.1022759931007333,-0.12575839181146792,0.012796,0.001103,0,0,0,-0.1013,9.7646,0.003598,0,Within synthetic screening pattern
LOT-018,L018-P089,8.837,9.1273,9.4209,9.6808,9.712858,0.6898784148740202,-1.2695831339496868,-0.8487843471764953,-0.4232021088140813,-0.04646905789312917,0.012096,0.003844,0,0,0,-0.0306,9.6336,0.004742,0,Within synthetic screening pattern
LOT-018,L018-P090,8.9514,9.0861,9.3285,9.6823,9.712858,0.6898784148740202,-1.1037568121899453,-0.9085050155025561,-0.5571387533123338,-0.04429476171620939,0.005613,0.00414,0,0,0,-0.0424,9.6007,0.003865,0,Within synthetic screening pattern
LOT-018,L018-P091,9.4014,9.5475,9.7269,9.9991,9.712858,0.6898784148740202,-0.4514679591140358,-0.2396915114820595,0.02035431127753739,0.41491659084923066,0.006087,0.003136,0,0,0,-0.1411,9.9593,0.003321,0,Within synthetic screening pattern
LOT-018,L018-P092,11.0265,11.0987,11.3165,11.5133,9.712858,0.6898784148740202,1.904164518960759,2.0088206416098253,2.324528446498565,2.6097961049104286,0.003008,0.002879,0,0,1,0.0232,11.5861,0.003331,0,Dynamic lot-relative outlier
LOT-018,L018-P093,10.3745,10.722,10.8749,11.1173,9.712858,0.6898784148740202,0.9590704473929977,1.4627823950460601,1.6844156520134086,2.0357819142036306,0.014479,0.002745,0,0,0,-0.0452,11.1033,0.004338,0,Within synthetic screening pattern
LOT-018,L018-P094,10.0304,10.1525,10.5292,10.6321,9.712858,0.6898784148740202,0.46028690440762143,0.6372746132088839,1.1833128597726488,1.3324695775093398,0.005087,0.003331,0,0,0,-0.1029,10.637,0.003611,0,Within synthetic screening pattern
LOT-018,L018-P095,10.673,11.6999,15.7904,20.9982,9.712858,0.6898784148740202,1.3917553866000176,2.8802785493192387,8.809584223779241,16.358450643887494,0.042787,0.064572,0,1,1,0.1288,18.874,0.048815,1,Dynamic lot outlier + projected drift above safety slope
LOT-018,L018-P096,9.2399,9.3988,9.4294,9.5606,9.712858,0.6898784148740202,-0.6855671808290564,-0.45523673915403146,-0.41088109714487014,-0.22070265820362542,0.006621,0.001124,0,0,0,-0.0996,9.6908,0.002684,0,Within synthetic screening pattern
LOT-018,L018-P097,11.1589,11.2291,11.4485,11.7533,9.712858,0.6898784148740202,2.0960823948435356,2.1978394559233796,2.5158665100674975,2.9576834932175795,0.002925,0.00364,0,0,1,0.0544,11.6832,0.003121,0,Dynamic lot-relative outlier
LOT-018,L018-P098,9.1761,9.4243,9.6748,9.9782,9.712858,0.6898784148740202,-0.7780472448873748,-0.4182737041463953,-0.05516624260080827,0.3846213974508148,0.010342,0.003847,0,0,0,-0.1102,9.9143,0.004394,0,Within synthetic screening pattern
LOT-018,L018-P099,10.2671,11.2871,13.8047,19.3111,9.712858,0.6898784148740202,0.8033908411255476,2.2819122414309407,5.931250944772953,13.912947257166683,0.0425,0.055722,0,1,1,0.0781,19.3574,0.054109,1,Dynamic lot outlier + projected drift above safety slope
LOT-018,L018-P100,9.2997,9.57,9.7966,10.0168,9.712858,0.6898784148740202,-0.5988852399091925,-0.20707706882826288,0.12138660696507131,0.4405732857368825,0.011263,0.003103,0,0,0,-0.1258,10.0448,0.004435,0,Within synthetic screening pattern
LOT-019,L019-P001,9.1186,9.1598,9.5322,9.6619,10.01207,3.0672842980642523,-0.29129024673841397,-0.2778581693708217,-0.15644783898996373,-0.11416287698567454,0.001717,0.003487,0,0,0,-0.1226,9.6187,0.002977,0,Within synthetic screening pattern
LOT-019,L019-P002,10.4171,11.2839,15.6686,22.1207,10.01207,3.0672842980642523,0.13204840524747327,0.41464366403943875,1.8441492376724935,3.947671237270603,0.036117,0.075256,0,1,0,-0.0038,20.3337,0.059027,1,Projected 168h drift above safety slope
LOT-019,L019-P003,9.4757,10.567,13.8118,19.5292,10.01207,3.0672842980642523,-0.17486804217610352,0.18091899741742692,1.2387928965039174,3.1027870504231423,0.045471,0.062237,0,1,0,-0.0472,18.6773,0.054771,1,Projected 168h drift above safety slope
LOT-019,L019-P004,10.5826,10.8194,11.1332,11.503,10.01207,3.0672842980642523,0.18600492962457324,0.263206772358696,0.3655122548332218,0.48607492984622225,0.009867,0.004747,0,0,0,-0.1381,11.3082,0.004319,0,Within synthetic screening pattern
LOT-019,L019-P005,9.1469,9.3781,9.6045,9.5256,10.01207,3.0672842980642523,-0.28206384408057755,-0.2066877206003027,-0.13287649933761117,-0.15859957953914075,0.009633,0.001024,0,0,0,-0.1462,9.6976,0.003278,0,Within synthetic screening pattern
LOT-019,L019-P006,9.8032,10.6288,14.9783,20.9598,10.01207,3.0672842980642523,-0.06809606795555796,0.20106711346881528,1.6190967375062573,3.5691931155221117,0.0344,0.071743,0,1,0,-0.0414,19.5465,0.057996,1,Projected 168h drift above safety slope
LOT-019,L019-P007,11.0092,11.1544,11.3733,11.4404,10.01207,3.0672842980642523,0.32508561421231286,0.372423906294216,0.4437899678419331,0.46566599675857,0.00605,0.001986,0,0,0,-0.1095,11.5747,0.003366,0,Within synthetic screening pattern
LOT-019,L019-P008,9.284,9.47,9.7671,9.9976,10.01207,3.0672842980642523,-0.2373663244908469,-0.17672636355948373,-0.07986543671696807,-0.0047175281434235685,0.00775,0.003664,0,0,0,-0.1557,9.958,0.004012,0,Within synthetic screening pattern
LOT-019,L019-P009,10.2739,10.4464,10.8127,10.9726,10.01207,3.0672842980642523,0.08536215575623016,0.14160082920063996,0.2610224296799855,0.31315323480323815,0.007188,0.003654,0,0,0,-0.1532,10.8944,0.003693,0,Within synthetic screening pattern
LOT-019,L019-P010,10.2227,10.424,10.7825,10.9827,10.01207,3.0672842980642523,0.06866986543533889,0.13429795218524962,0.2511765865610226,0.3164460498860701,0.008387,0.00388,0,0,0,-0.1545,10.8725,0.003868,0,Within synthetic screening pattern
LOT-019,L019-P011,9.3284,9.6068,9.9096,10.1541,10.01207,3.0672842980642523,-0.22289097897819907,-0.1321266503583524,-0.033407402132455924,0.04630480457570709,0.0116,0.003801,0,0,0,-0.152,10.0419,0.004247,0,Within synthetic screening pattern
LOT-019,L019-P012,8.6505,8.8505,9.0714,9.3262,10.01207,3.0672842980642523,-0.44390081508234513,-0.3786965560163629,-0.3066784518779857,-0.22360822582792494,0.008333,0.003303,0,0,0,-0.0941,9.3252,0.004016,0,Within synthetic screening pattern
LOT-019,L019-P013,9.8475,10.0288,10.1802,10.1546,10.01207,3.0672842980642523,-0.05365332457244304,0.005454336270869648,0.05481396038381759,0.04646781522337225,0.007554,0.000874,0,0,0,-0.1645,10.3322,0.002885,0,Within synthetic screening pattern
LOT-019,L019-P014,10.0425,11.4647,15.1352,19.1182,10.01207,3.0672842980642523,0.009920828016889423,0.47358831423508685,1.6702494787435196,2.9687922980425503,0.059258,0.053149,0,1,1,0.0057,20.597,0.062824,1,Dynamic lot outlier + projected drift above safety slope
LOT-019,L019-P015,9.4581,9.4906,9.6479,9.858,10.01207,3.0672842980642523,-0.18060601697390988,-0.17001032487568762,-0.11872717512029306,-0.050230100971478855,0.001354,0.002551,0,0,0,-0.1409,9.8905,0.002574,0,Within synthetic screening pattern
LOT-019,L019-P016,9.3116,9.4749,9.8703,9.9067,10.01207,3.0672842980642523,-0.22836813673974152,-0.17512885921236743,-0.04622003903892105,-0.0343528638889122,0.006804,0.002999,0,0,0,-0.1526,9.925,0.003651,0,Within synthetic screening pattern
LOT-019,L019-P017,9.5587,9.7498,10.0845,10.2274,10.01207,3.0672842980642523,-0.14780827466372098,-0.0855056051261751,0.023613722420745567,0.07020216552338937,0.007963,0.003317,0,0,0,-0.1613,10.2636,0.004196,0,Within synthetic screening pattern
LOT-019,L019-P018,9.4819,10.8941,13.6998,16.9314,10.01207,3.0672842980642523,-0.17284671014505817,0.28756056311984024,1.2022785114269676,2.2558489294151034,0.058842,0.041926,0,1,0,-0.0144,17.8626,0.049885,1,Projected 168h drift above safety slope
LOT-019,L019-P019,10.4415,10.5908,10.7646,11.2232,10.01207,3.0672842980642523,0.14000332485352307,0.18867830424627863,0.24534080537461692,0.3948541714129136,0.006221,0.004392,0,0,0,-0.1504,11.0594,0.003678,0,Within synthetic screening pattern
LOT-019,L019-P020,10.0348,10.3046,10.7159,10.8419,10.01207,3.0672842980642523,0.007410464042849179,0.09537100952285879,0.22946356829205025,0.27054225150361927,0.011242,0.003731,0,0,0,-0.1552,10.7684,0.004367,0,Within synthetic screening pattern
LOT-019,L019-P021,8.1513,8.2946,8.6027,8.8246,10.01207,3.0672842980642523,-0.6066506457110354,-0.5599317940902594,-0.4594846329991144,-0.3871405075654075,0.005971,0.003681,0,0,0,-0.0026,8.8871,0.00438,0,Within synthetic screening pattern
LOT-019,L019-P022,9.6561,10.0331,10.2722,10.5674,10.01207,3.0672842980642523,-0.11605380049858766,0.0068562278407878876,0.08480791955416944,0.18104940593555857,0.015708,0.00371,0,0,0,-0.1415,10.5599,0.00538,0,Within synthetic screening pattern
LOT-019,L019-P023,9.1255,9.2423,9.5616,9.7332,10.01207,3.0672842980642523,-0.2890406998006376,-0.2509614125061043,-0.14686281290726413,-0.09091755862865172,0.004867,0.003409,0,0,0,-0.1392,9.7548,0.003746,0,Within synthetic screening pattern
LOT-019,L019-P024,10.5335,10.6151,10.8109,10.9752,10.01207,3.0672842980642523,0.16999728402387493,0.1966006217227955,0.26043559134839184,0.31400089017109567,0.0034,0.002501,0,0,0,-0.1434,11.045,0.003045,0,Within synthetic screening pattern
LOT-019,L019-P025,10.7113,11.0125,11.3771,11.4659,10.01207,3.0672842980642523,0.2279638703335327,0.32616148448690135,0.44502884876418675,0.47397953978948243,0.01255,0.003149,0,0,0,-0.1199,11.5291,0.004868,0,Within synthetic screening pattern
LOT-019,L019-P026,9.0089,9.1569,9.4232,9.5512,10.01207,3.0672842980642523,-0.32705478283610506,-0.2788036311272786,-0.19198416018092385,-0.1502534343786954,0.006167,0.002738,0,0,0,-0.1288,9.6041,0.003543,0,Within synthetic screening pattern
LOT-019,L019-P027,10.221,11.8959,16.1134,20.5259,10.01207,3.0672842980642523,0.06811562923327817,0.6141686967813434,1.989163509835237,3.4277324754784635,0.069787,0.059931,0,1,1,0.0648,20.4159,0.060684,1,Dynamic lot outlier + projected drift above safety slope
LOT-019,L019-P028,10.5031,10.6979,10.9731,10.9761,10.01207,3.0672842980642523,0.1600862366458456,0.22359518497611222,0.3133162454509033,0.31429430933689306,0.008117,0.001932,0,0,0,-0.1466,11.0799,0.003433,0,Within synthetic screening pattern
LOT-019,L019-P029,10.2772,10.4335,10.6576,10.8329,10.01207,3.0672842980642523,0.08643802603081925,0.13739515449088407,0.2104565267743168,0.26760805984564995,0.006512,0.002774,0,0,0,-0.1567,10.8727,0.003545,0,Within synthetic screening pattern
LOT-019,L019-P030,9.0601,9.285,9.5913,9.7775,10.01207,3.0672842980642523,-0.3103624925152138,-0.23704030319551717,-0.1371799804359658,-0.0764748152455368,0.009371,0.00342,0,0,0,-0.1407,9.7388,0.00404,0,Within synthetic screening pattern
LOT-019,L019-P031,10.5372,10.7843,11.1049,11.2965,10.01207,3.0672842980642523,0.17120356281659566,0.2517634248926162,0.35628585217538544,0.41875153236059587,0.010296,0.003557,0,0,0,-0.1403,11.3123,0.004614,0,Within synthetic screening pattern
LOT-019,L019-P032,11.2547,11.3227,11.6524,12.0188,10.01207,3.0672842980642523,0.4051238422158056,0.4272932902982393,0.5347825113685107,0.6542367139773898,0.002833,0.004834,0,0,0,-0.0841,11.8369,0.003465,0,Within synthetic screening pattern
LOT-019,L019-P033,8.8782,8.9798,9.3444,9.6718,10.01207,3.0672842980642523,-0.36966576613572455,-0.33654200253020594,-0.2176746382529205,-0.11093526616190844,0.004233,0.004806,0,0,0,-0.1105,9.5427,0.003955,0,Within synthetic screening pattern
LOT-019,L019-P034,9.7203,9.9958,10.2116,10.5018,10.01207,3.0672842980642523,-0.0951232333384076,-0.005304366475017776,0.06505102905717722,0.15966240896191655,0.011479,0.003514,0,0,0,-0.1615,10.4226,0.00418,0,Within synthetic screening pattern
LOT-019,L019-P035,9.0807,9.3299,9.7074,10.1548,10.01207,3.0672842980642523,-0.3036464538314177,-0.2224019470352042,-0.09932890804816348,0.04653301948243808,0.010383,0.005728,0,0,0,-0.144,9.9599,0.005233,0,Within synthetic screening pattern
LOT-019,L019-P036,8.6731,8.9196,9.2567,9.4894,10.01207,3.0672842980642523,-0.43653273380788893,-0.3561684845090659,-0.24626670585335353,-0.17040155043008376,0.010271,0.003957,0,0,0,-0.1004,9.4471,0.004607,0,Within synthetic screening pattern
LOT-019,L019-P037,9.8915,9.8935,10.1662,10.3749,10.01207,3.0672842980642523,-0.03930838757792686,-0.0386563449872674,0.05024966224919907,0.11829030658455131,8.3e-05,0.003343,0,0,0,-0.1453,10.3504,0.002732,0,Within synthetic screening pattern
LOT-019,L019-P038,10.094,10.2901,10.5931,10.7812,10.01207,3.0672842980642523,0.02671092472637944,0.09064370074057512,0.1894281532255374,0.25075275887709353,0.008171,0.00341,0,0,0,-0.16,10.7405,0.003848,0,Within synthetic screening pattern
LOT-019,L019-P039,7.8744,7.9629,8.0987,8.3204,10.01207,3.0672842980642523,-0.6969259423878879,-0.6680730577511905,-0.6237993658453892,-0.5515204446707482,0.003688,0.002483,0,0,1,0.047,8.4793,0.003601,0,Dynamic lot-relative outlier
LOT-019,L019-P040,10.7931,10.9261,11.0318,11.2956,10.01207,3.0672842980642523,0.25463241229151967,0.2979932445703974,0.332453695486769,0.4184581131947991,0.005542,0.002566,0,0,0,-0.1308,11.3485,0.003306,0,Within synthetic screening pattern
LOT-019,L019-P041,10.0167,10.3125,10.6097,10.8315,10.01207,3.0672842980642523,0.0015094785973776698,0.09794657775596487,0.19484010672801405,0.267151630032188,0.012325,0.003604,0,0,0,-0.1548,10.7784,0.004534,0,Within synthetic screening pattern
LOT-019,L019-P042,10.6786,10.7887,11.0275,11.1822,10.01207,3.0672842980642523,0.2173029739762446,0.25319791859206797,0.3310518039168502,0.3814872983043872,0.004588,0.002733,0,0,0,-0.1371,11.2352,0.003313,0,Within synthetic screening pattern
LOT-019,L019-P043,10.004,10.1136,10.4725,10.5041,10.01207,3.0672842980642523,-0.0026309918533123774,0.03310094211484583,0.15010998500875045,0.16041225794117533,0.004567,0.002712,0,0,0,-0.1596,10.5869,0.00347,0,Within synthetic screening pattern
LOT-019,L019-P044,10.1022,10.2182,10.4372,10.6564,10.01207,3.0672842980642523,0.029384299348084838,0.06720276960635424,0.13860143328360483,0.21006530121992067,0.004833,0.003043,0,0,0,-0.1593,10.6588,0.003313,0,Within synthetic screening pattern
LOT-019,L019-P045,9.8402,9.8522,9.9299,10.1539,10.01207,3.0672842980642523,-0.056033280028351624,-0.052121024484392556,-0.02678916983725855,0.04623960031664126,0.0005,0.002095,0,0,0,-0.1468,10.277,0.0026,0,Within synthetic screening pattern
LOT-019,L019-P046,9.4722,9.6417,9.921,9.933,10.01207,3.0672842980642523,-0.17600911670975788,-0.12074850715133842,-0.029690759365694933,-0.025778503821735868,0.007062,0.002023,0,0,0,-0.1611,10.043,0.003398,0,Within synthetic screening pattern
LOT-019,L019-P047,9.3442,9.4924,9.6354,9.6814,10.01207,3.0672842980642523,-0.21773984251198633,-0.169423486544094,-0.1228024413119167,-0.10780546172674106,0.006175,0.001313,0,0,0,-0.1549,9.8258,0.002867,0,Within synthetic screening pattern
LOT-019,L019-P048,9.2782,9.5798,9.8429,10.1314,10.01207,3.0672842980642523,-0.2392572480037606,-0.1409292253322597,-0.0551530225309606,0.038904121171718015,0.012567,0.003831,0,0,0,-0.1482,10.0179,0.004403,0,Within synthetic screening pattern
LOT-019,L019-P049,10.0369,10.2279,10.4419,10.4375,10.01207,3.0672842980642523,0.008095108763041552,0.07036517617105452,0.1401337333716553,0.13869923967220357,0.007958,0.001456,0,0,0,-0.1615,10.6183,0.003461,0,Within synthetic screening pattern
LOT-019,L019-P050,10.3335,10.5568,10.8687,11.0311,10.01207,3.0672842980642523,0.10479302495789324,0.17759358020506205,0.27927962221846075,0.33222548058003804,0.009304,0.003294,0,0,0,-0.1503,11.0125,0.004042,0,Within synthetic screening pattern
LOT-019,L019-P051,10.6342,10.7508,11.0172,11.1947,10.01207,3.0672842980642523,0.20282762846359675,0.24084171149906422,0.3276937845749524,0.38556256449601084,0.004858,0.003083,0,0,0,-0.1397,11.2143,0.003453,0,Within synthetic screening pattern
LOT-019,L019-P052,10.3919,10.4683,10.5995,10.8574,10.01207,3.0672842980642523,0.1238326686051596,0.14874069556836456,0.19151468951564918,0.27559558158123265,0.003183,0.002702,0,0,0,-0.1483,10.8742,0.002871,0,Within synthetic screening pattern
LOT-019,L019-P053,10.9648,12.6414,16.9978,21.8486,10.01207,3.0672842980642523,0.310610268699665,0.8572175724497916,2.2774967434250097,3.858960842811335,0.069858,0.063939,0,1,1,0.0987,19.8479,0.052876,1,Dynamic lot outlier + projected drift above safety slope
LOT-019,L019-P054,8.6172,8.9252,9.1358,9.2827,10.01207,3.0672842980642523,-0.4547573242168307,-0.35434276525521863,-0.28568268045873985,-0.23779015217477595,0.012833,0.002483,0,0,0,-0.0853,9.3472,0.004345,0,Within synthetic screening pattern
LOT-019,L019-P055,8.9782,9.1308,9.495,9.8107,10.01207,3.0672842980642523,-0.3370636366027337,-0.28731278693538903,-0.16857583117623645,-0.06565090824058355,0.006358,0.004722,0,0,0,-0.1284,9.7191,0.00441,0,Within synthetic screening pattern
LOT-019,L019-P056,9.653,9.7541,9.8853,10.1509,10.01207,3.0672842980642523,-0.11706446651411034,-0.08410371355625686,-0.04132971960897222,0.04526153643065149,0.004212,0.002756,0,0,0,-0.1599,10.2333,0.003454,0,Within synthetic screening pattern
LOT-019,L019-P057,10.9641,11.1944,11.4145,11.6824,10.01207,3.0672842980642523,0.310382053792934,0.3854647581074121,0.4572220452095253,0.5445631502284078,0.009596,0.003389,0,0,0,-0.1109,11.5891,0.00372,0,Within synthetic screening pattern
LOT-019,L019-P058,9.3048,10.7756,14.2141,18.4278,10.01207,3.0672842980642523,-0.23058508154798496,0.24892703962324625,1.36995126361514,2.7437071957467807,0.061283,0.05314,0,1,0,-0.011,18.7193,0.056039,1,Projected 168h drift above safety slope
LOT-019,L019-P059,8.7344,9.0199,9.3891,9.5588,10.01207,3.0672842980642523,-0.41654762840416515,-0.3234685485874763,-0.2031014863516739,-0.14777567253418805,0.011896,0.003742,0,0,0,-0.1061,9.5453,0.004827,0,Within synthetic screening pattern
LOT-019,L019-P060,10.576,10.851,11.0195,11.1041,10.01207,3.0672842980642523,0.18385318907539622,0.27350904529112147,0.3284436335542112,0.35602503513912154,0.011458,0.001758,0,0,0,-0.1369,11.2534,0.004032,0,Within synthetic screening pattern
LOT-019,L019-P061,9.2796,9.5514,9.7299,9.9354,10.01207,3.0672842980642523,-0.23880081819029864,-0.15018823011962956,-0.09199342890324023,-0.024996052712944174,0.011325,0.002667,0,0,0,-0.154,9.9728,0.004126,0,Within synthetic screening pattern
LOT-019,L019-P062,9.2035,9.3811,9.6798,9.9565,10.01207,3.0672842980642523,-0.2636110387649048,-0.2057096567143129,-0.10832709579926886,-0.018117003381482897,0.0074,0.003996,0,0,0,-0.1518,9.8684,0.003958,0,Within synthetic screening pattern
LOT-019,L019-P063,9.9968,10.1894,10.653,10.9692,10.01207,3.0672842980642523,-0.0049783451796874675,0.057813356300852714,0.20895682881579924,0.3120447623991167,0.008025,0.005415,0,0,0,-0.1596,10.7931,0.00474,0,Within synthetic screening pattern
LOT-019,L019-P064,9.5904,9.7769,10.0754,10.3021,10.01207,3.0672842980642523,-0.1374733996017626,-0.07667042802273487,0.020646928633243355,0.0945559562845336,0.007771,0.003647,0,0,0,-0.1628,10.2383,0.003857,0,Within synthetic screening pattern
LOT-019,L019-P065,10.9041,11.1531,11.2802,11.5751,10.01207,3.0672842980642523,0.2908207760731393,0.37200007861028694,0.4134373852467186,0.509581065239509,0.010375,0.002931,0,0,0,-0.1148,11.6072,0.004185,0,Within synthetic screening pattern
LOT-019,L019-P066,9.0648,9.2716,9.5733,9.6488,10.01207,3.0672842980642523,-0.3088301924271633,-0.24140898855293821,-0.14304836375190438,-0.11843375595449625,0.008617,0.002619,0,0,0,-0.14,9.6957,0.003755,0,Within synthetic screening pattern
LOT-019,L019-P067,10.2377,10.3766,10.6125,10.6071,10.01207,3.0672842980642523,0.07356018486528772,0.11884454278661202,0.19575296635493797,0.19399245136015653,0.005787,0.001601,0,0,0,-0.1572,10.7505,0.003052,0,Within synthetic screening pattern
LOT-019,L019-P068,9.4109,9.483,9.875,10.1342,10.01207,3.0672842980642523,-0.19599422211348166,-0.17248808672019494,-0.04468773895087057,0.03981698079864195,0.003004,0.004522,0,0,0,-0.1512,10.0157,0.0036,0,Within synthetic screening pattern
LOT-019,L019-P069,9.7935,9.979,10.1278,10.295,10.01207,3.0672842980642523,-0.07125847452025824,-0.010781524236560232,0.03773044450853076,0.09224120508769143,0.007729,0.002194,0,0,0,-0.1655,10.3985,0.003601,0,Within synthetic screening pattern
LOT-019,L019-P070,9.5417,9.7314,9.9314,10.1983,10.01207,3.0672842980642523,-0.15335063668432927,-0.09150439696024536,-0.026300137894263668,0.0607149458292891,0.007904,0.003242,0,0,0,-0.1616,10.1929,0.003876,0,Within synthetic screening pattern
LOT-019,L019-P071,9.2605,9.5887,9.7668,9.9571,10.01207,3.0672842980642523,-0.24502782493109987,-0.1380276358038239,-0.07996324310556681,-0.01792139060428483,0.013675,0.002558,0,0,0,-0.1437,10.1391,0.00523,0,Within synthetic screening pattern
LOT-019,L019-P072,9.8983,10.0889,10.1786,10.1971,10.01207,3.0672842980642523,-0.03709144276968343,0.0250482161201973,0.054292326311289794,0.06032372027489354,0.007942,0.000751,0,0,0,-0.1633,10.3894,0.002923,0,Within synthetic screening pattern
LOT-019,L019-P073,10.6639,10.8214,10.9828,11.2077,10.01207,3.0672842980642523,0.2125104609348951,0.26385881494935604,0.316478652015603,0.38980084133530024,0.006563,0.002683,0,0,0,-0.1391,11.2964,0.003765,0,Within synthetic screening pattern
LOT-019,L019-P074,9.7927,9.8634,10.2192,10.4274,10.01207,3.0672842980642523,-0.07151929155652215,-0.04846958597669739,0.06752879090168455,0.13540642458937163,0.002946,0.003917,0,0,0,-0.1609,10.3467,0.003298,0,Within synthetic screening pattern
LOT-019,L019-P075,9.1617,9.2806,9.5229,9.7316,10.01207,3.0672842980642523,-0.27723872890969514,-0.23847479689496892,-0.15947983703653176,-0.09143919270117952,0.004954,0.003132,0,0,0,-0.1425,9.6786,0.003077,0,Within synthetic screening pattern
LOT-019,L019-P076,10.1302,10.2583,10.2926,10.4555,10.01207,3.0672842980642523,0.038512895617322455,0.08027622354908384,0.09145875397889973,0.14456762298814216,0.005337,0.001369,0,0,0,-0.1601,10.5837,0.002699,0,Within synthetic screening pattern
LOT-019,L019-P077,9.8775,10.1496,10.4547,10.685,10.01207,3.0672842980642523,-0.043872685712545954,0.044837708746722445,0.14430680595187825,0.21938951026635636,0.011338,0.003718,0,0,0,-0.1599,10.5944,0.004267,0,Within synthetic screening pattern
LOT-019,L019-P078,9.9829,10.1526,10.3958,10.5695,10.01207,3.0672842980642523,-0.009510041184773074,0.04581577263271221,0.12510415165694616,0.18173405065575152,0.007071,0.002895,0,0,0,-0.1614,10.621,0.003798,0,Within synthetic screening pattern
LOT-019,L019-P079,9.1506,9.2552,9.5931,9.6387,10.01207,3.0672842980642523,-0.2808575652878568,-0.24675573779634843,-0.13659314210437218,-0.12172657103732819,0.004358,0.002663,0,0,0,-0.1397,9.6743,0.003117,0,Within synthetic screening pattern
LOT-019,L019-P080,10.1068,10.3111,10.4554,10.7177,10.01207,3.0672842980642523,0.0308839973066024,0.09749014794250291,0.14453502085860867,0.23005040662364445,0.008512,0.002824,0,0,0,-0.1603,10.7321,0.003722,0,Within synthetic screening pattern
LOT-019,L019-P081,9.3219,9.4651,9.7283,9.8429,10.01207,3.0672842980642523,-0.22501011739784374,-0.17832386790660062,-0.09251506297576803,-0.0551530225309606,0.005967,0.002624,0,0,0,-0.1547,9.8486,0.003135,0,Within synthetic screening pattern
LOT-019,L019-P082,9.4899,9.6086,9.9321,9.9783,10.01207,3.0672842980642523,-0.1702385397824186,-0.13153981202675877,-0.026071922987532685,-0.011009739143290637,0.004946,0.002567,0,0,0,-0.1589,10.0636,0.003415,0,Within synthetic screening pattern
LOT-019,L019-P083,9.2511,9.5009,9.6772,9.6821,10.01207,3.0672842980642523,-0.24809242510720142,-0.16665230553378985,-0.10917475116712697,-0.10757724682001008,0.010408,0.001258,0,0,0,-0.1533,9.7771,0.003131,0,Within synthetic screening pattern
LOT-019,L019-P084,8.655,8.9011,9.3194,9.5587,10.01207,3.0672842980642523,-0.44243371925336045,-0.36219987847266966,-0.22582517063616836,-0.14780827466372098,0.010254,0.004567,0,0,0,-0.1008,9.4882,0.00496,0,Within synthetic screening pattern
LOT-019,L019-P085,9.7487,10.6805,14.5092,18.2584,10.01207,3.0672842980642523,-0.08586422855103833,0.2179224144373717,1.4661601478669963,2.688479188317894,0.038825,0.052624,0,1,0,-0.0483,19.1211,0.055788,1,Projected 168h drift above safety slope
LOT-019,L019-P086,9.5864,9.7841,9.8958,10.1396,10.01207,3.0672842980642523,-0.1387774847830827,-0.0743230746963592,-0.03790649600800862,0.041577495793423416,0.008238,0.002469,0,0,0,-0.1614,10.2249,0.003801,0,Within synthetic screening pattern
LOT-019,L019-P087,9.2787,10.1868,13.7046,18.3316,10.01207,3.0672842980642523,-0.23909423735609545,0.05696570093299519,1.2038434136445508,2.7123439471360435,0.037837,0.056561,0,1,0,-0.0407,18.3467,0.053976,1,Projected 168h drift above safety slope
LOT-019,L019-P088,9.1248,9.4841,9.7817,9.9664,10.01207,3.0672842980642523,-0.2892689147073686,-0.1721294632953323,-0.0751055258051509,-0.014889392557716786,0.014971,0.003349,0,0,0,-0.1285,10.0019,0.005221,0,Within synthetic screening pattern
LOT-019,L019-P089,8.8181,9.0327,9.2255,9.24,10.01207,3.0672842980642523,-0.3892596459850522,-0.31929547600725333,-0.25643857026764677,-0.2517112614853631,0.008942,0.00144,0,0,0,-0.1118,9.3448,0.003135,0,Within synthetic screening pattern
LOT-019,L019-P090,9.6352,9.83,10.1133,10.3693,10.01207,3.0672842980642523,-0.1228676455709831,-0.059358697240716476,0.033003135726247086,0.11646458733070401,0.008117,0.003745,0,0,0,-0.166,10.2802,0.003839,0,Within synthetic screening pattern
LOT-019,L019-P091,8.5916,8.8226,9.1009,9.2755,10.01207,3.0672842980642523,-0.46310346937727664,-0.38779255015606756,-0.2970608236657538,-0.24013750550115162,0.009625,0.003145,0,0,0,-0.0874,9.2818,0.004108,0,Within synthetic screening pattern
LOT-019,L019-P092,9.0121,9.1635,9.5088,9.6788,10.01207,3.0672842980642523,-0.3260115146910495,-0.27665189057810097,-0.1640767373006832,-0.10865311709459859,0.006308,0.003578,0,0,0,-0.1316,9.625,0.003648,0,Within synthetic screening pattern
LOT-019,L019-P093,9.5874,9.7434,9.9634,10.2647,10.01207,3.0672842980642523,-0.13845146348775236,-0.08759214141628686,-0.015867456443706553,0.08236275983919503,0.0065,0.00362,0,0,0,-0.1636,10.2542,0.003969,0,Within synthetic screening pattern
LOT-019,L019-P094,39.6558,53.6321,75.6211,90.689,10.01207,3.0672842980642523,9.6644872530101,14.221058682929515,21.3899409459389,26.30239722184044,0.582346,0.25734,1,1,1,0.3159,97.1321,0.342121,1,Dynamic lot outlier + projected drift above safety slope
LOT-019,L019-P095,9.8522,10.0506,10.4434,10.691,10.01207,3.0672842980642523,-0.052121024484392556,0.012561600509061329,0.14062276531465018,0.22134563803833587,0.008267,0.004447,0,0,0,-0.1613,10.5797,0.00433,0,Within synthetic screening pattern
LOT-019,L019-P096,9.3378,9.6241,9.9559,10.0645,10.01207,3.0672842980642523,-0.2198263788020981,-0.12648648194914477,-0.018312616158680965,0.017093296514147514,0.011929,0.003058,0,0,0,-0.1514,10.1732,0.004973,0,Within synthetic screening pattern
LOT-019,L019-P097,10.24,10.369,10.6998,10.8869,10.01207,3.0672842980642523,0.0743100338445465,0.11636678094210469,0.22421462543723877,0.28521320979346515,0.005375,0.003597,0,0,0,-0.1551,10.8464,0.00361,0,Within synthetic screening pattern
LOT-019,L019-P098,9.6182,9.9315,10.1137,10.2523,10.01207,3.0672842980642523,-0.1284100075915914,-0.026267535764730753,0.03313354424437875,0.0783200957771043,0.013054,0.002228,0,0,0,-0.1562,10.4313,0.00484,0,Within synthetic screening pattern
LOT-019,L019-P099,10.1427,10.4367,10.5744,10.8717,10.01207,3.0672842980642523,0.0425881618089461,0.13843842263593967,0.1833315550028684,0.2802576861044505,0.01225,0.003021,0,0,0,-0.1539,10.9041,0.004532,0,Within synthetic screening pattern
LOT-019,L019-P100,9.7514,9.9395,10.3063,10.6651,10.01207,3.0672842980642523,-0.0849839710536473,-0.023659365402091185,0.0959252457249195,0.21290168648929123,0.007838,0.005039,0,0,0,-0.165,10.5245,0.004602,0,Within synthetic screening pattern
LOT-020,L020-P001,11.2249,11.3425,11.481,11.7993,11.250639393939394,5.2066672789645825,-0.004943544989591355,0.01764288001112155,0.044243389046825315,0.10537654446967366,0.0049,0.003172,0,0,0,-0.12,11.8082,0.003472,0,Within synthetic screening pattern
LOT-020,L020-P002,10.4336,10.5211,10.7509,11.0489,11.250639393939394,5.2066672789645825,-0.15692176015170184,-0.14011638440712365,-0.09598066616593463,-0.03874635791582853,0.003646,0.003665,0,0,0,-0.1554,10.95,0.003074,0,Within synthetic screening pattern
LOT-020,L020-P003,9.5377,9.7476,10.0174,10.4862,11.250639393939394,5.2066672789645825,-0.328989601632474,-0.28867590598919435,-0.23685773026476944,-0.14681932856124688,0.008746,0.005129,0,0,0,-0.1549,10.3017,0.004548,0,Within synthetic screening pattern
LOT-020,L020-P004,10.3869,10.4887,10.5687,10.6952,11.250639393939394,5.2066672789645825,-0.16589102926337945,-0.14633917496854473,-0.1309742600020733,-0.10667848821134034,0.004242,0.001434,0,0,0,-0.1573,10.9167,0.003154,0,Within synthetic screening pattern
LOT-020,L020-P005,11.6321,11.7602,12.1963,12.4239,11.250639393939394,5.2066672789645825,0.07326387218974816,0.0978669422798105,0.1816249349907882,0.2253381180703992,0.005337,0.004609,0,0,0,-0.0893,12.3062,0.004013,0,Within synthetic screening pattern
LOT-020,L020-P006,10.5955,10.831,11.0374,11.3446,11.250639393939394,5.2066672789645825,-0.1258270134883054,-0.08059654505575514,-0.04095506444225877,0.018046209028991508,0.009813,0.003567,0,0,0,-0.1486,11.3078,0.00424,0,Within synthetic screening pattern
LOT-020,L020-P007,9.4504,9.6214,9.8887,10.0932,11.250639393939394,5.2066672789645825,-0.34575656508963576,-0.3129140593488032,-0.2615760372170804,-0.22229947333403793,0.007125,0.003276,0,0,0,-0.1489,10.0813,0.003755,0,Within synthetic screening pattern
LOT-020,L020-P008,10.5841,10.8718,11.1992,11.3985,11.250639393939394,5.2066672789645825,-0.1280165138710276,-0.07276043842285455,-0.0098795239225704,0.028398320487651733,0.011988,0.003658,0,0,0,-0.1448,11.3662,0.004655,0,Within synthetic screening pattern
LOT-020,L020-P009,10.0062,10.2637,10.3633,10.5878,11.250639393939394,5.2066672789645825,-0.23900881836007556,-0.18955299831174557,-0.17042367917848852,-0.12730588655382827,0.010729,0.002251,0,0,0,-0.1622,10.6505,0.003835,0,Within synthetic screening pattern
LOT-020,L020-P010,11.5784,11.7535,11.9842,12.2739,11.250639393939394,5.2066672789645825,0.06295017301850436,0.09658013065136879,0.14088870418593055,0.19652890250826519,0.007296,0.003614,0,0,0,-0.0953,12.2182,0.003808,0,Within synthetic screening pattern
LOT-020,L020-P011,49.6502,59.3929,78.7212,91.2955,11.250639393939394,5.2066672789645825,7.375074793274842,9.246271756322857,12.95849283065348,15.373530958939753,0.405946,0.221546,1,1,1,0.2965,94.2499,0.265474,1,Dynamic lot outlier + projected drift above safety slope
LOT-020,L020-P012,9.1647,9.2895,9.5211,9.7096,11.250639393939394,5.2066672789645825,-0.40062851766364693,-0.3766592503159514,-0.33217782148801656,-0.2959742405982683,0.0052,0.002917,0,0,0,-0.1239,9.7406,0.003428,0,Within synthetic screening pattern
LOT-020,L020-P013,11.5564,11.6412,11.7881,12.0549,11.250639393939394,5.2066672789645825,0.05872482140272466,0.0750116312671843,0.10322545637436756,0.15446744778754976,0.003533,0.002873,0,0,0,-0.0925,12.043,0.002896,0,Within synthetic screening pattern
LOT-020,L020-P014,9.8418,10.0677,10.4668,10.7393,11.250639393939394,5.2066672789645825,-0.2705837186161745,-0.22719703997960053,-0.1505453204406164,-0.09820857883607291,0.009413,0.004664,0,0,0,-0.1598,10.596,0.004489,0,Within synthetic screening pattern
LOT-020,L020-P015,10.8498,11.1228,11.4815,11.4725,11.250639393939394,5.2066672789645825,-0.07698579003863423,-0.024553017715550535,0.04433941976536588,0.04261086683163778,0.011375,0.002428,0,0,0,-0.1358,11.5387,0.004101,0,Within synthetic screening pattern
LOT-020,L020-P016,10.2896,10.3772,10.5206,10.5523,11.250639393939394,5.2066672789645825,-0.18457860709135043,-0.1677540252030642,-0.1402124151256642,-0.13412406757019976,0.00365,0.001216,0,0,0,-0.1584,10.7221,0.002574,0,Within synthetic screening pattern
LOT-020,L020-P017,11.1249,11.3026,11.4846,11.5182,11.250639393939394,5.2066672789645825,-0.024149688697680576,0.009979628671594043,0.044934810220316625,0.051388074506234595,0.007404,0.001497,0,0,0,-0.1214,11.8618,0.004386,0,Within synthetic screening pattern
LOT-020,L020-P018,12.1831,12.5224,12.7593,12.9016,11.250639393939394,5.2066672789645825,0.17908972402132017,0.2442561696228671,0.2897555240673307,0.31708586656394183,0.014137,0.002633,0,0,0,-0.0065,12.9241,0.004411,0,Within synthetic screening pattern
LOT-020,L020-P019,10.8299,11.0694,11.375,11.3718,11.250639393939394,5.2066672789645825,-0.08080781263654396,-0.03480909845567019,0.023884876716250694,0.023270280117591902,0.009979,0.0021,0,0,0,-0.1422,11.4675,0.003795,0,Within synthetic screening pattern
LOT-020,L020-P020,9.5493,9.6309,9.8917,10.0417,11.250639393939394,5.2066672789645825,-0.3267616889623354,-0.3110894756965345,-0.2609998529058377,-0.2321906373437037,0.0034,0.002853,0,0,0,-0.146,10.097,0.00326,0,Within synthetic screening pattern
LOT-020,L020-P021,11.6898,11.8139,11.9222,12.2677,11.250639393939394,5.2066672789645825,0.08434581710931577,0.10818064145105465,0.12898089508691532,0.1953381215983637,0.005171,0.003151,0,0,0,-0.0876,12.2426,0.00329,0,Within synthetic screening pattern
LOT-020,L020-P022,11.1637,11.3796,11.7828,12.0249,11.250639393939394,5.2066672789645825,-0.0166977049389419,0.024768359326822788,0.10220753075783881,0.1487056046751231,0.008996,0.004481,0,0,0,-0.1188,11.9387,0.004613,0,Within synthetic screening pattern
LOT-020,L020-P023,10.7165,10.9935,11.2159,11.3195,11.250639393939394,5.2066672789645825,-0.10258757960151729,-0.04938656153011011,-0.006672097923319457,0.013225466958261075,0.011542,0.002264,0,0,0,-0.1431,11.7359,0.006068,0,Within synthetic screening pattern
LOT-020,L020-P024,10.5691,10.822,11.2333,11.5062,11.250639393939394,5.2066672789645825,-0.13089743542724078,-0.08232509798948325,-0.003330228918111862,0.04908333726126379,0.010537,0.004751,0,0,0,-0.1472,11.3636,0.004729,0,Within synthetic screening pattern
LOT-020,L020-P025,10.7067,10.8685,10.8381,10.9318,11.250639393939394,5.2066672789645825,-0.1044697816849101,-0.07339424116522172,-0.07923290885248056,-0.06123675219800088,0.006742,0.00044,0,0,0,-0.1518,11.3153,0.003623,0,Within synthetic screening pattern
LOT-020,L020-P026,11.102,11.2831,11.5937,11.8001,11.250639393939394,5.2066672789645825,-0.028547895606833008,0.00623443064851649,0.065888713005842,0.10553019361933835,0.007546,0.00359,0,0,0,-0.1241,11.8101,0.004215,0,Within synthetic screening pattern
LOT-020,L020-P027,11.2231,11.4509,11.7968,12.1573,11.250639393939394,5.2066672789645825,-0.005289255576336839,0.03846233979069061,0.10489639087697118,0.17413453894463307,0.009492,0.004906,0,0,0,-0.115,12.0979,0.005207,0,Within synthetic screening pattern
LOT-020,L020-P028,10.7526,10.9545,11.0522,11.1991,11.250639393939394,5.2066672789645825,-0.09565416172289719,-0.056876957576264875,-0.0381125551734617,-0.009898730066278444,0.008413,0.001699,0,0,0,-0.1471,11.3623,0.003629,0,Within synthetic screening pattern
LOT-020,L020-P029,11.615,11.7716,11.9271,12.126,11.250639393939394,5.2066672789645825,0.06997962161566502,0.1000564426625327,0.12992199612861155,0.16812301596400114,0.006525,0.002461,0,0,0,-0.0955,12.1452,0.003156,0,Within synthetic screening pattern
LOT-020,L020-P030,10.2151,10.2587,10.4839,10.6359,11.250639393939394,5.2066672789645825,-0.19888718415387704,-0.1905133054971502,-0.14726106986653292,-0.11806773143023735,0.001817,0.002619,0,0,0,-0.1523,10.6547,0.002617,0,Within synthetic screening pattern
LOT-020,L020-P031,10.886,10.9881,11.2626,11.5193,11.250639393939394,5.2066672789645825,-0.07003316601630609,-0.050423693290346905,0.0022971711883584905,0.05159934208702343,0.004254,0.003689,0,0,0,-0.1408,11.4126,0.003135,0,Within synthetic screening pattern
LOT-020,L020-P032,10.3221,10.4651,10.7464,11.0037,11.250639393939394,5.2066672789645825,-0.1783366103862213,-0.15087182488365383,-0.09684494263279868,-0.047427534871884794,0.005958,0.00374,0,0,0,-0.1604,10.8917,0.00339,0,Within synthetic screening pattern
LOT-020,L020-P033,9.8185,10.1398,10.3595,10.7589,11.250639393939394,5.2066672789645825,-0.27505875010015907,-0.21334941036606836,-0.17115351263939593,-0.09444417466928731,0.013387,0.004299,0,0,0,-0.1499,10.6222,0.004784,0,Within synthetic screening pattern
LOT-020,L020-P034,9.5564,9.6564,9.9337,10.1679,11.250639393939394,5.2066672789645825,-0.32539805275906114,-0.30619190905097193,-0.2529332725484402,-0.20795248398409522,0.004167,0.003552,0,0,0,-0.1502,10.1191,0.003349,0,Within synthetic screening pattern
LOT-020,L020-P035,10.3004,10.447,10.5817,10.9384,11.250639393939394,5.2066672789645825,-0.18250434357087686,-0.15434813689481808,-0.12847746132002172,-0.05996914671326721,0.006108,0.003413,0,0,0,-0.1617,10.8803,0.003452,0,Within synthetic screening pattern
LOT-020,L020-P036,11.5619,11.6992,11.8466,12.0008,11.250639393939394,5.2066672789645825,0.0597811593066695,0.08615119461787606,0.11446105044359987,0.14407692404147346,0.005721,0.002094,0,0,0,-0.0952,12.0849,0.003113,0,Within synthetic screening pattern
LOT-020,L020-P037,11.2018,12.2408,15.1538,21.5482,11.250639393939394,5.2066672789645825,-0.009380164186159877,0.1901716689408878,0.7496466351575288,1.9777642884275906,0.043292,0.064635,0,1,0,-0.0024,20.873,0.057567,1,Projected 168h drift above safety slope
LOT-020,L020-P038,10.3753,11.9611,15.1038,18.235,11.250639393939394,5.2066672789645825,-0.16811894193351806,0.13645208498936204,0.7400435633034841,1.341426335091176,0.066075,0.043569,0,1,1,0.0158,19.7848,0.056009,1,Dynamic lot outlier + projected drift above safety slope
LOT-020,L020-P039,10.6856,10.7764,11.0012,11.1881,11.250639393939394,5.2066672789645825,-0.1085222780073167,-0.09108309952037168,-0.04790768846458693,-0.012011405874168117,0.003783,0.002859,0,0,0,-0.1484,11.2332,0.00326,0,Within synthetic screening pattern
LOT-020,L020-P040,10.4865,11.6294,14.9661,21.2174,11.250639393939394,5.2066672789645825,-0.14676171013012274,0.07274530630962993,0.7135967034174453,1.9142303650412313,0.047621,0.066583,0,1,0,-0.0315,20.9364,0.062202,1,Projected 168h drift above safety slope
LOT-020,L020-P041,11.8435,12.073,12.3576,12.4568,11.250639393939394,5.2066672789645825,0.11386565998864913,0.157943759798714,0.212604444791936,0.23165693935036052,0.009562,0.002665,0,0,0,-0.0595,12.4769,0.00377,0,Within synthetic screening pattern
LOT-020,L020-P042,9.3362,9.4886,9.9716,10.1886,11.250639393939394,5.2066672789645825,-0.36768998120427376,-0.3384198181931457,-0.24565414408307432,-0.20397681223652078,0.00635,0.004861,0,0,0,-0.1421,10.0095,0.004008,0,Within synthetic screening pattern
LOT-020,L020-P043,10.5299,10.843,11.0454,11.1963,11.250639393939394,5.2066672789645825,-0.13842624376081197,-0.07829180781078433,-0.039418572945611456,-0.010436502090104714,0.013046,0.002453,0,0,0,-0.1425,11.27,0.004405,0,Within synthetic screening pattern
LOT-020,L020-P044,10.3319,10.4934,10.7388,10.889,11.250639393939394,5.2066672789645825,-0.17645440830282885,-0.1454364862142646,-0.09830460955461348,-0.06945698170506338,0.006729,0.002747,0,0,0,-0.1601,10.9259,0.003536,0,Within synthetic screening pattern
LOT-020,L020-P045,11.4462,11.646,11.9847,12.0396,11.250639393939394,5.2066672789645825,0.037559651036410124,0.07593352616517282,0.1409847349044711,0.15152890780021214,0.008325,0.002733,0,0,0,-0.1001,12.0853,0.003804,0,Within synthetic screening pattern
LOT-020,L020-P046,9.8197,10.0495,10.3647,10.6615,11.250639393939394,5.2066672789645825,-0.2748282763756622,-0.23069255813447284,-0.17015479316657556,-0.11315095864096636,0.009575,0.00425,0,0,0,-0.1619,10.5091,0.004104,0,Within synthetic screening pattern
LOT-020,L020-P047,9.052,9.16,9.3686,9.5973,11.250639393939394,5.2066672789645825,-0.42227384162266357,-0.40153120641792706,-0.3614671906428527,-0.3175427399824525,0.0045,0.003037,0,0,0,-0.1085,9.6026,0.003277,0,Within synthetic screening pattern
LOT-020,L020-P048,10.4071,11.4269,14.546,19.7051,11.250639393939394,5.2066672789645825,-0.16201138823434558,0.033852865300749005,0.632911693699762,1.623775853743797,0.042492,0.057488,0,1,0,-0.043,19.6259,0.054874,1,Projected 168h drift above safety slope
LOT-020,L020-P049,10.1137,10.2564,10.5079,10.5477,11.250639393939394,5.2066672789645825,-0.21836221387387958,-0.19095504680243625,-0.14265159537659167,-0.13500755018077187,0.005946,0.002023,0,0,0,-0.1634,10.6018,0.002905,0,Within synthetic screening pattern
LOT-020,L020-P050,10.5156,10.7479,11.0047,11.1915,11.250639393939394,5.2066672789645825,-0.14117272231106884,-0.09655685047717733,-0.047235473434804005,-0.011358396988093239,0.009679,0.003081,0,0,0,-0.1516,11.2915,0.004618,0,Within synthetic screening pattern
LOT-020,L020-P051,9.5246,9.7767,10.1735,10.4117,11.250639393939394,5.2066672789645825,-0.3315056064582336,-0.2830869181701404,-0.206876939936442,-0.1611279056237735,0.010504,0.00441,0,0,0,-0.1505,10.2186,0.004131,0,Within synthetic screening pattern
LOT-020,L020-P052,9.8883,9.9713,10.2994,10.4929,11.250639393939394,5.2066672789645825,-0.26165286179191294,-0.2457117625141988,-0.18269640500795764,-0.14553251693280483,0.003458,0.003622,0,0,0,-0.1585,10.5082,0.00369,0,Within synthetic screening pattern
LOT-020,L020-P053,9.7758,9.9549,10.1108,10.2695,11.250639393939394,5.2066672789645825,-0.28325977346351316,-0.24886157008232526,-0.21891919204141425,-0.18843904197667627,0.007463,0.002185,0,0,0,-0.1593,10.4327,0.00391,0,Within synthetic screening pattern
LOT-020,L020-P054,11.6195,11.6655,11.8348,12.2026,11.250639393939394,5.2066672789645825,0.07084389808252908,0.07967872418825003,0.11219472548604516,0.18283492204439772,0.001917,0.00373,0,0,0,-0.0824,12.1429,0.003115,0,Within synthetic screening pattern
LOT-020,L020-P055,9.977,10.1437,10.2871,10.5713,11.250639393939394,5.2066672789645825,-0.24461701232283753,-0.21260037076145258,-0.18505876068405258,-0.13047490026566277,0.006946,0.002969,0,0,0,-0.1612,10.6186,0.003819,0,Within synthetic screening pattern
LOT-020,L020-P056,12.7682,12.9281,12.9856,13.3349,11.250639393939394,5.2066672789645825,0.29146487085735073,0.32217549464658557,0.33321902727873676,0.40030608725109257,0.006663,0.002825,0,0,1,0.007,13.6308,0.005135,0,Dynamic lot-relative outlier
LOT-020,L020-P057,10.1078,10.3175,10.5984,10.7401,11.250639393939394,5.2066672789645825,-0.21949537635265695,-0.1792200929967934,-0.12527003532077077,-0.09805492968640821,0.008738,0.002935,0,0,0,-0.1649,10.731,0.00371,0,Within synthetic screening pattern
LOT-020,L020-P058,10.3605,10.3865,10.8152,10.9718,11.250639393939394,5.2066672789645825,-0.17096145120231515,-0.16596785383821197,-0.083631115761633,-0.053554294714765326,0.001083,0.004065,0,0,0,-0.1462,10.8952,0.003183,0,Within synthetic screening pattern
LOT-020,L020-P059,11.634,11.8867,12.0355,12.1174,11.250639393939394,5.2066672789645825,0.07362878892020201,0.12216271407054347,0.1507414559081806,0.16647128760510557,0.010529,0.001602,0,0,0,-0.0837,12.5227,0.00529,0,Within synthetic screening pattern
LOT-020,L020-P060,10.2187,10.4305,10.6342,10.8035,11.250639393939394,5.2066672789645825,-0.19819576298038574,-0.15751715060665258,-0.11839423587327479,-0.08587823457547966,0.008825,0.00259,0,0,0,-0.1624,10.8802,0.003938,0,Within synthetic screening pattern
LOT-020,L020-P061,10.9019,11.1341,11.3366,11.4026,11.250639393939394,5.2066672789645825,-0.06697938916671983,-0.022382723476536387,0.016509717532344537,0.029185772379683266,0.009675,0.001865,0,0,0,-0.1369,11.5488,0.003851,0,Within synthetic screening pattern
LOT-020,L020-P062,10.8997,11.1111,11.3631,11.6523,11.250639393939394,5.2066672789645825,-0.06740192432829784,-0.026800136529396862,0.021599345614987935,0.07714351321878235,0.008808,0.003758,0,0,0,-0.1383,11.6111,0.004235,0,Within synthetic screening pattern
LOT-020,L020-P063,10.6872,10.7901,10.9977,11.0418,11.250639393939394,5.2066672789645825,-0.10821497970798731,-0.08845185783236344,-0.04857990349437019,-0.040109994119102765,0.004287,0.001748,0,0,0,-0.1488,11.2359,0.003266,0,Within synthetic screening pattern
LOT-020,L020-P064,9.951,10.0742,10.3372,10.4309,11.250639393939394,5.2066672789645825,-0.2496106096869407,-0.22594864063857492,-0.1754364826863001,-0.1574403260318204,0.005133,0.002477,0,0,0,-0.1608,10.5117,0.003337,0,Within synthetic screening pattern
LOT-020,L020-P065,9.6155,9.8779,10.3004,10.5499,11.250639393939394,5.2066672789645825,-0.3140472218275802,-0.263650300737554,-0.18250434357087686,-0.1345850150191942,0.010933,0.004667,0,0,0,-0.1547,10.4057,0.004704,0,Within synthetic screening pattern
LOT-020,L020-P066,11.2206,11.4304,11.7024,12.0057,11.250639393939394,5.2066672789645825,-0.005769409169039317,0.03452508033053227,0.08676579121653519,0.1450180250831697,0.008742,0.003995,0,0,0,-0.1166,11.9017,0.004054,0,Within synthetic screening pattern
LOT-020,L020-P067,11.4351,11.6542,11.8917,11.9579,11.250639393939394,5.2066672789645825,0.035427769084812405,0.07750842994923589,0.12312302125594808,0.13583748839070325,0.009129,0.002109,0,0,0,-0.0993,12.1613,0.004323,0,Within synthetic screening pattern
LOT-020,L020-P068,10.4542,10.5112,10.7328,10.833,11.250639393939394,5.2066672789645825,-0.15296529454783547,-0.14201779263422448,-0.09945697817709888,-0.08021242218159322,0.002375,0.002235,0,0,0,-0.1501,10.8689,0.002468,0,Within synthetic screening pattern
LOT-020,L020-P069,9.4776,9.541,9.825,9.967,11.250639393939394,5.2066672789645825,-0.34053249400103536,-0.3283557988901068,-0.27381035075913346,-0.2465376266936464,0.002642,0.002958,0,0,0,-0.1386,9.9473,0.002796,0,Within synthetic screening pattern
LOT-020,L020-P070,10.1992,11.2398,14.7709,19.7648,11.250639393939394,5.2066672789645825,-0.2019409610034633,-0.002081829577085897,0.6761063108992548,1.6352419215375262,0.043358,0.059201,0,1,0,-0.0445,19.8957,0.057717,1,Projected 168h drift above safety slope
LOT-020,L020-P071,10.2334,10.3496,10.7071,10.9296,11.250639393939394,5.2066672789645825,-0.19537245985529672,-0.17305492086649676,-0.10439295711007758,-0.06165928735957888,0.004842,0.004028,0,0,0,-0.1603,10.8821,0.003861,0,Within synthetic screening pattern
LOT-020,L020-P072,11.0422,11.268,11.5703,11.6731,11.250639393939394,5.2066672789645825,-0.04003316954427059,0.0033343029485952834,0.061394475378148995,0.08113839111006484,0.009408,0.002813,0,0,0,-0.1285,11.7089,0.003968,0,Within synthetic screening pattern
LOT-020,L020-P073,9.5434,9.8348,10.0635,10.2668,11.250639393939394,5.2066672789645825,-0.32789485144111274,-0.27192814867574067,-0.22800369801534046,-0.18895760785679483,0.012142,0.003,0,0,0,-0.15,10.2767,0.004365,0,Within synthetic screening pattern
LOT-020,L020-P074,10.5746,10.7701,10.9329,11.1131,11.250639393939394,5.2066672789645825,-0.12984109752329595,-0.09229308657398155,-0.06102548461721204,-0.02641601365523529,0.008146,0.002382,0,0,0,-0.1548,11.2154,0.003814,0,Within synthetic screening pattern
LOT-020,L020-P075,10.6661,10.8486,11.0824,11.3155,11.250639393939394,5.2066672789645825,-0.11226747603039426,-0.07721626376313145,-0.03231229977361861,0.012457221209937587,0.007604,0.003242,0,0,0,-0.1501,11.304,0.003797,0,Within synthetic screening pattern
LOT-020,L020-P076,11.1564,11.2907,11.6373,11.8754,11.250639393939394,5.2066672789645825,-0.018099753429632562,0.007694097570331285,0.07426259166256885,0.11999241983152967,0.005596,0.00406,0,0,0,-0.1224,11.8145,0.003917,0,Within synthetic screening pattern
LOT-020,L020-P077,11.7919,11.799,12.0973,12.3633,11.250639393939394,5.2066672789645825,0.10395528983527495,0.10531892603854918,0.16261085271977976,0.21369919498329726,0.000296,0.003919,0,0,0,-0.064,12.3155,0.003117,0,Within synthetic screening pattern
LOT-020,L020-P078,11.1546,11.3383,11.5713,11.6061,11.250639393939394,5.2066672789645825,-0.018445464016378046,0.016836221975381975,0.061586536815230124,0.06827027482564497,0.007654,0.00186,0,0,0,-0.123,11.6845,0.003154,0,Within synthetic screening pattern
LOT-020,L020-P079,9.7575,9.9117,10.2952,10.5928,11.250639393939394,5.2066672789645825,-0.2867744977620935,-0.2571586241642199,-0.18350306304369757,-0.12634557936842364,0.006425,0.00473,0,0,0,-0.1606,10.3699,0.003645,0,Within synthetic screening pattern
LOT-020,L020-P080,10.8526,10.9873,11.1888,11.3594,11.250639393939394,5.2066672789645825,-0.07644801801480762,-0.0505773424400116,-0.011876962868211466,0.020888718297788923,0.005612,0.002584,0,0,0,-0.1454,11.4251,0.003408,0,Within synthetic screening pattern
LOT-020,L020-P081,10.2021,10.2169,10.5891,10.7491,11.250639393939394,5.2066672789645825,-0.20138398283592865,-0.19854147356713123,-0.127056206685623,-0.09632637675268012,0.000617,0.003696,0,0,0,-0.147,10.6763,0.002823,0,Within synthetic screening pattern
LOT-020,L020-P082,10.6832,10.6938,10.9428,11.105,11.250639393939394,5.2066672789645825,-0.10898322545631114,-0.10694737422325364,-0.059124076390111205,-0.02797171129559031,0.000442,0.002856,0,0,0,-0.1375,10.9797,0.001765,0,Within synthetic screening pattern
LOT-020,L020-P083,10.4156,10.5377,10.8244,10.9448,11.250639393939394,5.2066672789645825,-0.16037886601915805,-0.13692816455158108,-0.0818641505404888,-0.05873995351594929,0.005087,0.002827,0,0,0,-0.159,10.9832,0.003379,0,Within synthetic screening pattern
LOT-020,L020-P084,11.9523,12.1942,12.5151,12.451,11.250639393939394,5.2066672789645825,0.13476194434305003,0.18122160597291823,0.24285412113217675,0.23054298301529155,0.010079,0.001783,0,0,0,-0.0475,12.5216,0.003389,0,Within synthetic screening pattern
LOT-020,L020-P085,50.7515,64.7845,77.8319,110.9827,11.250639393939394,5.2066672789645825,7.58659205393203,10.2817902004882,12.787692594657443,19.154682883038706,0.584708,0.320821,1,1,1,0.3046,112.6482,0.368433,1,Dynamic lot outlier + projected drift above safety slope
LOT-020,L020-P086,9.8924,10.0994,10.3852,10.5547,11.250639393939394,5.2066672789645825,-0.26086540989988105,-0.22110869242413644,-0.16621753370641723,-0.13366312012120568,0.008625,0.003162,0,0,0,-0.162,10.5105,0.003679,0,Within synthetic screening pattern
LOT-020,L020-P087,10.3942,10.6314,10.8421,10.8834,11.250639393939394,5.2066672789645825,-0.16448898077268914,-0.1189320078971014,-0.07846466310415708,-0.07053252575271626,0.009883,0.00175,0,0,0,-0.1576,11.0187,0.003717,0,Within synthetic screening pattern
LOT-020,L020-P088,10.3922,10.5096,10.7717,10.935,11.250639393939394,5.2066672789645825,-0.1648731036468507,-0.1423250909335539,-0.09198578827465216,-0.06062215559934209,0.004892,0.002954,0,0,0,-0.1587,10.8916,0.002973,0,Within synthetic screening pattern
LOT-020,L020-P089,9.6723,9.8212,10.2068,10.4033,11.250639393939394,5.2066672789645825,-0.3031381322013857,-0.27454018422004084,-0.2004812940816485,-0.16274122169525299,0.006204,0.004042,0,0,0,-0.1571,10.3291,0.00391,0,Within synthetic screening pattern
LOT-020,L020-P090,9.8332,10.7621,13.7414,19.7497,11.250639393939394,5.2066672789645825,-0.27223544697507,-0.09382957807062853,0.4783790614244757,1.6323417938376046,0.038704,0.062414,0,1,0,-0.067,19.1883,0.055685,1,Projected 168h drift above safety slope
LOT-020,L020-P091,10.1534,10.413,10.7,10.729,11.250639393939394,5.2066672789645825,-0.21073737482176816,-0.16087822575556823,-0.10575659331335215,-0.10018681163800627,0.010817,0.002194,0,0,0,-0.1601,10.8717,0.004276,0,Within synthetic screening pattern
LOT-020,L020-P092,10.6437,10.8038,11.083,11.311,11.250639393939394,5.2066672789645825,-0.11656965222100613,-0.0858206161443552,-0.03219706291137,0.011592944743073536,0.006671,0.003522,0,0,0,-0.1512,11.2496,0.003607,0,Within synthetic screening pattern
LOT-020,L020-P093,10.5697,10.7993,11.0029,11.2876,11.250639393939394,5.2066672789645825,-0.1307821985649925,-0.08668489261121924,-0.04758118402154949,0.00709870711538054,0.009567,0.003391,0,0,0,-0.1494,11.2648,0.004138,0,Within synthetic screening pattern
LOT-020,L020-P094,8.9775,9.3196,9.6559,9.7729,11.250639393939394,5.2066672789645825,-0.4365824186851902,-0.37087820105981667,-0.30628793976951213,-0.28381675163104786,0.014254,0.003148,0,0,0,-0.1014,9.7679,0.004705,0,Within synthetic screening pattern
LOT-020,L020-P095,9.7691,11.1917,14.008,20.0201,11.250639393939394,5.2066672789645825,-0.28454658509195524,-0.011319984700676808,0.5295826405502415,1.6842752064242779,0.059275,0.061308,0,1,0,-0.0218,20.014,0.060982,1,Projected 168h drift above safety slope
LOT-020,L020-P096,9.3052,9.48,9.8142,9.9449,11.250639393939394,5.2066672789645825,-0.3736438857537816,-0.34007154655204125,-0.27588461427960703,-0.25078218445313416,0.007283,0.003228,0,0,0,-0.142,9.9542,0.003863,0,Within synthetic screening pattern
LOT-020,L020-P097,44.0467,53.1182,68.9942,94.5474,11.250639393939394,5.2066672789645825,6.298858530592059,8.04114385707138,11.090311232167636,15.998095546183107,0.377979,0.287703,1,1,1,0.2868,93.0338,0.29159,1,Dynamic lot outlier + projected drift above safety slope
LOT-020,L020-P098,10.2102,10.4318,10.6204,10.8583,11.250639393939394,5.2066672789645825,-0.19982828519557327,-0.15726747073844732,-0.12104468370499108,-0.0753532678234467,0.009233,0.002962,0,0,0,-0.1621,10.9122,0.004179,0,Within synthetic screening pattern
LOT-020,L020-P099,10.4248,10.5547,10.8277,11.1055,11.250639393939394,5.2066672789645825,-0.15861190079801385,-0.13366312012120568,-0.08123034779812197,-0.027875680577050085,0.005413,0.003825,0,0,0,-0.1588,11.0341,0.003627,0,Within synthetic screening pattern
LOT-020,L020-P100,9.973,10.1431,10.4674,10.6526,11.250639393939394,5.2066672789645825,-0.24538525807116102,-0.21271560762370118,-0.1504300835783678,-0.11486030543098641,0.007087,0.003538,0,0,0,-0.1613,10.6236,0.003873,0,Within synthetic screening pattern
